id_data,ano,mes,dia,id_dia_semana,periodo,br,km,id_municipio,id_causa_acidente,id_tipo_acidente,id_uso_solo,pessoas,veiculos
44960,2023,2,3,6,2,101,198,4202305,82,9,1,2,2
44960,2023,2,3,6,2,70,11,5300108,1,9,0,4,2
44960,2023,2,3,6,2,20,"4,5",5300108,51,9,1,3,2
44960,2023,2,3,6,2,463,89,5006606,15,20,0,2,1
44960,2023,2,3,6,2,376,"624,5",4125506,52,9,1,3,2
44960,2023,2,3,6,2,262,349,2401305,11,20,0,2,1
44960,2023,2,3,6,2,116,"600,5",3162559,49,10,0,2,2
44960,2023,2,3,6,2,381,"947,4",3125101,67,12,0,2,2
44960,2023,2,3,6,2,470,"267,1",4204806,80,7,0,2,2
44960,2023,2,3,6,2,163,581,1508050,80,10,0,4,4
44960,2023,2,3,6,3,448,15,4304606,13,20,0,1,1
44960,2023,2,3,6,2,116,327,3302254,83,21,0,1,1
44960,2023,2,3,6,3,153,306,4110102,67,3,0,4,1
44960,2023,2,3,6,3,20,"10,1",5300108,64,20,1,1,1
44960,2023,2,3,6,3,20,"10,6",5300108,64,20,1,1,1
44960,2023,2,3,6,3,116,99,4125506,5,21,0,3,2
44960,2023,2,3,6,3,277,584,2303501,83,21,1,1,1
44960,2023,2,3,6,2,135,"285,9",2103307,52,12,1,2,2
44960,2023,2,3,6,3,163,1004,5108055,41,2,0,2,2
44960,2023,2,3,6,3,116,280,3300407,1,2,0,3,3
44960,2023,2,3,6,3,116,225,3518800,28,21,1,1,1
44960,2023,2,3,6,3,101,"326,5",4203956,67,12,1,2,2
44960,2023,2,3,6,3,293,"78,2",4314605,15,20,0,1,1
44960,2023,2,3,6,3,153,13,3103751,63,11,0,2,2
44960,2023,2,3,6,3,153,67,5218003,11,11,0,2,2
44960,2023,2,3,6,3,230,372,2504504,80,7,0,4,3
44960,2023,2,3,6,3,163,518,1508050,52,10,0,2,2
44960,2023,2,3,6,4,262,29,3201902,21,10,0,2,2
44960,2023,2,3,6,3,70,448,5201702,11,20,0,1,1
44960,2023,2,3,6,3,324,3,2910800,52,12,1,3,2
44960,2023,2,3,6,4,153,"41,7",4307005,1,11,0,3,3
44960,2023,2,3,6,3,116,"911,1",2910404,1,11,0,3,2
44960,2023,2,3,6,1,135,626,2203008,18,20,0,1,1
44960,2023,2,3,6,4,467,92,2303501,50,12,0,3,3
44960,2023,2,3,6,4,230,68,2314003,28,18,0,1,1
44961,2023,2,4,7,1,50,"194,5",3121258,67,4,0,1,1
44960,2023,2,3,6,4,116,"211,3",4122305,80,7,1,3,3
44961,2023,2,4,7,1,163,514,5103502,64,20,0,1,1
44961,2023,2,4,7,1,101,"431,1",4217709,16,12,1,5,2
44961,2023,2,4,7,1,101,"402,5",3202801,80,10,0,2,2
44960,2023,2,3,6,4,116,49,3527207,49,12,0,2,2
44961,2023,2,4,7,1,116,480,3509254,11,20,0,1,1
44961,2023,2,4,7,2,153,"284,6",5218607,11,4,0,1,1
44948,2023,1,22,1,4,290,"227,4",4313953,82,7,0,2,2
44960,2023,2,3,6,3,158,"349,1",3535309,83,21,0,2,2
44960,2023,2,3,6,4,365,"569,1",3130705,28,18,0,1,1
44961,2023,2,4,7,2,101,137,2412203,52,12,1,5,2
44961,2023,2,4,7,2,386,"344,2",1712009,36,9,1,3,3
44961,2023,2,4,7,2,153,496,5208707,16,12,1,3,3
44961,2023,2,4,7,2,116,230,3550308,52,9,1,5,2
44961,2023,2,4,7,2,230,"463,4",2516201,2,7,1,2,2
44961,2023,2,4,7,2,376,169,4115200,67,12,1,2,2
44961,2023,2,4,7,2,116,"194,8",4122305,67,21,0,1,1
44961,2023,2,4,7,2,262,"45,9",3139409,18,20,0,1,1
44961,2023,2,4,7,2,381,"228,6",3106309,52,12,1,4,3
44961,2023,2,4,7,2,101,"331,3",2925758,11,21,0,3,1
44961,2023,2,4,7,3,101,41,2606804,82,9,1,3,3
44961,2023,2,4,7,3,230,"169,9",2504009,16,12,1,3,2
44953,2023,1,27,6,4,262,"491,3",5000708,9,20,1,1,1
44961,2023,2,4,7,3,163,800,5108501,52,11,0,3,2
44961,2023,2,4,7,3,163,1114,5104104,67,11,1,4,2
44961,2023,2,4,7,3,364,"260,5",1100049,11,20,0,1,1
44961,2023,2,4,7,3,104,"8,6",2708303,65,21,0,1,1
44961,2023,2,4,7,3,163,603,5106224,33,11,0,2,2
44961,2023,2,4,7,3,242,688,2933455,67,20,0,1,1
44961,2023,2,4,7,3,381,"244,3",3158953,80,10,0,4,2
44961,2023,2,4,7,3,110,"182,1",2509701,49,7,1,4,2
44961,2023,2,4,7,4,277,"592,2",2303501,49,7,1,2,2
44961,2023,2,4,7,3,364,33,1100304,52,9,0,2,2
44961,2023,2,4,7,4,101,104,2900702,52,7,0,2,2
44961,2023,2,4,7,4,116,"97,9",3538006,52,9,0,2,2
44961,2023,2,4,7,3,158,142,4212106,83,20,0,3,3
44961,2023,2,4,7,3,277,"729,4",4108304,48,12,1,2,2
44961,2023,2,4,7,4,242,560,2923209,49,11,0,2,2
44961,2023,2,4,7,4,153,"490,5",1716109,63,12,0,2,2
44959,2023,2,2,5,4,101,"331,3",2925758,67,20,0,1,1
44961,2023,2,4,7,3,116,74,3141405,16,9,0,2,2
44961,2023,2,4,7,4,316,160,2203503,80,7,0,5,2
44961,2023,2,4,7,4,50,"96,2",5206206,65,12,1,3,2
44961,2023,2,4,7,3,158,"92,6",5006309,14,18,1,1,1
44961,2023,2,4,7,2,158,"370,6",5101852,82,7,0,2,2
44961,2023,2,4,7,4,116,298,3522208,60,2,0,2,2
44962,2023,2,5,1,1,101,"36,1",3201605,18,7,0,2,2
44962,2023,2,5,1,1,40,"592,9",3146107,11,4,0,1,1
44962,2023,2,5,1,1,386,"38,2",4308508,80,7,1,3,2
44962,2023,2,5,1,1,430,"413,6",2913408,80,7,0,18,2
44962,2023,2,5,1,1,116,307,3304201,38,11,0,2,2
44962,2023,2,5,1,1,262,666,3129509,18,20,0,1,1
44962,2023,2,5,1,2,316,128,1505007,65,2,0,2,2
44961,2023,2,4,7,1,452,134,5203500,49,7,0,2,2
44962,2023,2,5,1,2,452,47,5218805,65,18,0,1,1
44946,2023,1,20,6,4,376,103,4125506,76,12,0,2,2
44946,2023,1,20,6,3,280,"56,5",4206504,16,12,0,2,2
44961,2023,2,4,7,3,116,"152,6",3152170,52,10,0,2,2
44962,2023,2,5,1,2,70,8,5200258,49,20,1,2,1
44962,2023,2,5,1,2,101,"40,1",2702801,3,21,0,1,1
44962,2023,2,5,1,3,423,25,2613107,28,20,0,1,1
44962,2023,2,5,1,3,277,615,4124020,11,10,0,4,3
44962,2023,2,5,1,1,101,310,3304904,11,12,1,2,2
44962,2023,2,5,1,3,277,57,4125506,49,4,0,2,2
44962,2023,2,5,1,3,101,301,2112803,49,4,1,2,2
44962,2023,2,5,1,3,381,293,3103009,67,7,0,2,2
44962,2023,2,5,1,4,101,80,4313508,52,9,0,3,3
44962,2023,2,5,1,4,116,"19,6",4210100,49,7,0,2,2
44962,2023,2,5,1,3,316,307,2107407,82,9,0,3,2
44962,2023,2,5,1,4,153,176,2309201,67,10,0,11,2
44962,2023,2,5,1,4,226,"308,9",2101608,80,7,0,4,2
44963,2023,2,6,2,1,101,150,4208302,67,12,1,3,3
44963,2023,2,6,2,1,153,34,2906105,11,11,0,3,2
44963,2023,2,6,2,1,153,"623,1",2308906,60,2,0,2,2
44963,2023,2,6,2,1,290,391,4316972,80,10,0,2,2
44963,2023,2,6,2,2,470,51,4202404,11,4,1,1,1
44963,2023,2,6,2,2,393,274,3300308,83,21,0,1,1
44963,2023,2,6,2,1,50,"56,8",3170206,83,20,0,2,2
44963,2023,2,6,2,2,304,"296,5",2407104,11,9,1,2,2
44963,2023,2,6,2,2,116,105,4125506,1,9,1,2,2
44962,2023,2,5,1,3,158,455,5107180,11,21,0,1,1
44963,2023,2,6,2,2,467,85,2303501,52,9,1,2,2
44963,2023,2,6,2,2,386,"282,8",4318465,18,7,0,2,2
44963,2023,2,6,2,2,101,"203,6",4216602,11,12,1,3,3
44945,2023,1,19,5,1,153,"9,7",4111803,52,7,0,2,2
44963,2023,2,6,2,2,381,"377,8",3161908,15,7,0,2,2
44963,2023,2,6,2,2,60,197,5209200,11,12,0,2,2
44963,2023,2,6,2,2,40,"628,6",3118304,61,2,0,2,2
44963,2023,2,6,2,2,163,"83,2",2925006,1,11,1,3,2
44963,2023,2,6,2,2,40,"754,9",3125002,67,20,0,1,1
44963,2023,2,6,2,1,262,416,5008008,18,21,0,1,1
44963,2023,2,6,2,2,153,540,1715002,33,11,1,26,2
44963,2023,2,6,2,2,116,337,3526209,35,2,1,2,2
44960,2023,2,3,6,2,476,"252,4",4101309,28,20,0,2,1
44963,2023,2,6,2,2,116,189,3303500,28,12,1,2,2
44963,2023,2,6,2,2,116,270,3300407,28,18,1,1,1
44963,2023,2,6,2,2,153,"46,5",3142809,63,4,0,1,1
44963,2023,2,6,2,3,408,"95,3",2613701,16,12,1,2,2
44939,2023,1,13,6,3,282,"195,3",4209300,16,12,0,4,4
44963,2023,2,6,2,2,282,"85,5",4200705,65,21,0,1,1
44963,2023,2,6,2,3,158,"264,5",4311205,1,11,1,2,2
44963,2023,2,6,2,3,230,"35,2",2501807,52,9,1,4,3
44963,2023,2,6,2,3,116,311,3304201,4,9,0,2,2
44963,2023,2,6,2,3,116,98,4125506,67,4,1,2,2
44963,2023,2,6,2,3,101,"81,9",2408102,16,12,1,4,2
44963,2023,2,6,2,2,70,"708,8",5102504,15,7,0,2,2
44963,2023,2,6,2,3,101,56,3301009,1,11,1,2,2
44963,2023,2,6,2,3,153,17,3115805,83,12,0,2,2
44963,2023,2,6,2,3,376,649,4127601,52,9,0,4,3
44963,2023,2,6,2,3,116,106,3301850,20,7,1,5,2
44963,2023,2,6,2,3,393,184,3303708,82,9,0,2,2
44963,2023,2,6,2,3,116,"202,7",4314423,80,7,0,3,3
44963,2023,2,6,2,3,230,51,2110203,52,9,0,4,3
44963,2023,2,6,2,4,285,"455,5",4310207,52,10,1,2,2
44963,2023,2,6,2,4,20,"24,8",5300108,67,4,0,1,1
44963,2023,2,6,2,3,262,528,3138807,80,20,0,8,2
44963,2023,2,6,2,2,40,121,3301702,16,9,1,2,2
44963,2023,2,6,2,3,158,629,3100609,11,20,0,1,1
44963,2023,2,6,2,4,116,206,3518800,49,11,1,2,2
44963,2023,2,6,2,4,376,503,4119905,28,18,1,2,2
44963,2023,2,6,2,4,101,14,3204054,11,21,0,1,1
44963,2023,2,6,2,4,230,284,2203909,80,7,0,2,2
44964,2023,2,7,3,1,116,"614,8",4301305,67,12,0,3,3
44964,2023,2,7,3,2,423,36,2701605,16,12,0,2,2
44964,2023,2,7,3,2,285,339,4304705,1,11,1,2,2
44964,2023,2,7,3,2,232,"78,8",2606408,1,12,1,3,3
44964,2023,2,7,3,2,116,405,3529906,16,12,0,2,2
44953,2023,1,27,6,3,158,107,4204707,1,21,0,3,3
44952,2023,1,26,5,4,392,"66,9",4314407,33,11,1,3,2
44964,2023,2,7,3,2,116,172,3304557,51,4,1,3,3
44964,2023,2,7,3,2,153,"195,7",3127107,65,12,0,3,3
44964,2023,2,7,3,3,116,538,3505401,11,12,0,3,2
44964,2023,2,7,3,2,364,709,1100205,16,12,1,4,2
44947,2023,1,21,7,1,470,"250,8",4204806,80,7,0,5,2
44964,2023,2,7,3,3,40,"702,5",3105608,11,12,0,3,3
44964,2023,2,7,3,3,116,"268,9",4304606,1,9,1,2,2
44964,2023,2,7,3,3,101,"373,4",3202603,67,20,0,1,1
44964,2023,2,7,3,3,116,179,3300456,16,15,0,5,5
44964,2023,2,7,3,2,282,"408,1",4105003,80,7,0,4,3
44964,2023,2,7,3,3,153,3,4311908,49,9,0,2,2
44964,2023,2,7,3,3,40,"516,6",3154606,4,15,1,8,3
44964,2023,2,7,3,2,470,"193,8",4213708,67,20,0,1,1
44964,2023,2,7,3,3,251,299,3157005,83,10,0,2,2
44964,2023,2,7,3,3,101,"94,8",2804805,52,9,1,4,2
44957,2023,1,31,3,4,277,322,4109401,82,7,1,7,3
44964,2023,2,7,3,3,232,"122,6",2604106,11,12,0,4,2
44964,2023,2,7,3,4,116,144,3549904,18,4,0,3,3
44964,2023,2,7,3,4,232,"9,4",2607901,67,21,0,2,2
44929,2023,1,3,3,3,386,"409,3",2516805,16,12,1,2,2
44964,2023,2,7,3,3,316,"350,6",2101202,29,7,0,2,2
44964,2023,2,7,3,4,386,"366,2",4308078,52,11,0,2,2
44964,2023,2,7,3,4,116,"230,5",3550308,36,9,1,6,4
44964,2023,2,7,3,4,153,153,3116902,67,21,0,1,1
44964,2023,2,7,3,3,343,231,2202711,15,4,0,2,2
44964,2023,2,7,3,4,381,5,3106705,28,18,1,1,1
44964,2023,2,7,3,3,365,315,3136306,28,20,0,1,1
44964,2023,2,7,3,4,70,121,4108502,67,21,0,1,1
44965,2023,2,8,4,1,406,166,2312403,11,20,1,1,1
44964,2023,2,7,3,4,476,286,4125605,67,7,0,2,2
44964,2023,2,7,3,4,116,"0,3",4104006,67,21,0,1,1
44965,2023,2,8,4,1,381,416,1101435,67,12,0,2,2
44965,2023,2,8,4,1,364,290,5104807,11,20,0,2,1
44965,2023,2,8,4,1,153,"632,5",1700350,82,7,0,5,2
44965,2023,2,8,4,1,101,"3,4",2606200,14,14,0,2,2
44965,2023,2,8,4,1,153,"671,3",1709500,16,12,1,2,2
44965,2023,2,8,4,2,101,"155,8",2802106,66,21,0,1,1
44965,2023,2,8,4,1,163,921,5104559,67,10,0,2,2
44965,2023,2,8,4,2,386,"17,9",4308508,28,7,0,2,2
44957,2023,1,31,3,4,381,403,3107703,52,9,1,3,2
44965,2023,2,8,4,2,277,592,2303501,16,15,1,4,3
44965,2023,2,8,4,2,101,"96,1",2504603,2,11,1,2,2
44965,2023,2,8,4,2,116,513,3509254,67,20,0,3,2
44965,2023,2,8,4,2,116,275,3300407,1,2,1,2,2
44965,2023,2,8,4,2,290,143,4306767,80,10,0,5,2
44964,2023,2,7,3,1,476,"326,5",4118600,83,7,0,3,3
44965,2023,2,8,4,2,356,27,3302205,18,10,0,2,2
44965,2023,2,8,4,2,369,143,4113700,67,9,0,2,2
44965,2023,2,8,4,2,101,354,3200409,1,11,0,9,3
44965,2023,2,8,4,2,158,"221,1",4104303,1,11,1,2,2
44951,2023,1,25,4,2,277,226,4107736,16,12,0,8,2
44965,2023,2,8,4,3,153,44,3534005,28,18,0,2,2
44949,2023,1,23,2,3,365,"26,2",3143302,15,7,0,3,2
44965,2023,2,8,4,2,163,752,5107925,11,12,1,3,3
44965,2023,2,8,4,3,116,204,3503901,67,12,1,5,3
44959,2023,2,2,5,3,476,"267,5",4125605,49,9,0,2,2
44965,2023,2,8,4,3,101,550,3303807,15,20,0,2,1
44965,2023,2,8,4,3,116,511,3509254,67,21,0,1,1
44965,2023,2,8,4,3,376,"390,9",4110078,83,9,0,3,3
44965,2023,2,8,4,3,153,617,2308906,67,12,0,2,2
44961,2023,2,4,7,3,116,184,3303500,14,4,1,2,2
44965,2023,2,8,4,2,376,391,4110078,83,9,0,11,7
44965,2023,2,8,4,3,290,125,4306767,67,12,0,3,2
44965,2023,2,8,4,2,356,2,3302205,83,21,0,2,1
44965,2023,2,8,4,3,393,"153,6",3306008,35,2,1,2,2
44965,2023,2,8,4,4,304,"24,7",2408003,11,12,0,2,2
44965,2023,2,8,4,4,116,60,3305802,11,7,0,2,2
44965,2023,2,8,4,4,369,5,4111803,1,12,0,3,3
44965,2023,2,8,4,4,381,737,3169307,67,12,0,3,2
44966,2023,2,9,5,1,101,"174,2",4202305,11,21,0,1,1
44966,2023,2,9,5,1,101,"435,5",1718402,28,21,0,1,1
44966,2023,2,9,5,2,101,275,3305752,52,7,1,2,2
44966,2023,2,9,5,2,153,59,3549805,16,12,1,2,2
44966,2023,2,9,5,2,116,399,2927507,18,12,0,2,2
44966,2023,2,9,5,1,230,364,2508802,50,20,1,1,1
44957,2023,1,31,3,1,116,310,3304201,1,7,1,2,2
44965,2023,2,8,4,4,262,525,3138807,82,20,0,1,1
44958,2023,2,1,4,3,153,239,3127008,28,18,0,1,1
44966,2023,2,9,5,2,40,109,3301702,11,11,1,2,2
44966,2023,2,9,5,2,101,54,2801504,80,7,0,2,2
44966,2023,2,9,5,2,101,105,2500601,13,4,0,2,1
44966,2023,2,9,5,2,316,40,1506500,1,12,1,2,2
44966,2023,2,9,5,2,116,26,2306256,52,9,1,2,2
44966,2023,2,9,5,2,262,"548,5",3138807,83,3,0,1,1
44959,2023,2,2,5,4,282,562,4211405,51,7,0,3,2
44966,2023,2,9,5,2,153,78,2512200,11,9,0,5,4
44930,2023,1,4,4,2,476,"117,8",4105805,16,12,1,3,3
44966,2023,2,9,5,2,101,46,2606804,52,9,1,3,3
44966,2023,2,9,5,2,101,488,3300100,2,12,1,3,2
44966,2023,2,9,5,3,50,281,5205109,60,2,1,2,2
44966,2023,2,9,5,2,116,"781,7",3138401,83,21,0,1,1
44966,2023,2,9,5,3,285,"419,4",4313904,35,2,0,2,2
44966,2023,2,9,5,3,101,"206,4",2616506,14,21,0,1,1
44966,2023,2,9,5,2,153,"51,9",3142809,1,21,0,1,1
44966,2023,2,9,5,3,290,"721,5",4322400,11,21,1,1,1
44966,2023,2,9,5,3,262,670,3129509,11,12,0,4,3
44966,2023,2,9,5,2,10,"88,8",1508126,67,4,0,2,2
44966,2023,2,9,5,3,101,146,3203205,33,11,1,3,3
44966,2023,2,9,5,2,104,54,2604106,1,11,1,2,2
44966,2023,2,9,5,3,476,116,4105805,16,12,1,3,2
44966,2023,2,9,5,3,153,90,4204301,83,12,0,2,2
44966,2023,2,9,5,4,101,102,2602902,11,4,0,1,1
44966,2023,2,9,5,4,101,"45,1",2606804,16,9,1,3,3
44966,2023,2,9,5,3,116,"159,9",2513158,80,7,0,3,2
44966,2023,2,9,5,3,116,"154,6",3549904,52,9,1,2,2
44966,2023,2,9,5,4,116,170,3304557,1,9,0,3,3
44966,2023,2,9,5,3,101,"727,2",2910727,80,7,0,2,2
44966,2023,2,9,5,4,324,533,2910800,60,2,0,4,4
44966,2023,2,9,5,4,364,458,2211407,67,12,0,4,3
44966,2023,2,9,5,4,324,"559,8",2929503,1,11,0,2,2
44951,2023,1,25,4,2,116,"146,4",3549904,16,15,1,6,4
44966,2023,2,9,5,4,277,"466,6",4113304,52,11,0,3,3
44966,2023,2,9,5,3,174,983,1303536,62,20,0,2,1
44966,2023,2,9,5,4,60,"83,9",5201108,18,12,0,3,2
44966,2023,2,9,5,4,277,306,4120606,11,21,0,2,1
44966,2023,2,9,5,4,116,318,4301909,28,18,0,1,1
44966,2023,2,9,5,4,381,"929,2",3133600,67,20,0,3,3
44966,2023,2,9,5,3,364,148,2409605,28,18,0,1,1
44967,2023,2,10,6,1,40,615,3118007,11,7,0,2,2
44967,2023,2,10,6,1,262,"548,4",3138807,83,21,0,1,1
44967,2023,2,10,6,1,364,331,5107800,67,21,0,1,1
44967,2023,2,10,6,1,376,672,4109609,67,21,0,3,1
44966,2023,2,9,5,4,259,"45,7",3201506,14,21,1,1,1
44967,2023,2,10,6,1,381,166,3127701,80,7,0,2,2
44967,2023,2,10,6,1,153,777,1700707,18,20,0,1,1
44967,2023,2,10,6,2,376,215,4112108,2,11,0,3,2
44967,2023,2,10,6,1,101,"842,8",2933257,80,7,0,2,2
44967,2023,2,10,6,2,280,24,4201307,20,11,1,2,2
44967,2023,2,10,6,1,282,"4,5",4205407,67,4,1,1,1
44967,2023,2,10,6,1,153,513,4108502,80,7,0,3,2
44967,2023,2,10,6,2,101,281,3205002,1,11,0,3,2
44947,2023,1,21,7,3,104,64,2604106,13,21,1,2,2
44967,2023,2,10,6,2,262,"55,7",3139409,67,10,0,4,2
44967,2023,2,10,6,1,135,478,2206605,62,20,0,1,1
44967,2023,2,10,6,2,163,"324,1",5007208,14,4,0,1,1
44967,2023,2,10,6,2,101,390,4204608,67,15,1,6,4
44967,2023,2,10,6,2,158,127,5001003,28,18,0,1,1
44967,2023,2,10,6,2,116,187,3546801,11,12,0,3,2
44942,2023,1,16,2,3,153,345,1700200,67,20,0,4,1
44955,2023,1,29,1,4,153,1,4200408,67,20,0,2,1
44967,2023,2,10,6,2,376,432,4127502,83,21,0,1,1
44967,2023,2,10,6,3,101,"43,2",2606804,67,12,1,4,3
44967,2023,2,10,6,2,369,"156,5",4113700,11,12,0,2,2
44960,2023,2,3,6,2,493,79,3302270,67,20,0,1,1
44967,2023,2,10,6,3,290,7,4313508,67,20,0,2,1
44967,2023,2,10,6,3,277,602,2303501,65,12,0,3,3
44967,2023,2,10,6,3,101,209,4216602,11,12,0,4,3
44952,2023,1,26,5,3,330,"788,8",2918001,1,11,0,3,2
44967,2023,2,10,6,3,290,137,4306767,13,20,0,1,1
44967,2023,2,10,6,2,364,297,5213103,70,7,1,2,2
44928,2023,1,2,2,4,101,"139,9",2401206,16,12,0,2,2
44967,2023,2,10,6,3,116,778,2925006,67,12,1,7,2
44967,2023,2,10,6,3,116,237,3304003,67,12,0,2,2
44967,2023,2,10,6,3,381,891,3110608,83,9,0,3,2
44962,2023,2,5,1,3,135,153,2201705,20,7,0,3,3
44967,2023,2,10,6,3,70,505,5103403,51,20,0,1,1
44967,2023,2,10,6,3,101,"380,5",3204401,44,12,0,3,2
44954,2023,1,28,7,3,251,"477,7",3126703,16,12,0,2,2
44967,2023,2,10,6,3,158,101,2704609,65,12,0,6,3
44967,2023,2,10,6,3,101,"269,4",3205002,52,9,1,2,2
44967,2023,2,10,6,3,364,290,5104807,4,9,0,2,2
44967,2023,2,10,6,3,222,"3,6",2303709,52,9,1,3,2
44965,2023,2,8,4,3,415,49,2914802,16,12,0,3,3
44956,2023,1,30,2,4,222,31,2303709,44,21,0,1,1
44967,2023,2,10,6,3,476,267,4125605,67,3,1,1,1
44967,2023,2,10,6,3,376,238,4101408,67,12,0,2,2
44967,2023,2,10,6,3,364,119,2409605,49,12,0,2,2
44967,2023,2,10,6,3,369,"157,1",4113700,1,11,1,2,2
44967,2023,2,10,6,3,116,528,2916856,28,21,0,1,1
44948,2023,1,22,1,1,135,"321,3",2103802,11,21,0,2,1
44967,2023,2,10,6,2,282,"131,9",4202602,11,20,0,1,1
44967,2023,2,10,6,3,290,"505,3",4316402,67,21,0,3,1
44967,2023,2,10,6,4,364,188,5211909,11,21,0,1,1
44967,2023,2,10,6,4,393,201,3304508,1,11,1,3,2
44968,2023,2,11,7,1,277,47,4116208,11,15,0,12,9
44967,2023,2,10,6,4,277,"517,9",4109302,2,7,0,3,3
44968,2023,2,11,7,1,282,"96,9",4200705,80,7,0,3,2
44968,2023,2,11,7,1,40,"98,7",2608750,80,7,0,21,2
44968,2023,2,11,7,1,423,"168,8",2600500,80,7,0,3,2
44968,2023,2,11,7,1,153,28,3115805,11,21,0,2,1
44968,2023,2,11,7,1,153,"532,2",2305209,67,12,0,2,2
44968,2023,2,11,7,2,470,"67,9",4207502,49,11,1,4,2
44967,2023,2,10,6,4,364,423,1100114,82,9,1,3,2
44968,2023,2,11,7,1,364,104,5100409,82,20,0,2,2
44968,2023,2,11,7,2,116,"162,8",2311801,11,7,1,3,3
44968,2023,2,11,7,2,116,"410,3",3127701,1,11,1,2,2
44964,2023,2,7,3,4,476,84,4103107,83,3,0,1,1
44968,2023,2,11,7,1,116,"726,5",2920403,52,10,0,2,2
44968,2023,2,11,7,2,50,171,3170107,11,9,0,2,2
44968,2023,2,11,7,2,376,262,4103503,83,21,0,1,1
44968,2023,2,11,7,2,101,"147,8",3203205,52,9,1,2,2
44968,2023,2,11,7,2,222,202,2304350,83,21,0,1,1
44946,2023,1,20,6,3,163,1004,5108055,1,21,0,1,1
44968,2023,2,11,7,2,153,"47,5",3549805,56,12,1,3,3
44968,2023,2,11,7,2,230,87,1720101,67,10,0,2,2
44968,2023,2,11,7,2,277,71,4125506,67,21,0,1,1
44968,2023,2,11,7,2,153,"44,5",4307005,1,11,0,6,2
44968,2023,2,11,7,2,392,"8,6",4315602,67,21,1,1,1
44968,2023,2,11,7,3,101,"372,7",3202603,49,7,0,6,4
44968,2023,2,11,7,3,471,"173,3",4315701,1,11,0,2,2
44968,2023,2,11,7,2,277,234,4107736,67,11,0,2,2
44968,2023,2,11,7,3,452,"45,9",5219308,16,10,0,2,2
44968,2023,2,11,7,3,116,189,3113008,28,18,0,1,1
44968,2023,2,11,7,3,163,750,5107925,49,20,1,3,3
44968,2023,2,11,7,3,116,152,4114302,33,11,0,2,2
44968,2023,2,11,7,3,163,"93,4",1502202,16,12,0,2,2
44968,2023,2,11,7,2,402,"106,7",2105005,67,20,0,1,1
44965,2023,2,8,4,3,230,"361,2",2111607,3,20,0,2,1
44968,2023,2,11,7,4,290,79,4309209,52,9,0,5,2
44968,2023,2,11,7,4,163,77,5004601,33,11,1,3,2
44968,2023,2,11,7,4,101,30,3201605,11,12,0,2,2
44968,2023,2,11,7,3,267,90,3136702,11,4,0,1,1
44968,2023,2,11,7,4,116,302,2931905,12,10,0,2,2
44968,2023,2,11,7,4,262,403,5008008,49,7,0,3,2
44968,2023,2,11,7,4,101,"223,4",3202504,83,21,0,1,1
44968,2023,2,11,7,1,230,54,2111953,11,20,0,3,1
44968,2023,2,11,7,3,153,559,1707553,80,12,0,2,2
44968,2023,2,11,7,4,116,"598,6",2914208,14,21,0,1,1
44969,2023,2,12,1,1,101,18,3204054,28,20,0,2,2
44968,2023,2,11,7,2,230,50,2111953,11,21,0,1,1
44968,2023,2,11,7,4,282,"462,2",4213401,80,10,1,2,2
44968,2023,2,11,7,4,116,461,3536208,1,12,0,2,2
44969,2023,2,12,1,1,116,145,3549904,11,12,0,2,2
44968,2023,2,11,7,4,267,"26,7",5001904,80,10,0,2,2
44968,2023,2,11,7,3,158,"633,2",3100609,67,21,0,1,1
44969,2023,2,12,1,1,116,"412,4",3127701,80,10,1,2,2
44969,2023,2,12,1,1,116,773,2925006,11,10,0,2,2
44969,2023,2,12,1,1,251,"310,9",3157005,1,11,1,6,2
44957,2023,1,31,3,4,163,52,4120358,46,12,0,3,2
44968,2023,2,11,7,3,163,1048,5105606,16,12,0,4,3
44969,2023,2,12,1,2,364,174,1100189,80,10,0,2,2
44969,2023,2,12,1,2,116,189,3546801,67,2,0,3,3
44949,2023,1,23,2,4,101,457,3203403,1,11,0,3,2
44969,2023,2,12,1,2,364,"328,9",5102678,67,12,0,2,2
44969,2023,2,12,1,2,364,510,5104906,82,9,0,5,4
44969,2023,2,12,1,3,101,"388,7",3204401,21,21,0,4,1
44969,2023,2,12,1,2,116,"575,5",3139409,80,12,0,3,3
44969,2023,2,12,1,3,116,419,2910800,67,4,1,3,3
44969,2023,2,12,1,1,158,153,5204409,67,21,0,1,1
44969,2023,2,12,1,3,40,527,3118601,83,4,0,1,1
44969,2023,2,12,1,3,116,145,4114302,16,12,0,2,2
44969,2023,2,12,1,3,493,10,3301850,16,12,0,6,3
44969,2023,2,12,1,4,452,105,5203500,1,11,0,4,2
44969,2023,2,12,1,4,70,278,5107040,51,9,1,2,2
44969,2023,2,12,1,4,277,114,4104204,61,2,1,4,3
44969,2023,2,12,1,4,101,310,2112803,11,4,0,1,1
44969,2023,2,12,1,4,470,"344,7",4203600,18,7,0,3,2
44969,2023,2,12,1,4,356,136,3301009,49,11,1,3,2
44969,2023,2,12,1,4,116,"89,9",3141405,18,7,0,2,2
44969,2023,2,12,1,4,402,"42,5",2207702,49,7,0,2,2
44970,2023,2,13,2,1,153,616,2308906,67,20,0,1,1
44970,2023,2,13,2,1,116,204,3503901,51,4,0,2,1
44970,2023,2,13,2,1,20,"195,8",5218300,18,12,0,10,2
44970,2023,2,13,2,1,376,91,5003454,67,7,0,2,2
44969,2023,2,12,1,4,364,350,5213103,28,18,0,1,1
44969,2023,2,12,1,4,381,517,3130101,52,21,0,2,2
44970,2023,2,13,2,2,101,"82,5",2501807,11,12,1,13,9
44970,2023,2,13,2,2,116,124,4107652,52,9,1,3,3