id_data,ano,mes,dia,id_dia_semana,periodo,br,km,id_municipio,id_causa_acidente,id_tipo_acidente,id_uso_solo,pessoas,veiculos
44980,2023,2,23,5,2,40,114,3301702,67,12,0,4,3
44980,2023,2,23,5,3,101,"213,1",3202504,1,2,1,3,3
44980,2023,2,23,5,3,116,196,3503901,11,12,0,2,2
44980,2023,2,23,5,3,101,"267,1",3205002,52,20,1,2,2
44980,2023,2,23,5,2,116,548,3505401,67,4,0,1,1
44980,2023,2,23,5,2,414,402,5200100,83,20,0,1,1
44980,2023,2,23,5,2,116,164,4213351,14,21,0,1,1
44964,2023,2,7,3,4,376,201,4114807,49,9,0,2,2
44980,2023,2,23,5,2,282,221,4209300,82,7,0,3,2
44980,2023,2,23,5,3,101,"42,5",2606804,35,2,1,2,2
44940,2023,1,14,7,4,116,143,4114302,80,7,0,2,2
44980,2023,2,23,5,3,373,360,4109401,67,20,0,1,1
44980,2023,2,23,5,3,158,105,5006309,80,7,0,2,2
44980,2023,2,23,5,3,104,"132,9",2512507,80,7,1,2,2
44980,2023,2,23,5,3,158,506,4317103,65,15,0,10,6
44980,2023,2,23,5,4,116,543,2308302,1,11,0,4,2
44980,2023,2,23,5,4,232,"204,5",2610905,82,20,0,3,2
44980,2023,2,23,5,4,381,"613,2",3145604,83,20,0,1,1
44980,2023,2,23,5,4,116,"305,3",4203253,83,21,0,1,1
44980,2023,2,23,5,4,70,272,5107040,49,10,0,2,2
44981,2023,2,24,6,1,116,509,3509254,83,14,0,1,1
44981,2023,2,24,6,1,262,627,3129509,28,20,0,1,1
44981,2023,2,24,6,1,101,215,4211900,48,12,0,2,2
44981,2023,2,24,6,2,101,217,4211900,52,4,0,2,2
44981,2023,2,24,6,1,287,402,4317400,67,12,0,3,2
44980,2023,2,23,5,4,282,"580,2",3538204,16,12,0,2,2
44981,2023,2,24,6,2,376,"601,9",4106902,16,9,0,2,2
44981,2023,2,24,6,2,428,187,2611101,36,12,1,2,2
44981,2023,2,24,6,2,116,128,3302502,67,21,1,2,1
44981,2023,2,24,6,2,386,"35,9",4308508,33,11,1,3,3
44981,2023,2,24,6,2,376,75,4108908,1,11,0,2,2
44981,2023,2,24,6,2,381,834,3164407,52,4,0,2,2
44981,2023,2,24,6,2,116,"417,5",4306056,11,12,0,2,2
44981,2023,2,24,6,2,222,202,2312908,83,21,0,1,1
44966,2023,2,9,5,4,163,"552,5",4102406,9,1,0,2,1
44981,2023,2,24,6,2,364,"238,2",1100049,33,9,1,3,2
44981,2023,2,24,6,3,381,"45,1",3504107,67,12,1,4,3
44981,2023,2,24,6,3,116,320,3302254,11,12,0,2,2
44981,2023,2,24,6,3,376,75,4108908,67,10,0,3,2
44981,2023,2,24,6,3,153,130,2512200,11,12,0,2,2
44981,2023,2,24,6,3,316,"61,9",1502400,52,9,1,2,2
44981,2023,2,24,6,3,364,"170,3",1100189,11,20,0,2,1
44981,2023,2,24,6,2,242,773,2903201,35,2,0,2,2
44981,2023,2,24,6,3,369,"177,5",4122404,1,11,1,2,2
44981,2023,2,24,6,3,364,349,5107800,67,12,0,2,2
44981,2023,2,24,6,2,452,"145,4",5203500,63,20,0,1,1
44942,2023,1,16,2,2,40,"564,3",3144805,80,7,0,2,2
44981,2023,2,24,6,2,116,63,3305802,21,21,0,1,1
44981,2023,2,24,6,3,277,139,4117701,52,9,0,4,2
44981,2023,2,24,6,4,80,"76,2",5215603,11,12,0,3,2
44981,2023,2,24,6,3,153,518,1718451,48,20,0,1,1
44981,2023,2,24,6,4,116,304,3304201,4,12,0,3,2
44981,2023,2,24,6,4,116,"56,2",3527207,18,20,0,1,1
44982,2023,2,25,7,1,381,626,3145604,18,21,0,1,1
44982,2023,2,25,7,1,365,"450,3",3148103,49,7,0,2,2
44982,2023,2,25,7,1,101,21,2803807,18,20,0,1,1
44982,2023,2,25,7,1,158,"149,9",4313904,49,4,0,1,1
44981,2023,2,24,6,4,116,"61,7",4212205,60,2,0,3,2
44982,2023,2,25,7,1,381,760,3169307,18,20,0,1,1
44982,2023,2,25,7,1,104,134,2611507,65,12,1,2,2
44982,2023,2,25,7,2,277,157,4117701,80,10,0,2,2
44982,2023,2,25,7,1,116,551,3505401,67,20,0,3,2
44981,2023,2,24,6,3,364,"24,8",1100304,1,9,0,2,2
44982,2023,2,25,7,1,364,"65,8",1100304,67,12,0,3,2
44982,2023,2,25,7,2,316,"408,4",2205953,14,14,0,2,1
44982,2023,2,25,7,2,101,"407,6",4201406,35,2,0,2,2
44982,2023,2,25,7,2,101,725,2910727,14,14,0,3,1
44982,2023,2,25,7,1,316,275,2101772,63,20,0,1,1
44982,2023,2,25,7,2,381,"908,2",3110608,83,21,0,1,1
44982,2023,2,25,7,3,381,"932,4",3125101,83,4,0,1,1
44982,2023,2,25,7,3,406,"128,8",2413904,83,21,0,1,1
44982,2023,2,25,7,3,262,397,3147105,1,11,0,2,2
44982,2023,2,25,7,3,116,306,3549953,67,12,0,2,2
44981,2023,2,24,6,3,364,127,1200401,16,11,1,4,3
44982,2023,2,25,7,3,163,855,5107909,33,11,1,4,2
44982,2023,2,25,7,3,101,75,4201307,11,9,1,4,2
44982,2023,2,25,7,3,230,"425,6",2512101,11,20,0,1,1
44982,2023,2,25,7,3,262,"56,5",3139409,1,11,1,4,3
44982,2023,2,25,7,3,163,"392,3",5006002,52,10,0,2,2
44982,2023,2,25,7,3,101,873,2931350,9,1,0,3,2
44982,2023,2,25,7,4,40,554,3144805,52,9,0,4,2
44982,2023,2,25,7,2,242,248,2903805,67,7,0,8,4
44982,2023,2,25,7,3,50,21,3170206,83,21,1,1,1
44982,2023,2,25,7,4,277,6,4118204,52,20,0,2,1
44982,2023,2,25,7,4,40,21,5212501,83,12,1,3,2
44982,2023,2,25,7,4,40,"63,5",3147006,1,11,0,2,2
44982,2023,2,25,7,4,101,364,4215455,16,12,0,2,2
44982,2023,2,25,7,3,10,"256,5",2105302,1,11,1,2,2
44982,2023,2,25,7,3,242,157,2925956,52,9,1,2,2
44982,2023,2,25,7,4,470,68,4207502,49,11,1,2,2
44982,2023,2,25,7,4,163,593,5106224,49,12,0,2,2
44982,2023,2,25,7,3,470,194,4302105,83,21,0,2,1
44982,2023,2,25,7,4,116,"320,7",2902104,49,12,1,4,3
44982,2023,2,25,7,4,101,357,2933505,80,7,0,3,2
44983,2023,2,26,1,1,423,75,2608255,11,12,0,2,2
44983,2023,2,26,1,1,232,"136,8",2604106,49,12,0,3,2
44983,2023,2,26,1,1,116,"78,5",3141405,52,9,0,2,2
44983,2023,2,26,1,2,163,106,4216701,1,10,1,3,2
44983,2023,2,26,1,2,116,72,3305802,83,21,0,2,2
44983,2023,2,26,1,2,153,"30,6",2906105,67,20,0,1,1
44983,2023,2,26,1,2,277,656,4115606,52,12,1,2,2
44983,2023,2,26,1,2,381,890,3110608,28,18,0,1,1
44983,2023,2,26,1,3,324,583,2906501,15,4,0,2,2
44983,2023,2,26,1,2,116,914,2910404,65,21,0,2,1
44983,2023,2,26,1,3,262,521,3138807,33,11,1,4,3
44983,2023,2,26,1,3,251,271,3157005,80,7,0,3,2
44983,2023,2,26,1,3,101,"22,8",2606804,16,12,0,3,2
44983,2023,2,26,1,3,116,426,3526100,49,15,0,8,3
44983,2023,2,26,1,2,116,388,3529906,16,12,0,2,2
44983,2023,2,26,1,3,153,104,1722081,11,20,0,1,1
44983,2023,2,26,1,3,135,68,2110203,11,10,0,2,2
44983,2023,2,26,1,3,20,134,2928901,67,7,0,4,2
44983,2023,2,26,1,4,101,"430,9",3200706,28,18,0,1,1
44983,2023,2,26,1,4,116,428,2910800,60,2,0,2,2
44983,2023,2,26,1,3,465,13,3305554,11,12,0,3,2
44983,2023,2,26,1,3,262,"581,9",3111507,21,20,0,1,1
44983,2023,2,26,1,4,116,2,4314902,16,12,1,1,1
44983,2023,2,26,1,4,116,"258,4",4209300,80,10,0,2,2
44983,2023,2,26,1,4,116,423,3101805,49,7,0,2,2
44983,2023,2,26,1,3,251,266,3157005,67,15,0,5,5
44983,2023,2,26,1,4,277,646,4105300,80,7,0,3,3
44975,2023,2,18,7,2,267,"263,1",3166402,83,21,0,1,1
44984,2023,2,27,2,1,316,"216,8",2700409,83,20,0,1,1
44984,2023,2,27,2,1,101,122,2900702,21,3,0,2,1
44984,2023,2,27,2,1,158,642,5106257,12,12,0,2,2
44984,2023,2,27,2,2,364,405,5103403,36,12,1,2,2
44984,2023,2,27,2,2,101,138,4202008,67,12,1,4,3
44984,2023,2,27,2,2,101,219,4211900,1,11,1,2,2
44984,2023,2,27,2,1,381,"86,2",3550308,60,2,1,3,3
44984,2023,2,27,2,2,50,164,3170107,28,21,0,1,1
44946,2023,1,20,6,3,381,"921,3",3110509,83,4,0,3,1
44984,2023,2,27,2,2,163,955,5106190,1,11,0,2,2
44984,2023,2,27,2,2,116,228,3550308,11,12,1,2,2
44984,2023,2,27,2,2,101,278,4207304,67,12,0,2,2
44984,2023,2,27,2,3,116,88,4119509,11,12,0,2,2
44984,2023,2,27,2,2,153,208,5221601,67,9,0,2,2
44984,2023,2,27,2,3,364,595,1101104,28,18,0,1,1
44984,2023,2,27,2,3,163,305,1505031,57,15,0,5,4
44984,2023,2,27,2,1,116,184,3303500,11,12,0,3,3
44984,2023,2,27,2,3,262,797,3170107,57,2,0,5,3
44964,2023,2,7,3,3,277,649,4105300,67,12,0,20,2
44984,2023,2,27,2,3,290,"29,7",4317608,28,4,0,1,1
44984,2023,2,27,2,3,369,187,4101507,82,11,1,3,3
44984,2023,2,27,2,2,393,"182,2",3303708,14,11,1,2,2
44984,2023,2,27,2,3,40,146,5206206,28,18,0,1,1
44984,2023,2,27,2,3,222,28,1502939,7,12,0,2,2
44984,2023,2,27,2,3,369,163,4103701,83,9,0,7,7
44984,2023,2,27,2,3,158,"354,1",4115457,28,20,0,1,1
44984,2023,2,27,2,4,470,11,4211306,72,12,0,4,3
44984,2023,2,27,2,3,101,156,3302403,82,10,0,7,4
44984,2023,2,27,2,4,116,163,3524402,11,9,1,3,2
44984,2023,2,27,2,4,381,"896,1",3110608,61,2,0,2,2
44984,2023,2,27,2,4,364,196,5107602,25,12,0,2,2
44984,2023,2,27,2,4,376,"168,8",4115200,67,12,0,2,2
44984,2023,2,27,2,4,376,"168,8",4115200,5,12,0,2,2
44984,2023,2,27,2,4,40,102,3301702,44,12,1,3,2
44984,2023,2,27,2,4,364,617,5103502,52,10,0,2,2
44985,2023,2,28,3,1,262,"428,5",3161809,11,12,0,2,2
44985,2023,2,28,3,1,364,102,5100409,80,7,0,3,2
44985,2023,2,28,3,2,386,"297,1",4315131,11,10,0,4,3
44985,2023,2,28,3,2,116,126,4107652,67,9,1,2,2
44985,2023,2,28,3,2,60,"2,1",5219753,18,20,0,1,1
44985,2023,2,28,3,2,116,173,3305109,52,9,1,3,2
44985,2023,2,28,3,2,116,248,4318705,67,12,1,2,2
44985,2023,2,28,3,2,381,"873,4",3124500,83,20,0,1,1
44985,2023,2,28,3,2,343,12,2207702,11,12,1,2,2
44985,2023,2,28,3,2,381,892,3110608,18,20,0,2,2
44985,2023,2,28,3,2,251,"473,9",3126703,65,4,0,3,1
44971,2023,2,14,3,2,163,576,1508050,82,7,0,3,3
44980,2023,2,23,5,4,101,836,2931350,11,18,0,1,1
44985,2023,2,28,3,2,116,"646,6",2917607,82,7,0,3,2
44985,2023,2,28,3,2,381,491,3106705,52,9,1,2,2
44985,2023,2,28,3,3,101,160,3203205,51,20,0,1,1
44985,2023,2,28,3,2,364,230,5211909,28,18,0,1,1
44985,2023,2,28,3,2,282,578,4219101,16,15,0,4,3
44985,2023,2,28,3,2,232,"85,9",2606408,67,12,0,2,2
44985,2023,2,28,3,3,116,"233,4",4313409,49,7,1,4,3
44985,2023,2,28,3,2,101,77,2611606,1,11,1,2,2
44985,2023,2,28,3,3,373,"244,2",4108957,83,20,0,2,1
44985,2023,2,28,3,3,116,214,3518800,67,12,1,3,3
44985,2023,2,28,3,2,116,425,3526100,15,14,0,1,1
44985,2023,2,28,3,3,101,"268,8",3304300,16,9,1,4,2
44985,2023,2,28,3,3,101,262,3304300,35,2,0,3,2
44985,2023,2,28,3,3,153,"46,6",2906105,83,9,0,8,5
44985,2023,2,28,3,3,381,479,3118601,11,9,0,3,3
44985,2023,2,28,3,3,20,"9,5",5300108,15,21,1,1,1
44985,2023,2,28,3,3,158,324,2409332,11,9,1,3,2
44985,2023,2,28,3,3,163,816,5107909,1,11,0,4,2
44985,2023,2,28,3,4,116,677,2918001,83,15,0,4,3
44985,2023,2,28,3,3,116,258,4203253,1,9,0,3,2
44984,2023,2,27,2,3,158,7,5201702,28,18,0,1,1
44985,2023,2,28,3,2,230,"361,5",2111607,3,21,0,3,3
44985,2023,2,28,3,4,293,"32,7",4304663,11,20,0,1,1
44985,2023,2,28,3,4,376,"1,8",4101408,80,7,1,2,2
44985,2023,2,28,3,3,10,"257,9",2105302,1,9,1,2,2
44985,2023,2,28,3,3,101,"273,3",4207304,11,9,0,9,2
44985,2023,2,28,3,4,60,176,5200050,11,12,0,2,2
44985,2023,2,28,3,3,20,145,2928901,67,7,0,2,2
44985,2023,2,28,3,3,163,"898,7",1501451,18,7,0,3,2
44985,2023,2,28,3,4,262,"46,4",3139409,28,12,0,4,4
44985,2023,2,28,3,3,116,634,3122009,28,21,0,1,1
44985,2023,2,28,3,3,364,615,1101104,82,7,0,4,3
44985,2023,2,28,3,4,476,246,4101309,82,20,0,1,1
44985,2023,2,28,3,4,373,252,4108957,4,4,0,2,2
44985,2023,2,28,3,4,101,98,4212809,35,2,0,2,2
44985,2023,2,28,3,4,163,853,5107909,16,12,0,2,2
44985,2023,2,28,3,4,153,"33,7",4124103,83,21,0,1,1
44985,2023,2,28,3,4,70,263,5107040,3,21,0,2,1
44986,2023,3,1,4,1,116,"168,6",3524402,11,12,0,2,2
44985,2023,2,28,3,4,116,"139,3",2513158,1,2,1,2,2
44986,2023,3,1,4,1,262,94,3201902,18,7,0,4,2
44975,2023,2,18,7,2,316,309,2208007,82,9,1,2,2
44986,2023,3,1,4,2,282,"572,8",4211405,1,11,0,2,2
44986,2023,3,1,4,2,101,824,2900801,83,3,0,2,1
44986,2023,3,1,4,2,10,463,4117602,35,2,1,2,2
44986,2023,3,1,4,2,386,446,4304606,1,9,1,2,2
44986,2023,3,1,4,2,163,225,5002407,82,9,0,3,2
44986,2023,3,1,4,2,470,"58,5",4202404,50,10,1,2,2
44986,2023,3,1,4,2,116,"674,3",2918001,72,11,1,4,2
44986,2023,3,1,4,2,262,372,3136652,52,4,0,2,2
44986,2023,3,1,4,2,116,"412,6",3127701,28,2,0,3,3
44986,2023,3,1,4,2,101,456,3302601,20,11,1,2,2
44986,2023,3,1,4,2,376,"311,8",4117305,51,20,0,1,1
44986,2023,3,1,4,3,153,"529,9",2305209,35,2,1,2,2
44986,2023,3,1,4,2,101,327,4218707,16,12,1,7,4
44986,2023,3,1,4,2,242,493,2923209,83,21,0,2,1
44986,2023,3,1,4,3,280,"47,8",4206504,80,7,0,2,2
44986,2023,3,1,4,2,101,150,4208302,11,12,1,2,2
44986,2023,3,1,4,2,381,"209,9",3144359,82,7,0,2,2
44986,2023,3,1,4,3,20,"20,3",5300108,15,20,1,2,1
44986,2023,3,1,4,3,153,"493,3",5208707,65,9,1,4,4
44986,2023,3,1,4,3,116,188,3546801,11,12,0,2,2
44986,2023,3,1,4,3,163,"484,4",2401305,1,11,1,2,2
44958,2023,2,1,4,3,364,331,5107800,67,12,0,8,4
44985,2023,2,28,3,4,116,515,3509254,11,4,0,1,1
44986,2023,3,1,4,3,20,"21,3",5208004,18,7,0,3,2
44986,2023,3,1,4,3,262,"23,2",2112803,65,10,0,4,2
44986,2023,3,1,4,2,285,609,4317707,7,9,0,3,2
44986,2023,3,1,4,3,101,"189,8",4202305,82,9,0,2,2
44986,2023,3,1,4,4,407,"117,1",2611101,1,11,0,2,2
44986,2023,3,1,4,4,101,"85,5",4313508,83,12,1,2,2
44986,2023,3,1,4,4,364,127,2409605,1,11,1,2,2
44986,2023,3,1,4,3,316,"35,8",2203305,52,10,0,2,2
44987,2023,3,2,5,1,116,909,2906709,65,9,0,2,2
44986,2023,3,1,4,4,163,"265,6",3169109,60,2,0,3,2
44987,2023,3,2,5,1,40,587,3131901,28,20,0,1,1
44987,2023,3,2,5,1,153,264,3529005,67,20,0,2,2
44987,2023,3,2,5,1,101,248,4212304,11,20,0,1,1
44987,2023,3,2,5,1,135,67,2110203,67,9,0,3,2
44986,2023,3,1,4,3,230,1101,1503606,11,12,0,6,2
44987,2023,3,2,5,1,101,"696,5",2910727,28,18,0,1,1
44986,2023,3,1,4,2,267,240,5006002,11,4,0,1,1
44987,2023,3,2,5,2,116,499,3509254,11,20,0,1,1
44987,2023,3,2,5,2,235,"16,5",2804805,83,21,0,1,1
44986,2023,3,1,4,4,153,57,3142809,28,18,0,1,1
44987,2023,3,2,5,2,101,"266,6",3205002,52,9,1,2,2
44987,2023,3,2,5,2,381,12,3507605,11,21,0,1,1
44987,2023,3,2,5,2,381,"511,3",3130101,11,15,1,3,3
44985,2023,2,28,3,4,60,53,5006275,18,20,0,1,1
44987,2023,3,2,5,2,262,95,3201902,1,11,1,2,2
44987,2023,3,2,5,2,104,"25,7",2615003,67,9,0,5,3
44987,2023,3,2,5,2,116,"347,7",3529906,65,21,0,1,1
44987,2023,3,2,5,1,242,594,2922250,38,20,0,1,1
44987,2023,3,2,5,2,101,151,2802106,16,12,1,4,2
44987,2023,3,2,5,2,116,"35,1",3513405,11,12,1,6,2
44987,2023,3,2,5,2,116,132,3508504,52,9,1,3,2
44987,2023,3,2,5,2,381,722,3113909,67,21,0,1,1
44987,2023,3,2,5,2,116,"481,5",2308302,20,12,1,8,2
44976,2023,2,19,1,4,101,"199,2",4216602,49,9,0,2,2
44987,2023,3,2,5,2,116,440,3542602,67,12,0,2,2
44987,2023,3,2,5,2,285,"273,6",4312138,1,11,0,2,2
44987,2023,3,2,5,3,262,492,3106705,52,9,1,5,2
44987,2023,3,2,5,3,60,"0,6",5300108,1,2,1,6,2
44987,2023,3,2,5,3,272,393,4107553,11,10,0,3,2
44987,2023,3,2,5,3,235,"54,7",2506905,49,11,1,2,2
44987,2023,3,2,5,3,20,10,5300108,15,9,0,3,2
44987,2023,3,2,5,2,116,360,3529906,83,21,0,1,1
44987,2023,3,2,5,3,101,"194,3",4202305,67,12,1,2,2
44987,2023,3,2,5,3,40,549,3144805,83,4,1,4,3
44987,2023,3,2,5,3,101,117,4208203,16,12,0,7,6
44987,2023,3,2,5,3,423,104,2606002,14,9,0,3,2
44987,2023,3,2,5,3,163,112,5107602,28,21,0,2,2
44987,2023,3,2,5,3,116,110,4106902,11,9,1,3,2
44987,2023,3,2,5,3,277,"279,2",4120606,52,20,0,1,1
44987,2023,3,2,5,3,101,"112,6",4208203,11,12,1,2,2
44987,2023,3,2,5,3,463,"1,2",5003702,1,11,1,2,2
44987,2023,3,2,5,3,163,829,5107909,1,9,1,2,2
44987,2023,3,2,5,4,285,99,4312377,1,11,0,2,2
44987,2023,3,2,5,4,280,"193,3",4210100,82,10,0,2,2
44987,2023,3,2,5,4,101,131,4202008,11,9,0,2,2
44987,2023,3,2,5,4,267,"63,5",3106903,67,10,0,2,2
44985,2023,2,28,3,3,80,408,5220207,11,20,0,3,2
44987,2023,3,2,5,4,70,341,2918506,67,21,0,1,1
44987,2023,3,2,5,4,153,"275,3",3533700,83,21,0,1,1
44987,2023,3,2,5,4,381,"367,5",3161908,28,18,0,1,1
44987,2023,3,2,5,4,277,217,4127007,80,10,0,2,2
44988,2023,3,3,6,1,116,"18,5",2933307,49,7,0,2,2
44988,2023,3,3,6,2,101,"50,3",2600054,52,9,1,4,3
44988,2023,3,3,6,1,50,"166,1",3170107,57,21,0,1,1
44988,2023,3,3,6,1,376,"471,7",4119905,18,20,0,1,1
44988,2023,3,3,6,1,381,772,3110905,83,12,0,2,2
44988,2023,3,3,6,1,50,"29,8",3103504,83,21,0,1,1
44988,2023,3,3,6,1,277,"77,8",4106902,80,7,1,2,2
44988,2023,3,3,6,2,116,543,3505401,14,14,0,1,1
44988,2023,3,3,6,2,369,44,4102406,83,21,0,1,1
44988,2023,3,3,6,2,70,308,5103601,18,20,0,2,1
44988,2023,3,3,6,2,226,"229,8",2403806,65,21,0,1,1
44988,2023,3,3,6,2,70,134,5211800,36,12,0,2,2
44973,2023,2,16,5,1,364,"190,9",1100189,18,7,0,3,2
44988,2023,3,3,6,1,158,"111,3",4204707,49,7,0,5,2
44988,2023,3,3,6,2,381,"899,2",3110608,11,12,1,3,3
44988,2023,3,3,6,2,116,614,4301305,18,9,0,2,2
44988,2023,3,3,6,2,226,21,1713809,67,10,0,5,3
44988,2023,3,3,6,2,101,"136,6",4202008,52,9,1,4,2
44978,2023,2,21,3,3,101,192,2708808,11,12,0,3,2
44988,2023,3,3,6,2,376,492,4119905,52,9,1,2,2
44988,2023,3,3,6,2,470,60,4202404,52,11,1,2,2
44988,2023,3,3,6,3,155,344,1504208,67,12,1,2,2
44988,2023,3,3,6,3,381,83,3550308,52,12,1,3,3
44961,2023,2,4,7,1,174,955,1302603,83,12,0,4,2
44988,2023,3,3,6,2,262,"438,8",3145208,28,18,0,1,1
44988,2023,3,3,6,2,364,522,1100023,1,7,0,5,2
44988,2023,3,3,6,3,40,"576,9",3131901,33,11,1,2,2
44972,2023,2,15,4,2,364,692,1100809,1,9,1,4,2
44988,2023,3,3,6,3,242,872,2919553,52,10,0,3,2
44988,2023,3,3,6,3,116,696,2918001,14,20,0,1,1
44988,2023,3,3,6,2,364,203,5211909,80,7,0,3,3
44988,2023,3,3,6,3,365,"626,5",3170206,16,12,1,4,2
44988,2023,3,3,6,3,376,222,4103800,52,21,1,2,2
44988,2023,3,3,6,3,101,"62,5",2705200,83,20,0,1,1
44988,2023,3,3,6,3,101,"212,3",3202504,80,7,1,4,3
44988,2023,3,3,6,3,153,541,2305209,16,12,0,3,3
44988,2023,3,3,6,3,414,437,5201108,49,7,0,5,3
44988,2023,3,3,6,3,470,"190,1",4213708,82,7,0,6,4
44988,2023,3,3,6,3,163,835,5107909,11,12,1,2,2
44988,2023,3,3,6,4,116,"54,3",4322509,11,21,0,2,2
44988,2023,3,3,6,3,365,795,3159803,11,21,0,2,2
44988,2023,3,3,6,4,381,44,3504107,28,18,0,1,1
44988,2023,3,3,6,4,135,"103,3",2105401,1,9,0,2,2
44988,2023,3,3,6,4,101,30,4209102,11,12,0,2,2
44988,2023,3,3,6,4,423,55,2608800,80,10,0,2,2
44988,2023,3,3,6,4,364,709,1100205,83,9,1,2,2
44988,2023,3,3,6,4,101,27,2512903,1,12,0,2,2
44988,2023,3,3,6,4,163,988,1506807,80,10,0,2,2
44988,2023,3,3,6,4,262,"30,2",3154150,16,12,0,2,2
44989,2023,3,4,7,1,153,37,4321634,18,20,0,1,1
44989,2023,3,4,7,1,155,330,1504208,63,7,0,2,2
44989,2023,3,4,7,1,324,616,2927408,49,7,1,2,2
44989,2023,3,4,7,1,116,"115,3",3133303,11,4,1,2,2
44989,2023,3,4,7,1,50,"164,5",3170107,18,20,0,3,1
44989,2023,3,4,7,1,324,"584,2",2906501,11,20,0,1,1
44989,2023,3,4,7,1,116,"332,6",2306900,67,21,1,2,1
44969,2023,2,12,1,1,155,322,1504208,67,20,0,1,1
44989,2023,3,4,7,1,116,"353,5",4321105,80,7,0,2,2
44989,2023,3,4,7,1,407,127,2611101,49,11,1,3,2
44989,2023,3,4,7,2,116,"708,7",3143906,83,21,0,1,1
44989,2023,3,4,7,2,153,"777,8",1720978,11,7,0,2,2
44989,2023,3,4,7,2,280,81,4204509,16,11,0,3,2
44989,2023,3,4,7,1,262,"481,7",3107406,11,12,0,2,2
44973,2023,2,16,5,2,101,"305,8",2112803,83,21,0,2,2
44989,2023,3,4,7,2,20,"3,3",5300108,52,9,1,3,2
44989,2023,3,4,7,2,262,580,3111507,83,14,0,1,1
44988,2023,3,3,6,4,40,306,3169356,3,11,0,3,2
44981,2023,2,24,6,3,163,"211,5",5002407,11,12,0,2,2
44989,2023,3,4,7,2,40,"21,7",3306008,67,12,0,2,2
44949,2023,1,23,2,3,116,245,3304003,11,12,0,4,4
44985,2023,2,28,3,3,101,456,4216404,21,21,1,1,1
44986,2023,3,1,4,1,116,604,2914208,18,20,0,1,1
44989,2023,3,4,7,2,277,"421,1",3112059,51,7,1,3,3
44989,2023,3,4,7,2,376,354,4117305,1,11,0,2,2
44989,2023,3,4,7,2,480,126,4204202,52,9,0,2,2
44989,2023,3,4,7,3,116,114,4106902,52,9,1,3,2
44989,2023,3,4,7,2,381,"529,1",3109006,53,20,0,1,1
44989,2023,3,4,7,2,376,675,4109609,28,18,0,1,1
44989,2023,3,4,7,3,470,"57,9",4202404,1,12,1,3,3
44989,2023,3,4,7,2,354,"729,1",3152600,83,21,0,1,1
44989,2023,3,4,7,3,226,31,1713809,16,12,0,3,2
44989,2023,3,4,7,2,116,"447,5",3123700,11,7,0,4,2
44988,2023,3,3,6,3,158,117,5204409,63,21,0,1,1
44989,2023,3,4,7,3,158,"302,3",4310538,13,20,0,3,1
44989,2023,3,4,7,3,116,"86,5",4119509,11,9,0,2,2
44989,2023,3,4,7,3,116,185,3303500,44,7,1,5,3
44989,2023,3,4,7,3,376,638,4127601,67,20,0,2,2
44989,2023,3,4,7,4,163,1102,5104104,11,4,0,1,1
44989,2023,3,4,7,4,324,604,2930709,49,9,0,2,2
44989,2023,3,4,7,3,116,121,4319000,20,11,0,2,2
44989,2023,3,4,7,4,364,199,5107602,52,9,1,3,2
44989,2023,3,4,7,3,376,262,4103503,67,21,0,1,1
44989,2023,3,4,7,4,116,"230,3",3550308,35,2,1,2,2
44989,2023,3,4,7,2,163,576,1508050,67,9,0,3,3
44989,2023,3,4,7,4,364,269,5213103,29,20,0,1,1
44990,2023,3,5,1,1,376,667,4109609,65,21,0,1,1
44989,2023,3,4,7,3,163,669,1503606,67,14,0,1,1
44990,2023,3,5,1,1,116,288,3522208,4,7,0,3,3
44990,2023,3,5,1,1,242,"780,3",2903201,80,7,0,2,2
44989,2023,3,4,7,4,230,20,1501758,11,12,0,5,2
44965,2023,2,8,4,3,70,"288,9",5107040,1,11,0,3,3
44990,2023,3,5,1,1,116,156,4114302,80,7,0,2,2
44990,2023,3,5,1,1,153,593,2308906,18,20,0,1,1
44990,2023,3,5,1,2,381,652,3159902,83,4,0,1,1
44990,2023,3,5,1,2,101,"27,5",2508901,18,12,0,3,2
44990,2023,3,5,1,1,316,314,2605707,52,10,0,3,2
44989,2023,3,4,7,4,262,140,5000203,80,7,0,3,2
44990,2023,3,5,1,2,381,323,3144706,83,21,0,14,3
44990,2023,3,5,1,2,393,178,3303708,16,12,1,2,2
44989,2023,3,4,7,1,40,12,5212501,83,11,1,2,2
44990,2023,3,5,1,2,104,"185,6",2500536,83,21,0,3,2
44990,2023,3,5,1,2,222,297,2313401,82,21,0,3,3
44990,2023,3,5,1,2,116,336,3526209,83,21,0,3,1
44990,2023,3,5,1,2,116,"284,9",3522208,11,9,1,3,2
44990,2023,3,5,1,3,101,"211,5",4211900,16,15,1,4,3
44990,2023,3,5,1,2,373,"231,7",4110102,1,20,0,2,2
44990,2023,3,5,1,2,101,58,2705200,83,20,0,1,1
44942,2023,1,16,2,4,163,591,5106224,15,21,0,1,1
44990,2023,3,5,1,3,316,82,2205540,1,11,1,3,2
44990,2023,3,5,1,3,343,"340,2",2211001,83,4,1,1,1
44990,2023,3,5,1,3,324,"526,2",2910800,11,12,1,2,2
44990,2023,3,5,1,3,280,122,4215802,1,11,0,2,2
44990,2023,3,5,1,3,364,198,5107602,83,15,1,3,3
44990,2023,3,5,1,3,376,635,4127601,49,9,0,3,2
44990,2023,3,5,1,3,10,263,2105302,49,11,1,2,2
44990,2023,3,5,1,3,116,"829,5",2933307,2,11,1,2,2