id_data,ano,mes,dia,id_dia_semana,periodo,br,km,id_municipio,id_causa_acidente,id_tipo_acidente,id_uso_solo,pessoas,veiculos
44990,2023,3,5,1,4,242,864,2903201,80,7,0,5,2
44990,2023,3,5,1,2,174,92,5102504,80,7,0,55,3
44990,2023,3,5,1,2,116,127,3133303,18,20,0,1,1
44990,2023,3,5,1,4,365,772,3134202,28,18,0,1,1
44990,2023,3,5,1,3,330,"805,3",2918001,65,11,0,4,2
44990,2023,3,5,1,2,116,33,4104006,83,21,0,1,1
44990,2023,3,5,1,3,163,652,1503606,67,20,0,1,1
44991,2023,3,6,2,1,316,401,2100436,80,11,1,2,2
44991,2023,3,6,2,1,262,"547,9",3138807,83,21,0,1,1
44991,2023,3,6,2,2,116,212,3518800,11,15,0,3,3
44991,2023,3,6,2,2,324,521,2910800,13,9,0,13,4
44991,2023,3,6,2,2,163,854,5107909,1,11,1,2,2
44991,2023,3,6,2,2,163,717,5007406,28,18,0,1,1
44991,2023,3,6,2,2,324,366,2906873,49,10,0,2,2
44991,2023,3,6,2,2,293,89,4314605,82,10,0,5,3
44991,2023,3,6,2,2,230,"467,7",2516201,16,12,1,2,2
44991,2023,3,6,2,2,116,310,3549953,41,21,0,1,1
44991,2023,3,6,2,2,116,425,2910800,16,12,1,3,3
44991,2023,3,6,2,2,116,182,3546801,44,12,1,2,2
44991,2023,3,6,2,3,101,312,3304904,28,9,1,3,3
44991,2023,3,6,2,2,235,"51,5",2506905,1,11,1,3,2
44991,2023,3,6,2,2,251,"278,9",3157005,11,20,0,1,1
44991,2023,3,6,2,3,116,"126,1",4107652,15,4,1,2,2
44991,2023,3,6,2,3,381,447,2110005,83,20,0,1,1
44991,2023,3,6,2,3,153,57,3142809,16,20,0,1,1
44991,2023,3,6,2,3,467,"105,5",2303501,83,12,0,2,2
44991,2023,3,6,2,3,135,2,2111300,1,11,0,2,2
44991,2023,3,6,2,3,101,219,3202504,11,9,0,3,2
44991,2023,3,6,2,3,365,"418,4",3148004,28,10,0,4,3
44991,2023,3,6,2,3,427,"85,8",2402006,67,10,0,4,2
44991,2023,3,6,2,4,101,739,2914653,67,20,0,1,1
44991,2023,3,6,2,4,116,532,3505401,28,18,0,1,1
44991,2023,3,6,2,3,376,"517,5",4119905,1,12,0,3,2
44991,2023,3,6,2,4,158,240,4322202,65,18,0,1,1
44991,2023,3,6,2,4,101,"158,2",4213500,60,2,0,2,2
44991,2023,3,6,2,3,376,490,4119905,11,12,0,7,5
44991,2023,3,6,2,3,287,"327,7",4319802,16,15,0,6,5
44991,2023,3,6,2,4,116,"162,5",4213351,11,11,0,3,3
44991,2023,3,6,2,4,40,"792,6",3136702,61,2,0,2,2
44991,2023,3,6,2,4,116,"169,1",3524402,11,12,0,2,2
44991,2023,3,6,2,3,230,156,2108009,22,20,0,1,1
44991,2023,3,6,2,4,40,28,5212501,60,2,0,2,2
44991,2023,3,6,2,4,364,"425,9",1100114,36,12,1,2,2
44991,2023,3,6,2,4,316,"218,3",2700409,13,7,0,3,3
44992,2023,3,7,3,1,392,"4,2",4315602,82,7,1,3,3
44992,2023,3,7,3,1,381,"816,7",3113602,11,12,0,3,2
44992,2023,3,7,3,1,476,"199,7",4113205,83,2,1,5,3
44992,2023,3,7,3,1,116,483,2925956,67,3,0,2,1
44992,2023,3,7,3,1,101,92,2602902,60,2,0,2,2
44992,2023,3,7,3,1,163,91,5107602,11,21,0,1,1
44992,2023,3,7,3,2,20,"5,7",5208004,12,10,1,4,2
44991,2023,3,6,2,4,405,49,2401008,9,1,0,1,1
44992,2023,3,7,3,2,319,"58,5",1100205,1,11,1,4,2
44992,2023,3,7,3,2,101,"194,1",4202305,83,21,1,1,1
44992,2023,3,7,3,2,101,800,2915601,20,12,0,5,2
44992,2023,3,7,3,2,392,"9,6",4315602,20,9,1,2,2
44992,2023,3,7,3,2,40,87,3303906,65,20,0,1,1
44992,2023,3,7,3,2,470,232,4216057,80,7,0,5,2
44992,2023,3,7,3,2,50,67,3170206,19,12,1,2,2
44992,2023,3,7,3,2,101,139,4202008,11,12,1,2,2
44992,2023,3,7,3,2,287,351,4311106,2,11,0,3,2
44992,2023,3,7,3,2,116,273,3552809,67,9,0,2,2
44964,2023,2,7,3,4,101,"190,8",4202305,52,9,0,4,2
44992,2023,3,7,3,2,386,34,4308508,16,12,1,2,2
44975,2023,2,18,7,2,330,"823,2",2918308,52,7,0,4,2
44992,2023,3,7,3,2,101,73,2611606,1,11,1,2,2
44992,2023,3,7,3,2,356,185,3305000,67,9,0,2,2
44992,2023,3,7,3,2,364,216,5107602,83,11,0,7,3
44992,2023,3,7,3,2,381,"949,5",3125101,18,12,0,2,2
44992,2023,3,7,3,2,101,"84,1",3301009,52,2,0,2,2
44992,2023,3,7,3,2,50,137,3170107,67,12,0,2,2
44992,2023,3,7,3,3,153,468,4120309,14,21,0,1,1
44992,2023,3,7,3,3,392,23,4315602,52,12,0,5,3
44931,2023,1,5,5,4,153,"591,7",5217104,15,20,0,4,1
44992,2023,3,7,3,2,376,304,4115754,83,21,0,1,1
44992,2023,3,7,3,3,386,"141,4",4126256,67,12,0,5,3
44992,2023,3,7,3,2,381,"242,7",3158953,80,10,0,2,2
44992,2023,3,7,3,3,101,71,2611606,11,12,1,2,2
44991,2023,3,6,2,1,40,92,3303906,18,4,0,1,1
44992,2023,3,7,3,3,40,"30,1",3300225,83,20,0,2,1
44992,2023,3,7,3,3,158,283,4311205,80,10,0,3,3
44946,2023,1,20,6,4,101,144,3302403,18,12,0,2,2
44992,2023,3,7,3,3,101,69,3204906,17,11,1,4,2
44992,2023,3,7,3,3,101,"132,7",4202008,61,2,1,3,2
44992,2023,3,7,3,3,304,32,2408003,82,9,1,3,3
44992,2023,3,7,3,3,101,233,2707503,1,9,0,4,3
44944,2023,1,18,4,4,20,61,5208004,15,7,0,2,2
44992,2023,3,7,3,3,101,"25,3",3201605,52,10,0,2,2
44992,2023,3,7,3,2,163,1110,5104104,65,4,0,2,1
44992,2023,3,7,3,3,369,174,4122404,52,9,1,3,3
44992,2023,3,7,3,4,373,"230,5",4110102,33,11,1,4,4
44992,2023,3,7,3,3,101,138,4202008,16,12,1,3,2
44992,2023,3,7,3,4,101,443,4215653,1,11,1,3,2
44992,2023,3,7,3,3,101,"78,1",4202107,1,11,0,2,2
44992,2023,3,7,3,4,153,"702,2",5211503,61,2,0,3,2
44992,2023,3,7,3,4,324,"5,9",2910800,2,9,1,5,2
44992,2023,3,7,3,4,407,128,2611101,16,12,1,3,3
44992,2023,3,7,3,4,50,"6,5",3170206,11,20,0,1,1
44992,2023,3,7,3,3,135,113,2105401,1,3,1,3,2
44992,2023,3,7,3,4,480,"130,5",4204202,16,12,1,2,2
44992,2023,3,7,3,4,381,510,3162922,49,9,1,2,2
44992,2023,3,7,3,4,116,"273,5",3552809,67,12,1,3,3
44939,2023,1,13,6,1,476,249,4101309,64,20,0,1,1
44992,2023,3,7,3,3,365,194,3109402,67,20,0,1,1
44992,2023,3,7,3,4,280,31,4201307,67,4,1,4,2
44953,2023,1,27,6,2,476,293,4125605,83,21,0,1,1
44992,2023,3,7,3,3,316,23,1501501,1,11,0,2,2
44992,2023,3,7,3,3,135,"5,8",2111300,33,11,1,2,2
44992,2023,3,7,3,3,226,267,2101608,11,7,0,2,2
44992,2023,3,7,3,4,163,"153,9",5005152,18,20,0,1,1
44992,2023,3,7,3,4,116,27,4104006,18,21,0,1,1
44993,2023,3,8,4,1,381,"618,3",3145604,18,20,0,3,2
44993,2023,3,8,4,1,277,265,4110706,49,20,0,1,1
44993,2023,3,8,4,1,232,"9,1",2611606,16,12,1,2,2
44993,2023,3,8,4,1,386,"386,9",4320859,18,12,1,2,2
44993,2023,3,8,4,1,163,449,2401305,52,10,0,4,2
44992,2023,3,7,3,4,163,625,5106224,15,20,0,4,1
44993,2023,3,8,4,2,101,198,4202305,16,15,0,4,3
44993,2023,3,8,4,2,285,"294,1",4314100,1,11,0,3,2
44960,2023,2,3,6,2,381,348,3136207,28,7,0,3,2
44993,2023,3,8,4,2,116,421,2910800,57,9,1,2,2
44993,2023,3,8,4,2,101,"28,6",2606804,19,20,0,3,1
44993,2023,3,8,4,2,381,386,3105400,83,21,0,1,1
44993,2023,3,8,4,1,304,"288,9",2407104,82,4,0,3,2
44993,2023,3,8,4,2,116,"110,4",3554102,1,9,1,3,2
44993,2023,3,8,4,2,470,"107,9",4201257,80,7,0,2,2
44993,2023,3,8,4,2,316,56,1502400,11,12,1,5,3
44957,2023,1,31,3,4,376,"321,5",4117305,15,21,0,1,1
44993,2023,3,8,4,2,101,389,3529906,61,2,1,3,2
44993,2023,3,8,4,2,282,370,4205209,82,9,0,3,3
44993,2023,3,8,4,3,116,424,2910800,67,12,1,2,2
44993,2023,3,8,4,3,158,101,4204707,16,12,0,2,2
44993,2023,3,8,4,3,40,"526,9",3118601,52,9,1,3,2
44993,2023,3,8,4,2,364,"407,7",1100114,14,20,0,6,1
44993,2023,3,8,4,3,116,489,3130903,14,21,0,1,1
44993,2023,3,8,4,3,116,358,3529906,65,4,0,1,1
44993,2023,3,8,4,3,364,46,1100304,51,20,0,1,1
44993,2023,3,8,4,3,101,314,3205200,67,12,0,5,3
44993,2023,3,8,4,3,158,507,4106506,49,7,0,3,3
44993,2023,3,8,4,3,364,637,1101104,67,20,0,1,1
44993,2023,3,8,4,4,116,107,3554102,67,20,1,2,2
44993,2023,3,8,4,4,104,"119,8",2610202,65,21,0,1,1
44993,2023,3,8,4,4,365,620,3170206,67,21,1,1,1
44993,2023,3,8,4,4,153,18,4111803,49,9,1,2,2
44993,2023,3,8,4,4,230,23,2507507,1,9,1,3,2
44993,2023,3,8,4,4,101,37,4209102,67,12,1,2,2
44993,2023,3,8,4,4,414,"384,1",5205802,52,10,0,3,2
44993,2023,3,8,4,4,101,"338,9",3202405,80,7,0,3,2
44993,2023,3,8,4,4,60,468,5211909,52,9,0,2,2
44993,2023,3,8,4,4,116,"416,2",3127701,82,11,1,2,2
44993,2023,3,8,4,2,116,"125,6",3302502,14,14,0,1,1
44993,2023,3,8,4,4,376,2,4115200,52,20,1,2,2
44990,2023,3,5,1,1,163,159,1500602,1,10,0,2,2
44994,2023,3,9,5,1,101,106,3301009,9,1,0,3,3
44993,2023,3,8,4,4,277,"41,3",4116208,11,20,0,2,2
44993,2023,3,8,4,4,10,"350,3",1506609,3,21,0,1,1
44994,2023,3,9,5,1,262,"148,2",3202454,83,20,0,1,1
44994,2023,3,9,5,1,468,95,4321907,1,11,0,2,2
44993,2023,3,8,4,4,376,"493,7",4119905,51,20,1,2,2
44994,2023,3,9,5,1,381,486,3106705,52,9,1,2,2
44993,2023,3,8,4,4,376,"493,5",4119905,49,20,1,2,2
44994,2023,3,9,5,1,116,316,3526209,11,21,1,1,1
44993,2023,3,8,4,4,116,496,3130903,67,21,0,1,1
44993,2023,3,8,4,4,282,"245,5",4216800,70,7,0,2,2
44994,2023,3,9,5,2,381,436,3156700,65,21,0,1,1
44994,2023,3,9,5,2,40,737,3160702,11,20,0,1,1
44994,2023,3,9,5,2,70,"12,2",5200258,13,12,1,5,3
44994,2023,3,9,5,2,116,142,4114302,56,20,1,2,1
44994,2023,3,9,5,2,365,18,3143302,64,20,0,1,1
44994,2023,3,9,5,2,262,372,3136652,11,2,0,2,2
44994,2023,3,9,5,1,116,"285,8",3522208,28,18,1,1,1
44994,2023,3,9,5,2,324,"519,2",2910800,11,15,0,8,4
44994,2023,3,9,5,2,101,574,3303807,1,11,0,2,2
44994,2023,3,9,5,2,376,624,4125506,9,15,1,6,3
44994,2023,3,9,5,2,163,925,5104559,1,11,0,3,2
44994,2023,3,9,5,2,153,512,5201405,11,9,0,2,2
44994,2023,3,9,5,2,20,7,2909307,18,20,0,1,1
44994,2023,3,9,5,2,104,23,2615003,60,2,0,2,2
44994,2023,3,9,5,2,116,105,3554102,11,12,0,3,3
44994,2023,3,9,5,2,116,506,3509254,67,12,0,1,1
44994,2023,3,9,5,2,50,100,5206206,1,11,1,3,3
44994,2023,3,9,5,2,386,292,4315131,11,4,0,2,2
44994,2023,3,9,5,2,10,"236,6",2104552,1,11,1,2,2
44993,2023,3,8,4,4,158,"701,2",5101803,18,20,0,2,2
44994,2023,3,9,5,3,153,"675,2",1709500,18,10,1,4,2
44994,2023,3,9,5,3,101,117,4208203,1,9,1,3,3
44982,2023,2,25,7,2,476,147,4106902,61,2,1,3,2
44964,2023,2,7,3,3,116,130,3549904,67,9,0,1,1
44994,2023,3,9,5,3,316,310,2208007,1,2,1,2,2
44994,2023,3,9,5,3,376,666,4109609,65,12,0,2,2
44994,2023,3,9,5,3,101,420,3302601,33,11,1,3,3
44994,2023,3,9,5,2,230,197,2207009,11,4,1,2,2
44994,2023,3,9,5,3,153,419,1713304,67,20,0,1,1
44994,2023,3,9,5,3,376,"333,5",4117305,1,9,1,2,2
44994,2023,3,9,5,2,153,"58,3",4207809,18,7,0,8,3
44994,2023,3,9,5,3,354,768,3133006,49,20,0,1,1
44994,2023,3,9,5,3,153,"45,9",4307005,52,11,0,3,2
44994,2023,3,9,5,3,116,228,3304003,16,15,0,4,3
44994,2023,3,9,5,4,101,95,3203056,11,2,1,2,2
44994,2023,3,9,5,4,101,"142,8",3203205,16,12,0,2,2
44994,2023,3,9,5,4,316,"68,1",1502400,51,10,0,4,4
44994,2023,3,9,5,3,153,"76,7",3142809,16,10,0,5,5
44994,2023,3,9,5,3,174,81,5102504,67,20,0,1,1
44994,2023,3,9,5,4,277,25,4116208,16,12,0,2,2
44994,2023,3,9,5,3,407,81,2917706,28,18,0,1,1
44994,2023,3,9,5,4,101,"26,5",3201605,80,10,0,2,2
44994,2023,3,9,5,3,70,694,5102504,65,21,0,1,1
44995,2023,3,10,6,1,232,16,2607901,11,12,1,2,2
44995,2023,3,10,6,1,116,412,3526100,1,2,0,2,2
44994,2023,3,9,5,4,262,"462,8",3103900,83,12,0,3,3
44995,2023,3,10,6,1,40,"652,2",3120409,18,20,1,1,1
44995,2023,3,10,6,1,230,1110,1503606,52,21,0,1,1
44995,2023,3,10,6,1,116,"312,9",3549953,11,12,0,2,2
44995,2023,3,10,6,1,40,386,3120904,18,20,0,1,1
44995,2023,3,10,6,2,158,"214,7",4306106,82,7,0,4,4
44995,2023,3,10,6,2,116,113,4106902,11,15,1,9,4
44995,2023,3,10,6,2,386,52,4320206,80,10,1,3,3
44995,2023,3,10,6,2,110,365,2907509,52,7,1,2,2
44995,2023,3,10,6,2,470,261,4204806,13,10,0,4,2
44989,2023,3,4,7,1,262,752,5003207,11,12,0,2,2
44982,2023,2,25,7,2,174,912,1302603,28,20,0,4,2
44995,2023,3,10,6,2,222,"237,1",2312908,82,7,0,7,3
44995,2023,3,10,6,2,365,673,3142809,11,12,0,2,2
44995,2023,3,10,6,2,222,39,2303709,52,10,1,2,2
44995,2023,3,10,6,2,251,"473,5",3126703,83,10,0,2,2
44981,2023,2,24,6,3,153,"305,8",3550506,28,4,0,2,2
44995,2023,3,10,6,2,163,"469,9",2401305,80,10,0,3,2
44995,2023,3,10,6,2,116,122,3302502,11,9,1,2,2
44995,2023,3,10,6,2,376,628,4125506,84,9,0,5,2
44994,2023,3,9,5,1,153,"15,2",4111803,67,20,0,1,1
44995,2023,3,10,6,2,116,511,3509254,83,20,0,2,1
44995,2023,3,10,6,2,153,22,4111803,51,20,0,1,1
44995,2023,3,10,6,3,153,"9,6",3519808,18,7,0,3,3
44995,2023,3,10,6,2,324,515,2910800,2,12,1,2,2
44995,2023,3,10,6,3,101,"525,6",3300100,1,11,0,4,2
44995,2023,3,10,6,2,470,260,4204806,67,20,0,1,1
44995,2023,3,10,6,2,116,"545,9",2310605,1,12,0,2,2
44995,2023,3,10,6,2,153,"496,3",5208707,12,12,1,2,2
44995,2023,3,10,6,3,101,122,2931400,83,3,0,1,1
44995,2023,3,10,6,3,116,"67,7",2500775,12,12,0,4,3
44995,2023,3,10,6,3,116,"124,1",3133303,21,21,0,1,1
44995,2023,3,10,6,3,470,213,4302105,33,11,1,2,2
44995,2023,3,10,6,3,381,492,3106705,58,15,1,7,6
44995,2023,3,10,6,3,101,148,4208302,16,12,1,5,5
44995,2023,3,10,6,2,163,1029,5106422,33,11,1,2,2
44994,2023,3,9,5,4,163,1080,5104104,28,21,0,2,1
44995,2023,3,10,6,2,251,"275,8",3157005,11,21,0,2,1
44995,2023,3,10,6,2,101,"117,2",4208203,1,11,1,2,2
44995,2023,3,10,6,3,116,4,2304400,52,9,1,2,2
44995,2023,3,10,6,2,135,"82,7",2105401,52,7,0,3,2
44995,2023,3,10,6,3,369,470,4106308,1,11,0,3,2
44995,2023,3,10,6,3,369,151,4113700,52,21,1,2,2
44975,2023,2,18,7,3,153,120,2512200,51,21,0,1,1
44995,2023,3,10,6,3,110,220,2922904,80,7,0,3,2
44995,2023,3,10,6,1,153,1,4200408,67,20,0,1,1
44995,2023,3,10,6,2,163,596,5106224,51,20,1,1,1
44995,2023,3,10,6,3,407,471,2205201,67,21,0,3,1
44995,2023,3,10,6,3,282,509,4219507,83,4,0,2,2
44995,2023,3,10,6,4,304,"305,3",2403251,28,4,0,1,1
44995,2023,3,10,6,3,135,113,2105401,11,21,0,1,1
44995,2023,3,10,6,3,392,"2,8",4315602,11,12,1,2,2
44995,2023,3,10,6,4,163,"500,9",2401305,82,7,0,7,3
44995,2023,3,10,6,4,376,676,4109609,65,18,0,1,1
44995,2023,3,10,6,4,50,"123,8",5210109,18,20,0,1,1
44995,2023,3,10,6,4,163,294,4114609,49,12,0,3,3
44995,2023,3,10,6,4,262,"65,5",3140902,82,10,0,2,2
44995,2023,3,10,6,4,316,80,2708006,18,7,0,3,2
44995,2023,3,10,6,4,277,471,4117057,49,11,1,2,2
44996,2023,3,11,7,1,116,523,3505401,15,20,0,1,1
44996,2023,3,11,7,1,364,392,5103403,67,20,0,2,1
44996,2023,3,11,7,1,101,"96,1",4202107,67,12,0,2,2
44996,2023,3,11,7,1,470,"59,3",4202404,83,20,0,1,1
44996,2023,3,11,7,1,116,702,2920403,11,14,0,1,1
44996,2023,3,11,7,1,376,"157,6",4114104,1,9,0,3,3
44996,2023,3,11,7,1,116,"426,6",4306056,80,10,0,12,2
44936,2023,1,10,3,1,290,127,4306767,82,7,0,23,3
44995,2023,3,10,6,4,262,469,3107406,15,20,0,2,1
44995,2023,3,10,6,2,30,285,2905206,83,21,0,1,1
44996,2023,3,11,7,1,116,912,2906709,1,2,0,2,2
44996,2023,3,11,7,2,376,338,4117305,83,21,0,2,2
44996,2023,3,11,7,1,381,"525,5",3109006,65,3,0,1,1
44996,2023,3,11,7,1,470,"81,8",4215109,83,21,0,1,1
44996,2023,3,11,7,2,376,"172,8",4115200,67,9,1,2,2
44996,2023,3,11,7,2,153,517,5201405,13,21,0,1,1
44996,2023,3,11,7,3,381,327,3144706,83,7,0,2,2
44996,2023,3,11,7,3,80,13,5300108,52,12,1,3,2
44996,2023,3,11,7,3,116,75,3305802,18,10,1,3,2
44979,2023,2,22,4,2,230,612,1301704,1,11,1,5,2
44996,2023,3,11,7,2,163,"623,8",5106224,82,21,0,6,3
44996,2023,3,11,7,3,324,573,2929503,16,12,0,4,2
44996,2023,3,11,7,2,158,226,5007802,49,4,0,1,1
44996,2023,3,11,7,3,277,"666,2",4115804,16,12,0,2,2
44996,2023,3,11,7,3,116,"133,6",3549904,15,21,0,2,2
44996,2023,3,11,7,3,40,577,3131901,28,18,1,1,1
44996,2023,3,11,7,3,367,82,2910727,14,14,1,4,2
44996,2023,3,11,7,3,376,323,4117305,83,10,0,6,3
44996,2023,3,11,7,3,304,208,2406700,80,10,0,2,2
44996,2023,3,11,7,3,116,"841,8",2933307,11,10,0,4,3
44996,2023,3,11,7,1,116,361,3126901,28,18,0,1,1
44996,2023,3,11,7,3,153,564,5218391,52,21,0,1,1
44996,2023,3,11,7,3,364,"204,5",5211909,28,11,0,3,2
44996,2023,3,11,7,3,116,224,2300705,16,9,0,2,2
44996,2023,3,11,7,3,470,"129,4",4209904,49,7,0,4,4
44996,2023,3,11,7,3,101,584,2905602,33,11,0,5,2
44996,2023,3,11,7,2,267,"286,6",3104908,83,21,0,1,1
44996,2023,3,11,7,3,101,"351,7",4208807,16,12,1,2,2
44996,2023,3,11,7,3,277,"377,3",4109401,67,7,0,5,3
44996,2023,3,11,7,4,153,"82,8",2512200,11,10,0,4,3
44996,2023,3,11,7,4,470,128,4209904,49,10,0,2,2
44996,2023,3,11,7,4,101,900,2906907,80,10,1,2,2
44996,2023,3,11,7,4,153,15,3115805,28,18,0,1,1
44996,2023,3,11,7,4,153,"14,7",3115805,11,12,0,2,2
44996,2023,3,11,7,4,153,398,1718709,11,12,0,6,2
44997,2023,3,12,1,1,251,"333,9",3156502,67,21,0,1,1
44997,2023,3,12,1,1,324,475,2931103,41,20,1,2,1
44997,2023,3,12,1,1,116,227,3550308,50,4,1,2,2
44997,2023,3,12,1,1,163,"102,7",5107602,18,21,0,1,1
44997,2023,3,12,1,2,277,"413,6",3112059,28,4,0,2,2
44997,2023,3,12,1,1,427,"0,8",2403103,49,7,1,3,2
44997,2023,3,12,1,2,116,52,4104006,49,20,0,1,1
44997,2023,3,12,1,2,116,"753,8",3138401,18,10,0,2,2
44997,2023,3,12,1,2,153,678,1709500,49,10,0,2,2
44997,2023,3,12,1,1,116,267,3168606,67,21,0,2,1
44997,2023,3,12,1,2,290,102,4314902,28,20,1,2,2
44997,2023,3,12,1,2,364,"241,5",1100049,67,12,1,3,2
44993,2023,3,8,4,4,163,514,1508050,28,18,0,1,1
44997,2023,3,12,1,2,116,29,4104006,64,20,0,1,1
44997,2023,3,12,1,1,10,"61,4",1508126,11,12,0,3,2
44997,2023,3,12,1,2,435,"68,1",1100064,18,7,0,2,2
44997,2023,3,12,1,2,316,408,2205953,80,7,0,2,2
44997,2023,3,12,1,2,153,"99,7",3525706,83,21,0,1,1
44997,2023,3,12,1,2,101,288,2918803,64,11,1,4,4
44997,2023,3,12,1,2,116,"208,6",3115458,80,11,1,3,2
44997,2023,3,12,1,3,369,148,4113700,1,9,1,2,2
44997,2023,3,12,1,3,364,"347,1",5107800,83,12,0,2,2
44997,2023,3,12,1,3,277,23,4116208,28,18,0,1,1
44997,2023,3,12,1,3,50,"152,2",5204805,18,20,0,1,1
44997,2023,3,12,1,3,210,74,1600535,18,21,0,1,1
44997,2023,3,12,1,3,116,375,3529906,28,18,0,1,1
44997,2023,3,12,1,3,10,322,2100055,72,9,0,2,2
44997,2023,3,12,1,3,60,311,5200134,67,11,0,5,3
44997,2023,3,12,1,3,412,"118,4",2516300,28,18,0,1,1
44997,2023,3,12,1,3,290,"215,3",4313953,1,21,1,2,2
44997,2023,3,12,1,3,101,366,2911204,1,11,1,3,3
44997,2023,3,12,1,3,40,62,5206206,80,10,0,2,2
44997,2023,3,12,1,4,376,121,4100608,83,12,1,2,2
44997,2023,3,12,1,4,163,210,2303501,33,11,0,2,2
44997,2023,3,12,1,4,304,111,2400208,80,10,0,2,2
44997,2023,3,12,1,4,324,551,2901106,11,4,0,2,2
44997,2023,3,12,1,4,428,"171,7",2611101,11,20,0,1,1
44997,2023,3,12,1,3,116,27,1507755,65,21,0,1,1
44997,2023,3,12,1,4,381,"849,4",3152501,82,9,0,3,3
44998,2023,3,13,2,1,232,9,2607901,83,20,1,2,1
44998,2023,3,13,2,1,116,319,3302254,11,12,0,2,2
44998,2023,3,13,2,1,116,253,4320008,12,12,1,2,2
44998,2023,3,13,2,1,116,"252,4",4209300,80,7,0,4,2
44998,2023,3,13,2,1,70,37,5205513,60,2,0,2,2
44998,2023,3,13,2,1,381,86,3550308,84,21,1,2,1
44997,2023,3,12,1,3,153,"71,4",3142809,16,12,0,4,2
44998,2023,3,13,2,2,116,"227,9",4306403,3,20,0,2,2
44998,2023,3,13,2,1,101,"56,1",2611606,52,12,1,2,2
44997,2023,3,12,1,3,235,130,2918100,83,21,0,1,1
44998,2023,3,13,2,2,40,"668,3",3113206,83,12,0,3,2
44997,2023,3,12,1,2,158,739,1506708,21,10,0,3,2
44997,2023,3,12,1,4,262,497,3142403,52,7,0,2,2
44998,2023,3,13,2,2,251,18,5300108,80,7,0,2,2
44998,2023,3,13,2,2,158,"263,8",4311205,61,2,1,2,2
44998,2023,3,13,2,2,235,"51,5",2506905,33,11,1,2,2
44998,2023,3,13,2,2,386,"283,9",4318465,52,7,0,2,2
44998,2023,3,13,2,2,381,487,3106705,67,15,1,7,5
44998,2023,3,13,2,2,364,474,5104906,67,12,0,5,2
44935,2023,1,9,2,3,116,"394,2",2305407,21,7,0,2,2
44998,2023,3,13,2,2,40,"564,1",3144805,11,9,0,4,3
44998,2023,3,13,2,2,116,223,3518800,11,9,1,2,2
44998,2023,3,13,2,2,101,"19,2",4321667,1,11,0,3,2
44930,2023,1,4,4,3,364,140,1200401,16,12,1,2,2
44998,2023,3,13,2,3,153,74,3549805,52,12,0,3,3
44998,2023,3,13,2,3,110,322,2900702,64,21,0,1,1
44998,2023,3,13,2,2,158,"132,9",5001003,67,20,0,2,1
44998,2023,3,13,2,3,230,404,2101400,33,11,1,2,2
44998,2023,3,13,2,3,153,"66,8",3142809,52,20,0,1,1
44998,2023,3,13,2,2,116,239,4313409,52,9,1,2,2
44998,2023,3,13,2,3,381,10,3556354,16,12,0,2,2
44998,2023,3,13,2,3,116,"309,5",3549953,58,9,1,4,4
44998,2023,3,13,2,3,472,477,4310603,82,9,0,2,2
44998,2023,3,13,2,3,251,217,3157005,67,20,1,1,1
44998,2023,3,13,2,3,101,111,4211306,16,12,1,2,2
44986,2023,3,1,4,3,101,324,3303302,11,12,0,3,2
44998,2023,3,13,2,3,376,5,4101408,52,11,1,2,2
44998,2023,3,13,2,3,101,79,2607901,52,9,1,2,2
44998,2023,3,13,2,3,101,"216,8",2707503,16,12,0,2,2
44998,2023,3,13,2,2,365,"479,9",3148103,20,9,1,4,3
44998,2023,3,13,2,3,324,520,2910800,16,15,1,9,4
44998,2023,3,13,2,3,280,152,4210100,28,21,0,3,1
44998,2023,3,13,2,3,116,"32,8",2301000,52,9,0,2,2
44998,2023,3,13,2,3,277,511,4109302,82,10,0,2,2
44998,2023,3,13,2,4,376,"166,3",5006200,63,21,0,2,1
44998,2023,3,13,2,3,101,472,2932705,11,21,0,2,1
44998,2023,3,13,2,4,285,"189,9",4311304,49,11,0,3,2
44998,2023,3,13,2,4,376,"517,6",4119905,33,11,0,2,2
44998,2023,3,13,2,4,60,218,5221908,67,21,0,1,1
44998,2023,3,13,2,4,101,"77,4",4201307,11,18,1,1,1
44958,2023,2,1,4,3,386,"414,9",4312401,16,9,1,2,2
44998,2023,3,13,2,4,116,"285,3",4203253,18,12,0,2,2
44999,2023,3,14,3,1,386,"417,1",4312401,49,12,0,2,2
44999,2023,3,14,3,1,116,107,3554102,11,12,0,2,2
44999,2023,3,14,3,1,262,257,5007109,4,20,0,3,1
44999,2023,3,14,3,1,101,920,2923001,1,9,1,2,2
44999,2023,3,14,3,1,365,"506,5",3148103,12,4,0,2,2
44999,2023,3,14,3,2,381,"375,6",3161908,11,7,0,4,2
44972,2023,2,15,4,4,470,"137,8",4214805,83,10,1,2,2
44967,2023,2,10,6,2,230,1111,1503606,67,12,0,2,2
44999,2023,3,14,3,2,470,"158,5",4218608,33,11,1,3,2
44932,2023,1,6,6,1,163,550,5103502,80,7,0,65,2
44999,2023,3,14,3,2,153,395,4113908,67,21,0,1,1
44994,2023,3,9,5,1,163,652,1503606,67,20,0,1,1
44999,2023,3,14,3,2,70,314,2918506,67,4,1,2,2
44933,2023,1,7,7,3,70,441,5201702,82,12,0,5,3
44999,2023,3,14,3,2,381,"541,6",3133709,18,20,0,1,1
44999,2023,3,14,3,2,20,401,2303709,9,20,0,2,1
44999,2023,3,14,3,3,381,380,3161908,67,10,0,2,2