id_data,ano,mes,dia,id_dia_semana,periodo,br,km,id_municipio,id_causa_acidente,id_tipo_acidente,id_uso_solo,pessoas,veiculos
44958,2023,2,1,4,2,116,247,4318705,67,12,1,3,3
45007,2023,3,22,4,2,402,"255,3",2306405,80,11,0,3,2
45007,2023,3,22,4,2,277,"665,9",4115804,83,12,0,3,3
45007,2023,3,22,4,2,262,"95,2",3201902,1,11,1,2,2
45007,2023,3,22,4,2,116,103,3133303,11,9,0,4,2
45007,2023,3,22,4,2,470,"20,5",4102604,83,20,0,2,1
45007,2023,3,22,4,2,163,37,3514809,80,7,0,4,3
45007,2023,3,22,4,2,101,204,4216602,67,9,1,3,3
44947,2023,1,21,7,4,282,278,4216800,49,10,1,7,3
45007,2023,3,22,4,2,381,"881,2",3124500,28,18,0,2,2
45007,2023,3,22,4,3,116,169,3304557,11,12,1,2,2
45007,2023,3,22,4,3,101,"149,9",3203205,1,11,1,3,3
45007,2023,3,22,4,3,365,"7,8",3143302,83,20,0,5,2
45007,2023,3,22,4,3,116,"224,5",3518800,11,12,1,2,2
45007,2023,3,22,4,3,174,489,1400100,82,10,0,3,3
45007,2023,3,22,4,3,101,"208,3",4216602,52,9,1,2,2
45007,2023,3,22,4,2,272,533,4108320,83,12,0,2,2
45001,2023,3,16,5,4,290,643,4322400,20,11,0,2,2
45007,2023,3,22,4,3,116,144,4114302,52,9,0,6,6
45007,2023,3,22,4,2,364,469,1100023,67,12,0,2,2
45007,2023,3,22,4,3,116,212,3518800,67,12,1,5,3
45007,2023,3,22,4,3,230,"438,7",2500775,11,20,0,1,1
45007,2023,3,22,4,3,470,"125,1",4209904,67,11,1,3,3
45007,2023,3,22,4,3,153,61,3549805,11,12,1,2,2
45007,2023,3,22,4,3,163,547,1508050,63,21,0,1,1
45007,2023,3,22,4,3,365,451,3128907,28,20,0,1,1
45007,2023,3,22,4,3,153,399,4113908,67,21,0,2,2
44994,2023,3,9,5,3,163,649,5105259,80,10,0,2,2
45007,2023,3,22,4,3,50,176,3170107,16,15,1,18,3
45007,2023,3,22,4,3,116,179,3146305,82,12,1,2,2
44997,2023,3,12,1,2,40,"605,8",3118007,52,9,0,4,3
45007,2023,3,22,4,3,428,144,2611101,52,7,0,3,2
45007,2023,3,22,4,4,290,485,4316402,65,18,0,1,1
45007,2023,3,22,4,4,60,39,5200308,67,20,0,1,1
45007,2023,3,22,4,4,116,5,2612208,67,4,0,1,1
45007,2023,3,22,4,3,101,"117,4",4208203,1,11,1,2,2
45007,2023,3,22,4,4,365,726,3142809,11,12,0,3,2
45007,2023,3,22,4,4,232,459,2613503,9,21,0,1,1
45008,2023,3,23,5,1,116,437,3542602,1,2,0,2,2
45007,2023,3,22,4,4,158,23,5203401,28,18,0,1,1
45007,2023,3,22,4,3,163,897,5103056,16,12,0,2,2
45007,2023,3,22,4,4,80,"94,7",5222302,52,7,1,2,2
45008,2023,3,23,5,1,101,128,4208203,4,4,0,2,2
45008,2023,3,23,5,1,60,356,5007901,11,20,0,1,1
45008,2023,3,23,5,1,70,3,5300108,11,9,1,3,2
45008,2023,3,23,5,2,230,24,2507507,1,9,1,2,2
45008,2023,3,23,5,2,101,297,2112803,11,12,0,3,2
45008,2023,3,23,5,2,116,"773,7",3138401,11,21,0,1,1
45008,2023,3,23,5,2,163,"485,6",2401305,11,15,1,5,3
45008,2023,3,23,5,2,369,"147,4",4113700,67,12,0,4,3
45008,2023,3,23,5,2,285,"208,7",4311304,1,11,0,3,2
45008,2023,3,23,5,2,116,281,3515004,67,15,1,4,4
45008,2023,3,23,5,2,70,"18,7",5300108,78,12,0,2,2
45008,2023,3,23,5,2,116,"400,2",2910800,12,10,0,3,3
44995,2023,3,10,6,3,376,80,5003454,80,10,0,5,3
44956,2023,1,30,2,2,116,143,3301702,52,11,1,2,2
44940,2023,1,14,7,1,290,"55,9",4309050,11,20,0,3,1
45008,2023,3,23,5,3,116,152,2311801,57,12,0,2,2
45008,2023,3,23,5,3,381,494,3106705,11,21,1,2,2
45008,2023,3,23,5,2,230,375,2101400,82,7,0,2,2
45008,2023,3,23,5,3,60,378,5218805,65,20,0,3,2
45008,2023,3,23,5,3,277,1,4118204,52,11,1,2,2
45008,2023,3,23,5,3,470,142,4214805,6,21,1,2,2
45008,2023,3,23,5,3,316,"110,5",1506609,1,10,0,2,2
45008,2023,3,23,5,3,101,"335,1",4218707,11,12,1,2,2
45008,2023,3,23,5,3,381,45,3504107,16,9,0,2,2
45008,2023,3,23,5,3,116,226,3518800,16,12,0,2,2
45008,2023,3,23,5,3,376,665,4109609,14,21,0,1,1
45008,2023,3,23,5,3,235,"13,5",2804805,44,20,0,1,1
45008,2023,3,23,5,3,364,"537,3",5107701,11,21,0,1,1
45008,2023,3,23,5,3,448,16,4304606,9,4,0,2,2
45008,2023,3,23,5,3,290,87,4314902,18,12,1,2,2
45008,2023,3,23,5,3,101,79,4201307,52,11,0,4,2
45008,2023,3,23,5,3,116,521,3509254,28,18,0,1,1
45008,2023,3,23,5,4,282,"40,6",4200606,83,7,0,2,2
45008,2023,3,23,5,4,101,150,4208302,67,12,1,2,2
45008,2023,3,23,5,4,40,"614,7",3118007,67,21,0,2,2
45008,2023,3,23,5,4,364,"246,9",1100049,67,15,0,5,4
45008,2023,3,23,5,4,386,"155,8",4300471,1,11,1,3,2
45008,2023,3,23,5,4,101,270,3205002,11,21,1,1,1
45008,2023,3,23,5,3,158,"337,3",3535309,67,21,0,1,1
45008,2023,3,23,5,4,101,"35,7",2606804,11,12,0,2,2
45009,2023,3,24,6,1,381,68,3528502,67,12,1,4,3
45009,2023,3,24,6,1,153,"84,7",3530300,76,21,0,1,1
45009,2023,3,24,6,1,116,134,3508504,16,12,0,2,2
45009,2023,3,24,6,1,376,"0,7",4114807,67,21,0,1,1
45009,2023,3,24,6,1,470,60,4202404,67,7,1,2,2
45009,2023,3,24,6,1,153,57,3142809,11,21,0,1,1
44935,2023,1,9,2,4,369,506,4106308,11,12,0,4,3
45009,2023,3,24,6,2,470,203,4302105,20,12,0,2,2
44961,2023,2,4,7,4,222,"263,9",2304004,1,11,0,2,2
45008,2023,3,23,5,1,242,440,2929909,18,7,0,2,2
45009,2023,3,24,6,2,304,216,2401909,82,12,0,3,3
45008,2023,3,23,5,4,80,16,5215603,28,20,0,1,1
44985,2023,2,28,3,3,282,"216,5",4209300,1,11,1,2,2
45009,2023,3,24,6,2,222,"62,7",1502939,11,12,0,2,2
45009,2023,3,24,6,2,277,"3,4",4118204,11,12,1,3,2
45009,2023,3,24,6,2,101,149,2404200,33,9,0,2,2
45009,2023,3,24,6,2,386,"355,7",4307807,67,20,0,1,1
45009,2023,3,24,6,2,364,394,5103403,11,20,0,1,1
45009,2023,3,24,6,2,163,687,5105259,1,9,1,4,2
45009,2023,3,24,6,2,116,145,3549904,52,9,1,2,2
45009,2023,3,24,6,2,101,79,4201307,67,12,1,2,2
45009,2023,3,24,6,2,116,60,4106902,52,9,1,2,2
45009,2023,3,24,6,2,104,63,2604106,28,20,1,5,4
45009,2023,3,24,6,2,470,56,4202404,1,11,1,3,2
45009,2023,3,24,6,2,324,566,2929503,28,18,0,1,1
45009,2023,3,24,6,3,343,"329,2",2211001,28,18,0,1,1
45009,2023,3,24,6,3,376,"491,8",4119905,52,9,0,4,3
45009,2023,3,24,6,3,163,665,1503606,67,21,0,4,2
45009,2023,3,24,6,3,290,"47,3",4309050,18,21,0,1,1
45009,2023,3,24,6,3,277,"253,2",4110706,1,11,0,2,2
45009,2023,3,24,6,3,10,285,2105302,11,12,0,2,2
45009,2023,3,24,6,3,343,350,2211001,82,9,1,2,2
45009,2023,3,24,6,3,232,12,2607901,35,2,0,2,2
45009,2023,3,24,6,4,459,23,3527207,49,7,0,3,3
45009,2023,3,24,6,3,232,"171,3",2601706,49,10,0,2,2
45009,2023,3,24,6,3,153,436,5201108,11,12,1,2,2
45009,2023,3,24,6,2,262,603,3111507,11,20,0,1,1
45009,2023,3,24,6,3,470,"177,5",4213708,16,12,1,2,2
45009,2023,3,24,6,3,40,101,3301702,82,9,1,3,2
45009,2023,3,24,6,4,381,45,3504107,35,2,1,3,3
45009,2023,3,24,6,4,40,576,3131901,1,11,0,4,2
45009,2023,3,24,6,4,381,444,2110005,11,11,0,2,2
45009,2023,3,24,6,3,116,86,3531605,80,7,0,2,2
45009,2023,3,24,6,4,116,394,4303509,11,12,1,4,2
45009,2023,3,24,6,2,365,371,3148004,11,20,0,1,1
45009,2023,3,24,6,4,163,830,5107909,52,9,1,3,2
45009,2023,3,24,6,4,386,"5,1",4310504,80,10,0,2,2
45009,2023,3,24,6,4,364,36,5216304,11,21,0,1,1
45009,2023,3,24,6,4,364,"405,2",1100114,67,10,0,3,2
45009,2023,3,24,6,4,471,"646,8",4317301,11,21,0,1,1
44991,2023,3,6,2,2,230,"54,3",2504900,11,12,0,4,3
45010,2023,3,25,7,1,153,135,1702109,49,4,1,1,1
45009,2023,3,24,6,4,101,"917,6",2923001,82,7,0,2,2
45010,2023,3,25,7,1,101,369,4207007,18,20,0,2,1
45009,2023,3,24,6,4,381,"185,5",3149952,33,11,0,3,2
45010,2023,3,25,7,1,40,"646,1",3120409,16,12,0,2,2
45010,2023,3,25,7,2,285,"339,3",4304705,11,12,1,2,2
44995,2023,3,10,6,1,277,395,4104428,82,20,0,2,2
45010,2023,3,25,7,2,40,114,3301702,67,12,0,2,2
44956,2023,1,30,2,3,20,16,5300108,67,9,1,2,2
44975,2023,2,18,7,3,101,928,2922003,11,12,0,2,2
45010,2023,3,25,7,2,364,240,1100049,63,21,1,4,2
45010,2023,3,25,7,2,101,"109,7",4212502,67,12,0,2,2
45010,2023,3,25,7,2,101,250,2908309,67,11,0,4,3
44982,2023,2,25,7,4,116,782,3138401,11,21,0,1,1
45010,2023,3,25,7,3,101,108,2403251,16,12,1,3,3
45010,2023,3,25,7,3,158,82,5006309,18,12,0,2,2
45010,2023,3,25,7,2,452,0,5218805,52,9,0,2,2
45010,2023,3,25,7,3,163,1110,5104104,22,21,0,1,1
45010,2023,3,25,7,3,116,221,3303609,52,9,1,5,3
45010,2023,3,25,7,3,423,32,2613107,28,2,0,1,1
45010,2023,3,25,7,3,277,"164,3",4117701,82,11,0,2,2
45010,2023,3,25,7,2,70,503,2211407,67,12,1,3,2
45010,2023,3,25,7,3,376,"550,1",4117701,28,18,0,1,1
45010,2023,3,25,7,4,116,"140,8",3549904,35,2,1,2,2
45010,2023,3,25,7,1,364,337,5107800,67,12,0,2,2
45010,2023,3,25,7,4,262,"488,4",5000708,11,12,1,2,2
45010,2023,3,25,7,3,316,57,2206407,67,20,1,1,1
45010,2023,3,25,7,3,153,471,4120309,82,7,0,4,4
45010,2023,3,25,7,3,376,616,4125506,78,9,1,2,2
45010,2023,3,25,7,3,101,19,3301009,1,11,1,4,2
45010,2023,3,25,7,3,262,"570,7",3119807,83,21,0,1,1
45010,2023,3,25,7,3,116,102,4125506,14,14,1,1,1
45010,2023,3,25,7,4,282,577,3538204,80,10,1,2,2
45010,2023,3,25,7,3,376,"502,8",4119905,33,9,1,3,2
45010,2023,3,25,7,3,304,257,2409332,16,12,1,4,2
44986,2023,3,1,4,2,101,"3,2",3202603,67,12,0,2,2
45010,2023,3,25,7,3,116,514,3509254,67,21,0,2,2
45010,2023,3,25,7,4,364,339,1100122,11,12,1,2,2
45010,2023,3,25,7,3,101,25,4209102,50,12,1,4,3
45010,2023,3,25,7,4,222,"265,9",2304004,80,7,0,2,2
45011,2023,3,26,1,1,476,81,4103107,83,21,0,1,1
45011,2023,3,26,1,1,116,232,3304003,83,21,0,1,1
45011,2023,3,26,1,1,163,"833,3",5007935,80,7,0,4,2
45011,2023,3,26,1,1,381,"863,6",3152501,60,4,0,2,2
45011,2023,3,26,1,1,40,"553,9",3144805,49,4,1,4,2
45010,2023,3,25,7,2,158,673,5106257,67,12,0,3,3
45011,2023,3,26,1,2,153,135,1702109,49,11,1,3,2
45010,2023,3,25,7,3,365,612,3170206,28,20,0,1,1
45011,2023,3,26,1,2,122,"66,9",2303956,16,12,1,4,3
45011,2023,3,26,1,1,364,"416,7",1100114,1,11,0,8,3
45011,2023,3,26,1,2,153,113,1722081,80,7,0,2,2
45011,2023,3,26,1,2,40,"69,5",3147006,11,12,0,2,2
45011,2023,3,26,1,2,70,455,5201702,1,12,0,2,2
45011,2023,3,26,1,3,282,71,4214300,28,18,0,2,2
45011,2023,3,26,1,3,381,264,3168705,67,12,1,7,3
45011,2023,3,26,1,2,116,497,2925956,67,10,0,2,2
45011,2023,3,26,1,3,364,53,5100409,49,20,0,1,1
45011,2023,3,26,1,2,101,"31,9",4209102,11,12,0,6,3
45011,2023,3,26,1,3,381,"674,4",3149903,83,4,0,2,2
45011,2023,3,26,1,3,40,109,3301702,78,9,0,2,2
45011,2023,3,26,1,3,153,276,3533700,16,12,0,4,4
45011,2023,3,26,1,3,174,248,5106752,80,7,0,9,3
45011,2023,3,26,1,3,163,"468,8",2401305,28,14,0,1,1
45011,2023,3,26,1,3,364,201,5107602,16,12,1,4,3
45011,2023,3,26,1,3,116,413,3526100,4,21,0,3,2
45011,2023,3,26,1,3,101,105,4212502,11,12,0,3,3
45011,2023,3,26,1,2,282,301,3556354,83,20,0,1,1
45011,2023,3,26,1,4,116,"481,1",2308302,60,2,1,4,2
45011,2023,3,26,1,3,242,770,2903201,49,21,0,1,1
45011,2023,3,26,1,3,381,316,3144706,83,21,0,5,3
45011,2023,3,26,1,2,116,28,4104006,67,21,0,1,1
45011,2023,3,26,1,2,70,281,5107040,33,11,1,2,2
45011,2023,3,26,1,4,163,18,4103156,82,7,0,4,4
45011,2023,3,26,1,3,262,546,3138807,80,7,0,2,2
45011,2023,3,26,1,4,116,"50,5",4322509,82,10,0,5,4
45011,2023,3,26,1,4,116,188,4216057,1,9,0,2,2
45010,2023,3,25,7,4,476,281,4125605,11,7,1,2,2
45011,2023,3,26,1,4,242,376,1709500,16,12,1,2,2
45011,2023,3,26,1,4,101,297,3201308,11,9,0,4,3
45011,2023,3,26,1,3,116,140,3301702,49,4,0,1,1
45011,2023,3,26,1,4,235,96,2918100,67,12,1,2,2
45011,2023,3,26,1,4,364,31,3127107,80,7,1,2,2
45011,2023,3,26,1,4,251,299,3157005,6,4,0,2,2
45011,2023,3,26,1,3,116,"336,2",4301909,11,20,0,1,1
45012,2023,3,27,2,1,242,769,2903201,83,12,0,4,3
45012,2023,3,27,2,2,146,"426,9",3144102,1,11,0,4,2
45012,2023,3,27,2,2,40,"5,6",5300108,11,9,1,2,2
45011,2023,3,26,1,2,153,"46,9",3142809,63,20,0,1,1
45011,2023,3,26,1,3,163,993,5108055,49,20,0,1,1
45006,2023,3,21,3,4,262,"780,3",3170107,82,7,0,3,2
45012,2023,3,27,2,2,116,268,4304606,78,9,1,2,2
44992,2023,3,7,3,3,356,"268,2",3143906,82,10,1,2,2
45012,2023,3,27,2,2,381,"169,9",3127701,83,15,0,18,5
45012,2023,3,27,2,2,153,"62,5",3549805,16,12,1,3,2
45012,2023,3,27,2,2,101,"362,1",4215455,67,12,0,2,2
45012,2023,3,27,2,2,277,"616,4",4105300,80,10,0,6,4
45012,2023,3,27,2,2,393,239,3306206,82,10,0,4,3
45012,2023,3,27,2,2,324,612,2927408,16,15,1,6,5
45012,2023,3,27,2,2,381,"447,3",2110005,83,21,1,1,1
45012,2023,3,27,2,2,153,241,4127502,28,21,0,1,1
44969,2023,2,12,1,2,277,"133,5",4102307,16,12,1,2,2
45012,2023,3,27,2,2,40,90,3303906,83,4,0,3,1
45012,2023,3,27,2,2,153,"201,5",5221601,83,11,1,4,2
45012,2023,3,27,2,2,116,282,3515004,11,12,1,3,3
45012,2023,3,27,2,2,116,"125,6",2513158,11,21,0,2,1
45012,2023,3,27,2,2,60,4,5300108,16,12,1,2,2
45012,2023,3,27,2,2,163,69,4217204,11,12,1,2,2
45012,2023,3,27,2,2,153,"73,9",4106100,65,18,0,1,1
45012,2023,3,27,2,2,153,700,5211503,18,12,1,2,2
45012,2023,3,27,2,2,60,"3,4",5300108,16,12,1,2,2
45011,2023,3,26,1,1,110,226,2611002,11,10,0,2,2
45012,2023,3,27,2,3,50,0,3170206,83,21,0,1,1
44936,2023,1,10,3,3,476,"224,1",4113205,83,7,0,3,3
45012,2023,3,27,2,3,101,417,3302601,15,7,0,2,2
44994,2023,3,9,5,3,262,820,3170107,1,11,0,2,2
45012,2023,3,27,2,3,40,"511,1",3154606,35,2,1,3,2
45012,2023,3,27,2,3,376,399,4127502,52,9,0,2,2
45012,2023,3,27,2,3,146,"455,5",3108404,28,3,0,2,2
44956,2023,1,30,2,3,365,776,3134202,11,7,0,2,2
45012,2023,3,27,2,3,70,517,2211407,17,11,1,2,2
45012,2023,3,27,2,2,282,599,2704609,16,12,0,3,3
45012,2023,3,27,2,4,381,451,3156700,1,9,1,2,2
45012,2023,3,27,2,4,376,413,4127502,83,21,0,1,1
45012,2023,3,27,2,3,277,"484,3",4117057,83,4,0,2,1
45012,2023,3,27,2,4,364,"305,7",1100254,80,7,0,2,2
45004,2023,3,19,1,3,163,"511,4",5004908,14,14,0,3,2
45012,2023,3,27,2,4,50,168,3170107,57,4,1,1,1
45012,2023,3,27,2,4,373,400,4104428,11,12,1,3,3
45012,2023,3,27,2,4,60,126,2401305,49,21,0,1,1
45013,2023,3,28,3,1,50,"149,5",3170107,18,20,0,1,1
45013,2023,3,28,3,1,40,"822,5",3167509,11,12,0,2,2
45013,2023,3,28,3,1,158,"164,7",5001003,28,18,0,1,1
45013,2023,3,28,3,1,251,"490,2",3126703,18,7,0,3,2
45013,2023,3,28,3,1,50,"168,6",3170107,67,4,1,1,1
45013,2023,3,28,3,1,116,86,4119509,21,4,0,2,1
45013,2023,3,28,3,1,381,531,3133709,80,7,0,3,3
45013,2023,3,28,3,2,116,222,4204558,1,9,0,3,2
45013,2023,3,28,3,1,282,"444,1",4213401,1,10,0,2,2
45013,2023,3,28,3,2,116,262,3303955,12,12,0,2,2
45013,2023,3,28,3,2,163,711,5107925,1,11,0,2,2
45013,2023,3,28,3,2,324,623,2927408,52,9,1,2,2
45013,2023,3,28,3,2,493,22,3302502,67,11,0,5,3
44939,2023,1,13,6,1,232,"183,1",2601706,49,10,0,2,2
45013,2023,3,28,3,2,116,254,4320008,44,15,1,5,4
45013,2023,3,28,3,2,158,80,2707107,67,12,0,2,2
45013,2023,3,28,3,2,40,7,3300951,83,21,0,1,1
45013,2023,3,28,3,2,392,348,2409332,67,21,0,2,2
45013,2023,3,28,3,2,10,278,2105302,80,7,0,2,2
44943,2023,1,17,3,4,163,402,1503606,21,21,0,1,1
45013,2023,3,28,3,3,376,143,4120408,52,20,0,2,2
45013,2023,3,28,3,3,232,54,2611309,1,9,0,3,2
45013,2023,3,28,3,2,262,"461,4",3103900,82,9,0,3,2
45013,2023,3,28,3,3,101,5,4321501,1,12,1,5,4
45013,2023,3,28,3,2,153,"297,2",5218607,28,18,0,1,1
44933,2023,1,7,7,3,163,602,5106224,76,11,0,3,3
45013,2023,3,28,3,2,116,130,3133303,67,4,0,2,2
45013,2023,3,28,3,3,282,"424,9",3170602,67,7,0,3,2
45013,2023,3,28,3,3,376,596,4106902,67,12,0,2,2
45013,2023,3,28,3,3,163,841,5107909,67,11,1,3,2
45013,2023,3,28,3,3,153,188,3127107,67,21,0,1,1
45013,2023,3,28,3,3,282,"518,6",4219705,67,9,0,2,2
45013,2023,3,28,3,2,153,82,5218003,67,12,0,2,2
45013,2023,3,28,3,3,364,68,5100409,13,12,0,2,2
45013,2023,3,28,3,3,60,"515,8",5005806,65,4,0,1,1
45013,2023,3,28,3,3,116,117,3301702,52,9,1,2,2
45013,2023,3,28,3,4,153,"311,9",3550506,2,21,0,1,1
45013,2023,3,28,3,3,376,491,4119905,65,4,1,1,1
45013,2023,3,28,3,4,290,"116,6",4306767,28,18,0,1,1
45013,2023,3,28,3,4,50,"118,3",3170107,1,12,0,3,3
45013,2023,3,28,3,4,101,450,3203403,83,21,0,1,1
45013,2023,3,28,3,3,364,151,2409605,28,18,0,1,1
45013,2023,3,28,3,4,116,"710,3",3143906,11,4,0,1,1
45014,2023,3,29,4,1,470,"69,8",4207502,82,9,1,2,2
45014,2023,3,29,4,1,116,207,3518800,67,12,1,3,2
45014,2023,3,29,4,1,381,"837,2",3164407,28,18,0,2,1
45014,2023,3,29,4,2,285,"479,6",4305871,18,20,0,1,1
45014,2023,3,29,4,1,101,"425,9",3200706,18,20,0,1,1
45014,2023,3,29,4,2,428,"149,3",2611101,18,7,0,2,2
45014,2023,3,29,4,2,373,"215,9",4110102,11,7,0,4,2
45014,2023,3,29,4,2,369,168,4122404,78,9,0,2,2
44989,2023,3,4,7,2,381,331,3144706,67,21,1,3,1
45014,2023,3,29,4,2,230,64,2515005,11,20,0,1,1
44999,2023,3,14,3,4,226,474,2111805,52,12,0,4,3
45014,2023,3,29,4,2,101,37,2606804,67,12,0,3,3
45010,2023,3,25,7,3,101,46,4209102,50,12,1,3,2
45014,2023,3,29,4,2,116,266,3306305,52,9,0,5,2
45014,2023,3,29,4,2,40,471,3167202,28,18,0,1,1
45014,2023,3,29,4,2,101,"211,5",4211900,16,15,0,5,4
45014,2023,3,29,4,2,452,16,5218805,11,10,0,2,2
45014,2023,3,29,4,2,60,"398,8",5007901,51,20,0,1,1
45014,2023,3,29,4,2,324,"612,8",2927408,11,12,1,4,3
45014,2023,3,29,4,2,277,"567,8",2303501,82,20,0,2,2
45014,2023,3,29,4,2,40,"614,2",3118007,20,11,0,3,2
45014,2023,3,29,4,2,101,262,2928703,16,20,1,3,2
44934,2023,1,8,1,3,282,224,4209300,1,11,1,3,2
45014,2023,3,29,4,2,116,"10,5",2933307,18,7,0,3,2
45014,2023,3,29,4,2,153,352,5211800,67,12,0,3,2
45014,2023,3,29,4,2,381,"848,9",3152501,83,4,0,1,1
45006,2023,3,21,3,2,319,61,1100205,49,9,1,2,2
45014,2023,3,29,4,1,116,421,3526100,16,12,0,2,2
44974,2023,2,17,6,3,364,348,5107800,65,18,0,1,1
45014,2023,3,29,4,2,40,"546,4",3144805,52,12,0,2,2
45014,2023,3,29,4,3,153,"659,5",5209101,51,20,1,2,1
45014,2023,3,29,4,3,116,230,3550308,11,15,1,5,3
45014,2023,3,29,4,3,101,"0,2",2607901,16,12,1,3,3
45014,2023,3,29,4,3,116,"724,2",3138005,28,18,0,2,2
45014,2023,3,29,4,3,153,193,3127107,67,12,0,2,2
45014,2023,3,29,4,3,116,"1,5",2304400,52,9,1,2,2
45014,2023,3,29,4,3,116,"10,8",2933307,33,11,1,2,2
45014,2023,3,29,4,3,163,"67,5",4217204,11,11,1,2,2
45014,2023,3,29,4,3,280,"48,9",4206504,80,7,0,2,2
45014,2023,3,29,4,3,316,303,2208007,52,11,1,2,2
45014,2023,3,29,4,3,40,216,3136306,28,18,0,1,1
45014,2023,3,29,4,2,282,30,4215703,65,20,0,1,1
45014,2023,3,29,4,4,222,"301,9",2313401,49,7,0,2,2
45014,2023,3,29,4,4,101,94,2504603,15,20,0,1,1
45014,2023,3,29,4,3,470,356,4203600,83,21,0,1,1
45014,2023,3,29,4,3,280,"271,8",4207908,56,21,0,5,2
45014,2023,3,29,4,4,163,814,5107909,52,7,0,2,2
45015,2023,3,30,5,1,40,"614,8",3118007,11,12,0,3,2
45015,2023,3,30,5,1,101,878,2931350,82,9,0,1,1
45015,2023,3,30,5,1,424,88,2606002,65,20,0,1,1
45015,2023,3,30,5,1,392,"267,9",4302808,28,18,0,1,1
45015,2023,3,30,5,1,20,2,2909307,67,7,0,2,2
45015,2023,3,30,5,1,116,"115,3",3554102,18,12,1,3,2
45015,2023,3,30,5,1,376,660,4127601,25,18,0,1,1
45015,2023,3,30,5,1,262,"535,9",5005608,28,4,0,4,2
45014,2023,3,29,4,3,116,195,2910701,52,20,0,2,2
45015,2023,3,30,5,2,290,108,4306767,67,12,1,3,2
44996,2023,3,11,7,3,364,278,5104807,28,18,0,2,1
45015,2023,3,30,5,2,153,"289,8",1718402,80,10,0,3,3
45015,2023,3,30,5,1,158,550,3100609,67,20,0,1,1
44962,2023,2,5,1,2,356,265,3143906,1,9,1,4,3
45015,2023,3,30,5,2,116,"104,5",4125506,67,9,1,2,2
45015,2023,3,30,5,2,393,217,3306206,11,12,1,2,2
45015,2023,3,30,5,2,470,10,4211306,1,11,0,4,2
45015,2023,3,30,5,2,101,91,2804805,52,9,0,2,2
45003,2023,3,18,7,3,356,64,3302205,83,21,0,1,1
44987,2023,3,2,5,2,116,225,3304003,21,21,0,2,1
45015,2023,3,30,5,2,101,222,2909802,80,7,0,2,2
45015,2023,3,30,5,2,381,377,3161908,67,21,0,1,1
45015,2023,3,30,5,2,381,"69,8",3528502,2,21,0,2,2
45015,2023,3,30,5,2,282,"19,8",4211900,82,4,1,2,2
45015,2023,3,30,5,2,101,"277,2",3205002,16,9,1,3,3
45005,2023,3,20,2,2,262,759,5003207,56,4,0,3,2
45015,2023,3,30,5,2,158,250,5008305,11,4,0,5,2
45008,2023,3,23,5,3,163,805,1506195,64,20,0,1,1
45015,2023,3,30,5,2,101,"79,2",4201307,67,12,0,2,2
45015,2023,3,30,5,2,116,"248,7",4318705,52,9,1,2,2
45014,2023,3,29,4,3,226,405,2104800,36,12,0,2,2
44964,2023,2,7,3,3,376,"666,8",4109609,28,12,0,2,2
45015,2023,3,30,5,2,222,"37,4",2303709,28,18,0,1,1
45015,2023,3,30,5,2,116,68,4104006,67,4,0,1,1
45015,2023,3,30,5,3,101,"33,5",4209102,1,9,1,2,2
45015,2023,3,30,5,3,101,"299,4",4209409,1,9,0,2,2
44986,2023,3,1,4,2,163,"68,9",4217204,83,11,1,2,2
45015,2023,3,30,5,3,423,42,1703826,11,20,0,1,1
45015,2023,3,30,5,3,393,244,3306206,11,21,0,2,1
45015,2023,3,30,5,3,226,364,#N/D,83,20,0,1,1
45015,2023,3,30,5,3,277,"437,7",4128658,49,12,0,3,2
45015,2023,3,30,5,3,101,280,3301900,83,9,0,3,2
45015,2023,3,30,5,3,116,19,2304285,1,12,1,2,2
44941,2023,1,15,1,1,116,320,3526209,1,12,0,3,2
45015,2023,3,30,5,3,364,399,5103403,20,11,1,2,2
45015,2023,3,30,5,3,272,434,4108601,72,12,0,2,2
45015,2023,3,30,5,3,163,1015,5108055,11,21,0,1,1
45015,2023,3,30,5,4,381,"680,3",3154705,67,12,0,3,2
45015,2023,3,30,5,2,163,603,5106224,33,11,1,3,3
45015,2023,3,30,5,3,153,404,5217302,49,21,0,1,1
45015,2023,3,30,5,3,476,253,4101309,28,10,0,3,3
45015,2023,3,30,5,4,476,"174,8",4106209,1,10,0,2,2
45015,2023,3,30,5,4,470,"138,8",4214805,1,9,1,3,3
45015,2023,3,30,5,4,277,387,4104428,28,18,0,1,1
45016,2023,3,31,6,1,101,319,3303302,51,20,0,1,1
45016,2023,3,31,6,1,259,5,3203130,12,12,0,2,2
45016,2023,3,31,6,2,101,112,4208203,83,21,0,1,1
45016,2023,3,31,6,1,116,126,4107652,11,12,1,3,2
45016,2023,3,31,6,2,364,251,5211909,11,21,0,1,1
45016,2023,3,31,6,2,364,398,5103403,1,12,0,2,2
45015,2023,3,30,5,4,242,413,2929909,65,20,1,1,1
45016,2023,3,31,6,2,235,"46,7",2506905,44,7,0,5,2
45016,2023,3,31,6,1,365,"94,8",3135605,83,21,0,1,1
45016,2023,3,31,6,2,80,28,5300108,67,10,0,2,2
45016,2023,3,31,6,2,174,103,5102504,82,9,0,5,3
45016,2023,3,31,6,3,381,"442,5",3156700,16,12,0,14,2