id_data,ano,mes,dia,id_dia_semana,periodo,br,km,id_municipio,id_causa_acidente,id_tipo_acidente,id_uso_solo,pessoas,veiculos
45035,2023,4,19,4,3,324,545,2901106,20,9,1,2,2
45035,2023,4,19,4,2,316,151,1502202,1,20,1,2,2
45035,2023,4,19,4,2,251,"509,1",3126703,64,7,0,2,2
45035,2023,4,19,4,3,101,"368,5",3200409,11,4,0,1,1
45007,2023,3,22,4,2,116,126,4107652,67,4,1,6,4
45035,2023,4,19,4,3,116,264,4304606,67,12,0,3,2
45035,2023,4,19,4,3,163,768,5107925,67,10,0,4,4
45035,2023,4,19,4,3,470,"145,6",4214805,16,12,1,2,2
45035,2023,4,19,4,3,277,"69,4",4119509,1,9,1,2,2
44981,2023,2,24,6,2,280,"285,6",4207908,83,21,0,1,1
45035,2023,4,19,4,3,116,126,4107652,16,12,1,2,2
45035,2023,4,19,4,3,163,"813,8",5107909,11,12,0,2,2
45035,2023,4,19,4,3,381,531,3133709,35,2,0,2,2
45035,2023,4,19,4,3,381,453,3156700,83,15,0,5,4
45035,2023,4,19,4,4,251,505,3126703,64,7,0,3,2
45035,2023,4,19,4,3,116,512,3509254,67,20,0,1,1
45035,2023,4,19,4,2,381,"400,9",3107703,13,4,1,1,1
45035,2023,4,19,4,3,381,"640,5",3159902,52,20,0,3,2
45035,2023,4,19,4,3,40,"56,1",3147006,11,12,0,9,6
45035,2023,4,19,4,4,40,81,3303906,83,4,0,1,1
45035,2023,4,19,4,3,316,23,2601102,1,7,0,2,2
45019,2023,4,3,2,4,70,184,4108502,52,10,0,3,2
45036,2023,4,20,5,1,116,194,3303500,16,9,0,3,3
45036,2023,4,20,5,1,376,668,4109609,11,21,0,1,1
45035,2023,4,19,4,2,116,499,3509254,67,21,0,2,1
45036,2023,4,20,5,2,316,97,1507409,82,10,0,2,2
45036,2023,4,20,5,1,290,"165,3",4302709,80,7,0,3,2
45035,2023,4,19,4,2,365,486,3148103,67,20,0,1,1
45036,2023,4,20,5,2,116,"69,8",2500775,28,18,1,1,1
45036,2023,4,20,5,2,116,109,3301850,65,21,0,1,1
45036,2023,4,20,5,2,272,555,3554409,67,10,0,3,2
45036,2023,4,20,5,2,101,65,2611606,78,9,1,4,3
45034,2023,4,18,3,4,242,378,2923506,67,21,0,1,1
45036,2023,4,20,5,2,135,"171,5",2111508,3,20,0,1,1
45036,2023,4,20,5,2,376,323,4117305,21,4,0,1,1
45036,2023,4,20,5,2,101,213,4211900,1,9,0,2,2
45036,2023,4,20,5,2,365,"65,9",3135605,83,21,0,1,1
45036,2023,4,20,5,2,101,88,2607901,16,12,1,5,4
45036,2023,4,20,5,2,101,"172,8",2806305,28,20,0,1,1
45036,2023,4,20,5,1,40,114,5206206,18,21,0,1,1
45036,2023,4,20,5,2,135,"144,5",2926202,67,20,0,1,1
45036,2023,4,20,5,2,319,60,1100205,1,9,1,2,2
45036,2023,4,20,5,2,116,256,4307708,14,4,1,2,2
45036,2023,4,20,5,2,163,1102,5104104,21,21,0,1,1
45036,2023,4,20,5,2,262,"355,5",3106705,83,3,1,1,1
45036,2023,4,20,5,3,280,"52,6",4206504,11,12,0,3,3
45036,2023,4,20,5,2,381,"848,5",3152501,21,21,0,1,1
45036,2023,4,20,5,2,101,294,3301900,11,12,0,3,3
45036,2023,4,20,5,3,282,211,4209300,83,12,0,2,2
45036,2023,4,20,5,3,232,111,2601904,51,12,0,2,2
45036,2023,4,20,5,3,262,"895,6",3111408,83,20,0,2,2
45036,2023,4,20,5,3,158,570,3100609,11,20,0,2,1
45036,2023,4,20,5,3,101,214,4211900,1,9,0,2,2
45036,2023,4,20,5,3,20,144,2928901,67,20,0,3,3
45036,2023,4,20,5,3,153,"515,5",4302808,67,20,0,1,1
45036,2023,4,20,5,3,101,"29,8",4209102,49,15,1,4,3
45036,2023,4,20,5,3,104,118,2504009,80,7,1,2,2
45036,2023,4,20,5,3,163,184,5005152,82,7,0,7,4
45036,2023,4,20,5,3,235,11,2804805,20,12,0,2,2
45034,2023,4,18,3,2,101,"19,2",4321667,11,9,0,3,2
45036,2023,4,20,5,3,116,"87,4",3531605,82,9,0,3,2
45036,2023,4,20,5,3,10,"145,5",2109007,1,12,0,3,2
45036,2023,4,20,5,4,101,133,4202008,11,12,1,2,2
45036,2023,4,20,5,3,381,"872,1",3152501,28,18,0,1,1
45036,2023,4,20,5,3,116,431,2305704,16,12,0,4,2
45036,2023,4,20,5,3,467,"72,8",3169109,67,7,0,2,2
45036,2023,4,20,5,4,116,412,3127701,16,12,1,6,4
45036,2023,4,20,5,3,476,193,4113205,67,20,0,1,1
45036,2023,4,20,5,3,470,"56,3",4202404,35,2,1,2,2
45036,2023,4,20,5,4,101,"200,3",4216602,16,12,1,2,2
45036,2023,4,20,5,3,10,245,2105302,67,11,1,2,2
45036,2023,4,20,5,4,116,117,3554102,67,12,0,4,2
45036,2023,4,20,5,4,392,"188,1",4317004,11,7,0,2,2
45036,2023,4,20,5,4,153,504,5201405,2,11,0,3,3
45036,2023,4,20,5,4,101,116,2607208,11,4,0,1,1
45036,2023,4,20,5,3,110,222,2611002,83,12,0,2,2
45036,2023,4,20,5,4,30,239,2911709,11,12,0,2,2
45036,2023,4,20,5,4,50,"215,9",5204805,18,12,0,2,2
45036,2023,4,20,5,4,116,"497,1",3130903,52,11,0,7,3
45037,2023,4,21,6,1,101,885,2931350,83,21,0,1,1
45036,2023,4,20,5,4,116,463,2928802,48,2,0,2,2
45037,2023,4,21,6,1,262,115,5000203,28,18,0,1,1
45037,2023,4,21,6,1,471,"175,4",4315701,1,11,0,2,2
45035,2023,4,19,4,4,101,315,3304904,52,9,1,2,2
45037,2023,4,21,6,2,116,"22,6",3526605,83,4,0,2,2
45002,2023,3,17,6,2,116,"102,3",3538006,11,9,0,3,3
45037,2023,4,21,6,2,277,66,4125506,49,12,0,3,3
45037,2023,4,21,6,2,381,709,3144607,67,9,0,4,2
45037,2023,4,21,6,2,262,"244,2",5007109,11,10,0,2,2
45037,2023,4,21,6,2,158,"36,9",5006309,80,7,0,5,2
45037,2023,4,21,6,2,153,47,4124103,52,7,0,5,2
45037,2023,4,21,6,2,101,269,3205002,67,12,1,2,2
45037,2023,4,21,6,2,116,"801,8",3101508,19,4,0,2,2
45037,2023,4,21,6,2,262,151,3202454,11,21,0,1,1
45037,2023,4,21,6,3,163,593,1508050,49,11,0,5,3
45037,2023,4,21,6,1,101,194,2908200,18,7,0,5,2
45037,2023,4,21,6,3,101,160,4213500,16,12,0,3,3
45037,2023,4,21,6,2,316,"61,3",1502400,11,12,0,3,2
45037,2023,4,21,6,3,381,494,3106705,52,12,1,3,3
45037,2023,4,21,6,3,153,177,2309201,67,20,0,1,1
45037,2023,4,21,6,3,373,436,4105409,83,21,0,1,1
45037,2023,4,21,6,3,60,351,2401305,49,12,0,4,2
45037,2023,4,21,6,3,163,925,5104559,16,9,0,4,4
45037,2023,4,21,6,2,163,"122,8",4205001,83,2,0,3,2
45037,2023,4,21,6,3,10,171,1505502,1,11,0,2,2
45037,2023,4,21,6,3,158,767,5101803,82,20,0,2,2
45018,2023,4,2,1,1,364,538,5107701,82,21,0,2,2
45037,2023,4,21,6,2,153,215,4127502,80,9,0,3,3
45037,2023,4,21,6,4,101,260,3205002,16,12,1,2,2
45036,2023,4,20,5,4,163,398,1503606,18,10,0,2,2
45037,2023,4,21,6,3,101,"85,9",4313508,1,12,1,5,3
45037,2023,4,21,6,4,116,166,4213351,80,10,1,2,2
45037,2023,4,21,6,3,116,"560,7",3139409,67,21,0,1,1
45037,2023,4,21,6,4,277,476,4117057,49,20,0,1,1
45037,2023,4,21,6,4,116,17,4105805,36,12,0,2,2
45037,2023,4,21,6,4,230,"217,5",2516102,1,11,1,3,3
45037,2023,4,21,6,4,470,"194,5",4213708,67,18,0,1,1
45037,2023,4,21,6,4,226,"333,8",2105476,63,21,0,1,1
45037,2023,4,21,6,4,60,"189,8",5209200,18,20,0,1,1
45037,2023,4,21,6,4,381,"509,7",3162922,11,2,1,3,3
45037,2023,4,21,6,4,262,157,3161007,65,20,0,3,1
45038,2023,4,22,7,1,101,383,3204401,11,21,0,1,1
45038,2023,4,22,7,1,280,25,4201307,82,7,1,3,2
45038,2023,4,22,7,1,235,20,2804805,4,20,0,1,1
45038,2023,4,22,7,1,116,636,2917607,1,11,0,6,2
45038,2023,4,22,7,2,101,39,4209102,28,18,1,1,1
45037,2023,4,21,6,3,242,229,2914703,28,20,1,1,1
45038,2023,4,22,7,2,158,"144,2",5001003,63,21,0,1,1
45038,2023,4,22,7,2,101,58,3301009,67,12,1,2,2
45038,2023,4,22,7,2,410,"25,6",2931905,28,10,0,3,2
45038,2023,4,22,7,2,116,"97,8",3301850,65,10,0,4,2
44996,2023,3,11,7,4,153,610,1706258,16,12,0,2,2
45038,2023,4,22,7,2,381,"486,4",3118601,11,15,1,6,6
45037,2023,4,21,6,4,163,1110,5104104,67,21,0,1,1
45038,2023,4,22,7,2,163,"1,2",4205001,33,11,1,2,2
45038,2023,4,22,7,2,364,269,5213103,83,10,0,2,2
45038,2023,4,22,7,3,381,939,3125101,52,12,1,4,3
45038,2023,4,22,7,3,251,516,3143302,67,12,0,3,2
45038,2023,4,22,7,3,101,181,3200607,80,7,0,4,3
45038,2023,4,22,7,3,116,502,3509254,67,12,0,6,2
45038,2023,4,22,7,3,226,"232,5",2403806,58,7,0,6,3
45038,2023,4,22,7,4,116,"6,6",2503308,16,12,0,2,2
45038,2023,4,22,7,4,110,"90,2",2414605,12,4,0,3,3
45038,2023,4,22,7,4,116,"715,5",3143906,28,10,0,4,2
45038,2023,4,22,7,4,40,"614,7",3118007,52,9,0,4,2
45038,2023,4,22,7,3,476,"208,1",4113205,83,21,0,1,1
45038,2023,4,22,7,3,262,"396,5",5008008,49,9,0,3,2
45038,2023,4,22,7,4,316,"331,4",2101202,9,21,0,1,1
45038,2023,4,22,7,4,364,"359,5",5107800,67,20,0,5,1
45039,2023,4,23,1,1,365,"683,8",3142809,11,12,0,3,2
45038,2023,4,22,7,4,277,609,4124020,1,11,1,4,2
45039,2023,4,23,1,2,316,79,1507409,1,9,1,3,2
45039,2023,4,23,1,2,20,"43,2",5300108,16,12,0,2,2
45038,2023,4,22,7,4,163,760,5107925,67,12,0,2,2
45038,2023,4,22,7,3,158,9,5201702,83,21,0,1,1
45021,2023,4,5,4,2,423,"132,1",2612307,83,11,0,3,2
45035,2023,4,19,4,2,163,"530,7",5103502,67,20,0,1,1
45037,2023,4,21,6,3,163,598,1508050,67,4,0,2,2
45039,2023,4,23,1,2,364,265,5107404,11,9,0,3,2
45039,2023,4,23,1,2,376,675,4109609,65,18,0,1,1
45039,2023,4,23,1,2,163,"742,8",5003306,11,20,0,1,1
45039,2023,4,23,1,2,158,114,5006309,67,4,0,1,1
45039,2023,4,23,1,2,232,11,2607901,49,4,0,3,2
45039,2023,4,23,1,2,101,397,2912707,14,20,0,1,1
45039,2023,4,23,1,3,158,"101,5",4313706,11,12,0,2,2
45039,2023,4,23,1,3,50,"95,7",5206206,1,11,1,2,2
45039,2023,4,23,1,3,101,35,3201605,1,9,0,2,2
45039,2023,4,23,1,3,116,268,3300407,67,9,0,7,3
45039,2023,4,23,1,2,163,622,1508050,83,21,0,1,1
45039,2023,4,23,1,3,50,246,5205109,11,12,0,2,2
45039,2023,4,23,1,2,381,731,3113909,18,7,0,2,2
45039,2023,4,23,1,3,50,197,3121258,67,9,0,2,2
45039,2023,4,23,1,3,381,"704,2",3138203,83,9,0,3,2
45039,2023,4,23,1,4,476,"196,5",4113205,61,2,1,3,2
45039,2023,4,23,1,4,423,131,2612307,16,12,0,2,2
45039,2023,4,23,1,4,364,"542,9",5107701,82,7,1,4,3
45039,2023,4,23,1,3,101,"163,4",2600401,21,21,0,1,1
45039,2023,4,23,1,4,280,"151,4",4210100,11,12,0,2,2
45040,2023,4,24,2,1,381,884,3124500,18,20,0,3,1
45039,2023,4,23,1,4,365,696,3142809,65,18,0,1,1
45040,2023,4,24,2,1,101,"197,8",4202305,52,9,0,4,3
45040,2023,4,24,2,1,116,"27,8",3552007,11,4,1,1,1
45040,2023,4,24,2,2,50,152,5204805,11,12,0,2,2
45040,2023,4,24,2,2,163,806,5107909,28,18,0,1,1
45040,2023,4,24,2,2,101,295,3201308,52,12,1,5,3
45009,2023,3,24,6,2,116,"225,6",3550308,52,11,1,2,2
45040,2023,4,24,2,2,116,303,4309308,67,9,0,3,2
45040,2023,4,24,2,2,116,138,3549904,67,15,0,3,3
45040,2023,4,24,2,2,116,226,3304003,83,20,0,1,1
45040,2023,4,24,2,2,365,"749,1",3134202,11,21,0,4,2
45040,2023,4,24,2,2,364,255,5105200,52,9,1,2,2
45040,2023,4,24,2,2,40,517,3154606,1,11,1,2,2
45040,2023,4,24,2,2,101,"283,8",4207304,52,9,0,2,2
45040,2023,4,24,2,2,40,"8,8",5212501,1,11,1,3,3
45040,2023,4,24,2,2,324,620,2927408,11,12,1,4,3
45040,2023,4,24,2,1,116,"199,1",3304144,18,20,0,1,1
45040,2023,4,24,2,2,393,"167,4",3306008,1,9,1,3,3
45040,2023,4,24,2,2,101,576,3303807,1,11,0,2,2
45007,2023,3,22,4,2,282,620,4207759,67,12,0,2,2
45040,2023,4,24,2,3,287,282,4319406,11,12,0,2,2
45040,2023,4,24,2,3,376,"594,5",4106902,11,9,1,3,2
45040,2023,4,24,2,2,101,420,3302601,67,9,0,2,2
45040,2023,4,24,2,2,277,487,4117057,41,20,0,1,1
45040,2023,4,24,2,3,116,570,2922805,38,20,0,3,1
45040,2023,4,24,2,3,267,"173,5",5006002,13,20,0,1,1
45040,2023,4,24,2,3,163,827,5107909,67,9,1,3,2
45040,2023,4,24,2,3,381,490,3106705,67,20,1,1,1
45040,2023,4,24,2,3,163,512,5103502,83,20,0,2,1
45040,2023,4,24,2,2,251,333,3127073,11,12,0,3,3
45040,2023,4,24,2,3,158,566,3100609,51,7,1,4,3
45040,2023,4,24,2,3,20,80,2313302,1,11,0,2,2
45040,2023,4,24,2,3,316,506,2103307,82,10,0,3,3
45032,2023,4,16,1,3,10,349,1506609,28,18,0,2,1
45040,2023,4,24,2,3,470,50,4202404,83,12,1,3,3
45040,2023,4,24,2,3,324,527,2910800,52,12,1,4,2
45040,2023,4,24,2,3,470,"126,7",4209904,11,11,1,3,2
45040,2023,4,24,2,3,280,"168,8",4210100,1,9,1,2,2
44975,2023,2,18,7,1,267,"163,3",5006200,28,18,0,1,1
45040,2023,4,24,2,3,116,775,3138401,83,4,0,1,1
45040,2023,4,24,2,4,381,"516,3",3130101,11,21,1,2,1
45040,2023,4,24,2,4,116,258,3306305,28,18,0,1,1
45040,2023,4,24,2,3,116,"535,5",3159357,82,21,0,3,3
45040,2023,4,24,2,4,381,486,3106705,61,2,0,2,2
45040,2023,4,24,2,3,222,4,2209872,16,12,1,2,2
45040,2023,4,24,2,4,40,"661,4",3113206,60,2,0,2,2
45040,2023,4,24,2,4,290,"62,8",4309209,11,12,0,4,2
45040,2023,4,24,2,4,60,48,5200100,83,21,0,2,2
45041,2023,4,25,3,1,381,392,3105400,67,21,0,1,1
45041,2023,4,25,3,1,116,29,4104006,83,21,0,1,1
45041,2023,4,25,3,1,376,"679,9",4109609,67,21,0,3,1
45041,2023,4,25,3,2,376,499,4119905,60,2,0,2,2
45041,2023,4,25,3,2,381,493,3106705,11,12,1,2,2
45041,2023,4,25,3,2,285,"381,3",4316436,18,20,0,1,1
45041,2023,4,25,3,2,376,309,4115754,83,21,0,1,1
45041,2023,4,25,3,1,210,90,1600535,67,11,0,2,2
45041,2023,4,25,3,2,262,"445,3",3145208,83,11,1,2,2
45041,2023,4,25,3,2,324,613,2927408,52,9,1,3,3
45041,2023,4,25,3,2,470,146,4214805,28,12,1,3,2
45036,2023,4,20,5,2,101,84,2501807,67,12,1,5,4
45041,2023,4,25,3,2,381,481,3106705,11,12,1,2,2
45041,2023,4,25,3,2,277,"111,5",4104204,67,4,0,2,1
45041,2023,4,25,3,2,116,"30,5",4322509,33,11,0,3,2
45041,2023,4,25,3,2,116,52,2612208,13,11,0,5,2
45041,2023,4,25,3,2,369,90,4106407,72,11,1,4,2
45041,2023,4,25,3,2,364,542,5107701,1,11,1,2,2
45029,2023,4,13,5,4,476,59,4127882,11,7,0,2,2
45041,2023,4,25,3,2,101,"233,7",2707503,15,20,0,1,1
45038,2023,4,22,7,3,285,346,4304705,66,20,0,2,1
45041,2023,4,25,3,2,376,5,4115200,11,12,1,3,2
45041,2023,4,25,3,2,163,140,4104600,83,20,0,1,1
45041,2023,4,25,3,2,262,497,3106705,14,21,0,1,1
45041,2023,4,25,3,2,367,"61,9",2925303,51,7,1,2,2
45041,2023,4,25,3,2,153,"21,8",4320602,80,7,0,2,2
45022,2023,4,6,5,1,135,160,2106631,63,21,0,1,1
45041,2023,4,25,3,2,101,389,3304557,16,12,1,2,2
45041,2023,4,25,3,3,101,"39,8",2701704,83,4,0,5,2
45041,2023,4,25,3,2,408,"102,8",2613701,67,9,0,8,6
45041,2023,4,25,3,3,369,162,4103701,83,9,1,4,3
45041,2023,4,25,3,2,493,"3,5",3301900,67,4,1,1,1
45041,2023,4,25,3,3,230,"74,6",2515971,11,12,0,2,2
45041,2023,4,25,3,3,163,"449,2",2401305,28,10,0,3,2
45041,2023,4,25,3,3,116,675,2918001,1,11,0,2,2
45041,2023,4,25,3,3,50,"236,5",5205109,83,21,0,1,1
45015,2023,3,30,5,2,163,104,1500602,67,21,0,1,1
45041,2023,4,25,3,3,381,54,3528502,11,12,1,3,2
44967,2023,2,10,6,4,163,671,5105259,67,12,0,4,3
45041,2023,4,25,3,3,101,284,3201308,49,21,0,1,1
45010,2023,3,25,7,2,104,"8,7",2708303,22,21,0,2,1
45041,2023,4,25,3,3,381,477,3106705,16,9,0,2,2
45041,2023,4,25,3,3,110,"98,1",2900702,33,11,0,3,2
45041,2023,4,25,3,3,116,"701,7",3143906,1,11,0,2,2
45041,2023,4,25,3,3,101,715,2910727,67,15,1,4,4
44929,2023,1,3,3,2,116,"274,3",3168606,79,4,1,1,1
45037,2023,4,21,6,1,116,510,2513802,18,20,0,1,1
45041,2023,4,25,3,3,282,222,4209300,49,21,1,2,1
45041,2023,4,25,3,3,364,"257,8",1100049,83,10,0,4,3
45041,2023,4,25,3,3,60,"99,9",5201108,1,9,1,2,2
45013,2023,3,28,3,4,116,228,3304003,28,4,0,1,1
45041,2023,4,25,3,4,415,50,2914802,83,12,0,5,2
45041,2023,4,25,3,4,116,"91,8",4125506,11,18,0,1,1
45041,2023,4,25,3,3,242,287,2919009,7,7,0,4,2
45041,2023,4,25,3,3,10,283,2105302,28,10,0,3,3
45041,2023,4,25,3,4,285,"70,2",2201903,67,11,0,2,2
45041,2023,4,25,3,3,365,756,3134202,11,20,0,2,1
45041,2023,4,25,3,1,163,545,1508050,67,10,0,3,2
45026,2023,4,10,2,3,70,"513,9",2211407,1,11,1,2,2
45041,2023,4,25,3,4,40,"116,7",3301702,67,4,1,1,1
45041,2023,4,25,3,2,364,1032,1100205,67,20,0,1,1
45042,2023,4,26,4,1,376,17,5003801,18,20,0,1,1
45042,2023,4,26,4,1,277,"219,9",4127007,80,11,0,3,2
45041,2023,4,25,3,4,364,405,1100114,80,7,0,4,2
45042,2023,4,26,4,1,116,434,3542602,18,20,0,1,1
45042,2023,4,26,4,2,104,39,2604106,28,18,1,1,1
45042,2023,4,26,4,2,354,"749,3",3133006,2,12,0,5,2
45042,2023,4,26,4,1,376,668,4109609,83,20,0,1,1
45042,2023,4,26,4,2,116,374,3529906,83,4,0,2,2
45042,2023,4,26,4,2,280,"29,7",4201307,82,10,1,3,3
45042,2023,4,26,4,2,153,15,3519808,28,18,0,1,1
45042,2023,4,26,4,2,386,"45,1",4320206,80,10,0,2,2
45027,2023,4,11,3,2,282,22,4215703,67,4,1,1,1
45042,2023,4,26,4,2,116,"123,8",3133303,83,3,0,1,1
45042,2023,4,26,4,2,101,650,2916302,82,7,0,3,2
45042,2023,4,26,4,3,101,33,2606804,16,12,0,8,3
45042,2023,4,26,4,2,101,150,4208302,67,12,1,2,2
45042,2023,4,26,4,3,277,138,4102307,52,9,0,2,2
45042,2023,4,26,4,3,381,"489,9",3106705,52,9,1,3,2
45042,2023,4,26,4,3,316,214,2211308,16,12,0,4,3
45042,2023,4,26,4,3,259,20,3203130,11,10,0,3,2
45042,2023,4,26,4,2,386,296,4315131,67,21,0,1,1
45042,2023,4,26,4,3,232,406,2613909,67,12,0,4,2
45042,2023,4,26,4,3,101,235,2707503,83,20,0,1,1
45042,2023,4,26,4,3,470,138,4214805,11,10,1,3,2
45042,2023,4,26,4,3,293,"88,3",4314605,56,4,0,7,4
45042,2023,4,26,4,3,101,"303,7",2112803,67,12,1,2,2
45042,2023,4,26,4,3,452,137,5211503,16,12,0,2,2
45042,2023,4,26,4,3,110,57,2408003,11,20,0,1,1
45042,2023,4,26,4,3,364,130,2409605,49,12,0,2,2
45042,2023,4,26,4,3,381,"521,5",3109006,14,12,0,3,2
45042,2023,4,26,4,3,251,42,5300108,20,11,0,2,2
45042,2023,4,26,4,3,101,26,4209102,1,9,0,2,2
45042,2023,4,26,4,3,40,"274,2",3169356,65,20,0,1,1
45042,2023,4,26,4,3,324,534,2910800,64,15,0,3,3
45042,2023,4,26,4,4,101,45,2508901,11,20,0,2,2
45042,2023,4,26,4,3,304,"45,5",2408003,67,20,0,1,1
45042,2023,4,26,4,3,116,"776,9",3138401,83,21,0,1,1
45042,2023,4,26,4,2,381,168,3127701,28,21,0,1,1
45042,2023,4,26,4,4,101,"213,2",4211900,52,9,0,2,2
45042,2023,4,26,4,4,277,"466,7",4113304,80,7,0,2,2
45042,2023,4,26,4,3,116,417,3127701,33,11,1,3,2
45042,2023,4,26,4,4,381,860,3152501,83,2,0,2,2
45042,2023,4,26,4,4,40,111,3301702,4,12,1,3,2
45042,2023,4,26,4,4,40,"444,5",3147402,29,21,0,1,1
45042,2023,4,26,4,4,153,521,1718451,80,7,0,2,2
45043,2023,4,27,5,1,316,97,2201408,80,10,1,3,2
45042,2023,4,26,4,3,174,371,5103361,28,21,0,1,1
45043,2023,4,27,5,1,50,138,3170107,67,2,0,1,1
45043,2023,4,27,5,2,376,"537,8",4117701,83,4,0,4,4
45043,2023,4,27,5,1,364,491,5104906,16,12,0,2,2
45042,2023,4,26,4,4,163,"159,5",4113452,83,20,0,1,1
45042,2023,4,26,4,2,153,"462,5",4120309,28,20,0,2,1
45043,2023,4,27,5,2,376,"315,2",4117305,83,21,0,1,1
45013,2023,3,28,3,4,262,781,3170107,11,21,0,1,1
45043,2023,4,27,5,2,101,"715,7",2910727,2,15,1,5,5
45043,2023,4,27,5,2,60,386,5218805,52,9,1,2,2
45043,2023,4,27,5,2,40,530,3118601,52,9,1,2,2
45043,2023,4,27,5,2,116,86,4119509,78,9,0,2,2
45007,2023,3,22,4,3,116,278,4203253,72,11,0,2,2
45043,2023,4,27,5,2,470,134,4214805,67,12,1,2,2
44991,2023,3,6,2,3,116,435,3123700,82,7,0,2,2
45043,2023,4,27,5,2,116,25,1507755,83,21,0,2,1
44983,2023,2,26,1,3,381,"325,9",3144706,51,9,0,2,2
45043,2023,4,27,5,2,262,"446,7",3145208,16,12,1,5,2
45043,2023,4,27,5,2,287,284,4319406,83,3,0,3,2
45043,2023,4,27,5,2,376,623,4125506,67,15,0,5,3
45043,2023,4,27,5,2,116,330,3526209,1,12,0,2,2
45043,2023,4,27,5,2,101,"25,1",2606804,19,12,0,3,2
45043,2023,4,27,5,2,153,494,1716109,1,11,1,4,2
45042,2023,4,26,4,2,364,1162,5102686,11,10,0,2,2
45043,2023,4,27,5,3,392,"662,7",4305207,33,11,0,2,2
45043,2023,4,27,5,3,40,"500,7",3154606,15,21,0,1,1
45043,2023,4,27,5,3,364,486,5104906,15,11,0,2,2
45043,2023,4,27,5,3,316,99,1507409,16,20,0,1,1
45042,2023,4,26,4,2,232,"45,1",2616407,14,21,0,1,1
45043,2023,4,27,5,3,364,98,5204102,67,10,0,2,2
45043,2023,4,27,5,3,158,98,#N/D,63,20,0,1,1
45043,2023,4,27,5,3,158,501,4317103,16,12,0,2,2
45043,2023,4,27,5,3,101,122,2503001,1,9,0,2,2
45043,2023,4,27,5,3,153,"26,4",4321634,9,7,0,2,2
45043,2023,4,27,5,3,381,569,3132206,28,18,0,1,1
45043,2023,4,27,5,3,290,"184,7",4312252,1,11,0,2,2
45043,2023,4,27,5,3,116,"62,5",4212205,16,12,0,2,2
45043,2023,4,27,5,3,471,575,4317301,35,2,1,3,3
45043,2023,4,27,5,3,262,39,3201902,80,7,0,3,2
45043,2023,4,27,5,4,290,2,4314902,11,12,1,2,2
45043,2023,4,27,5,4,392,94,4314407,72,11,0,4,2
45043,2023,4,27,5,4,116,"247,5",3304003,16,12,0,4,4
45043,2023,4,27,5,4,116,258,4307708,1,11,1,2,2
45043,2023,4,27,5,3,174,367,1400209,83,20,0,1,1
45043,2023,4,27,5,4,116,184,3303500,14,4,1,1,1
45044,2023,4,28,6,1,101,70,2611606,1,11,1,2,2
45043,2023,4,27,5,3,392,198,4317004,83,10,0,2,2
45043,2023,4,27,5,4,470,196,4302105,67,21,0,1,1
45044,2023,4,28,6,1,365,811,3159803,49,20,0,1,1
45044,2023,4,28,6,1,40,"592,8",3146107,15,4,0,2,1
45044,2023,4,28,6,1,50,234,5204805,11,20,0,1,1
45044,2023,4,28,6,1,290,"37,3",4317608,18,20,0,1,1
45044,2023,4,28,6,1,40,462,3167202,64,20,0,1,1
45044,2023,4,28,6,1,116,520,3509254,67,12,0,50,2
45044,2023,4,28,6,2,381,"390,1",3107703,11,12,0,3,2
45044,2023,4,28,6,1,376,"535,8",4117701,11,21,0,2,1
45044,2023,4,28,6,2,101,871,2931350,20,9,0,2,2
45044,2023,4,28,6,1,116,177,3305109,45,18,1,1,1
45044,2023,4,28,6,2,104,57,2604106,11,4,1,1,1
45044,2023,4,28,6,1,40,"60,3",3303906,61,2,0,2,2
45044,2023,4,28,6,2,116,"742,2",3138401,1,11,0,4,2
45044,2023,4,28,6,2,364,"192,9",5211909,33,11,0,2,2
45017,2023,4,1,7,3,116,"277,9",3168606,11,9,1,2,2
45044,2023,4,28,6,2,153,"33,3",4124103,28,20,0,1,1
45044,2023,4,28,6,2,287,"367,2",4311106,65,21,0,2,1
45028,2023,4,12,4,4,101,"137,7",4202008,34,12,1,3,2
45044,2023,4,28,6,2,116,11,4104006,67,9,0,3,2
45044,2023,4,28,6,2,135,15,2111300,16,12,1,8,2
45044,2023,4,28,6,2,116,"744,6",2925105,82,7,0,2,2
45044,2023,4,28,6,2,116,"126,8",4107652,16,12,1,3,3
44982,2023,2,25,7,1,101,"280,9",4207304,1,9,0,2,2
45044,2023,4,28,6,3,116,17,2306256,11,15,1,3,3
45044,2023,4,28,6,3,60,100,5201108,28,15,0,6,4
45016,2023,3,31,6,3,381,"706,9",3144607,83,21,0,1,1
45044,2023,4,28,6,3,285,294,4314100,1,11,1,2,2
45044,2023,4,28,6,3,116,"358,7",4320354,20,11,0,4,2
45044,2023,4,28,6,3,158,"152,1",4313904,35,2,0,3,2
45044,2023,4,28,6,2,101,372,2911204,11,20,0,2,1
45044,2023,4,28,6,3,101,205,4216602,52,9,1,3,3
45017,2023,4,1,7,2,116,229,3304003,65,15,0,7,6
45044,2023,4,28,6,3,381,874,3124500,28,18,0,1,1
45044,2023,4,28,6,3,316,343,2101202,52,10,0,6,3
45044,2023,4,28,6,3,381,"507,4",3162922,11,4,1,4,3
45044,2023,4,28,6,3,232,176,2601706,67,10,1,3,2