id_data,ano,mes,dia,id_dia_semana,periodo,br,km,id_municipio,id_causa_acidente,id_tipo_acidente,id_uso_solo,pessoas,veiculos
45044,2023,4,28,6,3,376,372,4117305,67,7,0,6,2
45044,2023,4,28,6,3,10,340,1506609,83,11,0,2,2
45044,2023,4,28,6,4,116,402,2927507,16,12,0,2,2
45044,2023,4,28,6,4,116,"115,5",4319000,67,4,1,1,1
45044,2023,4,28,6,4,376,"195,9",4114807,1,2,0,2,2
45044,2023,4,28,6,3,470,"234,9",4304804,67,21,0,1,1
45044,2023,4,28,6,4,116,"701,6",3143906,16,12,0,2,2
45044,2023,4,28,6,3,116,613,2917607,16,12,0,2,2
45042,2023,4,26,4,2,364,132,1200401,33,21,1,2,2
45044,2023,4,28,6,3,277,"41,1",4116208,65,21,0,3,2
45044,2023,4,28,6,4,365,"603,7",3170206,18,20,0,1,1
45044,2023,4,28,6,3,376,491,4119905,11,20,0,1,1
45044,2023,4,28,6,4,365,"685,1",3142809,16,12,0,3,3
45044,2023,4,28,6,4,262,"362,4",3136652,11,4,1,1,1
45044,2023,4,28,6,4,373,343,4109401,52,9,1,2,2
45045,2023,4,29,7,1,50,"104,2",3170107,18,12,0,5,2
45045,2023,4,29,7,1,470,110,4201257,80,7,0,2,2
45029,2023,4,13,5,1,101,"52,2",2801504,18,7,0,2,2
45044,2023,4,28,6,4,101,315,3205200,83,21,0,1,1
45045,2023,4,29,7,1,101,"204,9",4216602,60,2,1,2,2
45045,2023,4,29,7,1,116,"667,3",3161403,80,10,0,2,2
45045,2023,4,29,7,1,381,"482,6",3106705,49,12,0,3,2
45045,2023,4,29,7,1,104,"143,7",2512507,49,10,0,2,2
45045,2023,4,29,7,1,262,"461,8",3103900,67,12,0,2,2
45045,2023,4,29,7,1,116,"124,1",2513158,18,10,0,2,2
45045,2023,4,29,7,1,470,2,4211306,18,21,1,1,1
45045,2023,4,29,7,2,381,344,3106002,64,11,0,6,2
45044,2023,4,28,6,3,163,523,1508050,49,10,0,2,2
45044,2023,4,28,6,4,116,920,2910404,21,20,0,1,1
45045,2023,4,29,7,2,163,1031,5106422,11,10,1,2,2
45028,2023,4,12,4,3,153,"316,7",3543204,49,12,0,4,3
45045,2023,4,29,7,2,153,"516,2",5201405,16,12,1,8,4
45045,2023,4,29,7,2,230,"280,4",2206704,28,18,0,1,1
45041,2023,4,25,3,4,282,"517,6",4219705,83,10,0,2,2
45039,2023,4,23,1,3,163,713,5007406,18,12,0,2,2
45045,2023,4,29,7,2,116,143,3301702,67,3,1,1,1
45045,2023,4,29,7,2,101,44,2606804,1,9,1,2,2
45044,2023,4,28,6,2,364,459,1100023,16,12,0,2,2
45045,2023,4,29,7,2,262,"560,1",5005608,1,11,0,3,2
45045,2023,4,29,7,2,101,"214,8",4211900,52,9,0,3,2
45045,2023,4,29,7,2,101,804,2915601,64,20,0,1,1
45045,2023,4,29,7,2,364,"283,5",5104807,67,20,0,1,1
45045,2023,4,29,7,2,116,38,4104006,28,20,0,3,2
44940,2023,1,14,7,2,376,"326,8",4117305,13,7,0,6,3
45045,2023,4,29,7,3,393,218,3306206,16,12,0,2,1
45045,2023,4,29,7,2,80,30,5300108,20,12,0,7,3
45045,2023,4,29,7,3,304,"28,2",2408003,49,9,0,2,2
45045,2023,4,29,7,2,287,355,4311106,21,21,1,2,1
45045,2023,4,29,7,3,364,"243,4",5105200,16,12,0,2,2
45045,2023,4,29,7,3,364,35,1100304,63,10,0,5,2
45045,2023,4,29,7,3,471,174,4315701,49,9,1,2,2
45045,2023,4,29,7,3,101,77,2611606,52,9,1,3,2
45045,2023,4,29,7,3,40,42,5212501,83,12,0,2,2
45045,2023,4,29,7,3,116,"2,6",2933307,80,7,0,3,2
45045,2023,4,29,7,3,116,"18,5",2304285,67,12,1,2,2
45045,2023,4,29,7,3,116,"127,2",3133303,80,7,0,2,2
45045,2023,4,29,7,4,40,"455,8",3109907,67,11,0,4,3
45045,2023,4,29,7,3,381,"523,9",3109006,83,20,0,3,2
45045,2023,4,29,7,3,381,373,3161908,83,21,0,1,1
45045,2023,4,29,7,4,70,12,5300108,52,9,0,3,3
45045,2023,4,29,7,4,70,"7,5",5101803,33,11,0,3,2
45045,2023,4,29,7,2,430,"399,7",2913408,83,21,0,1,1
45045,2023,4,29,7,4,163,616,5007695,1,11,1,2,2
45045,2023,4,29,7,4,135,233,2202752,11,4,0,4,2
45045,2023,4,29,7,4,163,976,1506807,80,7,0,3,2
45045,2023,4,29,7,4,290,230,4313953,65,18,0,1,1
45045,2023,4,29,7,4,251,450,3127800,83,20,0,1,1
45046,2023,4,30,1,1,316,297,2605707,52,7,0,2,2
45046,2023,4,30,1,1,10,"14,8",1502939,52,10,1,2,2
45046,2023,4,30,1,1,163,1067,5104104,80,10,1,2,2
45046,2023,4,30,1,1,163,837,5107909,49,4,1,3,2
45046,2023,4,30,1,1,242,640,2922250,28,18,0,1,1
45046,2023,4,30,1,1,158,737,5101803,49,12,0,4,2
45006,2023,3,21,3,4,50,"172,3",5204805,49,21,0,1,1
45046,2023,4,30,1,1,493,110,3302007,67,12,0,2,2
45046,2023,4,30,1,2,101,85,4202107,11,12,1,4,3
45046,2023,4,30,1,2,476,"162,9",4101804,80,7,0,2,2
45046,2023,4,30,1,2,101,56,4209102,52,12,0,2,2
45046,2023,4,30,1,2,277,309,4109401,67,21,0,1,1
45046,2023,4,30,1,2,471,463,4315602,44,12,0,3,2
45046,2023,4,30,1,2,70,7,5101803,1,11,0,2,2
45046,2023,4,30,1,3,381,"434,1",3156700,65,7,0,5,3
45046,2023,4,30,1,3,101,113,2803203,9,1,1,2,2
45046,2023,4,30,1,3,116,683,2918001,67,20,0,1,1
45046,2023,4,30,1,3,277,"132,6",4102307,11,12,0,2,2
45046,2023,4,30,1,2,369,130,4112702,67,20,1,1,1
45046,2023,4,30,1,3,116,277,3168606,16,12,0,2,2
45046,2023,4,30,1,1,222,"29,2",1502939,67,20,0,1,1
45046,2023,4,30,1,3,60,4,5219753,67,20,0,2,2
45042,2023,4,26,4,4,70,566,5106505,83,14,0,3,2
45046,2023,4,30,1,3,101,89,2804805,67,12,1,5,2
45046,2023,4,30,1,2,364,128,1100189,67,21,0,1,1
45046,2023,4,30,1,3,116,127,3508504,52,9,1,3,2
45046,2023,4,30,1,3,163,978,1501451,11,20,0,1,1
45046,2023,4,30,1,4,386,"50,2",4320206,80,7,0,2,2
45046,2023,4,30,1,3,262,"526,3",3138807,11,10,0,4,3
45046,2023,4,30,1,3,101,308,4209409,11,2,1,2,2
45046,2023,4,30,1,4,365,55,3116506,44,4,0,1,1
45046,2023,4,30,1,3,251,330,3127073,67,21,0,2,1
45046,2023,4,30,1,3,364,"151,4",2409605,52,10,0,2,2
45047,2023,5,1,2,1,376,"185,5",4114807,49,12,1,6,2
45047,2023,5,1,2,2,410,"4,3",2926608,82,9,0,3,3
45047,2023,5,1,2,1,163,115,5107602,67,9,0,2,2
45047,2023,5,1,2,2,472,136,4321808,52,9,0,2,2
45047,2023,5,1,2,2,163,"7,7",2922102,80,10,0,2,2
45047,2023,5,1,2,2,232,65,2606408,83,20,0,1,1
45047,2023,5,1,2,2,267,116,5006200,18,20,0,1,1
45046,2023,4,30,1,4,158,60,5108600,52,7,0,3,2
45047,2023,5,1,2,2,20,"178,8",5220686,11,9,1,2,2
45047,2023,5,1,2,2,262,"464,8",3103900,44,20,0,10,4
45047,2023,5,1,2,2,116,31,4104006,67,4,0,3,2
45047,2023,5,1,2,3,116,"157,7",3549904,67,11,1,2,2
45047,2023,5,1,2,3,242,679,2933455,15,20,0,1,1
45046,2023,4,30,1,4,163,765,5107925,11,12,0,2,2
45047,2023,5,1,2,3,40,"97,6",5206206,61,2,1,3,2
44995,2023,3,10,6,1,158,125,#N/D,63,14,0,1,1
45047,2023,5,1,2,3,381,"159,5",3127701,28,10,0,2,2
45047,2023,5,1,2,3,364,"72,7",1100304,20,11,0,2,2
45047,2023,5,1,2,2,242,367,2923506,52,10,0,6,2
45047,2023,5,1,2,3,40,"420,6",3120904,16,12,0,3,2
45023,2023,4,7,6,2,101,422,2912707,15,7,0,2,2
45047,2023,5,1,2,3,116,"68,8",2500775,52,12,0,8,3
45047,2023,5,1,2,3,480,125,4204202,52,9,0,16,7
45047,2023,5,1,2,3,364,386,5107800,28,18,0,1,1
45047,2023,5,1,2,3,282,"538,7",4204202,49,10,0,3,2
45047,2023,5,1,2,3,101,85,2408102,80,12,1,4,4
45047,2023,5,1,2,3,381,"695,5",3138203,41,21,0,4,4
45047,2023,5,1,2,4,116,198,3304144,16,15,0,6,4
45047,2023,5,1,2,4,232,"209,4",2610905,49,10,1,5,2
45047,2023,5,1,2,4,101,27,4209102,33,11,0,3,2
45047,2023,5,1,2,3,364,"443,1",1100114,83,15,0,12,4
45047,2023,5,1,2,4,153,"172,3",3116902,11,20,0,1,1
45047,2023,5,1,2,3,158,18,5201702,63,21,0,2,2
45047,2023,5,1,2,4,470,54,4202404,61,2,1,2,2
45048,2023,5,2,3,1,116,315,4309308,67,20,0,1,1
45047,2023,5,1,2,4,262,222,5007109,28,18,0,1,1
45048,2023,5,2,3,1,153,"436,9",5201108,52,4,0,3,2
45048,2023,5,2,3,2,116,78,3305802,67,20,0,3,2
45047,2023,5,1,2,4,40,"11,3",3300951,18,21,0,1,1
45048,2023,5,2,3,2,316,43,1506500,52,9,0,5,2
45048,2023,5,2,3,2,40,"566,6",3144805,11,7,0,4,4
45048,2023,5,2,3,1,393,246,3300308,83,3,0,1,1
45047,2023,5,1,2,4,285,567,4318903,80,11,1,6,2
44988,2023,3,3,6,4,101,276,3305752,52,9,1,2,2
45048,2023,5,2,3,2,277,"592,1",2303501,83,21,1,1,1
45048,2023,5,2,3,2,101,168,4218004,35,2,1,2,2
45048,2023,5,2,3,2,101,391,3204401,83,21,0,1,1
45048,2023,5,2,3,2,116,"513,8",3170057,52,21,0,2,1
45048,2023,5,2,3,2,101,"87,3",4202107,52,9,0,2,2
45048,2023,5,2,3,2,158,2,3536406,20,11,0,3,2
45034,2023,4,18,3,3,381,7,3556354,13,18,0,1,1
45048,2023,5,2,3,2,40,23,5212501,52,12,1,2,2
45048,2023,5,2,3,2,158,89,5006309,11,12,0,6,3
45048,2023,5,2,3,2,376,626,4125506,14,14,0,1,1
45048,2023,5,2,3,3,116,332,3304201,61,2,0,2,2
45048,2023,5,2,3,2,116,224,3303609,28,18,0,1,1
45048,2023,5,2,3,3,262,46,3203346,1,12,1,3,2
44996,2023,3,11,7,2,364,202,5107602,82,9,0,2,2
45048,2023,5,2,3,3,262,751,3156908,11,12,0,2,2
45048,2023,5,2,3,3,262,"449,8",3145208,16,12,0,2,2
45048,2023,5,2,3,3,101,535,2929354,83,7,0,2,2
45048,2023,5,2,3,3,230,115,1505064,52,7,0,7,2
45048,2023,5,2,3,3,40,519,3118601,11,12,1,3,3
45048,2023,5,2,3,3,116,"412,5",3127701,51,11,1,2,2
45048,2023,5,2,3,3,101,18,2513984,67,4,0,3,2
45048,2023,5,2,3,3,259,57,3201506,49,10,0,2,2
45048,2023,5,2,3,4,40,516,3154606,28,11,0,2,2
45048,2023,5,2,3,3,70,363,5102678,67,20,0,1,1
45048,2023,5,2,3,3,116,173,4121208,67,12,0,4,3
45048,2023,5,2,3,4,116,441,3542602,67,12,1,2,2
45048,2023,5,2,3,4,116,"762,9",3138401,35,2,1,3,2
45048,2023,5,2,3,4,290,"241,8",4303004,52,12,0,2,2
45048,2023,5,2,3,3,365,288,3136306,28,12,0,3,2
45049,2023,5,3,4,1,116,"169,3",3524402,11,12,0,2,2
45049,2023,5,3,4,1,365,"541,1",3156403,25,20,0,1,1
45049,2023,5,3,4,2,20,"209,3",5218300,82,7,0,6,2
45049,2023,5,3,4,2,381,487,3106705,52,9,1,3,3
45012,2023,3,27,2,2,324,487,2927507,41,20,0,1,1
45049,2023,5,3,4,2,381,87,3518800,63,12,1,2,2
45049,2023,5,3,4,2,116,225,3304003,67,21,0,1,1
45049,2023,5,3,4,2,116,169,3304557,52,12,1,2,2
45049,2023,5,3,4,2,232,"265,9",2614105,18,10,0,2,2
45049,2023,5,3,4,2,376,432,4127502,67,4,0,3,3
44987,2023,3,2,5,2,376,649,4127601,11,12,0,3,2
45049,2023,5,3,4,2,285,"477,6",4305871,11,20,0,1,1
45049,2023,5,3,4,2,376,95,4118402,11,12,0,2,2
45049,2023,5,3,4,2,116,6,2304400,11,4,1,1,1
45049,2023,5,3,4,2,153,103,3525706,67,12,0,3,2
45049,2023,5,3,4,2,116,"71,4",4104006,16,9,0,6,2
45049,2023,5,3,4,2,364,170,1100189,18,10,0,4,3
45049,2023,5,3,4,2,262,"17,5",2112803,67,12,1,2,2
45049,2023,5,3,4,2,116,427,2910800,29,21,0,1,1
44985,2023,2,28,3,4,381,699,3138203,63,4,0,16,2
45049,2023,5,3,4,2,135,7,2111300,11,11,1,2,2
45049,2023,5,3,4,2,20,120,2928901,52,7,0,4,2
45049,2023,5,3,4,2,467,79,3169109,1,11,0,3,3
45049,2023,5,3,4,2,153,"14,8",3115805,11,21,0,1,1
45049,2023,5,3,4,2,242,297,2919009,83,21,0,1,1
45049,2023,5,3,4,3,163,"493,5",2401305,80,10,0,2,2
45029,2023,4,13,5,2,174,"1013,4",1303536,52,20,0,3,1
45040,2023,4,24,2,2,163,9,2922102,60,2,0,3,2
45049,2023,5,3,4,3,101,39,2606804,35,2,0,2,2
45049,2023,5,3,4,2,116,"64,2",4212205,20,12,0,2,2
45049,2023,5,3,4,3,116,"151,6",3549904,52,9,1,4,2
45049,2023,5,3,4,3,40,82,3303906,67,21,0,2,1
45049,2023,5,3,4,3,386,"379,5",4321303,1,11,0,4,4
45049,2023,5,3,4,3,101,92,2507507,67,9,1,2,2
45049,2023,5,3,4,3,324,593,2906501,11,12,1,2,2
45049,2023,5,3,4,3,101,125,4208203,1,12,0,2,2
45045,2023,4,29,7,4,116,254,3304003,11,12,0,3,2
45049,2023,5,3,4,3,386,360,4307807,13,20,0,5,4
45024,2023,4,8,7,3,470,47,4205902,80,7,1,3,3
45049,2023,5,3,4,3,101,29,4209102,52,9,0,2,2
45049,2023,5,3,4,3,282,"580,4",3538204,28,12,1,2,2
45023,2023,4,7,6,3,364,314,5102678,28,20,0,1,1
45049,2023,5,3,4,3,262,"45,7",3139409,67,12,0,2,2
45049,2023,5,3,4,3,40,118,3301702,52,9,1,3,2
45049,2023,5,3,4,4,381,66,3528502,16,12,0,2,2
45049,2023,5,3,4,3,101,435,3203403,67,20,0,1,1
45049,2023,5,3,4,3,251,204,3102704,67,9,0,2,2
45049,2023,5,3,4,4,116,"170,5",2311801,83,21,0,4,3
45049,2023,5,3,4,4,70,29,5205513,14,14,0,2,2
45049,2023,5,3,4,3,116,"254,7",4209300,33,11,0,3,2
45050,2023,5,4,5,1,40,"597,7",3146107,67,4,0,1,1
45050,2023,5,4,5,1,232,9,2607901,16,12,1,2,2
45050,2023,5,4,5,1,282,"351,8",4203600,33,11,0,2,2
45050,2023,5,4,5,1,116,212,3518800,35,2,1,2,2
45050,2023,5,4,5,1,282,"20,3",4211900,28,4,1,1,1
45049,2023,5,3,4,4,163,555,5103502,7,20,0,1,1
45050,2023,5,4,5,2,40,120,3301702,16,15,1,3,3
45050,2023,5,4,5,1,470,143,4214805,1,11,1,3,2
45036,2023,4,20,5,2,452,"184,2",5211503,18,10,0,2,2
45050,2023,5,4,5,2,101,71,2804003,61,2,0,2,2
45050,2023,5,4,5,2,230,"155,2",2504009,83,11,1,2,2
45050,2023,5,4,5,2,101,"133,9",2708600,1,11,1,2,2
45050,2023,5,4,5,2,60,"202,3",5209200,67,9,0,3,2
45050,2023,5,4,5,2,155,331,1504208,11,7,0,4,4
45050,2023,5,4,5,2,40,"617,6",3118007,52,9,0,2,2
45050,2023,5,4,5,2,319,61,1100205,12,9,1,2,2
45050,2023,5,4,5,2,70,310,2918506,65,18,0,1,1
45050,2023,5,4,5,2,232,76,2606408,65,11,1,2,2
45030,2023,4,14,6,3,116,246,4318705,16,9,0,4,3
45050,2023,5,4,5,2,251,474,3126703,11,21,0,1,1
45050,2023,5,4,5,3,163,733,5003306,82,20,0,2,2
45050,2023,5,4,5,3,470,138,4214805,33,11,1,2,2
45015,2023,3,30,5,3,70,284,5107040,82,7,0,4,4
45050,2023,5,4,5,3,101,"215,1",3202504,11,12,0,2,2
45050,2023,5,4,5,3,262,588,5005608,28,18,1,1,1
45050,2023,5,4,5,3,277,594,2303501,61,2,1,4,2
45050,2023,5,4,5,3,277,"37,5",4116208,61,2,0,2,2
45049,2023,5,3,4,2,153,192,5221601,1,11,0,2,2
45050,2023,5,4,5,3,230,"394,6",2513927,82,7,0,5,2
45050,2023,5,4,5,3,101,112,4208203,78,9,0,2,2
45050,2023,5,4,5,4,101,"263,3",3205002,78,9,1,2,2
45050,2023,5,4,5,3,316,"64,7",1502400,1,9,1,3,3
45050,2023,5,4,5,4,116,188,3546801,35,2,0,2,2
45050,2023,5,4,5,4,101,322,3303302,52,11,0,2,2
45050,2023,5,4,5,3,232,428,2613909,11,10,0,3,3
45050,2023,5,4,5,4,386,"343,3",1712009,4,7,1,2,2
45050,2023,5,4,5,2,324,568,2929503,65,18,0,1,1
45050,2023,5,4,5,3,381,399,3107703,11,21,0,1,1
45050,2023,5,4,5,4,116,"97,3",4125506,4,9,0,2,2
45050,2023,5,4,5,4,290,57,4309050,67,12,0,3,2
45050,2023,5,4,5,4,116,308,3549953,82,21,1,4,3
45050,2023,5,4,5,4,116,929,2910404,11,12,0,3,2
45051,2023,5,5,6,1,235,34,2401107,83,11,1,2,2
45051,2023,5,5,6,1,381,"533,5",3133709,18,20,0,1,1
45051,2023,5,5,6,1,101,135,4202008,50,12,1,2,2
45051,2023,5,5,6,1,101,81,2607901,52,9,0,5,2
45051,2023,5,5,6,1,493,11,3301850,28,18,0,1,1
45050,2023,5,4,5,4,381,251,3158953,18,7,0,4,4
45051,2023,5,5,6,1,470,138,4214805,80,7,1,2,2
45050,2023,5,4,5,2,116,"407,8",3127701,52,9,1,2,2
45051,2023,5,5,6,2,116,206,3518800,52,12,1,3,3
45051,2023,5,5,6,2,70,"14,9",5200258,67,12,1,2,2
45051,2023,5,5,6,1,153,584,5218391,83,21,0,1,1
45025,2023,4,9,1,2,20,363,2307700,35,21,0,1,1
45051,2023,5,5,6,2,40,"112,9",5206206,18,20,0,1,1
45051,2023,5,5,6,2,386,"113,1",4126256,72,11,0,4,2
45051,2023,5,5,6,2,376,"1,8",4101408,28,2,1,2,2
45051,2023,5,5,6,2,262,"531,9",3138807,67,18,0,1,1
45051,2023,5,5,6,2,135,"81,6",2110203,3,21,1,1,1
45051,2023,5,5,6,2,153,"429,5",5201108,11,12,1,2,2
45051,2023,5,5,6,2,386,"51,4",4320206,11,10,0,3,3
45051,2023,5,5,6,2,470,221,4308607,80,11,0,2,2
45051,2023,5,5,6,3,290,21,4314902,52,4,1,3,2
45051,2023,5,5,6,3,424,"90,1",2606002,80,7,1,2,2
45051,2023,5,5,6,3,116,311,3549953,57,12,0,3,3
45051,2023,5,5,6,3,381,639,3159902,18,7,0,6,3
45031,2023,4,15,7,1,343,343,2211001,82,9,1,3,2
45051,2023,5,5,6,3,324,558,2929503,83,12,0,3,2
45051,2023,5,5,6,3,116,426,3526100,1,9,0,2,2
45051,2023,5,5,6,3,50,"178,7",3170107,11,15,0,5,5
45051,2023,5,5,6,3,101,38,4209102,33,11,1,3,2
44978,2023,2,21,3,1,101,33,4209102,13,21,1,2,2
45051,2023,5,5,6,3,386,49,4320206,1,2,0,4,3
44981,2023,2,24,6,4,381,438,3156700,60,2,0,3,2
45051,2023,5,5,6,4,116,"115,7",4106902,67,12,1,2,2
45051,2023,5,5,6,4,373,395,4104428,80,10,0,4,3
45051,2023,5,5,6,4,376,224,4103800,1,2,0,2,2
45051,2023,5,5,6,3,476,"272,7",4125605,83,7,0,5,4
45051,2023,5,5,6,3,158,95,#N/D,83,21,0,1,1
45051,2023,5,5,6,4,381,10,3556354,11,12,0,2,2
45051,2023,5,5,6,4,476,"275,9",4125605,49,10,1,2,2
45051,2023,5,5,6,4,423,"110,4",2606002,83,12,0,3,3
45051,2023,5,5,6,4,101,"297,5",2112803,1,11,1,2,2
45051,2023,5,5,6,3,158,"450,8",5107180,28,18,0,1,1
45051,2023,5,5,6,4,230,277,2110005,49,7,0,2,2
45051,2023,5,5,6,4,282,"408,6",4105003,82,11,0,4,3
45052,2023,5,6,7,1,101,"69,3",2410306,80,7,1,2,2
45052,2023,5,6,7,1,116,295,3300407,11,12,1,3,3
45052,2023,5,6,7,1,116,64,4104006,18,12,0,2,2
45052,2023,5,6,7,1,277,612,4124020,1,11,1,2,2
45052,2023,5,6,7,1,116,"176,4",2311801,18,7,0,2,2
45052,2023,5,6,7,1,116,"32,5",3513405,49,14,0,1,1
45040,2023,4,24,2,3,116,265,4304606,16,12,1,4,4
45052,2023,5,6,7,1,116,"125,9",3508504,49,12,0,3,3
45052,2023,5,6,7,2,262,801,3170107,67,12,1,3,3
45039,2023,4,23,1,4,262,"376,9",3136652,11,4,1,3,3
45052,2023,5,6,7,2,116,199,3304144,1,2,1,2,2
45052,2023,5,6,7,2,116,"582,3",3139409,83,21,0,1,1
45052,2023,5,6,7,2,158,328,2409332,13,7,1,3,3
45052,2023,5,6,7,2,135,241,2108454,63,3,0,1,1
45052,2023,5,6,7,2,222,"245,1",2312908,82,12,0,3,3
45052,2023,5,6,7,2,277,"488,3",4117057,19,20,0,1,1
45052,2023,5,6,7,2,373,173,4119905,11,9,1,2,2
45052,2023,5,6,7,2,158,"112,4",4313706,67,3,0,2,2
45052,2023,5,6,7,2,373,223,4110102,67,12,0,4,2
45052,2023,5,6,7,2,376,"189,5",4114807,9,12,0,3,2
45052,2023,5,6,7,2,476,"57,2",4127882,67,20,0,1,1
45052,2023,5,6,7,2,381,90,3518800,67,12,1,2,2
45052,2023,5,6,7,2,101,"31,1",4209102,52,4,1,3,2
45052,2023,5,6,7,2,101,213,4211900,5,14,1,2,2
45052,2023,5,6,7,2,101,504,2914802,83,12,1,3,2
45052,2023,5,6,7,3,40,124,3304557,12,12,1,2,2
45052,2023,5,6,7,2,262,"27,5",3154150,1,11,0,2,2
45052,2023,5,6,7,3,226,313,2101608,28,21,0,1,1
45052,2023,5,6,7,2,376,364,4117305,67,20,0,2,1
45052,2023,5,6,7,2,101,89,2607901,1,21,0,2,2
45052,2023,5,6,7,3,343,"3,8",2211001,33,11,1,2,2
45052,2023,5,6,7,3,232,"416,9",2613909,82,9,0,3,3
45052,2023,5,6,7,3,287,283,4319406,61,2,0,3,2
45052,2023,5,6,7,3,493,96,3305554,83,21,0,1,1
45052,2023,5,6,7,3,101,136,4202008,83,12,1,4,4
45052,2023,5,6,7,3,116,"47,5",4104006,83,21,0,3,3
45052,2023,5,6,7,3,262,99,5008305,67,10,0,3,2
45052,2023,5,6,7,2,373,"183,4",4119905,83,20,0,1,1
45052,2023,5,6,7,3,163,744,5107925,67,11,0,2,2
45052,2023,5,6,7,2,163,622,1508050,83,21,0,1,1
45052,2023,5,6,7,3,285,"383,3",4316709,52,7,0,2,2
45052,2023,5,6,7,3,101,"429,7",4217709,82,10,0,4,2
45052,2023,5,6,7,4,104,59,2604106,52,9,1,2,2
45052,2023,5,6,7,4,262,26,2112803,80,7,0,2,2
45052,2023,5,6,7,3,226,217,2112308,28,4,1,1,1
45052,2023,5,6,7,4,153,346,4121505,49,7,0,2,2
45052,2023,5,6,7,3,153,"511,4",1718451,82,7,0,2,2
45052,2023,5,6,7,4,163,49,3514809,11,12,0,2,2
45052,2023,5,6,7,4,135,"143,2",2106631,80,7,0,4,2
45053,2023,5,7,1,2,101,151,4208302,52,9,1,6,3
45053,2023,5,7,1,1,116,"16,8",3102704,67,11,0,4,3
45050,2023,5,4,5,1,116,472,3524600,35,2,0,4,3
45053,2023,5,7,1,2,101,330,4218707,83,4,0,6,3
45053,2023,5,7,1,2,153,"463,7",4120309,80,7,0,2,2
45053,2023,5,7,1,2,101,107,2511509,83,21,0,1,1
45053,2023,5,7,1,2,393,267,3300308,29,9,0,3,2
45053,2023,5,7,1,2,364,287,1100254,67,21,0,1,1
45053,2023,5,7,1,1,158,629,3100609,38,21,0,1,1
45053,2023,5,7,1,2,116,118,2513158,55,12,0,1,1
45053,2023,5,7,1,2,163,"543,1",5103502,80,7,0,3,2
45053,2023,5,7,1,3,251,"517,2",3143302,67,12,0,3,2
45053,2023,5,7,1,3,452,"183,1",5211503,1,12,0,3,2
45053,2023,5,7,1,3,262,711,5003207,28,18,0,1,1
45053,2023,5,7,1,3,135,48,2101251,11,12,0,5,2
45053,2023,5,7,1,2,101,421,2912707,83,7,0,5,2
45053,2023,5,7,1,3,116,290,3522208,52,9,0,7,2
45051,2023,5,5,6,3,153,"502,4",4108502,18,10,0,3,3
45053,2023,5,7,1,2,277,276,4120606,52,9,0,2,2
45053,2023,5,7,1,3,101,15,3204054,49,12,0,3,3
45053,2023,5,7,1,3,116,256,2931905,18,7,0,2,2
45053,2023,5,7,1,3,386,"8,6",4310504,50,7,0,6,3
45053,2023,5,7,1,4,476,152,4101804,66,21,0,1,1
45053,2023,5,7,1,4,116,"248,1",3168606,80,7,0,2,2
45053,2023,5,7,1,4,381,58,3528502,11,12,0,2,2
45000,2023,3,15,4,2,364,613,1101104,28,20,0,1,1
45054,2023,5,8,2,1,101,357,4215455,18,21,0,1,1
45054,2023,5,8,2,1,101,223,3202504,80,10,0,4,2
45054,2023,5,8,2,1,101,338,4218707,11,21,1,1,1
45054,2023,5,8,2,1,232,540,2615201,80,10,0,2,2
45054,2023,5,8,2,1,116,405,3529906,18,12,0,2,2
45054,2023,5,8,2,1,222,"194,8",2304350,83,20,0,4,1
45054,2023,5,8,2,1,381,612,3145604,18,12,0,3,2
45054,2023,5,8,2,2,381,591,3114501,12,12,0,3,2
45054,2023,5,8,2,2,381,"504,3",3106705,28,21,1,3,3
45054,2023,5,8,2,2,376,470,4119905,11,9,0,2,2
45054,2023,5,8,2,2,163,403,5103403,1,11,1,2,2
45054,2023,5,8,2,2,262,"773,9",5003207,1,7,0,2,2
45040,2023,4,24,2,1,163,165,4113452,11,12,1,2,2
45054,2023,5,8,2,2,277,"72,3",4125506,52,20,0,3,2
45017,2023,4,1,7,2,101,178,3200607,67,10,0,8,3
45054,2023,5,8,2,2,376,644,4127601,11,21,1,3,1
45054,2023,5,8,2,2,280,225,4218301,67,12,0,3,2
45054,2023,5,8,2,2,376,"491,8",4119905,67,12,0,3,3
45038,2023,4,22,7,3,101,83,2607901,1,11,1,2,2
45054,2023,5,8,2,2,316,119,2403251,11,20,0,1,1
45054,2023,5,8,2,2,116,406,3127701,18,10,0,3,2
44938,2023,1,12,5,1,135,307,2203107,1,11,0,4,2
45054,2023,5,8,2,2,153,686,5211503,65,12,0,4,2
44994,2023,3,9,5,2,40,"703,1",3105608,36,12,0,2,2
45035,2023,4,19,4,4,174,567,5103304,52,10,0,2,2
45054,2023,5,8,2,2,381,597,3114501,18,21,0,1,1
45054,2023,5,8,2,3,280,"167,1",4210100,60,2,1,2,2
45054,2023,5,8,2,3,304,184,2400802,28,21,0,1,1
45054,2023,5,8,2,3,277,"4,3",4118204,5,9,1,2,2
45054,2023,5,8,2,2,70,445,5201702,67,21,0,1,1
45054,2023,5,8,2,3,101,117,4208203,11,12,1,3,2
45054,2023,5,8,2,3,386,"76,2",4302154,80,10,0,2,2
45054,2023,5,8,2,3,163,502,5004908,2,9,0,2,2
45054,2023,5,8,2,3,70,"3,4",5101803,21,21,1,1,1
45054,2023,5,8,2,3,304,36,2408003,52,9,0,2,2
45054,2023,5,8,2,3,116,760,3138401,16,12,0,3,3
45054,2023,5,8,2,3,324,625,2927408,78,9,0,3,3
45054,2023,5,8,2,3,470,"9,2",4211306,52,9,0,2,2
45054,2023,5,8,2,2,316,"196,7",2704807,11,4,0,1,1
45054,2023,5,8,2,4,282,41,4200606,61,2,1,2,2