id_data,ano,mes,dia,id_dia_semana,periodo,br,km,id_municipio,id_causa_acidente,id_tipo_acidente,id_uso_solo,pessoas,veiculos
45054,2023,5,8,2,4,163,"423,8",2401305,1,11,0,3,2
45054,2023,5,8,2,3,153,466,4120309,15,4,0,1,1
45054,2023,5,8,2,4,158,"326,8",2409332,11,7,1,6,3
45054,2023,5,8,2,3,50,"178,9",3170107,44,12,1,5,3
45054,2023,5,8,2,4,392,"9,4",4315602,16,12,1,3,3
45054,2023,5,8,2,4,50,98,5206206,11,12,1,3,3
45054,2023,5,8,2,4,376,668,4109609,28,18,0,1,1
45054,2023,5,8,2,3,101,401,2912707,49,7,0,2,2
45054,2023,5,8,2,3,287,"525,8",4318002,67,9,0,2,2
45054,2023,5,8,2,3,116,142,3301702,19,12,1,4,2
45054,2023,5,8,2,3,282,595,4217303,82,7,0,3,2
45054,2023,5,8,2,4,158,287,5008305,18,4,0,1,1
45054,2023,5,8,2,4,376,"291,7",4115754,83,21,1,1,1
45054,2023,5,8,2,4,381,"906,3",3110608,67,12,0,2,2
45054,2023,5,8,2,4,116,359,3529906,16,12,0,2,2
45055,2023,5,9,3,1,50,"83,8",3170206,67,12,0,2,2
45055,2023,5,9,3,2,101,"269,4",3205002,67,9,1,3,3
45055,2023,5,9,3,2,277,"80,8",4106902,78,9,1,3,3
45055,2023,5,9,3,2,10,456,4117602,16,20,0,2,2
45055,2023,5,9,3,1,364,273,5104807,67,20,1,1,1
44935,2023,1,9,2,2,50,185,3170107,1,12,0,5,4
45055,2023,5,9,3,1,163,628,5106224,80,10,0,2,2
45054,2023,5,8,2,4,267,"50,9",3140209,14,14,0,1,1
45055,2023,5,9,3,2,153,"690,2",5211503,18,20,0,2,1
45055,2023,5,9,3,2,277,125,4104204,16,12,0,4,3
45055,2023,5,9,3,2,101,"223,9",4211900,13,4,0,2,2
45055,2023,5,9,3,1,251,"251,4",3120870,9,1,0,2,2
45055,2023,5,9,3,2,101,"22,5",2606200,65,20,0,1,1
45055,2023,5,9,3,2,376,"55,2",4113502,11,7,0,3,2
45055,2023,5,9,3,2,158,"96,5",5006309,52,9,1,2,2
45055,2023,5,9,3,2,116,305,4309308,11,7,0,2,2
45055,2023,5,9,3,2,369,507,2303501,28,7,0,2,2
45047,2023,5,1,2,4,277,314,4109401,67,15,0,4,4
45055,2023,5,9,3,2,290,75,4309209,52,9,0,8,2
45055,2023,5,9,3,1,267,"237,6",3138500,29,14,0,2,2
45055,2023,5,9,3,2,116,7,2933307,16,12,1,3,2
45055,2023,5,9,3,2,393,286,3306305,16,12,1,3,3
45048,2023,5,2,3,1,158,"142,3",4305702,49,10,1,4,3
45055,2023,5,9,3,2,316,"78,4",1507409,80,10,0,5,2
44996,2023,3,11,7,2,324,5,2910800,28,2,1,1,1
45055,2023,5,9,3,3,376,457,4127502,67,4,0,5,2
45051,2023,5,5,6,2,163,"63,8",5107602,51,20,0,1,1
45055,2023,5,9,3,3,293,"113,5",4314506,52,7,0,2,2
45055,2023,5,9,3,3,277,685,4125704,83,4,0,1,1
45055,2023,5,9,3,3,364,179,5211909,67,12,0,2,2
45055,2023,5,9,3,3,101,206,4216602,78,9,1,2,2
45055,2023,5,9,3,2,282,"471,4",4213401,80,7,0,2,2
45055,2023,5,9,3,3,116,701,3143906,1,2,1,2,2
45055,2023,5,9,3,3,116,311,3304201,52,12,1,3,2
45055,2023,5,9,3,3,101,463,4212254,83,9,0,3,2
45055,2023,5,9,3,3,163,819,5107909,80,7,0,3,3
45051,2023,5,5,6,2,101,816,2915601,45,7,0,2,2
45055,2023,5,9,3,3,364,"518,2",1100023,1,2,0,2,2
45055,2023,5,9,3,3,470,135,4214805,67,11,1,2,2
45055,2023,5,9,3,3,116,"245,6",4209300,33,11,1,2,2
45055,2023,5,9,3,4,40,88,3303906,28,21,0,2,1
45055,2023,5,9,3,3,40,78,3303906,46,12,0,2,2
45055,2023,5,9,3,4,116,234,4204558,49,10,0,4,2
45055,2023,5,9,3,4,101,"11,7",2508901,83,21,1,2,1
45055,2023,5,9,3,4,262,548,3138807,83,21,0,1,1
45055,2023,5,9,3,4,222,"0,6",2304400,11,12,1,2,2
45055,2023,5,9,3,3,30,238,2911709,21,21,0,1,1
45055,2023,5,9,3,4,116,514,3509254,65,18,0,1,1
45056,2023,5,10,4,1,40,"81,1",5206206,18,20,0,2,2
45056,2023,5,10,4,1,116,171,3304557,18,7,1,3,3
45056,2023,5,10,4,2,158,507,4106506,60,2,0,2,2
45056,2023,5,10,4,2,101,268,3205002,67,9,1,2,2
45056,2023,5,10,4,1,364,"433,6",1100114,49,12,0,2,2
45056,2023,5,10,4,1,116,265,2931905,11,20,0,2,1
45056,2023,5,10,4,2,116,513,3509254,65,9,0,4,3
45055,2023,5,9,3,2,101,389,3304557,61,2,0,2,2
45056,2023,5,10,4,2,70,36,5205513,18,7,0,2,2
45056,2023,5,10,4,2,232,"71,5",2606408,28,9,1,2,2
45045,2023,4,29,7,3,282,"541,6",4204202,16,12,0,3,2
45056,2023,5,10,4,2,116,22,4101200,56,4,0,27,3
45056,2023,5,10,4,2,116,"22,8",4101200,14,4,0,1,1
45056,2023,5,10,4,2,282,"518,8",4219705,13,20,0,1,1
45056,2023,5,10,4,2,381,88,3550308,52,9,1,2,2
45056,2023,5,10,4,2,116,"18,9",2306256,1,9,0,3,3
45056,2023,5,10,4,2,158,152,#N/D,67,21,0,1,1
44995,2023,3,10,6,4,153,205,2309201,80,10,0,2,2
45056,2023,5,10,4,2,101,62,3301009,16,12,1,3,3
44997,2023,3,12,1,3,40,768,3136702,80,7,0,2,2
44952,2023,1,26,5,2,381,168,3127701,11,20,0,1,1
45056,2023,5,10,4,2,222,"308,4",2112902,16,9,1,2,2
45056,2023,5,10,4,2,222,660,2100055,2,11,0,3,2
44952,2023,1,26,5,2,40,98,3301702,28,18,0,1,1
45056,2023,5,10,4,2,282,"547,4",4204202,83,11,0,2,2
45056,2023,5,10,4,2,365,"506,9",3148103,36,12,0,28,5
45056,2023,5,10,4,3,116,10,2304400,11,11,1,3,2
45056,2023,5,10,4,3,163,937,5104559,67,9,0,3,2
45056,2023,5,10,4,3,376,167,4115200,2,12,0,3,2
45056,2023,5,10,4,3,230,2,2101509,11,11,1,2,2
45056,2023,5,10,4,3,153,784,1720978,16,12,0,4,2
45056,2023,5,10,4,3,116,"438,9",3542602,67,12,0,2,2
45056,2023,5,10,4,3,324,574,2929503,67,12,0,5,2
45055,2023,5,9,3,4,163,653,1503606,83,20,0,1,1
45056,2023,5,10,4,3,316,61,1502400,11,11,1,3,2
45056,2023,5,10,4,3,153,704,1703867,44,21,0,1,1
45056,2023,5,10,4,3,101,131,4202008,1,11,1,3,2
45056,2023,5,10,4,1,267,228,3138500,18,20,0,1,1
45056,2023,5,10,4,2,381,364,3161908,83,21,0,1,1
45056,2023,5,10,4,3,116,"496,9",3130903,61,2,0,2,2
45056,2023,5,10,4,4,116,"381,5",3171501,11,20,0,2,1
45056,2023,5,10,4,3,101,"678,5",2915304,82,11,0,4,2
45057,2023,5,11,5,1,386,"281,9",4318465,67,21,0,1,1
45057,2023,5,11,5,1,101,"55,6",4321436,18,12,0,1,1
45057,2023,5,11,5,1,101,"401,6",4210407,18,12,0,2,2
45057,2023,5,11,5,1,222,"1,5",2304400,52,12,1,4,3
45057,2023,5,11,5,1,423,32,1703826,18,7,0,4,2
45057,2023,5,11,5,1,364,10,3127107,18,20,0,1,1
45057,2023,5,11,5,2,116,"206,5",3518800,67,12,0,5,4
45057,2023,5,11,5,2,116,251,4320008,67,12,1,2,2
45057,2023,5,11,5,2,101,"67,5",2611606,11,12,1,2,2
45057,2023,5,11,5,2,101,"94,5",4202107,16,12,0,3,3
45057,2023,5,11,5,2,376,175,4115200,16,12,1,3,3
44986,2023,3,1,4,4,381,"811,1",3113602,51,20,0,1,1
45057,2023,5,11,5,2,101,"72,6",2611606,78,9,1,4,4
45057,2023,5,11,5,2,376,"488,5",4119905,52,9,1,2,2
45018,2023,4,2,1,3,242,255,2903805,82,10,0,2,2
45011,2023,3,26,1,1,282,"418,1",3170602,67,11,0,3,2
45057,2023,5,11,5,2,101,308,4209409,11,12,0,2,2
45057,2023,5,11,5,2,470,282,4202875,67,21,0,1,1
45057,2023,5,11,5,1,304,"157,9",2403756,28,18,1,1,1
45057,2023,5,11,5,2,381,"888,2",3124500,67,21,0,1,1
45057,2023,5,11,5,2,101,270,3205002,52,9,1,2,2
45057,2023,5,11,5,2,163,854,5107909,33,11,1,2,2
45057,2023,5,11,5,2,135,37,2101251,28,18,0,1,1
45043,2023,4,27,5,3,365,"747,7",3134202,28,18,0,1,1
45057,2023,5,11,5,2,101,"399,5",4210407,11,12,0,2,2
45057,2023,5,11,5,3,230,"15,4",2507507,11,15,1,4,3
45057,2023,5,11,5,3,116,"303,4",3132701,67,20,0,1,1
45057,2023,5,11,5,2,10,150,1505502,66,21,0,1,1
45057,2023,5,11,5,3,381,886,3110608,11,12,0,2,2
45055,2023,5,9,3,3,282,392,4209003,16,15,0,6,3
45057,2023,5,11,5,3,20,1,5208004,83,7,0,2,2
45057,2023,5,11,5,2,116,541,3505401,67,12,0,2,2
45057,2023,5,11,5,3,163,"2,9",4102604,80,10,0,2,2
45057,2023,5,11,5,3,163,"575,5",4102406,1,11,0,3,3
45057,2023,5,11,5,3,153,"265,3",1703602,18,12,0,4,3
45057,2023,5,11,5,3,163,"363,9",5006002,83,21,1,1,1
45057,2023,5,11,5,3,116,295,3522208,67,12,0,3,2
45057,2023,5,11,5,3,280,"120,5",4215802,1,11,0,2,2
45057,2023,5,11,5,2,285,"334,9",4304705,35,2,0,3,3
45057,2023,5,11,5,1,158,649,5106257,2,9,1,3,2
45057,2023,5,11,5,3,116,246,4318705,52,12,0,2,2
45057,2023,5,11,5,3,262,158,3202454,1,11,1,3,3
45057,2023,5,11,5,3,267,"236,2",3138500,49,10,0,2,2
45057,2023,5,11,5,3,364,60,1200450,63,10,0,3,2
45057,2023,5,11,5,3,101,83,2607901,82,7,1,3,2
45057,2023,5,11,5,3,373,"237,5",4110102,83,21,0,1,1
45057,2023,5,11,5,3,153,"36,7",4213401,82,7,0,5,3
45057,2023,5,11,5,4,153,458,4128203,51,20,0,2,1
45057,2023,5,11,5,4,277,"3,5",4118204,35,2,1,4,3
45057,2023,5,11,5,4,101,67,2806107,82,7,0,3,3
45057,2023,5,11,5,4,364,468,1100023,67,12,0,2,2
45051,2023,5,5,6,4,282,"408,5",4105003,67,12,1,4,2
45057,2023,5,11,5,4,364,454,1100023,57,12,0,5,4
45057,2023,5,11,5,4,30,"359,5",2904605,57,20,0,1,1
45058,2023,5,12,6,2,324,526,2910800,16,12,1,3,2
45058,2023,5,12,6,2,448,22,4314902,52,9,1,2,2
45058,2023,5,12,6,1,232,266,2614105,28,18,0,1,1
45058,2023,5,12,6,2,153,15,3533007,52,12,0,4,4
45058,2023,5,12,6,2,480,"129,7",4204202,82,7,1,3,3
44998,2023,3,13,2,1,116,60,4104006,28,18,0,1,1
45058,2023,5,12,6,2,40,"762,5",3136702,28,18,0,1,1
45058,2023,5,12,6,2,101,435,3302601,6,7,0,2,2
45058,2023,5,12,6,2,116,"179,6",4104105,67,21,0,1,1
45051,2023,5,5,6,2,40,31,3300225,83,21,0,1,1
45058,2023,5,12,6,1,222,172,1501576,50,21,0,3,2
45058,2023,5,12,6,2,153,"107,7",3525706,67,15,0,3,3
45058,2023,5,12,6,2,104,67,2604106,51,4,1,1,1
45058,2023,5,12,6,2,262,"9,4",5008305,67,20,1,1,1
45058,2023,5,12,6,3,101,282,3305752,28,18,0,1,1
45047,2023,5,1,2,1,262,250,5007109,83,12,0,9,2
45036,2023,4,20,5,3,101,"277,9",3205002,1,11,1,3,2
45058,2023,5,12,6,3,277,74,4125506,67,12,0,2,2
45016,2023,3,31,6,1,153,639,2308906,18,12,0,2,2
45058,2023,5,12,6,3,101,262,3205002,11,12,0,2,2
45058,2023,5,12,6,2,116,"89,7",3141405,21,21,0,1,1
45058,2023,5,12,6,3,101,"118,9",4208203,78,9,1,2,2
45058,2023,5,12,6,3,376,491,4119905,67,12,1,10,5
45058,2023,5,12,6,3,364,122,1200401,52,9,0,2,2
45058,2023,5,12,6,3,116,"93,8",4125506,52,9,1,3,2
45058,2023,5,12,6,4,101,"201,4",4216602,11,9,1,2,2
44960,2023,2,3,6,1,20,8,5208004,18,12,0,2,2
45058,2023,5,12,6,4,262,146,3154903,80,7,0,2,2
45042,2023,4,26,4,4,381,"927,5",3133600,18,20,1,1,1
45058,2023,5,12,6,4,476,"92,5",4103107,83,7,0,2,2
45058,2023,5,12,6,3,242,743,2909703,67,9,0,5,2
45058,2023,5,12,6,4,386,"416,8",4312401,67,12,0,3,2
45058,2023,5,12,6,4,101,"62,7",2110203,67,12,0,3,2
45058,2023,5,12,6,4,277,"134,5",4104204,28,20,0,1,1
45058,2023,5,12,6,4,262,465,3107406,82,10,0,6,6
45058,2023,5,12,6,3,251,462,3127800,28,18,0,1,1
45058,2023,5,12,6,4,116,"280,5",3515004,2,20,1,2,2
45058,2023,5,12,6,4,70,"517,3",2211407,11,11,1,2,2
45059,2023,5,13,7,1,222,21,2303709,49,7,0,4,2
45059,2023,5,13,7,1,369,131,4109807,9,1,0,1,1
45058,2023,5,12,6,4,116,"283,3",3515004,83,12,1,3,2
45059,2023,5,13,7,1,470,125,4209904,18,20,1,4,2
45059,2023,5,13,7,1,116,"375,5",3529906,11,20,0,2,1
45059,2023,5,13,7,1,230,135,2509206,18,20,0,1,1
45059,2023,5,13,7,1,282,"538,2",4204202,49,7,0,2,2
45059,2023,5,13,7,1,163,82,5107602,11,12,0,2,2
45059,2023,5,13,7,1,365,"18,9",3143302,28,18,0,1,1
45059,2023,5,13,7,2,290,119,4306767,16,12,0,4,2
45059,2023,5,13,7,1,116,"36,1",3102704,11,21,0,2,1
45059,2023,5,13,7,2,60,115,5221197,30,12,0,3,2
45052,2023,5,6,7,1,101,"203,4",4216602,52,9,1,3,2
45059,2023,5,13,7,2,70,19,5101803,80,10,0,8,3
45059,2023,5,13,7,2,282,"47,5",4200606,16,21,0,2,2
45059,2023,5,13,7,1,116,584,2904308,18,10,0,3,2
45007,2023,3,22,4,2,285,653,4318002,80,7,0,4,2
45059,2023,5,13,7,2,40,"590,7",3131901,16,12,1,2,2
45059,2023,5,13,7,2,153,"41,4",4307005,1,11,0,2,2
45059,2023,5,13,7,2,116,582,2904308,80,10,0,3,3
45059,2023,5,13,7,1,163,972,5106190,28,18,0,1,1
45059,2023,5,13,7,2,386,"296,2",4315131,83,21,0,1,1
45059,2023,5,13,7,2,116,800,2933307,82,12,0,3,3
45059,2023,5,13,7,2,116,3,2304400,16,12,0,2,2
45059,2023,5,13,7,2,116,"15,3",4210100,52,9,0,6,2
45038,2023,4,22,7,3,116,117,4106902,52,9,1,5,3
45059,2023,5,13,7,2,101,209,2911600,67,21,1,1,1
45027,2023,4,11,3,2,40,"523,6",3118601,78,9,1,4,3
45059,2023,5,13,7,2,116,247,3304003,83,21,0,1,1
45059,2023,5,13,7,3,242,773,2903201,52,12,0,4,2
45059,2023,5,13,7,3,116,"72,2",2500775,19,4,0,3,2
45059,2023,5,13,7,2,316,"236,4",2204709,3,20,0,2,1
45059,2023,5,13,7,3,364,221,1100189,82,9,0,2,2
45059,2023,5,13,7,3,282,595,4217303,52,9,0,3,2
45059,2023,5,13,7,3,40,33,5212501,18,20,0,1,1
45059,2023,5,13,7,3,381,"480,4",3118601,1,12,1,3,3
45059,2023,5,13,7,3,163,1063,5104104,82,7,0,4,3
45059,2023,5,13,7,3,135,49,2101251,52,9,1,2,2
45059,2023,5,13,7,3,116,"243,7",4209300,60,2,0,2,2
45059,2023,5,13,7,4,153,"27,3",3533007,49,7,0,2,2
45059,2023,5,13,7,3,40,"57,1",5212501,2,12,0,2,2
45059,2023,5,13,7,4,222,60,2208403,28,18,0,1,1
45059,2023,5,13,7,3,163,580,5106224,49,20,0,5,2
45059,2023,5,13,7,3,135,443,2206605,38,21,0,1,1
45059,2023,5,13,7,4,153,174,1702109,80,7,0,2,2
45059,2023,5,13,7,4,116,106,4125506,11,20,0,1,1
45059,2023,5,13,7,4,153,77,2512200,18,20,0,1,1
45059,2023,5,13,7,4,101,"439,1",4217709,16,12,0,3,2
45060,2023,5,14,1,1,116,"399,8",3127701,49,10,0,2,2
45060,2023,5,14,1,1,116,"524,7",4314407,11,12,1,2,2
45060,2023,5,14,1,1,316,"409,6",2205953,80,7,0,2,2
45043,2023,4,27,5,4,452,"174,7",5211503,80,10,0,2,2
45060,2023,5,14,1,1,452,"19,8",5218805,11,20,0,2,1
45060,2023,5,14,1,1,316,"614,4",2112209,67,15,1,18,4
45060,2023,5,14,1,2,232,"57,3",2611309,1,11,0,5,2
45060,2023,5,14,1,1,429,"146,5",1100320,41,20,0,4,1
45060,2023,5,14,1,1,364,"31,8",1100304,63,7,0,3,2
45060,2023,5,14,1,2,158,91,5006309,1,11,0,5,2
45042,2023,4,26,4,2,262,"698,8",5003207,67,10,0,4,3
45060,2023,5,14,1,2,242,669,2922250,68,10,0,3,2
45060,2023,5,14,1,2,365,585,3130705,9,1,0,3,2
45060,2023,5,14,1,3,116,"281,5",3300407,83,21,0,1,1
45060,2023,5,14,1,2,116,204,3304144,36,12,0,2,2
45060,2023,5,14,1,3,153,58,3142809,16,12,0,5,4
45060,2023,5,14,1,3,230,13,2204303,67,21,0,2,1
45060,2023,5,14,1,2,101,614,2920908,83,21,0,2,1
45060,2023,5,14,1,3,251,"315,9",3157005,1,2,0,2,2
45060,2023,5,14,1,3,116,"733,4",2903706,82,7,0,4,2
45060,2023,5,14,1,3,153,"375,6",5219902,65,18,0,1,1
45060,2023,5,14,1,3,277,"584,4",2303501,83,21,0,1,1
45060,2023,5,14,1,3,155,266,1502954,67,9,0,2,2
45004,2023,3,19,1,3,392,"675,3",4319372,83,7,0,5,2
45060,2023,5,14,1,4,381,"938,6",3125101,67,4,0,2,2
45060,2023,5,14,1,3,116,"310,5",3132701,80,10,0,2,2
45060,2023,5,14,1,4,70,418,5213707,83,21,0,1,1
45060,2023,5,14,1,3,135,"360,6",2109106,63,21,0,2,1
45060,2023,5,14,1,4,407,73,2611101,80,7,0,4,2
45060,2023,5,14,1,4,259,88,3200805,83,21,0,1,1
45061,2023,5,15,2,1,290,91,4314902,52,9,1,6,2
45060,2023,5,14,1,3,242,260,2914703,83,21,0,1,1
45060,2023,5,14,1,4,242,267,2914703,11,20,0,1,1
45061,2023,5,15,2,1,116,229,3304003,67,20,0,2,1
45061,2023,5,15,2,1,116,"437,4",2910800,49,7,0,3,2
45061,2023,5,15,2,1,116,282,3515004,1,9,1,4,2
45061,2023,5,15,2,1,40,111,3301702,52,15,1,5,5
45061,2023,5,15,2,2,381,482,3106705,11,12,1,2,2
45061,2023,5,15,2,1,424,59,2603207,67,12,0,2,2
45061,2023,5,15,2,2,392,347,2409332,1,11,1,3,2
45061,2023,5,15,2,1,101,277,3305752,67,20,1,1,1
45061,2023,5,15,2,2,262,120,3201704,83,20,0,1,1
45061,2023,5,15,2,2,381,519,3130101,28,18,0,1,1
45061,2023,5,15,2,1,222,"36,4",2303709,67,15,0,6,5
45061,2023,5,15,2,2,135,"128,4",2201705,65,12,0,4,2
45029,2023,4,13,5,2,116,"469,5",3168408,83,21,0,4,2
45061,2023,5,15,2,2,282,"2,9",4205407,52,10,1,3,3
45061,2023,5,15,2,2,364,568,5105903,67,21,0,1,1
45045,2023,4,29,7,4,319,59,1100205,52,9,1,2,2
45061,2023,5,15,2,2,452,"176,1",5211503,11,12,0,2,2
45059,2023,5,13,7,4,116,317,3526209,52,9,0,2,2
45061,2023,5,15,2,2,116,"210,9",4312476,67,12,1,2,2
45026,2023,4,10,2,1,381,653,3159902,18,12,0,4,2
45061,2023,5,15,2,2,376,331,4117305,28,21,1,1,1
45061,2023,5,15,2,2,277,35,4116208,65,12,0,2,2
45061,2023,5,15,2,2,493,11,3301850,16,12,0,4,2
45061,2023,5,15,2,2,381,"644,1",3159902,18,21,0,2,1
45061,2023,5,15,2,2,153,"314,9",5218607,82,9,0,3,2
45061,2023,5,15,2,3,290,"19,1",4317608,52,12,0,3,2
45061,2023,5,15,2,3,277,"648,1",4105300,16,12,0,8,3
45061,2023,5,15,2,3,101,"107,9",4212502,19,15,0,3,3
45061,2023,5,15,2,3,242,"847,8",2903201,67,21,0,1,1
45061,2023,5,15,2,3,376,"14,9",4115200,83,20,1,3,3
45061,2023,5,15,2,4,101,"186,5",3301306,80,7,0,2,2
45061,2023,5,15,2,3,70,291,5211008,41,20,0,1,1
45061,2023,5,15,2,4,116,113,2302206,11,11,1,3,2
45061,2023,5,15,2,3,40,"508,9",3154606,52,2,1,2,2
45061,2023,5,15,2,4,282,"489,7",4205308,49,10,1,2,2
45059,2023,5,13,7,2,153,"567,8",1707553,52,7,0,2,2
45061,2023,5,15,2,2,230,294,2109700,13,21,0,1,1
45061,2023,5,15,2,2,364,295,1100254,3,21,0,2,2
45061,2023,5,15,2,3,116,267,3300407,67,12,0,2,2
45061,2023,5,15,2,4,277,"419,1",3112059,82,10,1,5,3
45062,2023,5,16,3,1,364,657,1100809,67,20,0,1,1
45062,2023,5,16,3,1,408,"88,6",2613701,16,12,0,2,2
45061,2023,5,15,2,4,153,"128,9",1507458,67,12,0,4,2
45062,2023,5,16,3,2,163,513,5103502,11,10,0,4,2
45062,2023,5,16,3,2,290,106,4306767,52,9,1,2,2
45062,2023,5,16,3,1,101,"297,5",3301900,35,2,1,2,2
44972,2023,2,15,4,2,381,237,3158953,11,12,0,3,3
45062,2023,5,16,3,2,101,576,3303807,11,7,0,2,2
45062,2023,5,16,3,2,40,784,3136702,11,12,0,2,2
45050,2023,5,4,5,3,155,337,1504208,80,7,0,2,2
45062,2023,5,16,3,2,174,488,5103304,14,7,0,1,1
45062,2023,5,16,3,2,369,507,2303501,80,7,0,5,5
45062,2023,5,16,3,2,116,357,3529906,11,12,0,2,2
45061,2023,5,15,2,4,251,"424,7",3127800,18,4,0,1,1
45062,2023,5,16,3,2,40,"607,5",3118007,52,9,0,3,2
45019,2023,4,3,2,2,472,427,4310603,11,12,0,3,2
45062,2023,5,16,3,2,251,283,3157005,67,9,0,4,4
45062,2023,5,16,3,2,470,"232,7",4304804,33,11,0,6,2
45062,2023,5,16,3,3,101,"69,2",2611606,1,9,1,2,2
45062,2023,5,16,3,2,101,80,2607901,16,11,0,3,2
45062,2023,5,16,3,2,376,"454,3",4127502,11,4,0,1,1
45062,2023,5,16,3,3,116,676,2918001,28,20,0,1,1
45062,2023,5,16,3,3,381,"483,8",3106705,52,12,0,2,2
45062,2023,5,16,3,3,376,"328,2",4117305,11,20,1,1,1
45060,2023,5,14,1,3,470,56,4202404,35,2,0,3,2
45062,2023,5,16,3,3,163,50,5104609,52,9,0,4,2
45062,2023,5,16,3,3,262,570,3119807,11,15,0,8,5
45062,2023,5,16,3,3,70,"14,3",5200258,1,9,1,2,2
45062,2023,5,16,3,3,290,"213,7",4313953,1,11,1,4,3
45062,2023,5,16,3,3,40,63,3303906,67,7,0,3,2
45062,2023,5,16,3,3,222,"3,3",2303709,52,9,1,2,2
45062,2023,5,16,3,3,101,"10,4",2606200,11,12,0,2,2
44990,2023,3,5,1,3,364,508,1100023,67,9,0,3,3
45050,2023,5,4,5,4,101,22,2703809,67,10,0,3,3
45062,2023,5,16,3,3,487,160,2501005,44,10,1,3,2
45062,2023,5,16,3,3,116,"458,9",3123700,28,10,0,2,2
45062,2023,5,16,3,3,101,49,2600054,52,9,1,4,2
45062,2023,5,16,3,3,70,515,2211407,1,11,1,3,2
44998,2023,3,13,2,3,293,53,4305124,11,7,0,2,2
45062,2023,5,16,3,4,153,"506,3",5201405,29,9,1,3,2
45062,2023,5,16,3,4,116,"31,8",4208104,82,10,0,2,2
45062,2023,5,16,3,4,50,312,5206602,28,18,0,1,1
45062,2023,5,16,3,3,381,"74,4",3550308,83,21,0,2,2
45062,2023,5,16,3,4,242,549,2923209,60,2,0,2,2
45062,2023,5,16,3,4,282,"493,8",4219507,49,20,0,2,2
45062,2023,5,16,3,4,101,"351,5",3200409,83,21,0,2,2
45062,2023,5,16,3,3,226,"298,9",2101608,14,21,0,1,1
45062,2023,5,16,3,4,470,333,4203600,11,10,0,2,2
45062,2023,5,16,3,4,116,508,2513802,82,7,0,2,2
45062,2023,5,16,3,3,343,"620,9",2203909,52,7,0,4,2
45062,2023,5,16,3,3,158,"627,8",3100609,49,21,0,1,1
45062,2023,5,16,3,4,70,635,5106505,65,18,0,2,1
45063,2023,5,17,4,1,101,37,2606804,67,4,0,1,1
45060,2023,5,14,1,3,135,425,2208700,11,21,0,1,1
45063,2023,5,17,4,1,135,342,2209302,67,21,0,1,1
45062,2023,5,16,3,4,60,223,5205455,52,21,0,1,1
45063,2023,5,17,4,2,40,47,3303906,67,11,0,2,2
45063,2023,5,17,4,2,381,"707,2",3144607,11,21,0,1,1
45063,2023,5,17,4,2,470,"48,7",4202404,11,12,1,2,2
45063,2023,5,17,4,1,116,"284,1",3300407,16,12,0,3,2
45051,2023,5,5,6,2,470,7,4211306,16,9,0,2,2
45063,2023,5,17,4,2,364,"345,9",5107800,67,4,0,5,4
45063,2023,5,17,4,1,381,"929,7",3133600,83,21,0,1,1
45063,2023,5,17,4,2,153,371,4122008,82,10,0,4,3
45063,2023,5,17,4,2,158,"96,4",4313706,33,11,0,2,2
45063,2023,5,17,4,2,262,"363,5",3136652,11,21,0,2,2
45039,2023,4,23,1,3,262,95,3205069,1,11,0,3,2
45047,2023,5,1,2,4,230,615,1301704,18,20,1,2,1
45063,2023,5,17,4,2,101,336,4218707,2,11,1,2,2
45063,2023,5,17,4,2,50,21,3170206,67,12,0,3,3
45063,2023,5,17,4,2,282,59,4214300,11,11,1,6,2
45019,2023,4,3,2,3,20,9,5300108,28,9,1,4,3
45063,2023,5,17,4,3,267,"30,6",3104403,16,12,0,5,2
45063,2023,5,17,4,2,101,"42,2",2606804,1,11,1,7,3
45063,2023,5,17,4,3,101,228,4211900,82,9,0,2,2
45063,2023,5,17,4,2,471,"159,6",4315701,16,12,0,7,2
45036,2023,4,20,5,2,101,349,2911204,82,7,0,3,3
45063,2023,5,17,4,2,470,"267,8",4318614,83,20,0,2,2
45055,2023,5,9,3,3,116,424,2910800,82,11,0,2,2
45063,2023,5,17,4,3,40,121,3301702,70,9,1,3,2
45063,2023,5,17,4,2,163,519,5103502,11,7,0,2,2
45063,2023,5,17,4,2,364,590,5103502,80,7,0,2,2
45063,2023,5,17,4,3,381,816,3113602,11,12,0,2,2
45063,2023,5,17,4,3,158,"414,4",5107180,67,12,0,3,3
45063,2023,5,17,4,3,376,313,4117305,83,21,0,1,1
45063,2023,5,17,4,3,369,"450,1",4128005,80,7,0,2,2
45063,2023,5,17,4,3,277,116,4104204,11,12,1,2,2
45063,2023,5,17,4,3,40,"656,4",3120409,44,21,0,1,1
45063,2023,5,17,4,3,40,"522,5",3154606,52,9,1,2,2
45063,2023,5,17,4,3,116,18,2306256,67,9,1,2,2
44991,2023,3,6,2,3,392,118,4304507,35,2,1,2,2
45056,2023,5,10,4,2,101,163,4218004,17,11,1,2,2
45063,2023,5,17,4,4,101,"229,4",3202207,16,12,1,3,2
45063,2023,5,17,4,2,153,126,2512200,29,20,0,1,1
45063,2023,5,17,4,4,116,312,4309308,80,10,0,2,2
45063,2023,5,17,4,4,153,24,4111803,52,9,0,2,2
45063,2023,5,17,4,4,376,184,4126256,35,2,1,3,3
45063,2023,5,17,4,4,376,671,4109609,28,18,0,1,1
45063,2023,5,17,4,4,116,"626,1",3145877,83,21,0,1,1
45064,2023,5,18,5,1,116,"29,5",3513405,18,12,0,2,2