id_data,ano,mes,dia,id_dia_semana,periodo,br,km,id_municipio,id_causa_acidente,id_tipo_acidente,id_uso_solo,pessoas,veiculos
45064,2023,5,18,5,1,277,"631,9",4105300,18,12,0,2,2
45064,2023,5,18,5,1,290,39,4317608,65,18,0,1,1
45064,2023,5,18,5,1,232,29,2609402,67,21,0,3,1
45064,2023,5,18,5,2,101,241,3202207,11,12,0,3,2
45064,2023,5,18,5,1,101,261,3304300,83,12,1,3,2
45063,2023,5,17,4,3,116,226,3304003,21,21,0,1,1
45063,2023,5,17,4,4,316,"610,6",2112209,11,3,0,1,1
45064,2023,5,18,5,2,272,"368,5",4104303,36,12,1,6,3
45064,2023,5,18,5,2,232,"261,5",2601201,80,7,0,2,2
45064,2023,5,18,5,1,70,591,5106505,18,20,0,2,2
45064,2023,5,18,5,2,470,170,4213708,11,10,0,43,2
45064,2023,5,18,5,2,423,53,2608800,76,12,0,2,2
45064,2023,5,18,5,2,101,200,2801702,72,4,0,1,1
45062,2023,5,16,3,3,230,"529,2",1500859,67,20,0,2,1
45064,2023,5,18,5,2,381,"494,1",3106705,11,15,1,4,3
45064,2023,5,18,5,2,470,56,4202404,1,11,0,2,2
45063,2023,5,17,4,4,101,343,2931608,83,7,0,3,2
45064,2023,5,18,5,2,163,1109,5104104,83,21,0,1,1
44988,2023,3,3,6,2,116,"516,5",4314407,11,11,1,2,2
45020,2023,4,4,3,2,277,9,4118204,67,20,0,1,1
45064,2023,5,18,5,2,364,"301,4",1100254,82,20,0,4,3
45064,2023,5,18,5,2,277,349,4109401,33,7,1,4,2
44957,2023,1,31,3,1,381,"414,7",1101435,83,12,1,6,2
45064,2023,5,18,5,2,282,32,4215703,33,11,1,2,2
45064,2023,5,18,5,2,282,"537,4",4204202,67,7,0,3,2
45063,2023,5,17,4,4,116,"902,8",2906709,28,18,0,1,1
45064,2023,5,18,5,2,232,214,2610905,11,12,0,3,2
45031,2023,4,15,7,1,116,28,3513405,83,4,0,3,3
45039,2023,4,23,1,3,101,403,4210407,67,12,0,2,2
45047,2023,5,1,2,3,277,307,4109401,80,9,0,13,7
45064,2023,5,18,5,2,364,"201,7",5107602,67,12,1,5,4
45064,2023,5,18,5,2,364,13,5100300,21,21,0,1,1
45064,2023,5,18,5,2,226,"241,3",2112308,28,21,0,1,1
45064,2023,5,18,5,2,242,322,2901304,83,20,0,1,1
45064,2023,5,18,5,3,493,82,3301702,11,9,0,3,2
45064,2023,5,18,5,3,376,"1,7",4114203,52,9,0,4,2
45060,2023,5,14,1,3,376,"671,4",4109609,28,20,0,1,1
45064,2023,5,18,5,3,101,"82,4",2803609,67,4,0,1,1
45064,2023,5,18,5,3,290,"180,4",4302709,16,12,0,2,2
45064,2023,5,18,5,4,267,"218,7",3103603,28,18,0,1,1
45064,2023,5,18,5,4,174,154,5105622,28,18,0,1,1
45064,2023,5,18,5,4,20,"31,8",5300108,67,21,0,1,1
45064,2023,5,18,5,4,381,369,3161908,83,10,0,2,2
45064,2023,5,18,5,4,163,"358,8",5006002,52,10,0,2,2
45064,2023,5,18,5,4,153,205,5221601,28,18,0,1,1
45064,2023,5,18,5,3,285,3,4318002,1,21,0,2,2
45065,2023,5,19,6,1,116,300,3549953,67,21,0,1,1
45064,2023,5,18,5,4,364,694,1100809,49,21,1,1,1
45065,2023,5,19,6,1,262,144,5000203,11,4,1,2,2
45065,2023,5,19,6,1,277,"43,2",4116208,18,12,0,2,2
45065,2023,5,19,6,1,40,112,3301702,67,12,1,2,2
45049,2023,5,3,4,4,285,371,4316436,82,4,0,2,2
45065,2023,5,19,6,2,101,"215,8",4211900,51,4,1,1,1
45017,2023,4,1,7,4,101,200,4216602,44,12,1,3,2
45064,2023,5,18,5,4,242,293,2919009,52,7,0,6,2
45062,2023,5,16,3,2,101,261,4212304,18,20,0,1,1
45065,2023,5,19,6,1,401,7,1400175,28,18,1,1,1
45065,2023,5,19,6,2,135,13,2111300,67,9,0,2,2
45058,2023,5,12,6,3,153,"335,3",4110706,1,11,1,3,2
45065,2023,5,19,6,2,101,396,3302007,52,20,0,3,2
45065,2023,5,19,6,2,163,"491,4",2401305,11,12,1,3,2
45065,2023,5,19,6,2,476,"189,4",4113205,83,20,0,1,1
45065,2023,5,19,6,2,285,662,4318002,67,12,0,2,2
45064,2023,5,18,5,4,153,376,5219902,67,20,0,1,1
45065,2023,5,19,6,2,448,10,4304606,67,12,0,3,2
45065,2023,5,19,6,2,280,"194,3",4210100,1,9,0,2,2
45065,2023,5,19,6,2,60,63,5200100,11,9,0,8,2
45065,2023,5,19,6,2,101,428,3200706,65,12,0,3,3
45065,2023,5,19,6,2,364,433,1100114,11,12,0,3,2
45065,2023,5,19,6,2,463,13,5003702,67,21,0,2,1
45065,2023,5,19,6,2,116,96,4125506,11,9,1,4,4
45065,2023,5,19,6,2,163,"159,5",4113452,83,20,0,1,1
45065,2023,5,19,6,2,381,71,3528502,52,12,1,3,2
45010,2023,3,25,7,3,470,331,4203600,30,18,0,1,1
45065,2023,5,19,6,2,222,63,2312403,16,12,1,2,2
45065,2023,5,19,6,3,60,454,5211909,67,20,0,1,1
45065,2023,5,19,6,3,101,171,3302403,12,7,0,5,4
45065,2023,5,19,6,3,163,"483,4",2401305,1,9,1,3,2
45065,2023,5,19,6,3,277,583,2303501,1,9,0,3,2
45065,2023,5,19,6,3,153,"322,8",5218706,67,12,0,2,2
45065,2023,5,19,6,3,287,"271,1",2409332,11,20,0,2,2
45065,2023,5,19,6,3,101,215,3202504,1,11,1,4,3
45065,2023,5,19,6,3,101,"290,5",3201308,11,12,0,2,2
45065,2023,5,19,6,3,116,142,4305108,17,11,1,2,2
45065,2023,5,19,6,3,101,112,4208203,11,12,0,2,2
45065,2023,5,19,6,3,20,3,5300108,65,12,1,6,4
45065,2023,5,19,6,3,101,"297,8",3201308,1,9,1,3,3
45065,2023,5,19,6,3,116,176,3518305,61,2,0,2,2
45065,2023,5,19,6,3,290,75,4309209,67,15,1,3,3
44961,2023,2,4,7,4,40,"646,5",3120409,38,12,0,5,2
45065,2023,5,19,6,3,101,179,2910800,16,12,0,4,3
45065,2023,5,19,6,3,381,"660,8",3159902,18,12,0,2,2
45065,2023,5,19,6,2,251,229,3157377,9,1,0,2,2
45065,2023,5,19,6,3,163,747,5107925,67,9,1,2,2
45065,2023,5,19,6,3,163,642,5106224,11,12,0,6,2
45065,2023,5,19,6,3,386,"46,5",4320206,16,12,0,4,4
45065,2023,5,19,6,4,369,"442,9",4128005,52,11,0,7,4
45065,2023,5,19,6,4,163,118,5107602,11,12,0,2,2
45065,2023,5,19,6,4,285,625,4317707,80,10,0,2,2
45065,2023,5,19,6,4,364,497,5104906,11,12,0,2,2
45065,2023,5,19,6,4,116,"552,5",3157252,80,7,0,3,2
45065,2023,5,19,6,4,101,215,4211900,11,9,1,3,3
45065,2023,5,19,6,4,116,214,4213302,83,21,0,1,1
45065,2023,5,19,6,4,364,427,1100114,36,12,1,4,3
45066,2023,5,20,7,1,376,"162,8",4115200,11,12,0,3,2
45066,2023,5,20,7,1,101,162,3203205,11,11,0,3,2
45066,2023,5,20,7,1,376,"162,8",4115200,56,12,0,2,2
45066,2023,5,20,7,1,381,"892,5",3110608,11,20,0,3,1
45066,2023,5,20,7,1,381,"13,9",3507605,18,12,0,2,2
45066,2023,5,20,7,1,30,271,2905206,37,10,0,2,2
45066,2023,5,20,7,2,116,457,3542602,82,12,0,4,2
45066,2023,5,20,7,2,101,274,3305752,30,12,1,3,3
45066,2023,5,20,7,1,40,"179,5",3136306,18,20,0,3,1
45066,2023,5,20,7,2,116,87,3538006,16,12,0,3,2
45030,2023,4,14,6,4,376,"471,7",4119905,11,20,0,1,1
45066,2023,5,20,7,2,282,"531,3",4204350,2,11,1,2,2
45066,2023,5,20,7,2,116,"309,1",3549953,11,9,0,2,2
45066,2023,5,20,7,2,376,302,4115754,83,21,0,1,1
45066,2023,5,20,7,2,60,"104,9",5208400,52,9,0,2,2
45066,2023,5,20,7,2,222,"313,1",2313401,52,9,0,2,2
44998,2023,3,13,2,2,290,75,4309209,28,21,1,1,1
45066,2023,5,20,7,2,101,42,2606804,78,9,1,2,2
45003,2023,3,18,7,1,163,540,5103502,15,20,0,1,1
45066,2023,5,20,7,2,282,421,3170602,82,7,0,2,2
45066,2023,5,20,7,2,163,"70,3",4217204,52,9,1,3,3
45066,2023,5,20,7,2,101,170,3200607,67,21,0,2,2
45066,2023,5,20,7,2,153,530,1718451,44,12,0,9,8
45065,2023,5,19,6,4,230,413,2101400,14,4,0,2,1
45066,2023,5,20,7,3,116,112,3554102,1,9,1,6,4
45066,2023,5,20,7,2,153,"121,9",4109708,67,21,0,1,1
45063,2023,5,17,4,1,262,387,3126000,49,14,0,1,1
45066,2023,5,20,7,3,267,296,3104908,2,11,0,3,2
45066,2023,5,20,7,2,70,"4,4",5101803,28,20,0,1,1
45066,2023,5,20,7,2,364,377,1100155,52,7,0,10,6
45066,2023,5,20,7,3,101,172,3200607,11,12,0,2,2
45066,2023,5,20,7,2,232,253,2601201,80,7,1,2,2
44978,2023,2,21,3,3,277,"27,2",4116208,1,11,0,5,2
45066,2023,5,20,7,3,153,261,5214861,49,9,0,3,3
45066,2023,5,20,7,3,116,"502,5",2302503,80,7,1,2,2
45066,2023,5,20,7,3,428,47,2609808,67,21,1,1,1
45066,2023,5,20,7,3,423,62,2200202,7,11,0,6,2
45066,2023,5,20,7,3,153,"507,9",5201405,1,9,1,2,2
45064,2023,5,18,5,3,282,"513,1",4219705,18,10,0,2,2
45066,2023,5,20,7,3,163,"23,4",4124400,72,11,0,4,2
45066,2023,5,20,7,4,232,"334,5",2605103,16,12,1,2,2
45066,2023,5,20,7,3,316,"620,8",2112209,80,7,1,2,2
45066,2023,5,20,7,4,493,18,3301850,46,20,1,3,1
45066,2023,5,20,7,4,153,334,1709302,49,9,1,2,2
45066,2023,5,20,7,3,277,"484,2",4117057,83,21,0,1,1
45066,2023,5,20,7,3,376,"14,2",4115200,51,20,0,1,1
45066,2023,5,20,7,4,163,1097,5104104,67,20,0,1,1
45066,2023,5,20,7,3,316,86,2708006,80,7,0,2,2
45066,2023,5,20,7,3,316,"406,3",2205953,67,12,0,2,2
45066,2023,5,20,7,3,364,491,1100023,67,12,0,2,2
45066,2023,5,20,7,3,364,338,1100122,1,11,1,2,2
45066,2023,5,20,7,4,40,"362,9",3125705,18,20,0,1,1
45066,2023,5,20,7,4,230,"408,2",2512101,49,4,1,2,2
45067,2023,5,21,1,1,467,107,2303501,18,9,0,2,2
45067,2023,5,21,1,1,364,0,3151602,67,4,0,2,2
45067,2023,5,21,1,1,262,"633,7",3129509,67,12,0,5,2
45067,2023,5,21,1,1,116,109,4125506,11,9,0,3,2
45066,2023,5,20,7,4,316,86,2708006,49,12,0,4,3
45067,2023,5,21,1,2,316,"536,3",2103000,49,10,0,2,2
45067,2023,5,21,1,1,316,86,2708006,67,11,0,3,2
45067,2023,5,21,1,2,222,663,2100055,1,9,1,2,2
45067,2023,5,21,1,2,153,134,2512200,16,15,0,3,3
45067,2023,5,21,1,2,262,900,3111408,83,21,0,1,1
45067,2023,5,21,1,1,316,"56,1",2206407,63,10,0,4,2
45067,2023,5,21,1,3,381,"853,4",3152501,11,12,0,6,3
45067,2023,5,21,1,3,153,"27,8",3533007,67,11,0,2,2
44999,2023,3,14,3,4,392,112,4304507,80,10,0,2,2
45067,2023,5,21,1,2,267,170,5006200,28,18,0,1,1
45067,2023,5,21,1,3,116,"912,1",2910404,1,11,1,2,2
45067,2023,5,21,1,3,101,"147,3",2802106,83,21,1,2,1
45067,2023,5,21,1,3,251,42,5300108,20,11,1,4,2
45067,2023,5,21,1,3,153,201,2309201,80,7,0,3,3
45067,2023,5,21,1,3,116,101,4125506,13,10,0,4,3
45067,2023,5,21,1,3,316,103,2702504,20,7,0,3,2
45067,2023,5,21,1,3,70,513,2211407,16,12,0,2,2
45067,2023,5,21,1,3,381,408,1101435,67,9,0,4,3
45067,2023,5,21,1,3,116,92,4125506,11,12,0,2,2
45067,2023,5,21,1,3,476,29,4100202,67,21,0,1,1
45067,2023,5,21,1,3,101,62,3204906,52,9,0,2,2
45067,2023,5,21,1,3,101,"448,3",3203403,9,1,0,3,2
45067,2023,5,21,1,3,251,474,3126703,28,12,0,2,2
45067,2023,5,21,1,3,364,204,5107602,1,2,1,2,2
45067,2023,5,21,1,4,163,"20,1",4124400,80,7,0,2,2
45067,2023,5,21,1,3,324,"560,5",2929503,66,21,0,1,1
45067,2023,5,21,1,4,343,268,2202208,1,11,1,2,2
45067,2023,5,21,1,4,158,167,#N/D,80,7,0,3,2
45067,2023,5,21,1,3,163,601,5106224,80,7,1,2,2
45068,2023,5,22,2,1,40,"457,7",3109907,18,20,0,3,2
45067,2023,5,21,1,3,262,156,3161007,83,4,0,3,1
45068,2023,5,22,2,1,316,"249,2",1501956,9,1,0,1,1
45068,2023,5,22,2,1,230,38,2110203,16,12,1,6,2
45068,2023,5,22,2,1,381,532,3133709,83,21,0,1,1
45068,2023,5,22,2,1,324,559,2901106,1,11,0,5,2
45068,2023,5,22,2,1,116,"41,5",4104006,11,4,0,1,1
45068,2023,5,22,2,2,285,"304,2",4314100,80,7,0,2,2
45067,2023,5,21,1,3,163,"805,2",1506195,82,9,0,3,3
45068,2023,5,22,2,2,232,"4,6",2611606,52,9,1,2,2
45068,2023,5,22,2,2,101,"107,4",4212502,52,20,0,4,2
45068,2023,5,22,2,2,101,"289,9",3201308,67,20,0,2,1
45068,2023,5,22,2,2,470,"273,7",4202875,83,15,0,7,3
45068,2023,5,22,2,2,101,289,3201308,15,12,1,4,2
45068,2023,5,22,2,2,316,"620,1",2112209,67,12,1,2,2
45068,2023,5,22,2,2,153,494,5208707,11,12,1,3,3
45068,2023,5,22,2,2,101,162,3203205,67,12,1,2,2
45068,2023,5,22,2,1,448,17,4304606,11,20,1,1,1
45068,2023,5,22,2,2,101,"275,5",4207304,11,12,1,2,2
45068,2023,5,22,2,2,424,"32,2",2616001,82,9,0,3,3
45063,2023,5,17,4,3,290,142,4306767,11,12,1,2,2
45068,2023,5,22,2,2,364,"8,4",1100304,28,4,1,1,1
45068,2023,5,22,2,2,277,"516,5",4109302,67,12,0,2,2
45068,2023,5,22,2,2,158,"17,6",5201702,80,7,0,3,2
45068,2023,5,22,2,2,381,420,3110004,1,11,1,2,2
45068,2023,5,22,2,3,101,"231,2",2929602,67,10,0,2,2
45068,2023,5,22,2,3,392,"49,7",4315602,18,20,0,1,1
45068,2023,5,22,2,3,277,5,4118204,16,12,1,3,2
45068,2023,5,22,2,3,116,185,3303500,1,9,1,3,2
45068,2023,5,22,2,3,277,"604,4",4124020,82,7,0,2,2
45068,2023,5,22,2,3,101,"219,9",3202504,11,12,1,2,2
45068,2023,5,22,2,3,381,"908,2",3110608,67,21,0,1,1
45036,2023,4,20,5,3,101,"337,4",3202405,52,2,0,3,2
45068,2023,5,22,2,3,116,590,2914208,49,20,0,1,1
45068,2023,5,22,2,3,116,682,3142106,20,9,0,3,2
45016,2023,3,31,6,3,282,"272,3",4216800,16,12,0,4,4
45068,2023,5,22,2,4,381,39,3504107,67,9,1,2,2
45068,2023,5,22,2,4,277,"14,8",4118204,67,20,0,3,1
45068,2023,5,22,2,4,101,147,4208302,52,9,1,4,3
45068,2023,5,22,2,3,101,236,3305604,52,12,0,6,2
45068,2023,5,22,2,4,267,"267,5",3101201,14,20,0,1,1
45068,2023,5,22,2,3,470,201,4213302,11,20,0,1,1
45068,2023,5,22,2,4,487,"110,3",4106605,80,7,0,4,3
45068,2023,5,22,2,4,20,"274,5",2307700,64,21,0,2,1
45069,2023,5,23,3,1,316,80,1502400,60,2,0,3,2
45069,2023,5,23,3,1,393,235,3306206,12,7,1,2,2
45044,2023,4,28,6,2,277,654,4115606,82,7,0,3,3
45069,2023,5,23,3,1,101,142,4208302,49,9,1,3,3
45069,2023,5,23,3,1,135,0,2111300,67,4,1,1,1
45069,2023,5,23,3,1,262,320,2401305,12,10,0,11,2
45069,2023,5,23,3,1,116,291,3168606,63,10,0,2,2
45069,2023,5,23,3,1,101,"69,5",2804003,82,7,0,3,2
45069,2023,5,23,3,2,158,323,2409332,1,9,1,2,2
45069,2023,5,23,3,1,267,"132,1",5006200,52,10,0,7,4
45069,2023,5,23,3,2,376,435,4127502,52,9,0,7,3
45069,2023,5,23,3,2,101,74,2611606,16,12,1,3,2
45069,2023,5,23,3,2,116,116,4106902,78,12,1,6,4
45069,2023,5,23,3,2,101,232,4211900,11,9,0,2,2
45069,2023,5,23,3,2,50,36,3103504,67,12,1,2,2
45033,2023,4,17,2,2,40,"747,3",3160702,1,11,1,2,2
45069,2023,5,23,3,2,277,"40,8",4116208,52,12,0,3,2
45069,2023,5,23,3,2,116,12,4105805,16,12,1,2,2
45053,2023,5,7,1,2,174,901,1302603,82,12,0,24,2
45069,2023,5,23,3,2,101,187,4202305,83,9,1,4,4
45069,2023,5,23,3,2,110,272,2913705,18,10,0,2,2
45069,2023,5,23,3,2,101,172,2806305,44,7,0,2,2
45069,2023,5,23,3,2,262,"553,1",3138807,83,21,0,1,1
44988,2023,3,3,6,2,60,124,5208400,19,12,0,2,2
45069,2023,5,23,3,2,116,361,4321105,20,7,0,2,2
45069,2023,5,23,3,2,316,310,2208007,67,9,1,3,2
45069,2023,5,23,3,2,285,"419,6",4313904,80,7,0,2,2
45069,2023,5,23,3,3,381,365,3161908,83,21,0,1,1
45069,2023,5,23,3,2,364,126,1200401,60,2,0,2,2
45069,2023,5,23,3,2,369,163,4103701,83,21,1,1,1
45069,2023,5,23,3,3,277,"193,5",4117701,80,7,0,5,3
44993,2023,3,8,4,3,470,163,4218608,80,7,0,3,2
45069,2023,5,23,3,2,116,144,3301702,67,12,1,6,2
45069,2023,5,23,3,3,365,"21,9",3143302,83,20,0,3,2
45069,2023,5,23,3,2,116,"268,7",3168606,67,3,0,1,1
45069,2023,5,23,3,3,448,"3,9",4307708,67,12,0,3,2
45069,2023,5,23,3,2,452,134,5203500,51,12,1,3,3
45069,2023,5,23,3,3,101,259,2928703,65,20,1,1,1
45069,2023,5,23,3,3,116,153,3549904,52,9,1,2,2
45069,2023,5,23,3,3,101,349,2933505,4,15,1,4,3
45069,2023,5,23,3,3,364,196,1100189,52,9,1,2,2
45069,2023,5,23,3,3,364,"35,5",1100304,63,10,0,4,3
45069,2023,5,23,3,3,277,"15,3",4118204,44,12,0,4,3
45069,2023,5,23,3,3,163,"777,7",5107925,67,12,0,3,2
45004,2023,3,19,1,1,343,"314,5",2200400,11,12,0,2,2
45069,2023,5,23,3,2,262,148,3116902,33,11,0,2,2
45045,2023,4,29,7,3,101,429,3302601,83,7,0,3,2
45069,2023,5,23,3,4,116,"400,2",3529906,1,2,0,3,3
45069,2023,5,23,3,4,116,511,3509254,67,4,0,1,1
45069,2023,5,23,3,3,277,40,4116208,49,12,0,2,2
45069,2023,5,23,3,4,369,28,4103602,1,3,0,4,3
45069,2023,5,23,3,4,381,"86,3",3550308,83,9,0,2,2
45069,2023,5,23,3,2,153,643,2308906,67,20,0,1,1
45069,2023,5,23,3,4,135,3,2111300,1,20,0,2,2
45069,2023,5,23,3,4,153,"275,5",3533700,49,7,0,2,2
45070,2023,5,24,4,1,101,293,3201308,18,20,1,1,1
45070,2023,5,24,4,1,376,673,4109609,67,12,0,2,2
45069,2023,5,23,3,2,70,"713,2",5102504,82,7,0,3,3
45070,2023,5,24,4,1,116,"400,8",3529906,67,7,0,34,2
45070,2023,5,24,4,1,285,"424,8",4313904,28,18,0,1,1
45070,2023,5,24,4,2,40,269,3161700,82,10,0,6,4
45070,2023,5,24,4,2,101,"731,3",2914653,80,7,0,3,2
45070,2023,5,24,4,2,116,123,3508504,67,12,0,2,2
44974,2023,2,17,6,3,364,256,5107404,57,12,0,2,2
45070,2023,5,24,4,2,364,272,5104807,67,21,0,2,1
45070,2023,5,24,4,2,381,"869,5",3152501,67,4,0,1,1
45070,2023,5,24,4,2,262,"351,6",2401305,70,9,0,2,2
45070,2023,5,24,4,2,116,"4,5",2304400,16,12,1,2,2
45070,2023,5,24,4,2,163,831,5107909,67,12,0,2,2
45070,2023,5,24,4,2,135,3,2111300,52,9,0,2,2
45070,2023,5,24,4,2,304,"42,2",2408003,83,20,0,2,1
45070,2023,5,24,4,2,476,"75,3",4103107,4,7,0,3,2
45070,2023,5,24,4,2,116,"602,7",3162559,11,3,0,2,1
45070,2023,5,24,4,2,101,328,3303302,67,12,1,2,2
45070,2023,5,24,4,2,116,"101,8",4319000,67,21,0,1,1
45070,2023,5,24,4,1,222,"567,6",2102036,63,7,0,4,2
45070,2023,5,24,4,3,381,488,3106705,11,4,1,3,2
45070,2023,5,24,4,3,116,"715,6",3143906,15,20,0,2,1
45070,2023,5,24,4,3,163,603,5106224,1,9,0,3,2
45056,2023,5,10,4,1,116,211,2313104,18,7,0,2,2
45070,2023,5,24,4,3,116,"413,8",3526100,67,12,1,2,2
45070,2023,5,24,4,3,262,375,3136652,58,12,0,2,2
45070,2023,5,24,4,3,470,"144,8",4214805,16,12,1,4,3
45070,2023,5,24,4,3,232,82,2606408,11,4,1,2,1
45070,2023,5,24,4,3,381,336,3144706,80,10,0,12,3
45070,2023,5,24,4,3,452,8,5218805,67,15,0,4,3
45070,2023,5,24,4,3,364,731,5103502,16,12,0,2,2
45070,2023,5,24,4,3,277,305,4120606,41,20,0,1,1
45070,2023,5,24,4,3,40,"509,4",3154606,11,12,1,3,2
45070,2023,5,24,4,3,158,571,3100609,67,4,1,2,2
45070,2023,5,24,4,2,487,112,5004601,11,20,0,1,1
45070,2023,5,24,4,3,50,206,5204805,67,12,0,2,2
45070,2023,5,24,4,3,158,"334,5",2409332,11,12,0,6,2
45070,2023,5,24,4,1,364,1206,5102686,18,12,0,2,2
45050,2023,5,4,5,3,101,110,2607208,83,21,0,2,2
45070,2023,5,24,4,3,267,"297,6",5007208,67,10,0,4,2
45070,2023,5,24,4,4,230,"410,2",2512101,16,12,0,3,2
45070,2023,5,24,4,3,282,"412,8",4105003,82,7,0,2,2
45070,2023,5,24,4,4,282,"101,8",4200705,67,3,0,2,2
45018,2023,4,2,1,4,110,174,2926608,51,7,1,2,2
45070,2023,5,24,4,4,116,145,3549904,52,9,0,3,2
45070,2023,5,24,4,4,116,141,2311801,18,20,0,4,1
45054,2023,5,8,2,3,163,"190,5",5002407,67,12,0,3,2
45070,2023,5,24,4,4,277,173,4117701,82,7,0,4,3
45070,2023,5,24,4,4,153,"609,9",1706258,33,7,0,4,2
45070,2023,5,24,4,4,116,52,3527207,1,12,0,2,2
45070,2023,5,24,4,4,135,33,2101251,28,18,0,1,1
45071,2023,5,25,5,1,324,5,2910800,65,18,1,1,1
45070,2023,5,24,4,3,364,"5,4",3550902,67,21,0,1,1
45071,2023,5,25,5,1,163,927,5104559,67,12,0,2,2
45071,2023,5,25,5,1,232,"362,1",2605608,11,21,0,1,1
45071,2023,5,25,5,1,470,"52,7",4202404,1,11,1,2,2
45071,2023,5,25,5,1,101,355,4215455,18,20,0,1,1
45071,2023,5,25,5,1,116,506,2302503,28,18,0,1,1
45071,2023,5,25,5,2,262,802,3170107,11,12,1,3,2
45071,2023,5,25,5,2,116,64,4104006,28,18,0,1,1
45071,2023,5,25,5,2,60,"99,1",5201108,16,15,1,5,5
45071,2023,5,25,5,1,101,2,4205803,14,14,0,1,1
44991,2023,3,6,2,3,101,"80,2",2607901,83,12,1,2,2
45022,2023,4,6,5,2,50,165,5204805,83,21,0,1,1
45050,2023,5,4,5,1,153,458,4128203,49,9,0,2,2
45071,2023,5,25,5,2,369,66,4123907,44,12,0,2,2
45071,2023,5,25,5,2,101,"268,9",3205002,52,9,1,2,2
45067,2023,5,21,1,4,101,439,2932200,18,20,0,4,1
45071,2023,5,25,5,2,324,"535,9",2908507,16,12,1,3,2
45071,2023,5,25,5,2,158,"719,3",5101803,16,12,0,5,4
45071,2023,5,25,5,2,101,"77,1",4201307,51,12,0,3,2
45071,2023,5,25,5,2,116,"126,9",4107652,52,9,1,4,3
45071,2023,5,25,5,2,376,307,4115754,83,21,0,1,1
44996,2023,3,11,7,1,365,373,3148004,83,20,0,3,2
45071,2023,5,25,5,2,376,"73,9",4108908,67,12,0,2,2
45071,2023,5,25,5,2,153,"178,7",3116902,11,9,0,21,3
45059,2023,5,13,7,3,153,428,5201108,11,7,0,3,2
45071,2023,5,25,5,3,153,"748,3",1700707,11,10,0,4,3
45071,2023,5,25,5,2,280,2,4216206,1,11,1,2,2
45071,2023,5,25,5,3,316,22,1501501,28,20,0,1,1
45063,2023,5,17,4,2,267,"656,1",5006903,11,12,0,2,2
45071,2023,5,25,5,3,101,1,2927002,11,21,0,2,1
45071,2023,5,25,5,3,386,"416,5",4312401,11,12,0,2,2
45068,2023,5,22,2,3,364,68,1200385,52,20,0,4,2
45071,2023,5,25,5,3,101,64,2910503,67,21,0,2,1
45071,2023,5,25,5,3,153,149,1702109,82,9,1,2,2
45071,2023,5,25,5,3,101,7,4205803,67,12,1,3,2
45071,2023,5,25,5,3,116,311,3304201,11,15,0,3,3
45071,2023,5,25,5,2,251,"356,7",3146255,83,10,0,3,2
45071,2023,5,25,5,3,116,"156,2",3549904,11,9,1,3,3
45071,2023,5,25,5,2,251,308,3157005,1,11,0,3,2
45071,2023,5,25,5,3,116,182,3303500,78,9,1,3,2
45071,2023,5,25,5,4,101,"206,3",4216602,52,9,1,3,2
45071,2023,5,25,5,3,163,272,3169109,28,18,0,3,1
45071,2023,5,25,5,2,364,"456,5",1100023,28,20,0,1,1
45071,2023,5,25,5,3,262,695,3104007,83,12,0,2,2
45071,2023,5,25,5,4,316,269,2109908,16,12,1,2,2
45071,2023,5,25,5,3,364,859,1100205,67,20,0,3,2
45071,2023,5,25,5,4,381,30,3504107,49,11,0,2,2
45071,2023,5,25,5,4,101,"20,1",2927002,61,2,0,2,2
45071,2023,5,25,5,4,376,198,4114807,44,12,0,2,2
45071,2023,5,25,5,4,40,117,3301702,67,12,0,2,2
45071,2023,5,25,5,4,324,"5,8",2910800,52,21,0,1,1
45072,2023,5,26,6,1,116,"145,7",4114302,82,9,0,2,2
45072,2023,5,26,6,1,153,27,3115805,11,20,0,1,1
45072,2023,5,26,6,2,277,672,4115804,16,12,1,2,2
45072,2023,5,26,6,1,116,"280,8",3515004,78,9,1,2,2
45071,2023,5,25,5,3,381,"779,5",3110905,11,21,0,2,2
45071,2023,5,25,5,4,50,"62,1",3170206,29,20,0,3,1
45072,2023,5,26,6,2,101,201,4216602,11,12,1,3,2
45072,2023,5,26,6,2,293,137,4304358,1,11,1,3,2
45049,2023,5,3,4,4,153,"190,1",3527108,11,20,0,1,1
45020,2023,4,4,3,3,373,"172,7",4119905,11,4,1,1,1
45072,2023,5,26,6,2,364,366,1100155,28,4,0,2,2
45072,2023,5,26,6,2,101,"118,5",4208203,11,12,0,3,2
45072,2023,5,26,6,2,232,"4,9",2611606,52,9,1,2,2
45072,2023,5,26,6,2,174,987,1302603,83,21,0,1,1
45072,2023,5,26,6,2,222,"667,9",2100055,35,2,1,2,2
45072,2023,5,26,6,2,116,189,3546801,16,12,0,2,2
45072,2023,5,26,6,2,163,519,5103502,16,12,0,3,2
45072,2023,5,26,6,2,116,341,2306900,67,21,0,1,1
45072,2023,5,26,6,2,101,198,4202305,16,12,1,3,3
45072,2023,5,26,6,2,116,"304,3",3304201,45,15,0,3,3
45072,2023,5,26,6,3,153,509,4302808,67,21,0,1,1
45072,2023,5,26,6,3,282,"572,3",4211405,82,10,0,4,3
45072,2023,5,26,6,3,40,496,3124104,82,9,0,2,2