id_data,ano,mes,dia,id_dia_semana,periodo,br,km,id_municipio,id_causa_acidente,id_tipo_acidente,id_uso_solo,pessoas,veiculos
45081,2023,6,4,1,3,40,150,3136306,67,20,0,1,1
45081,2023,6,4,1,3,393,284,3306305,11,12,1,2,2
45081,2023,6,4,1,3,376,378,4110078,67,12,0,2,2
45081,2023,6,4,1,3,406,122,2413904,60,2,0,2,2
45081,2023,6,4,1,4,116,"250,8",4209300,72,11,0,3,2
45081,2023,6,4,1,3,116,"347,7",3529906,65,21,0,2,2
45081,2023,6,4,1,3,158,"196,3",4306106,1,11,1,2,2
45081,2023,6,4,1,4,476,"186,5",4113205,67,10,0,4,4
45040,2023,4,24,2,2,101,451,2902401,18,7,0,2,2
45081,2023,6,4,1,3,428,148,2611101,49,7,0,2,2
45081,2023,6,4,1,4,116,345,3529906,67,15,0,10,3
45081,2023,6,4,1,4,364,3,3151602,11,10,1,3,2
45081,2023,6,4,1,4,101,70,2611606,50,12,0,4,3
45081,2023,6,4,1,3,116,359,3529906,67,12,0,2,2
45081,2023,6,4,1,3,163,"10,2",4102604,52,10,1,4,2
45082,2023,6,5,2,1,163,"496,1",2401305,13,18,0,1,1
45082,2023,6,5,2,1,163,99,5004601,1,11,0,2,2
45082,2023,6,5,2,1,40,69,3303906,50,12,0,2,2
45082,2023,6,5,2,2,116,112,4106902,83,12,0,2,2
45082,2023,6,5,2,2,116,"690,9",3143906,16,12,0,2,2
45082,2023,6,5,2,2,101,"201,5",4216602,16,12,1,3,2
45082,2023,6,5,2,2,101,"196,1",3301306,18,21,0,1,1
45082,2023,6,5,2,2,116,253,4320008,11,12,1,4,4
45082,2023,6,5,2,2,116,212,3305554,78,9,0,2,2
45082,2023,6,5,2,2,262,"354,5",2401305,11,7,1,3,2
45082,2023,6,5,2,2,116,"248,7",4209300,82,7,0,3,3
45082,2023,6,5,2,2,262,"98,7",5008305,80,7,0,2,2
45082,2023,6,5,2,2,101,"40,9",4209102,83,21,1,1,1
45072,2023,5,26,6,4,158,153,#N/D,1,9,0,2,2
45082,2023,6,5,2,2,70,514,2211407,67,11,0,3,2
45082,2023,6,5,2,2,101,"289,5",3201308,35,2,1,2,2
45082,2023,6,5,2,2,381,499,3106705,36,12,0,2,2
45082,2023,6,5,2,2,101,"382,9",3204401,51,20,0,1,1
45082,2023,6,5,2,2,116,223,3518800,44,12,1,2,2
45082,2023,6,5,2,2,101,51,2600054,67,12,1,6,4
45082,2023,6,5,2,2,116,193,3303500,67,12,1,3,2
45082,2023,6,5,2,2,40,111,3301702,11,9,1,3,2
45082,2023,6,5,2,2,222,"41,2",2303709,52,9,0,2,2
45082,2023,6,5,2,3,101,145,3203205,52,9,1,2,2
45082,2023,6,5,2,2,369,"186,5",4101507,82,9,1,3,3
45080,2023,6,3,7,1,101,100,4212809,49,9,0,2,2
45082,2023,6,5,2,2,116,108,3301850,1,11,1,2,2
45082,2023,6,5,2,3,101,55,2910503,28,20,0,1,1
45082,2023,6,5,2,3,40,125,3301702,11,12,1,2,2
45082,2023,6,5,2,3,163,761,5107925,67,21,0,1,1
45082,2023,6,5,2,2,155,213,1508407,52,7,0,3,2
45082,2023,6,5,2,3,101,147,3203205,16,12,1,3,2
45082,2023,6,5,2,3,282,"514,3",4219705,11,20,0,1,1
45082,2023,6,5,2,3,386,"2,7",4310504,16,12,0,2,2
45082,2023,6,5,2,3,163,143,4104600,67,20,0,1,1
45082,2023,6,5,2,4,290,22,4314902,1,9,0,3,2
45082,2023,6,5,2,4,116,"517,5",3509254,28,18,0,1,1
45082,2023,6,5,2,4,277,"321,6",4109401,80,10,1,2,2
45082,2023,6,5,2,4,116,225,3518800,1,9,1,3,2
45082,2023,6,5,2,4,40,"221,2",3136306,11,20,0,1,1
45082,2023,6,5,2,4,251,"303,2",3157005,13,20,0,1,1
45082,2023,6,5,2,4,40,587,3131901,11,20,0,2,2
45082,2023,6,5,2,4,116,585,2914208,65,20,0,1,1
45082,2023,6,5,2,4,101,354,4215455,49,11,1,2,2
45082,2023,6,5,2,4,304,"83,2",2400208,11,12,0,2,2
45082,2023,6,5,2,4,116,"812,5",3101508,83,21,0,1,1
45083,2023,6,6,3,1,20,"101,1",5222203,18,20,0,1,1
45082,2023,6,5,2,4,381,400,3107703,51,20,0,1,1
45083,2023,6,6,3,2,101,104,3301009,67,12,0,3,2
45083,2023,6,6,3,2,116,403,2910800,1,9,0,2,2
45083,2023,6,6,3,2,251,319,3157005,83,21,0,1,1
45083,2023,6,6,3,2,20,0,5208004,83,12,0,5,2
45059,2023,5,13,7,4,277,34,4116208,83,21,0,1,1
45083,2023,6,6,3,2,163,"137,1",5005707,67,20,0,4,3
45083,2023,6,6,3,2,364,378,5107800,28,18,0,1,1
45083,2023,6,6,3,2,153,"295,8",5218607,33,11,0,2,2
45083,2023,6,6,3,2,392,"261,9",4302808,57,2,0,4,3
45083,2023,6,6,3,2,116,227,3550308,11,7,0,3,2
45083,2023,6,6,3,2,101,"52,1",2702801,83,4,0,1,1
45083,2023,6,6,3,2,324,566,2929503,16,12,0,4,2
45083,2023,6,6,3,2,364,100,1100304,67,15,0,4,3
45083,2023,6,6,3,2,277,"714,2",4124053,67,12,0,3,3
45083,2023,6,6,3,2,364,123,1200401,14,20,1,5,2
45083,2023,6,6,3,3,101,202,4216602,11,12,0,2,2
45083,2023,6,6,3,2,476,"172,8",4106209,49,20,1,1,1
45083,2023,6,6,3,2,277,329,4109401,20,11,0,5,2
45083,2023,6,6,3,2,116,614,2914208,82,7,0,2,2
45083,2023,6,6,3,3,476,"325,7",4118709,44,7,0,3,2
45082,2023,6,5,2,4,116,519,2916856,1,7,0,2,2
45079,2023,6,2,6,2,277,5,4118204,20,12,1,4,2
45083,2023,6,6,3,3,386,134,4126256,1,11,1,4,3
44975,2023,2,18,7,4,116,"48,8",4104006,1,11,0,2,2
45083,2023,6,6,3,2,70,323,5103601,18,10,0,3,2
45083,2023,6,6,3,2,222,119,2306306,64,21,0,1,1
45083,2023,6,6,3,3,381,524,3109006,28,18,0,1,1
45083,2023,6,6,3,3,116,"336,1",3526209,83,12,0,3,2
45083,2023,6,6,3,3,287,"264,1",2409332,11,7,0,3,3
45083,2023,6,6,3,3,262,"255,7",5007109,28,18,0,1,1
45075,2023,5,29,2,4,376,"547,5",4117701,11,15,0,3,3
45083,2023,6,6,3,2,282,324,4203600,67,21,0,1,1
45083,2023,6,6,3,3,235,"33,6",2401107,15,2,1,2,2
45083,2023,6,6,3,3,251,"245,9",3120870,11,12,0,2,2
45083,2023,6,6,3,3,101,"15,9",4209102,83,12,0,5,2
45083,2023,6,6,3,3,40,548,3144805,67,12,0,2,2
45083,2023,6,6,3,4,386,"144,5",4126256,83,15,0,4,4
45083,2023,6,6,3,4,101,"453,4",4216404,1,9,0,6,2
45083,2023,6,6,3,4,60,"224,8",5205455,16,12,0,4,2
45083,2023,6,6,3,3,153,1,3103751,83,20,0,1,1
45083,2023,6,6,3,4,101,"74,1",3301009,80,10,1,3,3
45083,2023,6,6,3,4,101,317,3304904,67,12,1,2,2
45083,2023,6,6,3,4,222,301,2313401,67,21,0,1,1
45083,2023,6,6,3,4,116,"531,5",3113404,67,7,0,4,2
45084,2023,6,7,4,1,116,451,2901700,4,4,0,2,2
45084,2023,6,7,4,1,280,4,4216206,49,10,1,2,2
45084,2023,6,7,4,1,163,"49,6",3514809,11,21,0,1,1
45084,2023,6,7,4,1,259,19,3203130,18,12,0,2,2
45084,2023,6,7,4,1,381,515,3130101,11,12,0,3,2
45084,2023,6,7,4,1,153,529,2305209,66,7,1,2,2
45084,2023,6,7,4,2,116,516,2916856,44,12,0,4,4
45084,2023,6,7,4,2,381,"938,1",3125101,1,9,0,4,2
45084,2023,6,7,4,1,290,"223,9",4313953,28,18,0,1,1
45084,2023,6,7,4,2,101,190,3301306,67,10,0,6,2
45084,2023,6,7,4,1,116,27,3102704,11,20,0,1,1
45084,2023,6,7,4,2,50,"236,3",5205109,83,4,0,1,1
45084,2023,6,7,4,2,101,"65,7",3204906,1,9,1,3,3
45084,2023,6,7,4,2,101,"351,3",4208807,52,12,0,2,2
45084,2023,6,7,4,1,230,329,2510808,18,20,0,1,1
45084,2023,6,7,4,2,285,308,4314100,80,7,0,5,5
45084,2023,6,7,4,2,285,"548,7",4318903,18,7,0,2,2
45084,2023,6,7,4,2,222,462,2110005,28,21,0,1,1
45048,2023,5,2,3,4,40,114,3301702,11,4,0,4,4
45064,2023,5,18,5,3,40,"525,9",3118601,1,9,1,2,2
45084,2023,6,7,4,2,101,448,4215653,18,4,0,1,1
45084,2023,6,7,4,3,381,54,3528502,52,9,0,2,2
45059,2023,5,13,7,4,364,65,1100304,63,21,0,2,2
45081,2023,6,4,1,2,116,117,2918100,29,20,0,1,1
45084,2023,6,7,4,3,101,"267,8",3205002,80,11,1,2,2
45084,2023,6,7,4,3,20,388,2303709,52,7,0,3,3
45084,2023,6,7,4,2,158,551,3100609,11,21,0,1,1
45084,2023,6,7,4,3,116,104,3301850,28,12,0,4,2
45084,2023,6,7,4,3,101,115,2803203,83,4,0,3,1
45072,2023,5,26,6,3,158,632,3100609,13,7,0,3,2
45084,2023,6,7,4,3,153,"60,9",3549805,52,9,1,3,3
45084,2023,6,7,4,3,10,167,2109007,28,18,0,1,1
45084,2023,6,7,4,3,285,292,4314100,52,12,1,3,2
45084,2023,6,7,4,3,116,208,4213302,11,12,1,2,2
45084,2023,6,7,4,2,101,872,2931350,67,21,0,1,1
45084,2023,6,7,4,3,364,347,5107800,65,21,0,3,1
45084,2023,6,7,4,3,448,22,4314902,52,9,1,3,2
45084,2023,6,7,4,4,407,122,2611101,1,11,1,2,2
45084,2023,6,7,4,3,158,"81,5",4302154,80,10,0,5,5
45084,2023,6,7,4,3,163,288,4114609,49,7,0,5,2
45084,2023,6,7,4,4,373,269,4120606,11,9,1,5,3
45084,2023,6,7,4,3,101,328,3304557,11,12,0,2,2
45084,2023,6,7,4,3,153,"539,8",1715002,1,12,1,2,2
45084,2023,6,7,4,4,277,"651,4",4115606,49,11,1,2,2
45084,2023,6,7,4,3,251,221,3102704,80,10,0,2,2
45084,2023,6,7,4,3,153,"549,8",1715002,67,20,0,1,1
45084,2023,6,7,4,4,470,101,4201257,82,7,0,4,2
45084,2023,6,7,4,4,101,42,2606804,52,9,1,2,2
45084,2023,6,7,4,3,30,"376,3",2904605,2,11,0,2,2
45084,2023,6,7,4,4,376,667,4109609,28,20,0,1,1
45085,2023,6,8,5,1,381,"796,2",3162005,45,12,0,7,6
45085,2023,6,8,5,1,101,"65,3",2110203,18,20,0,1,1
45085,2023,6,8,5,2,381,"480,5",3118601,11,21,1,2,2
45085,2023,6,8,5,1,116,262,3306305,1,12,0,5,3
45085,2023,6,8,5,2,386,"162,7",4300471,11,10,0,2,2
45085,2023,6,8,5,2,277,122,4104204,11,12,0,6,3
45085,2023,6,8,5,1,280,"266,1",4207908,80,7,0,4,3
45085,2023,6,8,5,2,116,"206,8",2313104,1,11,1,4,2
45085,2023,6,8,5,2,116,137,3549904,44,20,1,1,1
45085,2023,6,8,5,2,101,"354,5",4215455,18,12,0,2,2
45085,2023,6,8,5,2,116,235,4307609,83,21,1,1,1
45085,2023,6,8,5,3,116,"98,8",4125506,1,9,1,2,2
45085,2023,6,8,5,2,153,314,1709302,83,10,0,9,4
45073,2023,5,27,7,3,116,"61,8",4212205,80,7,0,2,2
45085,2023,6,8,5,3,101,83,2501807,11,4,1,1,1
45085,2023,6,8,5,2,70,95,4108502,67,20,0,1,1
45085,2023,6,8,5,3,472,489,4310603,67,20,0,1,1
45085,2023,6,8,5,3,116,"134,8",4107652,72,9,0,3,3
45085,2023,6,8,5,3,376,"500,7",4119905,11,12,1,2,2
45085,2023,6,8,5,1,135,34,2101251,11,20,0,1,1
45085,2023,6,8,5,3,163,"110,6",4206603,1,11,0,6,3
45085,2023,6,8,5,3,262,"451,8",3145208,51,7,0,7,5
45051,2023,5,5,6,3,153,578,5217104,11,20,0,2,2
45085,2023,6,8,5,2,476,253,4101309,21,21,0,1,1
45085,2023,6,8,5,3,50,"177,1",3170107,61,2,1,2,2
45085,2023,6,8,5,3,369,"484,5",4106308,82,7,0,10,4
45085,2023,6,8,5,3,381,"852,9",3152501,67,12,0,3,2
45085,2023,6,8,5,3,163,812,5107909,80,10,0,3,3
45085,2023,6,8,5,4,373,"175,4",4119905,67,12,1,4,4
45085,2023,6,8,5,4,101,"270,8",3205002,52,9,1,3,2
45085,2023,6,8,5,3,50,119,3170107,52,12,0,2,2
45085,2023,6,8,5,4,101,504,2914802,49,10,1,2,2
45085,2023,6,8,5,4,101,89,2602902,41,20,0,3,3
45085,2023,6,8,5,3,60,140,5006275,11,4,0,1,1
45085,2023,6,8,5,4,470,"213,8",4302105,80,7,1,3,3
45085,2023,6,8,5,4,153,"566,2",4301602,66,20,0,1,1
45085,2023,6,8,5,4,116,42,3305802,1,11,1,3,2
45086,2023,6,9,6,1,116,229,3550308,28,18,1,1,1
45086,2023,6,9,6,1,40,72,3303906,67,12,0,2,2
45086,2023,6,9,6,1,116,212,3518800,67,12,0,2,2
45086,2023,6,9,6,1,101,"83,7",2607901,49,12,0,2,2
45086,2023,6,9,6,1,381,40,3504107,11,4,0,3,3
45086,2023,6,9,6,1,163,"520,1",5004908,18,4,0,1,1
45086,2023,6,9,6,1,354,"757,8",3133006,49,7,0,4,2
45086,2023,6,9,6,2,290,"506,7",4316402,18,20,0,1,1
45086,2023,6,9,6,1,101,"150,3",3302403,80,7,0,4,2
45086,2023,6,9,6,1,429,162,1100320,11,4,1,2,2
45086,2023,6,9,6,1,365,658,3142809,18,4,0,1,1
45086,2023,6,9,6,2,101,"138,6",4202008,83,21,1,1,1
45086,2023,6,9,6,1,364,704,1100205,61,2,0,2,2
45086,2023,6,9,6,2,222,"251,4",2312908,44,4,0,1,1
45086,2023,6,9,6,2,153,"787,8",1720978,67,20,0,2,1
45086,2023,6,9,6,2,324,518,2910800,78,9,0,4,3
45086,2023,6,9,6,2,116,287,3522208,16,12,1,2,2
45086,2023,6,9,6,2,60,252,5209952,16,12,0,2,2
45059,2023,5,13,7,1,163,810,5107909,67,7,0,5,4
45086,2023,6,9,6,2,116,"11,3",4105805,11,9,1,2,2
45086,2023,6,9,6,2,153,580,5218391,52,9,0,2,2
45086,2023,6,9,6,2,116,211,3518800,67,12,0,3,2
45086,2023,6,9,6,3,101,"189,6",2610004,1,9,0,2,2
45034,2023,4,18,3,2,381,371,3161908,11,21,0,1,1
45086,2023,6,9,6,3,376,"2,5",4101408,67,12,1,2,2
45086,2023,6,9,6,3,101,396,4210407,49,12,0,4,2
45086,2023,6,9,6,3,290,108,4306767,33,11,0,3,2
45086,2023,6,9,6,2,364,513,1100023,82,9,0,3,3
45086,2023,6,9,6,3,80,28,5300108,6,18,0,1,1
45086,2023,6,9,6,3,386,"270,8",4308300,35,2,1,2,2
45086,2023,6,9,6,2,116,99,3141405,18,20,0,3,2
45086,2023,6,9,6,3,262,"356,2",2401305,67,21,0,2,2
45086,2023,6,9,6,2,365,88,3135605,83,20,0,1,1
45086,2023,6,9,6,3,436,1,5001003,11,9,0,4,2
45086,2023,6,9,6,3,153,"251,1",5220157,82,7,0,8,3
45086,2023,6,9,6,3,153,"362,3",5211800,80,10,1,3,2
45086,2023,6,9,6,3,470,"128,5",4209904,52,9,0,3,3
45086,2023,6,9,6,3,101,10,4205803,49,12,0,2,2
45086,2023,6,9,6,3,364,"261,5",5105200,52,12,0,4,2
45086,2023,6,9,6,3,421,70,1101401,2,9,0,3,3
45086,2023,6,9,6,4,365,"95,4",3135605,11,20,0,2,1
45086,2023,6,9,6,4,116,221,3518800,14,14,1,1,1
45086,2023,6,9,6,4,101,40,2703809,83,20,0,1,1
45086,2023,6,9,6,4,101,2,3204054,11,12,0,4,2
45086,2023,6,9,6,4,262,879,3111408,2,11,0,4,3
45086,2023,6,9,6,4,174,885,1302603,80,10,0,5,4
45086,2023,6,9,6,4,116,"1,2",2503308,83,20,0,1,1
45087,2023,6,10,7,1,50,36,3103504,11,4,1,1,1
45086,2023,6,9,6,3,230,391,2101400,65,10,0,3,3
45087,2023,6,10,7,1,232,410,2613909,80,10,1,2,2
45087,2023,6,10,7,1,232,234,2601201,80,7,0,2,2
45087,2023,6,10,7,1,135,96,2105401,80,7,1,2,2
45086,2023,6,9,6,4,101,292,3301900,67,12,0,2,2
45087,2023,6,10,7,1,101,"126,4",3203205,11,7,0,2,2
45087,2023,6,10,7,2,376,369,4117305,52,11,0,2,2
45087,2023,6,10,7,2,381,288,3135001,83,12,0,4,2
45087,2023,6,10,7,2,50,102,3170107,67,20,0,1,1
45081,2023,6,4,1,3,163,101,1500602,67,20,0,2,1
45087,2023,6,10,7,2,153,224,5204706,21,21,0,1,1
45087,2023,6,10,7,2,364,693,1100809,49,4,1,2,2
45087,2023,6,10,7,2,116,525,2307205,35,2,1,2,2
45087,2023,6,10,7,2,277,"726,5",4108304,52,9,1,2,2
45087,2023,6,10,7,2,277,216,4127007,28,7,0,3,2
45087,2023,6,10,7,3,101,174,2806305,33,11,0,2,2
45087,2023,6,10,7,2,285,673,4318002,52,11,1,2,2
45087,2023,6,10,7,3,116,400,4303509,11,20,0,1,1
45087,2023,6,10,7,3,393,182,3303708,11,2,0,3,2
45087,2023,6,10,7,2,116,"802,3",3101508,80,7,0,2,2
45087,2023,6,10,7,2,230,268,2206704,11,20,0,1,1
45087,2023,6,10,7,3,364,209,1100189,67,12,0,2,2
45087,2023,6,10,7,3,116,206,3518800,52,9,1,3,2
45087,2023,6,10,7,3,101,78,2611606,1,9,1,2,2
45087,2023,6,10,7,2,262,"417,8",3147105,67,20,1,2,2
45087,2023,6,10,7,3,60,7,5219753,18,20,0,1,1
45087,2023,6,10,7,3,40,628,3118304,1,9,0,5,3
45087,2023,6,10,7,3,381,"726,2",3113909,83,21,0,1,1
45087,2023,6,10,7,3,116,229,2300705,15,20,0,3,1
45087,2023,6,10,7,3,153,202,2309201,80,10,0,3,2
45087,2023,6,10,7,4,101,"228,7",4211900,67,12,0,2,2
45087,2023,6,10,7,3,267,"272,5",3101201,67,20,0,3,1
45087,2023,6,10,7,4,277,144,4102307,67,20,0,1,1
45087,2023,6,10,7,4,354,729,3152600,67,11,0,2,2
45087,2023,6,10,7,4,101,"174,6",2709152,12,12,1,2,2
45087,2023,6,10,7,3,364,317,1100254,3,9,1,3,2
45087,2023,6,10,7,4,163,844,5107909,1,11,0,2,2
45087,2023,6,10,7,4,282,571,4211405,2,7,0,3,2
45087,2023,6,10,7,4,60,368,2401305,11,2,0,2,2
45087,2023,6,10,7,4,226,"217,6",2112308,28,10,0,2,2
45087,2023,6,10,7,4,116,153,4114302,2,11,1,3,2
45087,2023,6,10,7,4,116,"405,9",3127701,18,10,0,2,2
45088,2023,6,11,1,1,381,"510,2",3162922,11,12,1,3,3
45088,2023,6,11,1,1,163,832,5107909,11,12,0,3,2
45088,2023,6,11,1,1,405,1,2516904,67,12,0,2,2
45088,2023,6,11,1,1,423,"75,6",2608255,80,7,0,2,2
45088,2023,6,11,1,1,101,45,3201605,60,2,0,2,2
45088,2023,6,11,1,1,316,"597,5",2112209,49,10,0,2,2
45088,2023,6,11,1,1,116,835,2933307,33,11,0,2,2
45088,2023,6,11,1,2,232,5,2611606,16,12,1,2,2
45088,2023,6,11,1,1,40,94,3301702,67,20,0,44,1
45088,2023,6,11,1,2,381,581,3114501,67,12,0,3,2
45088,2023,6,11,1,2,116,598,2914208,52,9,0,3,3
45088,2023,6,11,1,2,226,"310,2",2101608,80,7,0,2,2
45088,2023,6,11,1,2,381,"584,3",3114501,18,12,0,7,2
45088,2023,6,11,1,2,316,318,2208007,16,12,0,2,2
45088,2023,6,11,1,2,116,31,4104006,83,20,0,1,1
45088,2023,6,11,1,2,290,"80,5",4309209,11,12,1,3,2
45088,2023,6,11,1,2,116,"544,8",3505401,83,4,0,1,1
45088,2023,6,11,1,3,163,"37,1",3514809,11,15,0,7,5
45088,2023,6,11,1,3,40,"758,8",3125002,16,15,0,8,4
45088,2023,6,11,1,3,40,373,3125705,3,10,0,5,3
45088,2023,6,11,1,2,153,"203,5",3127107,18,20,0,1,1
45088,2023,6,11,1,3,470,130,4209904,67,12,0,4,4
45088,2023,6,11,1,3,381,837,3164407,14,20,0,1,1
45088,2023,6,11,1,3,153,494,4108502,15,20,0,1,1
45088,2023,6,11,1,3,135,"81,7",2105401,52,7,0,2,2
45088,2023,6,11,1,3,364,"485,8",5104906,49,10,0,2,2
45088,2023,6,11,1,3,367,68,2925303,80,7,0,4,2
45088,2023,6,11,1,3,163,"199,6",2303501,80,7,0,5,2
45088,2023,6,11,1,3,277,311,4109401,83,7,0,2,2
45088,2023,6,11,1,3,376,"345,5",4117305,14,20,0,1,1
45088,2023,6,11,1,4,116,672,2918001,78,10,1,2,2
45088,2023,6,11,1,4,101,134,4202008,1,11,1,5,3
45088,2023,6,11,1,4,70,500,5103403,28,18,0,1,1
45088,2023,6,11,1,4,101,78,2607901,52,9,0,2,2
45088,2023,6,11,1,4,282,333,4203600,67,7,0,2,2
45088,2023,6,11,1,4,163,591,1508050,82,7,0,3,2
45088,2023,6,11,1,2,452,93,5203500,18,12,0,2,2
45088,2023,6,11,1,3,10,"113,6",1505502,82,9,0,8,4
45088,2023,6,11,1,4,101,751,2914653,83,20,0,1,1
45088,2023,6,11,1,4,101,"38,8",2703809,18,20,0,1,1
45088,2023,6,11,1,4,277,"20,9",4116208,28,20,0,1,1
45089,2023,6,12,2,1,116,"143,8",4114302,38,2,0,2,2
45089,2023,6,12,2,1,381,376,3161908,18,7,0,4,3
45089,2023,6,12,2,1,101,39,4209102,11,4,0,1,1
45089,2023,6,12,2,1,20,403,2303709,49,11,0,3,3
45089,2023,6,12,2,1,116,342,3529906,61,2,0,2,2
45089,2023,6,12,2,1,40,"479,4",3167202,18,12,0,3,2
45088,2023,6,11,1,4,101,877,2931350,1,11,0,2,2
45089,2023,6,12,2,2,470,"62,7",4202404,15,7,0,3,3
45089,2023,6,12,2,1,101,335,2925758,83,7,1,3,2
45089,2023,6,12,2,2,101,186,4202305,83,4,0,2,2
45089,2023,6,12,2,2,376,616,4125506,1,11,0,2,2
45089,2023,6,12,2,2,381,"25,4",3504107,16,15,1,5,5
45089,2023,6,12,2,2,262,"407,7",3147105,30,12,0,6,2
45089,2023,6,12,2,1,282,"421,3",3170602,52,7,0,2,2
45089,2023,6,12,2,2,392,87,4314407,33,11,0,2,2
45089,2023,6,12,2,2,116,"797,8",2933307,52,10,0,5,3
45089,2023,6,12,2,2,116,414,3526100,11,11,1,4,3
45089,2023,6,12,2,2,277,"70,5",4125506,83,12,0,2,2
45089,2023,6,12,2,2,101,68,2611606,67,12,1,3,3
45089,2023,6,12,2,2,163,119,5107602,82,9,1,3,3
45089,2023,6,12,2,2,277,3,4118204,49,12,1,2,2
45089,2023,6,12,2,2,155,344,1504208,67,11,0,2,2
45035,2023,4,19,4,2,135,169,2111508,11,21,0,1,1
45089,2023,6,12,2,2,70,47,5101803,67,20,0,1,1
45089,2023,6,12,2,2,324,3,2910800,16,21,1,2,2
45089,2023,6,12,2,2,290,116,4306767,67,15,0,7,6
45089,2023,6,12,2,2,282,"536,6",4204202,1,11,0,2,2
45089,2023,6,12,2,2,364,18,3127107,82,9,0,4,3
45089,2023,6,12,2,3,381,489,3106705,16,12,1,3,2
45089,2023,6,12,2,2,308,166,1508035,7,20,0,1,1
44985,2023,2,28,3,2,116,"305,2",3132701,21,21,0,2,1
45089,2023,6,12,2,3,101,78,2607901,28,18,1,1,1
45089,2023,6,12,2,3,163,556,5103502,80,7,0,2,2
44977,2023,2,20,2,3,222,"79,9",2312601,65,21,0,1,1
45089,2023,6,12,2,3,290,"372,1",4323457,16,12,1,4,2
45089,2023,6,12,2,3,282,64,4214300,11,7,0,3,3
45089,2023,6,12,2,2,277,153,4120101,83,20,0,1,1
45089,2023,6,12,2,3,101,"595,4",2905602,83,10,0,3,2
45089,2023,6,12,2,3,277,"556,2",2303501,28,10,0,46,2
45077,2023,5,31,4,4,324,559,2929503,18,20,0,1,1
45089,2023,6,12,2,2,376,326,4117305,11,20,0,2,2
45089,2023,6,12,2,3,343,"13,6",2207702,1,11,1,4,2
45089,2023,6,12,2,3,116,23,2304285,52,9,0,3,2
45089,2023,6,12,2,3,101,50,2600054,78,9,1,3,3
45089,2023,6,12,2,3,381,477,3118601,11,15,0,4,4
45089,2023,6,12,2,3,163,1098,5104104,67,15,0,4,3
45089,2023,6,12,2,3,116,"337,1",3529906,60,2,1,4,4
45089,2023,6,12,2,4,116,"286,1",3522208,35,2,0,2,2
45089,2023,6,12,2,4,277,10,4118204,67,20,0,1,1
45089,2023,6,12,2,3,153,244,1705508,11,12,0,3,3
45089,2023,6,12,2,3,116,263,3303955,16,12,1,4,3
45089,2023,6,12,2,3,163,891,1501451,28,4,0,3,2
45089,2023,6,12,2,3,163,"541,9",5103502,67,20,0,2,2
45089,2023,6,12,2,4,60,"40,3",5006275,67,7,0,4,2
45089,2023,6,12,2,3,364,163,2409605,13,18,0,1,1
45089,2023,6,12,2,4,277,282,4120606,67,12,0,4,2
45089,2023,6,12,2,4,101,"60,8",4201307,25,20,0,2,1
45089,2023,6,12,2,4,174,289,5106752,80,7,1,2,2
45089,2023,6,12,2,4,116,512,3509254,67,20,0,2,1
45089,2023,6,12,2,4,407,210,2906873,49,21,0,1,1
45090,2023,6,13,3,1,116,357,4321105,49,9,0,2,2
45090,2023,6,13,3,1,343,644,2205300,11,20,0,1,1
45090,2023,6,13,3,1,324,"597,9",2930709,18,12,0,3,3
45090,2023,6,13,3,1,277,12,4118204,11,21,0,1,1
45090,2023,6,13,3,1,70,517,2211407,17,11,1,3,2
45081,2023,6,4,1,3,262,"539,8",3138807,50,7,0,4,3
45089,2023,6,12,2,3,153,105,4204301,80,7,1,2,2
45090,2023,6,13,3,1,50,170,3170107,18,12,0,2,2
45082,2023,6,5,2,1,230,115,1504208,11,15,1,4,4
45022,2023,4,6,5,3,50,"70,3",3170206,52,9,1,4,2
45090,2023,6,13,3,2,116,49,2612208,80,7,0,4,2
45071,2023,5,25,5,3,369,147,4113700,1,12,1,2,2
45090,2023,6,13,3,2,101,85,2312403,65,9,1,5,3
45090,2023,6,13,3,2,101,"117,8",4208203,16,12,1,2,2
45090,2023,6,13,3,2,116,2,4120804,67,12,1,6,5
45090,2023,6,13,3,2,40,"576,3",3144805,1,11,0,2,2
45090,2023,6,13,3,2,230,1,1500602,67,4,1,1,1
45090,2023,6,13,3,2,101,"92,6",2507507,11,9,0,2,2
45090,2023,6,13,3,2,116,103,4125506,67,20,0,3,1
45090,2023,6,13,3,2,153,"319,2",3543204,80,7,0,2,2
45090,2023,6,13,3,2,153,554,5218391,83,12,0,2,2
45090,2023,6,13,3,2,101,569,2902252,65,18,0,1,1
45090,2023,6,13,3,2,242,390,2923506,28,18,0,1,1
45070,2023,5,24,4,3,316,8,2211001,36,4,1,2,2
45090,2023,6,13,3,2,60,408,5218805,83,9,0,3,3
45085,2023,6,8,5,4,376,161,4115200,52,9,0,5,2
45090,2023,6,13,3,3,470,"75,7",4207502,67,15,0,10,7
45090,2023,6,13,3,2,116,44,4104006,67,4,0,1,1
45090,2023,6,13,3,3,116,183,4104105,57,15,0,4,3
45090,2023,6,13,3,2,376,"326,8",4117305,67,4,0,1,1
45090,2023,6,13,3,3,386,"277,9",4318465,83,9,0,5,2
45090,2023,6,13,3,3,487,7,1100403,14,4,0,2,1
45090,2023,6,13,3,3,101,62,3301009,80,7,1,2,2
45090,2023,6,13,3,3,277,"135,5",4102307,67,20,0,1,1
45090,2023,6,13,3,3,116,288,3522208,13,7,0,4,2
45090,2023,6,13,3,3,470,219,4302105,1,12,1,4,2
45090,2023,6,13,3,3,376,"681,5",4109609,28,12,0,4,3
45090,2023,6,13,3,3,364,124,1200401,52,9,1,2,2