id_data,ano,mes,dia,id_dia_semana,periodo,br,km,id_municipio,id_causa_acidente,id_tipo_acidente,id_uso_solo,pessoas,veiculos
45099,2023,6,22,5,2,101,"70,6",2611606,35,2,1,2,2
45099,2023,6,22,5,2,376,348,4117305,83,12,0,5,2
45099,2023,6,22,5,2,232,8,2611606,52,9,1,3,2
45049,2023,5,3,4,4,364,244,5105200,49,9,0,2,2
45099,2023,6,22,5,2,282,"502,8",4219507,67,12,1,2,2
45099,2023,6,22,5,2,40,331,3125705,65,21,0,2,2
45099,2023,6,22,5,2,230,1098,1503606,16,12,0,2,2
45099,2023,6,22,5,2,153,786,1720978,67,12,0,2,2
45099,2023,6,22,5,3,101,"289,9",3201308,28,4,0,2,1
45099,2023,6,22,5,3,20,45,5300108,67,12,0,2,2
45099,2023,6,22,5,2,251,"277,4",3157005,28,20,0,1,1
45099,2023,6,22,5,3,163,785,5107925,67,10,0,6,5
45099,2023,6,22,5,3,116,384,2927507,80,20,0,4,3
45099,2023,6,22,5,2,101,257,2928703,83,21,0,2,2
45099,2023,6,22,5,3,262,"733,6",5003207,67,4,0,1,1
45092,2023,6,15,5,3,386,438,2207959,20,11,1,6,2
45099,2023,6,22,5,3,101,"81,8",2607901,28,21,1,2,2
45088,2023,6,11,1,1,364,"562,1",1100403,80,10,0,2,2
45099,2023,6,22,5,3,116,246,4318705,1,9,1,3,3
45099,2023,6,22,5,3,393,143,1507755,1,11,1,2,2
45099,2023,6,22,5,3,40,552,3144805,1,9,0,2,2
45099,2023,6,22,5,3,70,68,5205513,11,21,0,2,1
45099,2023,6,22,5,3,493,52,3301702,82,9,0,3,2
45099,2023,6,22,5,1,285,"434,9",4302584,11,7,0,2,2
45099,2023,6,22,5,3,70,64,5205513,28,18,0,1,1
45099,2023,6,22,5,3,381,"492,4",3106705,36,12,1,2,2
45099,2023,6,22,5,2,470,"199,3",4213302,33,11,0,2,2
45099,2023,6,22,5,3,487,112,5004601,49,10,0,2,2
45099,2023,6,22,5,3,163,26,2922102,1,11,0,2,2
45010,2023,3,25,7,1,163,665,1503606,3,21,0,1,1
45099,2023,6,22,5,4,101,"388,6",3204401,83,21,0,1,1
45099,2023,6,22,5,4,381,260,3119401,82,10,0,3,3
45099,2023,6,22,5,3,116,373,3126901,67,11,1,2,2
45093,2023,6,16,6,3,163,105,1500602,67,21,0,1,1
45099,2023,6,22,5,3,226,"215,5",2112308,25,9,0,4,3
45099,2023,6,22,5,4,116,"593,9",3162559,80,7,0,2,2
45099,2023,6,22,5,4,70,264,5107040,18,21,0,1,1
45100,2023,6,23,6,1,376,495,4119905,67,7,0,2,2
45100,2023,6,23,6,1,316,248,2601607,11,20,0,1,1
45100,2023,6,23,6,1,116,487,3509254,11,12,0,3,3
45100,2023,6,23,6,1,116,"819,7",2933307,49,10,0,3,2
45100,2023,6,23,6,1,381,"727,9",3113909,18,12,0,49,2
45100,2023,6,23,6,2,116,205,3518800,11,12,1,4,3
45100,2023,6,23,6,1,364,674,1100809,11,20,0,1,1
45100,2023,6,23,6,1,364,397,5103403,60,2,1,2,2
45099,2023,6,22,5,4,470,"171,6",4213708,80,7,0,2,2
45047,2023,5,1,2,2,343,337,2211001,67,21,0,4,1
45100,2023,6,23,6,2,116,218,3518800,52,4,1,3,2
45100,2023,6,23,6,2,153,469,4120309,83,20,0,1,1
45100,2023,6,23,6,2,235,29,2401107,28,18,0,1,1
45100,2023,6,23,6,1,116,202,3304144,18,20,1,2,2
45100,2023,6,23,6,2,101,75,2611606,52,11,1,3,2
45100,2023,6,23,6,2,277,"511,4",4109302,52,9,0,2,2
45100,2023,6,23,6,1,101,"349,4",2933505,15,7,0,2,2
45100,2023,6,23,6,2,230,236,2507705,11,4,0,2,1
45100,2023,6,23,6,2,319,62,1100205,52,12,1,2,2
45100,2023,6,23,6,2,40,86,3303906,83,21,0,1,1
45100,2023,6,23,6,2,381,939,3125101,52,12,0,3,2
45100,2023,6,23,6,1,101,"136,9",2931400,80,7,0,3,2
45100,2023,6,23,6,2,116,"699,7",3143906,33,11,1,3,3
45100,2023,6,23,6,2,101,"45,3",2606804,16,12,1,4,3
45100,2023,6,23,6,2,40,103,3301702,67,21,0,1,1
45100,2023,6,23,6,2,153,"274,4",3533700,51,20,0,1,1
45100,2023,6,23,6,3,116,"176,3",4121208,28,18,0,1,1
45099,2023,6,22,5,3,135,8,2111300,16,12,1,2,2
45100,2023,6,23,6,3,392,67,4314407,33,11,1,2,2
45100,2023,6,23,6,2,163,622,5106224,11,4,0,6,5
45100,2023,6,23,6,3,116,"70,7",2500775,28,2,1,2,2
45100,2023,6,23,6,3,153,"497,6",5208707,28,18,0,1,1
45100,2023,6,23,6,3,116,429,4306056,16,12,1,3,2
45100,2023,6,23,6,2,116,"262,1",3168606,28,18,0,1,1
45082,2023,6,5,2,2,163,399,1503606,28,15,0,5,3
45100,2023,6,23,6,2,101,333,2925758,33,11,0,2,2
45100,2023,6,23,6,3,381,"637,2",3159902,67,12,0,3,2
45100,2023,6,23,6,3,262,51,3139409,20,11,1,2,2
45100,2023,6,23,6,3,101,66,3301009,1,9,1,2,2
45058,2023,5,12,6,2,222,286,2304509,67,9,0,3,2
45100,2023,6,23,6,3,222,4,2303709,16,12,1,3,3
45100,2023,6,23,6,2,163,"129,3",4104600,64,20,0,1,1
45100,2023,6,23,6,3,476,"149,5",4101804,78,9,1,2,2
45100,2023,6,23,6,3,116,"67,8",3531605,11,9,0,3,2
45100,2023,6,23,6,3,277,690,4125704,1,9,1,4,2
45100,2023,6,23,6,3,277,"584,6",2303501,52,9,1,2,2
45100,2023,6,23,6,3,101,"351,8",4208807,52,9,0,5,2
45100,2023,6,23,6,3,158,39,5108600,1,11,1,2,2
45100,2023,6,23,6,3,116,"47,2",4104006,1,11,0,5,2
45100,2023,6,23,6,4,116,436,3542602,16,12,0,3,2
45100,2023,6,23,6,4,116,213,4213302,67,4,0,2,2
45100,2023,6,23,6,3,376,333,4117305,83,21,0,1,1
45100,2023,6,23,6,4,280,"29,9",4201307,83,12,0,2,2
45100,2023,6,23,6,4,116,214,2910701,28,18,0,1,1
45100,2023,6,23,6,4,40,"450,2",3109907,81,12,0,3,3
45100,2023,6,23,6,3,116,"531,9",2916856,83,12,0,2,2
45100,2023,6,23,6,4,153,184,2309201,1,10,0,5,2
45100,2023,6,23,6,4,50,189,3170107,67,12,0,2,2
45100,2023,6,23,6,4,174,488,5103304,52,4,0,1,1
45101,2023,6,24,7,1,101,86,2501807,67,12,1,3,2
45101,2023,6,24,7,1,262,452,3145208,82,7,0,2,2
45100,2023,6,23,6,4,251,333,3127073,67,21,0,1,1
45080,2023,6,3,7,1,423,"128,4",2612307,11,21,0,1,1
45101,2023,6,24,7,1,277,"517,9",4109302,1,11,1,3,2
45101,2023,6,24,7,1,280,10,4216206,49,12,1,2,2
45101,2023,6,24,7,2,101,51,2600054,21,21,1,2,1
45101,2023,6,24,7,1,153,370,4122008,67,7,0,2,2
45101,2023,6,24,7,2,369,91,4106407,16,12,0,4,3
45101,2023,6,24,7,2,10,"251,5",2105302,1,11,1,2,2
45101,2023,6,24,7,2,163,274,5003702,11,21,0,1,1
45101,2023,6,24,7,2,153,"238,3",3127008,82,7,0,7,4
45101,2023,6,24,7,2,242,514,2923209,80,11,0,2,2
45101,2023,6,24,7,2,381,519,3130101,52,9,0,3,2
45101,2023,6,24,7,2,153,"49,9",4307005,20,11,1,2,2
45101,2023,6,24,7,2,163,"105,8",5107602,28,18,0,1,1
45101,2023,6,24,7,2,381,636,3159902,83,4,0,1,1
45101,2023,6,24,7,2,222,"306,1",2112902,52,10,0,2,2
45101,2023,6,24,7,3,163,"539,2",4102406,19,9,0,2,2
45101,2023,6,24,7,2,146,"482,2",3151800,83,21,0,1,1
45101,2023,6,24,7,3,153,511,5201405,52,12,1,3,2
45101,2023,6,24,7,3,423,"60,7",2608800,1,7,1,2,2
45101,2023,6,24,7,2,116,228,3304003,11,21,0,1,1
45101,2023,6,24,7,3,70,6,5300108,52,9,1,3,2
45101,2023,6,24,7,3,60,386,5218805,49,21,1,1,1
45101,2023,6,24,7,3,369,170,4122404,67,9,1,2,2
45101,2023,6,24,7,2,116,487,3130903,66,21,0,3,2
45101,2023,6,24,7,3,116,502,3509254,65,18,0,1,1
45101,2023,6,24,7,4,101,64,2910503,49,12,0,2,2
45101,2023,6,24,7,4,101,4,4205803,1,9,1,2,2
45101,2023,6,24,7,3,40,552,3144805,11,9,1,3,2
45101,2023,6,24,7,4,381,701,3138203,21,21,0,6,3
45101,2023,6,24,7,4,369,507,2303501,67,12,1,3,2
45101,2023,6,24,7,3,364,272,5104807,20,11,1,2,2
45101,2023,6,24,7,3,10,175,1505502,11,4,0,1,1
45101,2023,6,24,7,4,364,32,3127107,51,4,1,1,1
45101,2023,6,24,7,4,163,"215,1",2303501,49,20,0,3,2
45101,2023,6,24,7,4,116,5,2612208,49,7,0,3,2
45102,2023,6,25,1,1,101,20,2910602,25,12,1,2,2
45102,2023,6,25,1,1,116,"217,9",3518800,12,12,1,4,3
45102,2023,6,25,1,1,364,"226,5",1100049,49,10,0,2,2
45102,2023,6,25,1,1,386,"28,1",4308508,49,7,0,3,2
45097,2023,6,20,3,1,70,217,4108502,21,21,0,1,1
45101,2023,6,24,7,3,365,179,3109402,28,18,0,3,1
45102,2023,6,25,1,1,163,129,5005707,18,10,0,3,3
45102,2023,6,25,1,1,116,96,3538006,11,12,0,3,2
45102,2023,6,25,1,2,251,"427,9",3127800,83,21,0,1,1
45102,2023,6,25,1,2,262,708,3104007,28,18,0,1,1
45102,2023,6,25,1,2,116,749,2925105,28,20,0,1,1
45102,2023,6,25,1,2,381,"865,1",3152501,83,9,0,2,2
45102,2023,6,25,1,2,20,"221,9",5218300,49,10,0,2,2
45102,2023,6,25,1,2,20,34,5300108,16,12,0,7,2
45102,2023,6,25,1,3,20,39,5300108,67,21,0,1,1
45102,2023,6,25,1,3,472,573,4322400,83,4,0,4,3
45102,2023,6,25,1,3,163,541,1508050,67,10,0,7,3
45102,2023,6,25,1,2,116,134,4107652,82,12,0,5,2
45102,2023,6,25,1,3,50,206,3121258,16,4,0,2,1
45102,2023,6,25,1,2,135,410,2208700,67,21,0,1,1
45102,2023,6,25,1,3,153,113,5219605,67,20,0,1,1
45102,2023,6,25,1,3,277,"436,1",4128658,83,7,0,3,3
45102,2023,6,25,1,3,280,"33,1",4201307,11,7,1,2,2
45094,2023,6,17,7,1,463,10,5003702,67,20,0,2,1
45102,2023,6,25,1,3,50,171,3170107,49,12,1,3,2
45102,2023,6,25,1,4,376,"169,1",4115200,67,12,0,3,3
45102,2023,6,25,1,4,116,"745,2",3138401,80,7,0,2,2
45102,2023,6,25,1,4,459,"82,6",3117900,82,7,1,4,2
45102,2023,6,25,1,4,153,"42,5",3170602,36,12,0,2,2
45102,2023,6,25,1,4,116,743,3138401,28,15,0,6,5
45103,2023,6,26,2,1,110,161,2926608,63,10,0,4,2
45103,2023,6,26,2,1,381,872,3152501,11,12,0,2,2
45103,2023,6,26,2,1,116,371,2305407,11,20,1,1,1
45103,2023,6,26,2,1,262,"284,8",5007109,12,7,0,3,2
45103,2023,6,26,2,1,101,160,3203205,1,11,0,2,2
45102,2023,6,25,1,3,163,650,5105259,49,7,0,4,3
45097,2023,6,20,3,2,101,271,3205002,52,9,0,2,2
45103,2023,6,26,2,2,101,"206,8",4216602,16,12,1,4,4
45103,2023,6,26,2,2,386,338,1712009,80,7,0,4,2
45103,2023,6,26,2,2,101,"127,9",4202008,16,12,0,3,3
45046,2023,4,30,1,3,421,56,1101401,16,9,0,4,3
45103,2023,6,26,2,2,116,785,2925006,82,20,0,1,1
45103,2023,6,26,2,2,60,"217,8",5205455,67,20,0,1,1
45103,2023,6,26,2,1,158,"524,9",2906204,49,21,0,2,2
45097,2023,6,20,3,2,163,642,5106224,82,7,0,5,3
45103,2023,6,26,2,2,70,77,4108502,12,21,0,4,2
45103,2023,6,26,2,2,163,255,3169109,67,12,0,2,2
45103,2023,6,26,2,2,230,329,2111607,29,21,0,1,1
44948,2023,1,22,1,3,116,"81,5",3544301,16,12,1,6,2
45103,2023,6,26,2,2,153,"2,9",4311908,67,4,0,1,1
45103,2023,6,26,2,3,393,280,3300308,11,7,1,2,2
45103,2023,6,26,2,3,262,126,3154903,83,21,0,1,1
45031,2023,4,15,7,3,70,624,5106505,44,11,0,3,3
45103,2023,6,26,2,3,262,"240,4",5007109,1,11,1,2,2
45103,2023,6,26,2,3,293,1,4314407,1,9,1,2,2
45103,2023,6,26,2,3,452,"132,9",5203500,82,10,0,4,2
45103,2023,6,26,2,3,376,"320,2",4117305,56,4,0,1,1
45103,2023,6,26,2,2,40,119,2608750,1,11,0,7,3
44995,2023,3,10,6,3,153,39,4200408,16,10,0,3,3
45103,2023,6,26,2,3,101,126,4208203,60,2,0,2,2
45103,2023,6,26,2,3,163,733,5107925,11,10,0,2,2
45103,2023,6,26,2,3,262,"360,3",3106705,30,12,0,2,2
45103,2023,6,26,2,3,262,360,3106705,11,12,0,2,2
45103,2023,6,26,2,3,262,360,3106705,83,12,0,2,2
45103,2023,6,26,2,3,277,64,4125506,16,12,0,5,3
45103,2023,6,26,2,3,424,"89,8",2606002,49,10,1,3,3
45103,2023,6,26,2,2,423,"131,7",2612307,28,18,0,1,1
45103,2023,6,26,2,4,381,58,3528502,16,12,0,2,2
45043,2023,4,27,5,3,163,159,4113452,83,21,0,1,1
45103,2023,6,26,2,4,70,518,2211407,16,12,1,2,2
45103,2023,6,26,2,4,116,"72,5",3531605,52,10,0,2,2
45103,2023,6,26,2,3,135,148,2106631,16,7,1,3,3
45103,2023,6,26,2,4,60,"45,8",5200308,16,12,0,2,2
45103,2023,6,26,2,4,116,"247,9",4209300,60,2,0,2,2
45103,2023,6,26,2,3,280,139,4215000,13,21,0,3,3
45103,2023,6,26,2,4,285,"190,7",4311304,18,21,0,1,1
45104,2023,6,27,3,1,116,"856,1",2933307,49,20,0,1,1
45103,2023,6,26,2,3,116,39,3508603,28,18,0,1,1
45104,2023,6,27,3,1,230,"176,7",2512002,64,20,0,1,1
45104,2023,6,27,3,1,376,306,4115754,83,21,0,2,1
45104,2023,6,27,3,2,235,"12,7",2804805,28,4,0,4,3
45104,2023,6,27,3,1,423,"83,2",2608255,11,12,0,2,2
45104,2023,6,27,3,2,290,83,4309209,52,9,1,4,3
45104,2023,6,27,3,1,101,895,2906907,67,3,0,1,1
45044,2023,4,28,6,4,50,"65,5",3170206,11,12,1,3,3
45104,2023,6,27,3,1,163,927,5104559,16,12,0,4,3
45104,2023,6,27,3,1,452,156,5211503,18,20,0,1,1
45104,2023,6,27,3,2,101,"286,8",4207304,52,9,0,3,3
45032,2023,4,16,1,4,101,6,4205803,67,12,1,2,2
45104,2023,6,27,3,2,101,425,3302601,28,21,0,1,1
45104,2023,6,27,3,2,116,"96,3",4125506,11,12,1,2,2
45104,2023,6,27,3,2,381,"430,2",3156700,15,10,0,2,2
45104,2023,6,27,3,2,40,"547,6",3144805,28,18,0,1,1
45104,2023,6,27,3,2,373,399,4104428,1,11,0,3,2
45103,2023,6,26,2,4,262,492,3142403,67,11,0,2,2
45104,2023,6,27,3,2,262,"438,8",3145208,1,12,0,2,2
45104,2023,6,27,3,2,235,98,2801405,67,12,0,3,3
45104,2023,6,27,3,2,163,923,5104559,67,12,0,2,2
45104,2023,6,27,3,2,282,"366,2",4205209,80,7,0,4,3
44988,2023,3,3,6,4,116,190,3303500,67,12,1,2,2
45104,2023,6,27,3,3,153,"28,9",3533007,18,20,0,2,1
45104,2023,6,27,3,3,262,"355,7",3106705,11,9,1,2,2
45104,2023,6,27,3,2,470,35,4102604,81,20,0,1,1
45093,2023,6,16,6,3,70,295,5107040,3,10,0,3,2
45104,2023,6,27,3,3,116,750,3138401,11,12,0,3,2
45104,2023,6,27,3,3,116,"203,9",4122305,67,12,0,2,2
45104,2023,6,27,3,1,242,333,2919306,67,21,0,1,1
45104,2023,6,27,3,3,153,144,1702109,11,12,1,2,2
45104,2023,6,27,3,3,163,"112,5",4206603,1,11,1,5,3
45104,2023,6,27,3,3,101,263,3205002,16,12,1,2,2
45104,2023,6,27,3,3,116,176,3305109,28,12,1,3,2
45104,2023,6,27,3,2,470,241,4204806,80,7,0,2,2
45104,2023,6,27,3,3,116,279,3300407,83,4,0,3,2
45104,2023,6,27,3,3,290,126,4306767,67,21,0,1,1
45104,2023,6,27,3,3,153,"202,8",3517000,11,12,0,2,2
45104,2023,6,27,3,3,80,26,5300108,65,20,0,1,1
45104,2023,6,27,3,3,376,"10,8",4115200,18,12,0,2,2
45104,2023,6,27,3,3,493,108,3305554,2,4,0,2,2
45104,2023,6,27,3,4,282,26,4215703,80,10,0,3,2
45104,2023,6,27,3,3,163,657,1503606,49,3,0,1,1
45104,2023,6,27,3,3,364,137,1200401,14,4,1,1,1
45104,2023,6,27,3,4,428,179,2611101,44,12,0,4,4
45105,2023,6,28,4,1,101,209,3301306,18,4,0,2,1
45105,2023,6,28,4,1,101,82,2607901,52,21,1,1,1
45105,2023,6,28,4,1,101,54,2803302,3,20,0,1,1
45105,2023,6,28,4,1,262,"415,5",5008008,36,4,0,4,2
45105,2023,6,28,4,2,101,"294,8",3201308,83,12,1,2,2
45105,2023,6,28,4,2,10,"269,7",2105302,18,20,0,3,2
45105,2023,6,28,4,1,392,"248,6",4302808,18,20,0,1,1
45104,2023,6,27,3,4,364,"650,5",1100809,11,21,0,1,1
45105,2023,6,28,4,2,381,402,3107703,16,12,1,7,6
45105,2023,6,28,4,2,470,"165,2",4213708,18,7,0,4,2
45105,2023,6,28,4,2,153,"45,8",4307005,16,12,1,3,3
45105,2023,6,28,4,2,116,224,3518800,78,9,1,3,3
45086,2023,6,9,6,4,101,"121,8",4208203,16,15,0,6,6
44941,2023,1,15,1,3,470,"268,5",4204806,67,7,0,3,3
45105,2023,6,28,4,2,101,77,2110203,67,4,0,2,2
45105,2023,6,28,4,1,50,198,3121258,67,12,0,2,2
45105,2023,6,28,4,2,316,318,2208007,80,11,1,2,2
45105,2023,6,28,4,2,470,"57,2",4202404,80,7,1,2,2
45105,2023,6,28,4,2,101,414,4201406,67,12,1,2,2
45105,2023,6,28,4,2,290,95,4314902,35,2,1,2,2
44981,2023,2,24,6,1,381,30,3504107,67,12,0,2,2
45105,2023,6,28,4,2,285,219,4304952,12,12,1,4,3
45105,2023,6,28,4,2,376,"238,5",4101408,52,12,0,5,2
45105,2023,6,28,4,2,116,104,3554102,11,12,1,2,2
45105,2023,6,28,4,3,101,"268,5",3205002,11,12,1,4,3
45105,2023,6,28,4,2,101,489,3300100,33,11,1,3,2
45105,2023,6,28,4,2,262,"494,3",3142403,1,11,0,3,3
45105,2023,6,28,4,2,10,"111,1",1505502,52,10,0,2,2
45105,2023,6,28,4,3,116,522,4314407,51,12,1,2,2
45092,2023,6,15,5,2,324,623,2927408,64,15,1,5,4
45036,2023,4,20,5,2,470,181,4213708,1,11,0,3,2
45105,2023,6,28,4,1,40,48,3303906,21,21,0,1,1
45105,2023,6,28,4,3,101,341,3202405,28,20,0,1,1
45105,2023,6,28,4,3,101,"210,9",4216602,1,9,1,2,2
45105,2023,6,28,4,3,316,"421,4",2108454,16,9,0,2,2
45105,2023,6,28,4,2,116,188,3303500,14,4,1,2,2
45105,2023,6,28,4,3,153,146,1702109,67,21,1,1,1
45105,2023,6,28,4,3,230,154,2504009,81,11,0,2,2
45065,2023,5,19,6,3,222,"300,7",2313401,65,12,0,14,7
45105,2023,6,28,4,3,376,"172,2",4115200,52,9,1,2,2
45105,2023,6,28,4,3,365,418,3148004,1,9,0,2,2
45105,2023,6,28,4,3,163,"134,9",4104600,28,4,0,1,1
45105,2023,6,28,4,3,101,"457,9",3203403,1,11,0,2,2
45105,2023,6,28,4,3,230,138,2108009,80,7,0,2,2
45105,2023,6,28,4,4,277,389,4104428,1,9,0,7,5
45105,2023,6,28,4,4,230,"88,7",2506400,11,12,0,2,2
45105,2023,6,28,4,3,365,"846,6",3159803,67,12,0,2,2
45105,2023,6,28,4,4,277,66,4125506,82,7,1,2,2
45105,2023,6,28,4,4,153,"34,8",3533007,67,7,0,2,2
45105,2023,6,28,4,3,226,340,2105476,34,10,0,3,3
45105,2023,6,28,4,4,153,"160,2",4128534,11,12,0,3,2
45106,2023,6,29,5,1,101,61,4201307,61,2,0,6,3
45105,2023,6,28,4,3,40,"68,4",3147006,1,11,0,3,3
45105,2023,6,28,4,3,116,515,2302503,21,20,0,2,1
45106,2023,6,29,5,1,116,298,4309308,67,12,0,3,2
45106,2023,6,29,5,1,116,"165,1",4213351,80,10,0,4,2
45106,2023,6,29,5,1,470,"70,8",4207502,11,4,0,3,2
45106,2023,6,29,5,1,153,"303,8",5218607,49,7,0,2,2
45106,2023,6,29,5,1,80,122,2903235,25,11,0,2,2
45106,2023,6,29,5,1,290,"343,5",4319604,80,7,0,2,2
45106,2023,6,29,5,1,70,313,2918506,21,21,1,2,1
45105,2023,6,28,4,3,316,"355,7",2101202,28,18,0,1,1
45106,2023,6,29,5,1,116,"105,9",3141405,67,7,0,5,2
45106,2023,6,29,5,1,101,103,2500601,56,12,0,4,3
45106,2023,6,29,5,2,60,"327,7",2401305,18,7,0,2,2
45106,2023,6,29,5,2,376,596,4106902,61,2,0,2,2
45106,2023,6,29,5,1,116,117,4106902,16,12,1,2,2
45106,2023,6,29,5,2,386,338,4308433,1,11,0,4,4
45015,2023,3,30,5,4,364,"106,7",5100409,18,21,0,1,1
45106,2023,6,29,5,2,101,"81,8",2607901,16,9,1,2,2
45106,2023,6,29,5,2,153,"57,9",3549805,67,12,1,2,2
45106,2023,6,29,5,2,364,"271,8",5104807,82,9,1,3,3
45106,2023,6,29,5,2,153,495,5208707,36,12,1,3,2
45106,2023,6,29,5,2,116,41,2305233,49,15,1,4,4
45042,2023,4,26,4,2,101,70,2611606,1,9,1,2,2
45106,2023,6,29,5,2,262,231,5007109,33,11,0,2,2
45106,2023,6,29,5,2,381,428,3156700,52,9,0,10,4
45106,2023,6,29,5,2,163,33,4124400,1,11,1,3,2
45106,2023,6,29,5,2,386,180,4304705,20,11,0,3,2
45065,2023,5,19,6,3,153,794,1720978,52,11,0,3,3
44978,2023,2,21,3,2,381,"580,2",3114501,67,12,0,2,2
45031,2023,4,15,7,2,116,"359,9",3529906,28,18,0,1,1
45106,2023,6,29,5,2,262,"3,5",5008305,80,7,0,3,2
45106,2023,6,29,5,2,116,522,3509254,67,12,0,3,2
45106,2023,6,29,5,2,369,"446,5",4128005,83,12,1,2,2
45106,2023,6,29,5,2,280,259,4115408,83,21,1,4,1
45105,2023,6,28,4,2,104,"8,5",2708303,83,20,0,1,1
45106,2023,6,29,5,2,146,398,3128709,65,12,0,2,2
45106,2023,6,29,5,3,50,0,3170206,83,21,0,1,1
45106,2023,6,29,5,3,381,"859,3",3152501,16,12,0,5,3
45106,2023,6,29,5,2,232,"4,8",2611606,64,9,1,5,3
45106,2023,6,29,5,3,101,"349,5",3200409,67,7,0,4,2
45062,2023,5,16,3,3,163,"626,7",5007695,80,7,0,4,2
45106,2023,6,29,5,2,101,297,3201308,16,12,1,2,2
45095,2023,6,18,1,1,392,34,4315602,18,20,0,1,1
45106,2023,6,29,5,3,452,"183,6",5211503,18,7,0,3,3
45106,2023,6,29,5,3,381,309,3103009,34,9,0,2,2
45106,2023,6,29,5,3,376,190,4114807,72,11,0,2,2
45106,2023,6,29,5,3,365,"589,8",3103504,28,18,0,1,1
45106,2023,6,29,5,3,316,32,1506500,67,9,1,3,3
45106,2023,6,29,5,3,116,16,3101003,11,12,0,2,2
45098,2023,6,21,4,2,364,513,1100023,80,10,0,2,2
45106,2023,6,29,5,3,277,"471,9",4117057,33,11,1,4,2
45099,2023,6,22,5,2,407,"166,5",1707702,82,20,0,2,2
45101,2023,6,24,7,3,116,54,2309607,1,9,0,2,2
45034,2023,4,18,3,3,277,"586,4",2303501,33,11,0,3,2
45106,2023,6,29,5,3,376,"169,1",4115200,67,12,0,3,2
45106,2023,6,29,5,3,242,"355,2",2919306,52,20,0,3,2
45106,2023,6,29,5,3,230,154,2504009,1,11,1,2,2
45106,2023,6,29,5,2,277,"482,9",4117057,11,4,0,1,1
45106,2023,6,29,5,3,364,130,2409605,66,10,0,3,3
45106,2023,6,29,5,4,222,30,2303709,1,11,1,2,2
45106,2023,6,29,5,4,101,"111,1",4211306,1,9,1,3,2
45070,2023,5,24,4,3,116,"210,8",4122305,1,11,1,3,2
45106,2023,6,29,5,4,493,"24,5",3302502,11,9,0,2,2
45106,2023,6,29,5,4,70,10,5300108,83,21,0,3,1
45106,2023,6,29,5,4,262,"483,7",3107406,28,18,0,2,1
44933,2023,1,7,7,2,101,"67,1",4311775,11,4,0,3,2
45106,2023,6,29,5,3,222,636,2100055,9,21,0,1,1
45106,2023,6,29,5,4,304,"68,9",2408003,18,7,0,2,2
45106,2023,6,29,5,4,153,"73,5",3142809,67,12,0,2,2
45106,2023,6,29,5,4,277,"349,2",4109401,33,7,1,2,2
45106,2023,6,29,5,3,101,447,2902401,83,7,0,3,2
45107,2023,6,30,6,1,304,177,2400802,28,18,0,2,1
45106,2023,6,29,5,4,316,"77,6",2206308,16,9,0,2,2
45107,2023,6,30,6,1,376,655,4127601,67,20,0,1,1
45106,2023,6,29,5,4,381,"720,9",3113909,83,21,0,2,1
45107,2023,6,30,6,1,376,"674,3",4109609,67,12,0,3,3
45107,2023,6,30,6,1,343,"611,9",2203909,18,10,0,2,2
45107,2023,6,30,6,1,277,129,4102307,67,21,0,2,1
45107,2023,6,30,6,1,316,6,2211001,83,4,1,4,1
45107,2023,6,30,6,1,116,323,3302254,18,21,1,1,1
45107,2023,6,30,6,1,282,49,4200606,52,9,0,2,2
45106,2023,6,29,5,4,262,"28,8",3154150,11,7,1,2,2
45107,2023,6,30,6,2,40,"702,6",3105608,11,12,0,4,2
45107,2023,6,30,6,1,364,591,1101104,52,10,0,2,2
45107,2023,6,30,6,2,101,261,3304300,67,9,0,7,3
45107,2023,6,30,6,1,364,342,5107800,67,12,0,2,2
45107,2023,6,30,6,2,381,"940,7",3125101,83,21,0,1,1
45056,2023,5,10,4,2,381,"752,3",3169307,65,12,1,15,2
45107,2023,6,30,6,2,262,"388,9",3126000,80,7,0,2,2
45107,2023,6,30,6,2,230,"62,6",2314003,1,11,0,6,2
45107,2023,6,30,6,2,163,726,5003306,11,10,0,3,2
45107,2023,6,30,6,1,153,220,2309201,18,20,0,1,1
45106,2023,6,29,5,4,316,"121,3",2403251,80,20,0,1,1
45083,2023,6,6,3,4,10,333,1507607,67,10,0,3,2
45107,2023,6,30,6,2,40,679,3154408,49,9,0,2,2
45107,2023,6,30,6,2,163,792,5108501,49,20,0,1,1
45107,2023,6,30,6,2,101,"292,5",3201308,16,15,1,4,4
45107,2023,6,30,6,2,158,562,3100609,67,21,0,1,1
45107,2023,6,30,6,2,40,32,3300225,21,21,0,1,1
45107,2023,6,30,6,2,153,34,2906105,13,21,1,1,1
45107,2023,6,30,6,3,116,271,3168606,67,12,0,2,2
45107,2023,6,30,6,3,280,24,4201307,11,12,1,2,2
45107,2023,6,30,6,3,153,"138,3",2512200,11,7,0,2,2
45107,2023,6,30,6,3,381,44,3504107,52,12,0,3,2
45107,2023,6,30,6,2,163,"633,1",5106224,11,12,0,2,2
45107,2023,6,30,6,3,101,"385,9",3204401,83,10,0,6,2
45107,2023,6,30,6,2,407,93,2917706,14,14,0,2,2
45107,2023,6,30,6,3,40,119,3301702,52,9,1,4,3
45107,2023,6,30,6,3,153,"124,8",3555356,11,12,0,5,3