id_data,ano,mes,dia,id_dia_semana,periodo,br,km,id_municipio,id_causa_acidente,id_tipo_acidente,id_uso_solo,pessoas,veiculos
45116,2023,7,9,1,2,101,"44,2",3201605,80,21,0,2,2
45115,2023,7,8,7,4,153,"698,9",5211503,83,4,1,1,1
45115,2023,7,8,7,4,226,454,2111805,1,11,1,2,2
45116,2023,7,9,1,2,116,560,3505401,67,9,0,4,2
45116,2023,7,9,1,2,316,253,1501956,67,10,0,2,2
45116,2023,7,9,1,2,242,620,2922250,52,10,0,4,3
45116,2023,7,9,1,2,476,154,4101804,16,12,1,4,2
45116,2023,7,9,1,2,376,"471,5",4119905,15,11,0,4,2
45116,2023,7,9,1,2,153,"256,4",3529005,29,21,1,1,1
45115,2023,7,8,7,3,116,508,2513802,46,21,0,1,1
45116,2023,7,9,1,2,153,"111,8",4109708,1,11,1,3,3
45116,2023,7,9,1,2,163,742,5107925,16,10,0,2,2
45116,2023,7,9,1,2,116,"397,5",3127701,18,7,0,5,2
45116,2023,7,9,1,2,163,645,1508050,11,21,0,2,2
45116,2023,7,9,1,3,153,"21,2",3115805,1,9,1,3,2
45116,2023,7,9,1,3,101,407,4201406,33,11,0,2,2
45116,2023,7,9,1,3,101,801,2915601,67,3,0,1,1
45116,2023,7,9,1,3,364,524,1100023,82,10,0,5,2
45115,2023,7,8,7,1,163,503,1508050,11,18,0,1,1
45116,2023,7,9,1,3,101,54,2803302,83,7,0,3,2
45116,2023,7,9,1,3,153,355,1700200,82,7,0,3,2
45116,2023,7,9,1,3,153,272,1703602,16,12,0,61,2
45116,2023,7,9,1,3,153,495,1716109,11,11,0,2,2
45116,2023,7,9,1,3,316,329,2208007,28,21,0,1,1
45116,2023,7,9,1,3,110,269,2913705,1,11,0,2,2
45116,2023,7,9,1,4,277,"534,5",4109757,60,2,0,2,2
45116,2023,7,9,1,4,101,"88,3",2507507,11,9,0,2,2
45116,2023,7,9,1,4,158,"123,3",4203105,80,10,0,2,2
45116,2023,7,9,1,4,116,"68,4",2303956,80,7,0,2,2
45116,2023,7,9,1,4,101,494,3300100,52,10,0,2,2
45116,2023,7,9,1,4,381,23,3507605,52,9,0,3,2
45116,2023,7,9,1,4,376,"593,2",4106902,83,12,1,2,2
45117,2023,7,10,2,1,316,142,2403251,60,2,0,2,2
45117,2023,7,10,2,1,381,"491,7",3106705,67,12,0,2,2
45117,2023,7,10,2,1,365,"744,8",3134202,18,20,0,1,1
45117,2023,7,10,2,2,101,215,3202504,51,21,1,1,1
45116,2023,7,9,1,4,381,47,3504107,25,4,1,1,1
45117,2023,7,10,2,2,222,155,2306108,18,7,0,3,3
45117,2023,7,10,2,2,50,140,3170107,18,12,0,3,2
45117,2023,7,10,2,2,277,"587,9",2303501,16,15,1,7,7
45117,2023,7,10,2,1,116,"6,8",4104006,28,18,0,1,1
45117,2023,7,10,2,2,101,"225,8",4211900,1,9,0,2,2
45117,2023,7,10,2,2,163,129,4104600,11,20,0,1,1
45116,2023,7,9,1,1,316,4,2101970,80,7,0,2,2
45117,2023,7,10,2,2,101,"233,7",4211900,67,9,0,2,2
45117,2023,7,10,2,2,101,249,3305604,16,9,0,2,2
45117,2023,7,10,2,2,101,168,3203205,11,10,0,2,2
45117,2023,7,10,2,2,381,"878,6",3124500,11,12,0,2,2
45117,2023,7,10,2,2,40,"623,1",3118304,28,4,0,2,2
45117,2023,7,10,2,2,393,279,3300308,67,15,1,3,3
45117,2023,7,10,2,2,495,29,3303906,80,7,0,2,2
45116,2023,7,9,1,4,226,361,2105476,49,20,0,1,1
45117,2023,7,10,2,2,116,"279,8",3515004,11,12,0,4,4
45117,2023,7,10,2,2,101,198,4216602,67,9,1,2,2
45092,2023,6,15,5,3,153,"671,5",5216007,83,12,0,4,3
45117,2023,7,10,2,2,277,192,4117701,82,9,0,6,2
45117,2023,7,10,2,2,101,393,3302007,11,4,0,1,1
45094,2023,6,17,7,2,364,399,5103403,80,7,1,2,2
45117,2023,7,10,2,2,116,"66,7",3305802,67,4,0,1,1
45117,2023,7,10,2,3,101,666,2916302,83,10,0,2,2
45117,2023,7,10,2,2,381,"212,1",3144359,28,20,0,2,1
45117,2023,7,10,2,3,364,340,1100122,65,4,1,2,2
45117,2023,7,10,2,3,163,655,5007406,82,10,0,4,3
45117,2023,7,10,2,3,110,"46,6",2408003,1,11,1,2,2
45117,2023,7,10,2,3,364,"269,7",1100049,49,12,0,3,2
45117,2023,7,10,2,3,282,"582,1",3538204,80,7,1,3,3
45117,2023,7,10,2,3,364,8,3550902,52,12,0,2,2
45117,2023,7,10,2,3,376,"494,3",4119905,64,20,1,1,1
45117,2023,7,10,2,4,116,"247,4",4209300,1,11,1,2,2
45117,2023,7,10,2,3,290,684,4322400,11,20,0,2,2
45117,2023,7,10,2,3,153,"61,6",3549805,11,12,1,2,2
45069,2023,5,23,3,4,277,"371,1",4109401,11,12,0,2,2
45085,2023,6,8,5,2,381,754,3169307,52,9,0,2,2
45117,2023,7,10,2,4,381,765,3110905,11,12,0,2,2
45117,2023,7,10,2,3,116,277,3515004,16,9,0,4,4
45117,2023,7,10,2,3,101,330,3304557,11,12,0,2,2
45117,2023,7,10,2,4,101,381,3304557,67,12,0,4,2
45117,2023,7,10,2,3,423,"161,8",2600500,63,10,0,3,2
45046,2023,4,30,1,3,163,659,5007406,11,12,0,2,2
45117,2023,7,10,2,4,80,"15,2",5215603,41,20,0,1,1
45117,2023,7,10,2,4,153,321,4110102,15,7,0,3,2
45117,2023,7,10,2,4,50,"138,3",3170107,83,12,0,4,2
45117,2023,7,10,2,4,393,285,3306305,20,11,1,2,2
45117,2023,7,10,2,3,364,136,2409605,21,21,0,1,1
45117,2023,7,10,2,4,226,554,2109007,80,7,0,3,2
45117,2023,7,10,2,4,101,"88,5",4202107,49,9,1,3,2
45118,2023,7,11,3,1,376,"426,4",4127502,18,12,0,3,2
45117,2023,7,10,2,3,251,326,3127073,14,21,0,2,2
45118,2023,7,11,3,1,262,165,5007109,11,4,0,2,1
45118,2023,7,11,3,1,116,161,3524402,11,12,1,2,2
45118,2023,7,11,3,2,376,"492,9",4119905,15,9,1,2,2
45118,2023,7,11,3,2,101,131,3300936,52,9,0,3,3
45118,2023,7,11,3,2,116,"520,4",4314407,52,12,1,3,3
45118,2023,7,11,3,2,116,146,3549904,18,9,1,2,2
45118,2023,7,11,3,2,40,"737,9",3160702,67,21,0,1,1
45118,2023,7,11,3,2,376,"532,4",4117701,67,7,0,2,2
45068,2023,5,22,2,3,472,438,4310603,11,15,0,7,4
45118,2023,7,11,3,2,282,"67,7",4214300,67,7,0,5,2
45113,2023,7,6,5,3,376,"182,7",4126256,52,9,1,3,3
45006,2023,3,21,3,3,101,"104,7",2403251,11,9,1,2,2
45058,2023,5,12,6,2,282,124,4202602,13,18,0,3,1
45118,2023,7,11,3,2,40,"707,9",3105608,11,12,0,2,2
45118,2023,7,11,3,3,163,"125,8",4121406,49,7,0,2,2
45118,2023,7,11,3,2,376,"432,1",4127502,11,4,0,3,2
45105,2023,6,28,4,1,407,"97,8",2917706,16,12,0,8,2
45118,2023,7,11,3,3,163,395,5006002,52,7,0,3,3
45118,2023,7,11,3,3,153,152,1702109,1,11,0,2,2
45118,2023,7,11,3,3,101,"25,2",4209102,33,7,1,3,2
45118,2023,7,11,3,2,287,"446,9",4322376,21,10,0,3,2
45118,2023,7,11,3,2,242,378,2923506,83,21,0,1,1
45118,2023,7,11,3,3,163,"457,1",2401305,44,12,0,3,2
45118,2023,7,11,3,3,153,"501,9",4108502,56,10,0,2,2
45118,2023,7,11,3,2,376,"129,5",5004700,52,9,0,3,2
45118,2023,7,11,3,3,153,58,3142809,67,21,0,1,1
45118,2023,7,11,3,3,343,"588,7",2203909,11,12,1,2,2
45118,2023,7,11,3,2,116,546,2308302,1,11,1,2,2
45118,2023,7,11,3,3,101,79,2607901,1,11,1,3,2
45118,2023,7,11,3,3,153,279,5214861,34,7,0,2,2
45118,2023,7,11,3,3,163,"699,8",5007406,28,4,0,2,2
45118,2023,7,11,3,3,282,"361,5",4205209,80,10,0,5,3
45118,2023,7,11,3,3,316,"435,6",2108454,82,9,0,3,3
45098,2023,6,21,4,3,101,101,4212809,52,9,1,2,2
45118,2023,7,11,3,3,40,264,3161700,28,18,0,2,1
45118,2023,7,11,3,3,324,626,2927408,78,9,1,4,3
45118,2023,7,11,3,3,163,406,1503606,28,18,0,1,1
45118,2023,7,11,3,2,30,277,2905206,22,21,0,1,1
45118,2023,7,11,3,3,116,219,2910701,80,11,0,2,2
45047,2023,5,1,2,2,316,16,2101970,28,18,0,1,1
45118,2023,7,11,3,4,290,225,4313953,61,2,0,3,2
45118,2023,7,11,3,4,280,"22,4",4201307,16,12,0,2,2
45118,2023,7,11,3,4,116,2,2612208,52,7,0,4,2
45118,2023,7,11,3,4,262,"164,6",3202454,52,7,0,2,2
45109,2023,7,2,1,3,163,"484,3",2401305,1,11,1,2,2
45118,2023,7,11,3,4,459,8,3538501,28,2,0,1,1
45118,2023,7,11,3,4,407,16,2600203,14,21,0,1,1
45118,2023,7,11,3,3,364,294,1100254,67,20,0,1,1
45118,2023,7,11,3,4,277,176,4117701,56,4,0,3,3
45119,2023,7,12,4,1,369,127,4112702,11,12,0,3,2
45119,2023,7,12,4,1,116,164,4121208,4,7,0,4,2
45118,2023,7,11,3,4,364,459,2211407,11,21,0,2,1
45118,2023,7,11,3,1,153,"24,5",3115805,28,20,0,5,2
45119,2023,7,12,4,1,427,"21,1",2510907,83,21,0,1,1
45119,2023,7,12,4,1,40,"525,5",3118601,49,9,1,4,3
45119,2023,7,12,4,1,356,91,3301157,49,4,0,2,2
45119,2023,7,12,4,1,277,137,4102307,67,12,0,2,2
45119,2023,7,12,4,1,153,90,2512200,67,21,0,1,1
45119,2023,7,12,4,1,116,511,3509254,83,21,0,1,1
45112,2023,7,5,4,3,163,738,5107925,67,9,0,2,2
45119,2023,7,12,4,2,110,"124,6",2606606,13,3,0,1,1
45119,2023,7,12,4,2,285,262,4312138,49,12,0,3,2
44984,2023,2,27,2,4,116,323,3302254,83,21,0,1,1
45119,2023,7,12,4,2,116,99,3538006,67,12,0,2,2
45119,2023,7,12,4,2,262,"127,4",3154903,83,7,0,3,3
45119,2023,7,12,4,2,110,1,2924009,1,11,1,2,2
45111,2023,7,4,3,2,267,469,5004106,1,11,0,3,2
45084,2023,6,7,4,2,392,296,4319604,11,7,1,2,2
45119,2023,7,12,4,2,262,650,3129509,18,7,0,4,2
45114,2023,7,7,6,2,386,"8,8",4310504,80,7,0,2,2
45119,2023,7,12,4,2,259,"8,5",3203130,16,12,0,3,3
45119,2023,7,12,4,2,116,229,3550308,67,9,1,2,2
45119,2023,7,12,4,2,163,905,5103056,67,10,0,3,2
45119,2023,7,12,4,2,364,331,5107800,67,21,0,2,2
45119,2023,7,12,4,2,101,"36,8",4209102,83,12,1,6,4
45119,2023,7,12,4,3,163,"488,1",2401305,67,7,0,3,2
45104,2023,6,27,3,4,163,628,5007695,11,12,0,3,2
45119,2023,7,12,4,2,101,"13,2",2705606,3,20,0,2,2
45106,2023,6,29,5,3,163,185,5005152,11,20,0,1,1
45119,2023,7,12,4,3,116,"110,4",3554102,1,9,0,3,2
45119,2023,7,12,4,3,40,"596,2",3146107,83,21,0,2,1
45119,2023,7,12,4,3,116,184,3303500,11,9,1,2,2
45119,2023,7,12,4,3,163,846,5107909,11,12,0,1,1
45119,2023,7,12,4,3,277,"102,9",4106902,1,9,1,2,2
45119,2023,7,12,4,3,471,497,4315602,67,20,0,2,2
45119,2023,7,12,4,3,280,"113,8",4215802,33,11,0,2,2
45119,2023,7,12,4,2,369,"42,7",4102406,18,20,0,1,1
45119,2023,7,12,4,3,101,213,4211900,13,21,1,3,2
45079,2023,6,2,6,2,101,"249,5",3205002,67,9,0,2,2
45119,2023,7,12,4,3,116,445,3542602,67,9,1,5,2
45119,2023,7,12,4,3,40,527,3118601,28,18,1,1,1
45119,2023,7,12,4,3,373,"478,6",4106506,1,11,1,3,2
45119,2023,7,12,4,3,381,532,3133709,83,20,0,1,1
45119,2023,7,12,4,2,285,"72,5",2201903,28,14,0,2,2
45119,2023,7,12,4,3,285,"640,5",4317707,82,7,0,10,4
45119,2023,7,12,4,3,158,222,5211909,28,18,0,1,1
45119,2023,7,12,4,3,293,67,4314605,65,12,0,4,2
45119,2023,7,12,4,4,101,"132,6",4202008,16,15,1,3,3
45119,2023,7,12,4,3,376,679,4109609,67,21,0,1,1
45119,2023,7,12,4,4,153,558,5217104,9,21,0,1,1
45119,2023,7,12,4,2,282,16,4211900,82,11,1,2,2
45119,2023,7,12,4,2,60,516,5005806,67,21,0,1,1
45119,2023,7,12,4,4,222,311,2313401,1,11,0,3,2
45119,2023,7,12,4,3,163,989,1506807,11,10,0,3,3
45119,2023,7,12,4,3,468,"3,7",4313706,33,11,0,6,2
45120,2023,7,13,5,1,116,"4,3",3541901,11,12,0,2,2
45120,2023,7,13,5,1,365,639,3170206,60,2,0,2,2
45120,2023,7,13,5,1,116,94,4125506,51,3,0,2,2
45120,2023,7,13,5,2,40,444,3147402,14,21,0,1,1
45120,2023,7,13,5,1,290,302,4303004,56,4,0,3,1
45089,2023,6,12,2,1,101,290,3301900,2,7,1,2,2
45120,2023,7,13,5,2,262,"368,9",3136652,61,2,1,3,2
45120,2023,7,13,5,2,153,66,3142809,11,20,0,1,1
45120,2023,7,13,5,2,369,151,4113700,16,15,1,4,4
45120,2023,7,13,5,2,101,"6,6",2606200,80,7,0,2,2
45120,2023,7,13,5,2,230,280,2110005,80,7,0,2,2
45120,2023,7,13,5,1,262,397,3147105,1,9,1,4,3
45120,2023,7,13,5,2,70,291,5211008,63,21,0,1,1
45120,2023,7,13,5,2,116,119,4106902,52,9,1,2,2
45120,2023,7,13,5,2,50,"169,7",3170107,83,12,1,2,2
45120,2023,7,13,5,2,116,626,3145877,21,20,0,1,1
45120,2023,7,13,5,2,163,828,5107909,41,7,1,2,2
45114,2023,7,7,6,2,316,310,2208007,11,12,1,2,2
45120,2023,7,13,5,2,230,120,1504208,67,15,1,5,4
45120,2023,7,13,5,2,50,"169,7",3170107,83,12,1,3,3
45120,2023,7,13,5,2,282,"383,8",4209003,44,15,0,3,3
45091,2023,6,14,4,4,290,"23,8",4317608,18,20,0,1,1
45120,2023,7,13,5,2,116,270,3552809,52,9,1,2,2
45120,2023,7,13,5,2,369,91,4106407,83,21,0,1,1
45120,2023,7,13,5,2,262,"27,1",2112803,80,7,0,2,2
45096,2023,6,19,2,3,135,553,2209757,80,7,0,7,2
45120,2023,7,13,5,2,101,542,2929354,83,21,0,1,1
45120,2023,7,13,5,2,116,"41,8",4208104,52,9,0,2,2
45120,2023,7,13,5,2,135,26,2911105,67,20,0,4,2
45120,2023,7,13,5,2,116,"487,2",3130903,14,21,0,1,1
45120,2023,7,13,5,2,316,"613,1",2112209,28,10,0,6,2
45120,2023,7,13,5,2,101,8,4205803,30,21,0,2,1
45120,2023,7,13,5,3,101,"0,3",4321501,19,12,1,2,2
45120,2023,7,13,5,2,364,137,2409605,11,21,0,1,1
45120,2023,7,13,5,2,153,"44,4",4307005,48,11,0,2,2
45119,2023,7,12,4,3,163,680,1503606,29,21,0,1,1
45120,2023,7,13,5,3,101,"4,9",3202603,83,21,1,1,1
45120,2023,7,13,5,3,116,"677,8",2918001,16,15,0,3,3
45120,2023,7,13,5,3,324,571,2929503,16,12,0,3,2
45120,2023,7,13,5,2,364,"437,8",2211407,67,12,0,2,2
45120,2023,7,13,5,3,101,"195,9",4202305,67,12,1,3,3
45120,2023,7,13,5,3,364,346,5107800,28,18,0,1,1
45120,2023,7,13,5,3,343,"518,3",2200509,11,21,1,1,1
45120,2023,7,13,5,3,101,104,2511509,14,21,0,1,1
45120,2023,7,13,5,3,316,124,2403251,82,10,0,2,2
45120,2023,7,13,5,3,364,726,1100205,11,20,0,2,1
45120,2023,7,13,5,3,101,"48,7",3555406,82,9,0,2,2
45069,2023,5,23,3,1,101,100,2602902,11,2,0,5,3
45120,2023,7,13,5,3,116,430,3542602,11,12,0,2,2
45120,2023,7,13,5,3,155,344,1504208,35,2,1,2,2
45117,2023,7,10,2,1,101,385,3304557,28,12,0,3,2
45120,2023,7,13,5,3,163,"211,9",5002407,1,11,0,2,2
45120,2023,7,13,5,3,493,"12,8",3301850,82,7,0,4,2
45120,2023,7,13,5,3,101,208,4216602,78,12,1,2,2
45120,2023,7,13,5,3,116,"756,4",2925105,60,2,1,2,2
45120,2023,7,13,5,3,232,385,2603405,13,10,0,4,3
45111,2023,7,4,3,3,163,172,5005152,67,12,0,3,2
45120,2023,7,13,5,3,277,"261,9",4110706,16,12,0,3,3
45104,2023,6,27,3,2,277,123,4104204,67,12,0,4,2
45120,2023,7,13,5,4,153,"229,8",5209804,83,11,0,6,2
45120,2023,7,13,5,4,267,"591,7",2202505,83,21,0,3,1
45120,2023,7,13,5,3,285,606,4317707,28,18,0,1,1
45120,2023,7,13,5,4,116,619,4301305,67,20,0,1,1
45120,2023,7,13,5,4,470,"3,4",4102604,21,21,0,1,1
45121,2023,7,14,6,1,153,141,1702109,1,20,1,1,1
45121,2023,7,14,6,1,381,793,3162005,67,12,0,2,2
45120,2023,7,13,5,3,282,"273,7",4216800,15,7,0,2,2
45120,2023,7,13,5,4,116,"100,9",2308708,83,10,0,4,3
45121,2023,7,14,6,1,369,31,4103602,18,7,0,6,3
45120,2023,7,13,5,4,365,290,3136306,11,20,0,2,1
45121,2023,7,14,6,2,116,155,3549904,67,12,0,4,2
45121,2023,7,14,6,1,60,"128,6",5208400,11,2,0,2,2
45121,2023,7,14,6,2,153,141,1702109,11,12,1,2,2
45121,2023,7,14,6,1,393,106,3301207,80,7,1,3,2
45065,2023,5,19,6,1,470,"84,8",4215109,1,11,0,3,2
44951,2023,1,25,4,3,470,188,4213708,28,18,0,1,1
45001,2023,3,16,5,2,116,573,2904308,80,7,0,3,3
45121,2023,7,14,6,2,381,"848,2",3152501,11,12,0,4,3
45121,2023,7,14,6,2,101,152,3203205,16,12,0,2,2
45121,2023,7,14,6,2,470,148,4200309,80,7,0,2,2
45121,2023,7,14,6,2,251,36,5300108,28,4,0,3,3
45121,2023,7,14,6,2,158,313,5008305,11,20,0,2,1
45070,2023,5,24,4,2,317,184,1200708,28,20,0,2,1
45121,2023,7,14,6,2,343,"335,6",2211001,11,4,0,2,2
45121,2023,7,14,6,2,101,"405,8",4201406,11,9,0,2,2
45121,2023,7,14,6,2,324,2,2910800,61,2,1,2,2
45121,2023,7,14,6,2,277,66,4125506,11,12,1,2,2
45065,2023,5,19,6,1,101,"19,5",2512903,18,12,0,2,2
45121,2023,7,14,6,3,226,1,1700301,33,11,1,6,2
45121,2023,7,14,6,3,282,"17,4",4211900,1,11,1,2,2
45121,2023,7,14,6,3,40,601,3146107,16,15,0,11,5
45121,2023,7,14,6,3,135,24,2111300,52,9,1,2,2
45121,2023,7,14,6,3,277,"1,5",4118204,1,12,1,2,2
45121,2023,7,14,6,2,158,563,3100609,3,21,0,1,1
45121,2023,7,14,6,3,230,"17,8",2507507,67,12,0,2,2
45121,2023,7,14,6,3,381,"485,5",3106705,78,9,1,3,3
45121,2023,7,14,6,3,116,372,3529906,83,12,0,6,2
45121,2023,7,14,6,3,365,"257,8",3136306,11,20,0,1,1
45121,2023,7,14,6,3,376,"338,9",4117305,80,10,0,2,2
45113,2023,7,6,5,3,222,667,2100055,67,4,1,1,1
45121,2023,7,14,6,3,376,510,4119905,11,12,0,2,2
45121,2023,7,14,6,4,470,225,4308607,33,11,1,6,2
45121,2023,7,14,6,3,116,"701,7",3143906,1,12,0,2,2
45077,2023,5,31,4,3,282,"539,9",4204202,1,11,0,3,3
45121,2023,7,14,6,3,356,10,3302205,18,20,0,1,1
45121,2023,7,14,6,3,40,"145,2",3136306,1,11,0,10,4
45121,2023,7,14,6,4,50,20,3170206,52,9,0,4,4
45121,2023,7,14,6,3,163,285,4114609,1,11,1,2,2
45121,2023,7,14,6,4,381,31,3504107,28,18,1,1,1
45121,2023,7,14,6,4,381,"905,1",3110608,52,9,0,6,2
45121,2023,7,14,6,3,101,"840,7",2925501,44,21,0,2,1
45121,2023,7,14,6,3,293,"68,1",4314605,83,12,0,8,5
45121,2023,7,14,6,4,364,"302,9",5104807,67,12,0,3,3
45121,2023,7,14,6,4,277,291,4120606,80,7,0,4,2
45121,2023,7,14,6,4,116,"27,2",3102704,67,20,0,1,1
45121,2023,7,14,6,4,381,"480,5",3118601,11,9,1,2,2
45121,2023,7,14,6,4,381,273,3119401,9,7,0,4,2
45121,2023,7,14,6,4,376,548,4117701,60,2,0,2,2
45121,2023,7,14,6,3,364,151,2409605,49,21,0,1,1
45121,2023,7,14,6,4,101,"24,9",4209102,11,12,1,10,5
45122,2023,7,15,7,1,116,394,3529906,18,12,0,2,2
45121,2023,7,14,6,4,277,"199,4",4117701,67,12,0,2,2
45122,2023,7,15,7,1,393,246,3300308,18,21,0,4,1
45122,2023,7,15,7,1,116,"774,3",3138401,18,10,0,3,2
45121,2023,7,14,6,4,116,51,3305802,14,21,0,2,1
45122,2023,7,15,7,1,282,571,4211405,52,12,1,2,2
45122,2023,7,15,7,1,381,"732,9",3113909,18,12,0,2,2
45122,2023,7,15,7,2,376,"493,5",4119905,49,12,0,4,4
45122,2023,7,15,7,2,376,1,4115200,67,21,1,2,1
45121,2023,7,14,6,3,40,112,3301702,67,12,1,3,2
45122,2023,7,15,7,2,381,"860,8",3152501,83,15,0,6,4
45122,2023,7,15,7,2,158,"101,1",4204707,33,11,0,2,2
45122,2023,7,15,7,2,153,"215,1",5221601,82,7,0,3,2
45122,2023,7,15,7,2,369,"387,5",4114005,33,11,0,2,2
45122,2023,7,15,7,2,116,816,3101508,76,10,1,4,3
45122,2023,7,15,7,2,153,119,1722081,67,10,0,2,2
45122,2023,7,15,7,2,153,"75,1",3142809,36,12,0,4,4
45122,2023,7,15,7,2,262,778,3170107,11,15,0,9,3
45122,2023,7,15,7,2,467,"100,4",2303501,28,18,0,1,1
45122,2023,7,15,7,3,116,12,2304400,16,9,1,3,3
45122,2023,7,15,7,2,30,"237,6",2911709,28,18,0,1,1
45122,2023,7,15,7,3,463,"102,7",5006606,81,4,1,3,3
45122,2023,7,15,7,3,365,"95,8",3135605,28,4,0,1,1
45122,2023,7,15,7,3,158,20,5203401,52,10,0,6,3
45122,2023,7,15,7,3,153,"98,5",2512200,11,20,0,1,1
45122,2023,7,15,7,3,116,"17,3",2612208,82,7,0,3,3
45122,2023,7,15,7,3,476,"177,8",4106209,67,20,0,1,1
45122,2023,7,15,7,3,381,"810,5",3113602,83,9,0,3,2
45122,2023,7,15,7,2,277,"504,1",4109302,83,21,0,4,1
45122,2023,7,15,7,3,135,"190,8",2111508,28,18,0,1,1
45122,2023,7,15,7,4,101,134,4202008,78,9,1,2,2
45122,2023,7,15,7,4,423,"70,6",2608305,1,11,0,3,2
45122,2023,7,15,7,3,116,512,2513802,83,7,0,5,2
45123,2023,7,16,1,1,210,13,1600303,67,2,0,2,2
45123,2023,7,16,1,1,459,"68,4",3165800,11,3,0,1,1
45123,2023,7,16,1,1,364,272,5104807,11,12,1,4,2
45123,2023,7,16,1,1,282,"645,1",4217204,11,7,0,2,2
45123,2023,7,16,1,1,101,106,4212502,83,20,0,3,2
45123,2023,7,16,1,2,364,"285,4",5104807,67,21,0,1,1
45123,2023,7,16,1,2,153,"34,5",4124103,49,9,0,4,2
45123,2023,7,16,1,2,343,183,2208403,1,11,1,5,2
45123,2023,7,16,1,2,163,885,5103056,82,9,0,7,3
45123,2023,7,16,1,2,235,"19,5",2803609,83,20,0,1,1
45123,2023,7,16,1,3,277,"35,1",4116208,67,12,0,2,2
45123,2023,7,16,1,2,222,"643,8",2100055,18,7,0,3,2
45122,2023,7,15,7,4,364,94,1200450,80,10,0,4,2
45123,2023,7,16,1,2,116,"729,2",3138005,1,9,0,2,2
45123,2023,7,16,1,2,135,47,2101251,19,12,0,5,2
45123,2023,7,16,1,3,262,209,5007109,67,10,0,6,2
45123,2023,7,16,1,2,364,"238,4",5105200,52,11,0,5,2
45123,2023,7,16,1,3,116,152,4114302,16,15,1,10,5
45123,2023,7,16,1,3,153,513,1716109,44,12,0,5,3
45123,2023,7,16,1,3,101,12,4205803,83,12,0,5,5
45123,2023,7,16,1,3,280,"98,6",4215802,83,21,0,1,1
45123,2023,7,16,1,3,153,"345,2",1709302,82,9,0,6,2
45123,2023,7,16,1,3,364,"315,2",5102678,67,9,0,2,2
45123,2023,7,16,1,3,364,361,1100122,16,12,0,6,3
45123,2023,7,16,1,3,40,"610,2",3118007,35,2,1,2,2
45123,2023,7,16,1,4,116,294,3522208,78,9,0,4,3
45123,2023,7,16,1,3,163,768,5003306,1,2,0,2,2
45123,2023,7,16,1,2,155,225,1502954,7,20,0,7,3
45123,2023,7,16,1,4,101,"799,7",2915601,67,21,0,1,1
45123,2023,7,16,1,3,251,"361,2",3146255,16,12,0,4,3
45123,2023,7,16,1,4,101,"11,5",4205803,66,9,0,2,2
45123,2023,7,16,1,4,135,6,2111300,11,12,1,4,3
45123,2023,7,16,1,4,101,816,2915601,67,4,0,1,1
45123,2023,7,16,1,4,280,"22,3",4201307,49,20,0,2,1
45123,2023,7,16,1,4,361,"4,7",2510808,11,10,0,2,2
45123,2023,7,16,1,3,262,"553,2",3138807,83,21,0,1,1
45123,2023,7,16,1,4,40,"180,7",3136306,67,4,0,1,1
45124,2023,7,17,2,1,50,"281,2",5205109,16,12,1,2,2
45123,2023,7,16,1,4,135,10,2111300,67,12,1,4,2
45124,2023,7,17,2,1,101,295,3301900,11,9,1,4,3
45123,2023,7,16,1,4,226,"302,8",2101608,3,21,1,1,1
45124,2023,7,17,2,1,364,236,1100049,49,7,1,3,2
45123,2023,7,16,1,2,101,526,2904704,28,21,1,1,1
45124,2023,7,17,2,1,242,786,2903201,11,12,1,2,2
45124,2023,7,17,2,1,230,"91,4",2506400,11,12,0,16,2
45124,2023,7,17,2,1,101,"174,1",4202305,36,12,0,2,2
45123,2023,7,16,1,4,20,"125,4",5207907,82,7,0,2,2
45124,2023,7,17,2,2,222,190,2312908,67,20,0,4,2
45123,2023,7,16,1,4,330,889,2932200,63,20,0,2,1
45121,2023,7,14,6,3,282,"611,5",2704609,67,7,0,3,3
45123,2023,7,16,1,3,110,154,2926608,28,18,1,5,2
45124,2023,7,17,2,2,101,"350,9",3200409,14,14,0,1,1
45124,2023,7,17,2,2,316,"204,5",2211308,50,9,0,7,3
45124,2023,7,17,2,2,365,624,3170206,82,9,1,2,2
45110,2023,7,3,2,3,163,118,5005707,56,4,0,4,2
45124,2023,7,17,2,2,101,293,3201308,52,9,1,2,2
45124,2023,7,17,2,2,135,5,2111300,61,2,1,3,2
45124,2023,7,17,2,2,381,"479,5",3118601,12,12,1,2,2
45124,2023,7,17,2,2,101,"73,2",2611606,82,21,1,3,2
45124,2023,7,17,2,2,364,372,5107800,72,11,0,2,2
45092,2023,6,15,5,3,471,"153,8",4316808,60,2,0,2,2
45124,2023,7,17,2,2,316,40,2106326,51,7,0,2,2
45124,2023,7,17,2,2,222,"413,9",2110005,80,7,0,3,2
45124,2023,7,17,2,2,153,466,4120309,1,11,1,7,3
45124,2023,7,17,2,2,163,168,4113452,11,20,0,1,1
45124,2023,7,17,2,3,158,124,#N/D,67,21,0,3,3
45124,2023,7,17,2,3,116,272,3552809,11,12,1,4,4
45124,2023,7,17,2,3,376,499,4119905,1,2,0,3,2
45124,2023,7,17,2,3,101,"383,8",3204401,83,21,0,2,2
45124,2023,7,17,2,3,60,"352,2",2401305,67,4,0,1,1
45107,2023,6,30,6,2,70,612,5106505,82,7,0,8,3