id_data,ano,mes,dia,id_dia_semana,periodo,br,km,id_municipio,id_causa_acidente,id_tipo_acidente,id_uso_solo,pessoas,veiculos
45124,2023,7,17,2,3,116,"464,9",2928802,25,9,0,2,2
45124,2023,7,17,2,4,463,35,5006606,12,12,0,2,2
45124,2023,7,17,2,4,392,"121,5",4304507,80,7,0,2,2
45124,2023,7,17,2,3,493,23,3302502,35,2,1,3,2
45124,2023,7,17,2,3,373,472,4106506,80,7,0,2,2
45124,2023,7,17,2,3,280,"303,5",4213609,21,21,1,2,1
45124,2023,7,17,2,3,280,"291,3",4213609,44,21,0,1,1
45124,2023,7,17,2,4,116,251,4320008,52,9,1,4,2
45125,2023,7,18,3,1,277,"132,8",4102307,11,4,0,1,1
45125,2023,7,18,3,2,116,184,3303500,11,12,1,6,6
45125,2023,7,18,3,2,101,173,3200607,82,10,0,4,2
45125,2023,7,18,3,1,116,"248,8",3168606,80,10,0,6,2
45125,2023,7,18,3,1,277,"306,8",4109401,11,20,0,2,1
45125,2023,7,18,3,2,116,351,3529906,16,12,0,3,2
45125,2023,7,18,3,2,285,"299,8",4314100,1,11,1,2,2
45083,2023,6,6,3,4,290,83,1703826,11,12,0,4,2
45107,2023,6,30,6,4,222,653,2100055,80,20,0,2,2
45125,2023,7,18,3,2,153,"262,5",1705508,67,10,0,3,2
45125,2023,7,18,3,2,232,410,2613909,52,7,1,2,2
45125,2023,7,18,3,2,60,"175,5",5200050,18,12,0,3,2
45125,2023,7,18,3,2,364,23,1100304,82,11,0,8,3
45125,2023,7,18,3,2,116,"114,2",4106902,35,2,1,2,2
45125,2023,7,18,3,2,116,364,3529906,11,21,0,1,1
45125,2023,7,18,3,2,381,"700,7",3138203,83,4,0,1,1
45125,2023,7,18,3,2,235,51,2506905,1,11,1,2,2
44955,2023,1,29,1,3,116,"687,5",2918001,49,12,0,3,2
45125,2023,7,18,3,2,116,455,3123700,1,11,1,2,2
45125,2023,7,18,3,2,376,"335,5",4117305,67,21,0,1,1
45125,2023,7,18,3,2,153,14,3103751,25,18,0,1,1
45097,2023,6,20,3,3,163,418,1503606,64,7,0,2,2
45125,2023,7,18,3,2,116,109,3554102,78,12,1,2,2
45125,2023,7,18,3,2,101,"367,6",3200409,80,7,0,3,2
45023,2023,4,7,6,3,10,160,2109007,28,21,0,1,1
45125,2023,7,18,3,3,376,233,4101408,11,4,0,2,1
45125,2023,7,18,3,3,251,0,5206206,16,12,0,2,2
45125,2023,7,18,3,3,280,33,4201307,11,21,1,1,1
45125,2023,7,18,3,3,60,"81,5",5201108,44,12,0,73,3
45125,2023,7,18,3,3,101,372,3202603,67,12,0,3,3
45125,2023,7,18,3,3,163,"75,5",5004601,67,12,0,8,4
45125,2023,7,18,3,3,70,8,5300108,78,9,1,3,2
45109,2023,7,2,1,4,381,495,3106705,67,12,1,4,2
45125,2023,7,18,3,4,101,191,3200607,13,4,0,3,2
45125,2023,7,18,3,3,376,659,4127601,16,12,0,2,2
45125,2023,7,18,3,4,222,"249,4",2312908,60,2,1,2,2
45125,2023,7,18,3,4,116,"911,2",2910404,1,11,0,2,2
45125,2023,7,18,3,4,163,"105,9",5107602,18,12,0,2,2
45126,2023,7,19,4,1,101,"250,8",3205002,13,10,0,2,2
45126,2023,7,19,4,1,40,32,3300225,9,21,0,1,1
45126,2023,7,19,4,1,230,"210,9",2516102,18,20,0,1,1
45126,2023,7,19,4,1,476,67,4127882,83,21,0,1,1
45126,2023,7,19,4,2,40,476,3167202,67,9,0,3,2
45125,2023,7,18,3,4,116,56,1507755,15,11,0,4,2
45126,2023,7,19,4,2,101,"81,3",2707701,4,4,0,1,1
45126,2023,7,19,4,2,226,68,1722081,29,12,0,2,2
45126,2023,7,19,4,2,163,"504,3",5004908,28,18,0,1,1
45106,2023,6,29,5,2,369,168,4103701,1,11,1,3,2
45126,2023,7,19,4,2,365,511,3148103,52,7,0,2,2
45124,2023,7,17,2,4,116,736,2903706,35,2,0,2,2
45126,2023,7,19,4,2,101,"271,2",3205002,16,9,1,2,2
45126,2023,7,19,4,2,376,"41,5",4117107,82,10,0,4,3
45126,2023,7,19,4,2,116,408,3526100,11,12,0,2,2
45126,2023,7,19,4,2,316,312,2208007,1,11,1,2,2
45082,2023,6,5,2,2,70,278,5107040,16,15,1,5,4
45126,2023,7,19,4,2,163,834,5107909,67,12,1,2,2
45126,2023,7,19,4,3,369,"72,5",4123907,1,11,1,2,2
45126,2023,7,19,4,2,116,363,4321105,11,4,0,1,1
45126,2023,7,19,4,2,381,32,3504107,67,15,0,5,5
45126,2023,7,19,4,2,418,66,2923001,67,11,1,2,2
45126,2023,7,19,4,3,262,"453,8",3145208,82,9,0,2,2
45126,2023,7,19,4,3,101,3,4205803,28,4,0,1,1
45126,2023,7,19,4,2,465,"4,8",3305554,1,12,1,2,2
45126,2023,7,19,4,2,101,"213,4",3301306,28,18,0,1,1
45126,2023,7,19,4,3,50,109,5206206,14,20,0,1,1
45126,2023,7,19,4,3,101,89,2607901,67,12,1,4,3
45126,2023,7,19,4,2,470,"126,6",4209904,1,11,0,2,2
45126,2023,7,19,4,3,163,"512,8",5004908,11,12,0,2,2
45126,2023,7,19,4,3,153,186,5221601,67,15,0,4,4
45126,2023,7,19,4,2,493,41,3302502,80,7,1,2,2
45126,2023,7,19,4,3,116,517,3509254,67,21,0,1,1
45126,2023,7,19,4,3,386,"274,4",4308300,80,7,0,2,2
45126,2023,7,19,4,3,376,"460,9",4119905,83,20,0,1,1
45122,2023,7,15,7,4,116,337,2931509,80,7,1,2,2
45126,2023,7,19,4,3,116,413,3526100,49,9,0,3,2
45125,2023,7,18,3,4,116,545,3505401,67,9,0,6,6
45126,2023,7,19,4,4,381,"60,5",3528502,61,2,0,2,2
45126,2023,7,19,4,4,369,508,2303501,80,7,0,3,2
45126,2023,7,19,4,4,163,848,5107909,1,11,1,3,2
45126,2023,7,19,4,4,101,"115,4",4208203,28,18,1,1,1
45126,2023,7,19,4,4,116,322,3302254,83,4,1,2,2
45126,2023,7,19,4,4,290,1,4313508,83,12,0,2,2
45126,2023,7,19,4,4,116,513,3509254,67,15,0,4,3
45126,2023,7,19,4,4,174,319,5106752,9,1,0,4,2
45126,2023,7,19,4,4,262,"96,2",3100302,83,21,0,1,1
45127,2023,7,20,5,1,101,402,4210407,49,20,0,1,1
45127,2023,7,20,5,1,116,331,3526209,18,20,0,1,1
45127,2023,7,20,5,1,158,264,4311205,49,10,1,4,2
45127,2023,7,20,5,1,40,"117,4",3301702,4,11,1,2,2
45127,2023,7,20,5,1,428,"189,8",2611101,17,9,1,2,2
45127,2023,7,20,5,1,153,"573,5",5218391,18,20,0,1,1
45127,2023,7,20,5,1,116,"113,1",2513158,18,10,0,3,3
45126,2023,7,19,4,3,70,120,4108502,11,10,0,3,2
45127,2023,7,20,5,2,116,826,2933307,52,9,1,2,2
45127,2023,7,20,5,2,101,207,4216602,11,12,0,2,2
45127,2023,7,20,5,2,101,"294,1",3201308,81,9,1,2,2
45127,2023,7,20,5,2,324,620,2927408,16,15,1,6,6
45127,2023,7,20,5,2,316,141,2702553,61,2,0,4,2
45127,2023,7,20,5,2,386,"356,7",4307807,11,9,0,6,3
45127,2023,7,20,5,2,116,538,3505401,15,20,0,34,3
45127,2023,7,20,5,2,116,514,3509254,64,20,0,1,1
45127,2023,7,20,5,2,364,"238,6",1100049,16,12,1,2,2
45127,2023,7,20,5,2,230,307,2203909,35,2,0,2,2
45127,2023,7,20,5,2,116,181,3303500,16,15,1,6,6
45127,2023,7,20,5,3,376,"233,6",4101408,1,2,0,3,2
45127,2023,7,20,5,2,470,"48,5",4202404,82,9,1,3,3
45127,2023,7,20,5,2,282,54,4214300,82,7,0,3,3
45127,2023,7,20,5,3,285,320,4314100,56,12,0,4,4
45127,2023,7,20,5,3,262,"88,8",5008305,11,12,0,3,2
45127,2023,7,20,5,3,242,808,2903201,45,9,0,2,2
45127,2023,7,20,5,3,116,538,3505401,11,12,0,3,2
45120,2023,7,13,5,3,155,321,1504208,80,7,0,2,2
45127,2023,7,20,5,3,277,43,4116208,67,9,0,2,2
45127,2023,7,20,5,3,376,408,4127502,67,12,0,2,2
45127,2023,7,20,5,3,153,"224,4",3529005,49,9,0,3,2
45127,2023,7,20,5,4,116,"193,8",3546801,1,12,0,2,2
45127,2023,7,20,5,3,40,115,3301702,16,15,1,9,7
45127,2023,7,20,5,4,101,128,3203205,1,9,1,3,2
45127,2023,7,20,5,4,316,"590,1",2112209,80,7,0,2,2
45127,2023,7,20,5,4,282,"210,7",4209300,25,12,0,3,2
45127,2023,7,20,5,4,116,686,2918001,82,21,0,2,2
45127,2023,7,20,5,4,163,"195,2",5002407,67,12,0,5,3
45127,2023,7,20,5,4,101,399,4210407,80,7,0,7,3
45128,2023,7,21,6,1,470,"58,1",4202404,49,7,1,2,2
45128,2023,7,21,6,1,365,"706,5",3142809,13,21,1,1,1
45127,2023,7,20,5,3,163,165,4113452,83,21,0,2,1
45128,2023,7,21,6,2,116,"772,6",3138401,67,11,0,4,2
45128,2023,7,21,6,2,101,"73,7",2611606,1,11,1,2,2
45096,2023,6,19,2,3,116,"15,5",2933307,1,9,0,4,3
45128,2023,7,21,6,2,40,"739,7",3160702,67,11,0,3,2
45128,2023,7,21,6,2,324,623,2927408,67,12,1,3,2
45112,2023,7,5,4,4,40,77,3303906,28,18,1,1,1
45127,2023,7,20,5,4,407,213,2917508,18,12,0,2,2
45128,2023,7,21,6,2,376,"668,5",4127601,65,9,0,4,2
45128,2023,7,21,6,2,116,702,2918001,52,7,0,3,2
45128,2023,7,21,6,2,369,"147,7",4113700,52,9,0,6,2
45128,2023,7,21,6,2,406,"166,1",2312403,14,21,0,1,1
45128,2023,7,21,6,2,365,340,3170750,28,21,0,1,1
45128,2023,7,21,6,2,101,"270,1",3205002,52,9,1,3,2
45128,2023,7,21,6,1,304,1,2408003,18,10,0,5,2
45090,2023,6,13,3,2,277,237,4110706,67,4,1,3,3
45128,2023,7,21,6,2,158,302,4310538,16,12,0,4,2
45128,2023,7,21,6,2,116,"774,1",3138401,83,21,0,2,2
45128,2023,7,21,6,2,163,181,5005152,16,7,0,2,2
45074,2023,5,28,1,1,10,265,1500958,52,10,0,3,2
45128,2023,7,21,6,2,101,"295,5",3301900,16,9,1,2,2
45128,2023,7,21,6,2,277,"722,3",4108304,33,11,1,5,2
45096,2023,6,19,2,3,70,705,5102504,9,1,0,10,5
45128,2023,7,21,6,2,116,283,3168606,80,10,0,4,3
45128,2023,7,21,6,2,116,5,4104006,67,12,0,4,4
45128,2023,7,21,6,3,116,489,3509254,11,3,1,4,2
45128,2023,7,21,6,3,163,"885,6",5103056,1,11,0,3,2
45128,2023,7,21,6,3,116,35,4208104,67,10,0,4,2
45093,2023,6,16,6,1,101,"402,9",3202801,80,7,0,12,2
45126,2023,7,19,4,3,476,147,4101804,67,9,1,3,2
45128,2023,7,21,6,2,343,"318,9",2200400,28,18,0,1,1
45128,2023,7,21,6,3,163,63,3514809,80,7,0,2,2
45128,2023,7,21,6,3,376,"634,2",4125506,13,14,0,1,1
45128,2023,7,21,6,2,293,252,4306601,35,2,1,2,2
45128,2023,7,21,6,3,101,50,2600054,16,9,1,3,3
45128,2023,7,21,6,3,101,"192,4",4202305,52,9,1,3,2
45128,2023,7,21,6,3,101,138,4202008,67,12,1,3,3
45128,2023,7,21,6,3,470,224,4308607,80,7,0,1,1
45128,2023,7,21,6,3,101,184,2908200,13,3,0,2,1
45128,2023,7,21,6,3,163,831,5007935,1,11,0,3,2
45128,2023,7,21,6,3,324,533,2910800,16,15,1,6,4
45128,2023,7,21,6,2,116,521,4314407,11,11,0,2,2
45128,2023,7,21,6,3,381,501,3106705,52,9,0,4,2
45128,2023,7,21,6,3,262,"25,4",3154150,80,10,0,3,3
45128,2023,7,21,6,4,101,212,3202504,1,11,1,4,3
45128,2023,7,21,6,3,407,577,2207801,52,9,0,3,2
45128,2023,7,21,6,4,262,85,3100302,28,18,0,2,1
45128,2023,7,21,6,4,116,216,3518800,18,12,1,2,2
45128,2023,7,21,6,4,116,"188,7",4104105,33,11,0,2,2
45128,2023,7,21,6,3,242,225,2914703,11,12,1,3,2
45128,2023,7,21,6,4,163,183,4124020,18,20,1,1,1
45129,2023,7,22,7,1,459,"69,9",3165800,83,21,0,1,1
45129,2023,7,22,7,1,116,487,3130903,83,21,0,1,1
45129,2023,7,22,7,1,392,"25,7",4315602,18,20,0,1,1
45128,2023,7,21,6,4,10,264,1500958,46,12,1,2,2
45129,2023,7,22,7,1,110,182,2926608,80,7,0,2,2
45129,2023,7,22,7,1,116,"35,5",1507755,83,21,0,2,1
45129,2023,7,22,7,1,364,"248,7",1100049,18,10,0,3,2
45129,2023,7,22,7,1,50,21,3170206,49,11,0,5,2
45129,2023,7,22,7,1,116,"452,5",2928802,16,12,0,5,2
45129,2023,7,22,7,2,277,"2,5",4118204,67,12,1,3,3
45129,2023,7,22,7,2,116,"276,9",4216057,11,12,0,6,4
45129,2023,7,22,7,2,101,225,3202207,82,9,0,3,2
45129,2023,7,22,7,1,158,217,5211909,28,18,0,1,1
45129,2023,7,22,7,2,493,96,3305554,60,2,1,2,2
45129,2023,7,22,7,2,392,351,2409332,1,11,1,4,3
45129,2023,7,22,7,2,70,1,5300108,18,20,1,1,1
45129,2023,7,22,7,2,262,768,5003207,11,21,0,1,1
45090,2023,6,13,3,4,163,711,5107925,80,7,0,2,2
45129,2023,7,22,7,2,381,899,3110608,11,20,0,1,1
45129,2023,7,22,7,2,163,578,5106224,82,10,0,6,6
45129,2023,7,22,7,2,101,106,4212502,52,9,0,4,4
45129,2023,7,22,7,2,381,"654,6",3159902,18,7,0,2,2
45129,2023,7,22,7,2,163,287,4114609,67,15,0,16,6
45129,2023,7,22,7,3,381,514,3130101,80,7,0,2,2
45129,2023,7,22,7,3,467,"91,8",2303501,11,12,0,2,2
45129,2023,7,22,7,3,493,67,3303500,67,20,0,2,1
45129,2023,7,22,7,1,163,889,1501451,60,2,0,2,2
45129,2023,7,22,7,2,364,"267,2",1100049,1,20,0,1,1
45129,2023,7,22,7,3,364,"180,6",1100189,56,4,0,1,1
45129,2023,7,22,7,3,381,71,3550308,52,9,1,3,2
45129,2023,7,22,7,3,376,"237,4",4101408,83,4,0,1,1
45129,2023,7,22,7,2,153,283,5214861,67,15,0,6,3
45129,2023,7,22,7,4,101,"44,9",2606804,51,20,1,2,2
45129,2023,7,22,7,4,153,132,2512200,67,12,0,3,3
45129,2023,7,22,7,4,232,525,2612208,81,1,0,2,2
45129,2023,7,22,7,3,70,272,5107040,60,2,0,2,2
45129,2023,7,22,7,4,153,78,3504602,11,2,0,4,3
45129,2023,7,22,7,4,116,"117,6",3133303,80,10,0,2,2
45068,2023,5,22,2,2,101,114,4208203,11,15,0,5,5
45129,2023,7,22,7,3,364,662,1100809,29,20,0,1,1
45129,2023,7,22,7,4,376,679,4109609,66,14,0,1,1
45129,2023,7,22,7,4,343,324,2211001,49,20,0,1,1
45129,2023,7,22,7,3,343,589,2203909,67,4,1,1,1
45129,2023,7,22,7,4,267,"110,7",5006200,52,9,0,2,2
45129,2023,7,22,7,4,277,338,4109401,80,11,0,2,2
45129,2023,7,22,7,4,116,"433,5",2910800,18,21,0,1,1
45130,2023,7,23,1,1,369,"486,9",4106308,2,7,0,5,2
45130,2023,7,23,1,1,316,"549,5",2103000,52,10,0,2,2
45130,2023,7,23,1,1,101,189,2610004,83,3,1,1,1
45130,2023,7,23,1,1,470,"319,9",4203600,49,7,0,2,2
45129,2023,7,22,7,4,470,"193,9",4213708,12,10,0,2,2
45130,2023,7,23,1,1,376,660,4127601,11,12,0,2,2
45130,2023,7,23,1,2,116,511,3509254,67,21,0,5,2
45130,2023,7,23,1,2,364,"146,5",1100189,82,9,0,5,3
45130,2023,7,23,1,2,251,513,3126703,16,4,0,1,1
45130,2023,7,23,1,2,116,"193,1",4213302,83,21,0,1,1
45130,2023,7,23,1,2,386,419,4312401,18,7,0,3,3
45130,2023,7,23,1,2,316,85,2609907,82,7,1,3,3
45110,2023,7,3,2,4,282,528,4219705,67,11,0,3,2
45130,2023,7,23,1,2,153,544,5217104,16,12,0,3,2
45130,2023,7,23,1,2,386,"350,6",4307807,83,21,1,2,1
45130,2023,7,23,1,2,174,974,1302603,38,20,0,1,1
45130,2023,7,23,1,2,364,703,1100205,11,9,0,5,2
45130,2023,7,23,1,2,158,89,5006309,19,12,0,11,6
45130,2023,7,23,1,2,163,124,5005707,14,21,0,1,1
45130,2023,7,23,1,2,40,"526,5",3118601,11,9,1,2,2
45130,2023,7,23,1,2,101,747,2914653,67,21,0,1,1
45130,2023,7,23,1,2,282,443,4213401,82,9,0,3,2
45130,2023,7,23,1,2,163,482,2401305,11,20,1,2,1
45130,2023,7,23,1,3,373,183,4119905,52,10,1,5,5
45130,2023,7,23,1,3,153,483,1716109,67,9,0,6,3
45130,2023,7,23,1,3,222,613,2100055,82,9,0,4,2
45130,2023,7,23,1,4,116,224,3518800,67,12,1,3,2
45130,2023,7,23,1,3,381,688,3138203,14,21,0,2,1
45130,2023,7,23,1,3,101,"677,7",2910727,1,11,0,3,2
45130,2023,7,23,1,4,116,112,3554102,35,2,1,2,2
45130,2023,7,23,1,4,424,"70,5",2603207,67,12,0,4,3
45130,2023,7,23,1,4,116,205,3503901,67,4,1,1,1
45130,2023,7,23,1,2,116,"776,3",3138401,21,21,0,1,1
45130,2023,7,23,1,4,381,850,3152501,67,9,0,5,3
45130,2023,7,23,1,4,40,10,5212501,11,11,1,2,2
45130,2023,7,23,1,4,116,"715,5",3143906,83,7,0,3,2
45130,2023,7,23,1,4,116,104,3133303,83,21,0,1,1
45130,2023,7,23,1,4,101,"711,5",2910727,52,7,0,2,2
45130,2023,7,23,1,4,116,131,3302502,80,7,0,4,2
45131,2023,7,24,2,1,381,316,3144706,83,7,0,4,2
45131,2023,7,24,2,1,262,"116,5",5000203,28,18,0,1,1
45131,2023,7,24,2,1,386,"299,2",4315131,18,11,0,2,2
45131,2023,7,24,2,1,262,583,3111507,18,21,0,1,1
45131,2023,7,24,2,2,101,216,4211900,67,9,1,2,2
45131,2023,7,24,2,2,493,48,3301702,1,11,1,5,2
45131,2023,7,24,2,2,163,"483,1",2401305,81,20,0,2,2
45119,2023,7,12,4,1,290,116,4306767,80,7,0,2,2
45131,2023,7,24,2,2,282,"16,7",4211900,11,12,1,3,2
45124,2023,7,17,2,2,40,123,3301702,16,15,1,3,3
45131,2023,7,24,2,2,40,"118,9",2608750,1,11,0,6,3
45131,2023,7,24,2,2,40,"529,4",3118601,52,9,1,2,2
45129,2023,7,22,7,1,116,145,3301702,16,12,1,6,3
45131,2023,7,24,2,2,116,293,3522208,67,11,0,2,2
45131,2023,7,24,2,2,101,"50,2",2600054,35,2,1,2,2
45131,2023,7,24,2,2,101,"61,4",3301009,20,12,1,3,2
45131,2023,7,24,2,2,364,609,1101104,82,10,0,4,3
45131,2023,7,24,2,2,262,"308,1",2401305,50,20,0,3,2
45131,2023,7,24,2,2,135,3,2111300,28,18,1,1,1
45131,2023,7,24,2,2,470,23,4207106,11,12,0,2,2
45081,2023,6,4,1,2,153,"13,7",3519808,28,18,0,1,1
45127,2023,7,20,5,3,290,152,4301107,1,11,0,3,2
45131,2023,7,24,2,3,116,247,4318705,52,11,1,2,2
45131,2023,7,24,2,2,163,650,5105259,82,10,0,3,3
45131,2023,7,24,2,3,40,268,3161700,80,10,0,2,2
45131,2023,7,24,2,3,343,"347,5",2211001,80,10,1,4,3
45131,2023,7,24,2,3,101,"53,8",2510907,11,12,0,2,2
45131,2023,7,24,2,3,135,3,2111300,16,12,0,3,3
45131,2023,7,24,2,2,116,"202,4",4213302,67,21,0,5,2
45131,2023,7,24,2,3,242,852,2903201,52,11,0,2,2
45131,2023,7,24,2,3,116,228,3550308,11,12,0,4,3
45131,2023,7,24,2,3,158,388,4306379,49,20,0,1,1
45131,2023,7,24,2,3,282,575,3538204,51,7,0,3,3
45131,2023,7,24,2,3,470,"1,5",4211306,51,20,1,1,1
45131,2023,7,24,2,3,381,935,3125101,28,18,1,1,1
45131,2023,7,24,2,3,470,60,4202404,82,12,1,2,2
45131,2023,7,24,2,4,60,"403,5",5218805,67,20,0,1,1
45131,2023,7,24,2,4,153,"490,8",5208707,16,9,1,2,2
45131,2023,7,24,2,3,381,560,3132206,56,12,0,2,2
45131,2023,7,24,2,4,381,"658,1",3159902,83,4,0,1,1
45131,2023,7,24,2,3,364,489,1100023,28,18,0,3,1
45131,2023,7,24,2,3,174,967,1302603,67,20,0,2,1
45132,2023,7,25,3,1,235,45,2506905,28,11,0,2,2
45132,2023,7,25,3,1,116,20,1507755,67,21,0,1,1
45132,2023,7,25,3,1,381,655,3159902,18,21,0,2,1
45132,2023,7,25,3,1,101,"161,8",2806305,80,10,0,3,3
45132,2023,7,25,3,2,146,"484,3",3151800,82,10,0,3,3
45132,2023,7,25,3,2,290,"180,6",4312252,1,11,1,4,2
45132,2023,7,25,3,2,116,119,4106902,81,12,1,8,3
45132,2023,7,25,3,2,101,"269,8",3205002,78,9,1,3,3
45132,2023,7,25,3,2,10,457,4117602,67,12,1,3,3
45132,2023,7,25,3,1,381,377,3161908,67,21,0,1,1
45132,2023,7,25,3,2,376,665,4109609,28,12,0,2,2
45132,2023,7,25,3,2,153,217,4127502,18,7,0,2,2
45132,2023,7,25,3,2,290,"107,6",4306767,52,9,0,3,2
45132,2023,7,25,3,2,101,"191,5",4202305,67,9,1,2,2
45132,2023,7,25,3,2,101,"232,2",4211900,35,2,0,2,2
45131,2023,7,24,2,4,423,"47,2",2703304,35,2,0,2,2
45132,2023,7,25,3,2,251,"517,1",3143302,67,9,0,3,3
45132,2023,7,25,3,2,369,93,4106407,52,9,0,2,2
45132,2023,7,25,3,2,101,"163,5",3302403,67,15,0,3,3
45132,2023,7,25,3,3,116,230,3550308,78,9,0,3,3
45132,2023,7,25,3,3,381,84,3550308,1,9,1,2,2
45132,2023,7,25,3,3,163,483,2401305,11,15,1,3,3
45132,2023,7,25,3,3,155,343,1504208,1,11,1,2,2
45123,2023,7,16,1,3,163,"499,2",5004908,41,20,0,1,1
45113,2023,7,6,5,2,101,80,2501807,67,15,1,4,4
45132,2023,7,25,3,3,40,413,3120904,83,11,0,2,2
45132,2023,7,25,3,3,153,271,5214861,11,20,0,3,1
45132,2023,7,25,3,3,392,1,4315602,82,9,0,2,2
45132,2023,7,25,3,3,407,125,2930105,80,7,1,2,2
45132,2023,7,25,3,3,376,"382,1",4110078,14,21,0,2,1
45132,2023,7,25,3,3,262,64,3203346,28,21,0,1,1
45132,2023,7,25,3,3,60,394,5218805,76,20,0,4,3
45132,2023,7,25,3,4,101,49,2600054,52,9,1,3,3
45132,2023,7,25,3,3,381,"686,7",3138203,83,21,0,1,1
45132,2023,7,25,3,4,153,457,4128203,49,12,0,2,2
45132,2023,7,25,3,4,101,"134,8",4202008,16,12,1,4,2
45132,2023,7,25,3,4,101,125,2503001,11,12,0,2,2
45132,2023,7,25,3,4,116,"38,5",4322509,52,11,1,3,3
45132,2023,7,25,3,4,101,"207,8",4216602,83,12,1,2,2
45132,2023,7,25,3,4,135,"5,5",2111300,67,12,1,2,2
45132,2023,7,25,3,4,282,524,4219705,9,1,0,3,2
45047,2023,5,1,2,3,101,817,2933257,83,21,0,2,1
45132,2023,7,25,3,4,116,"508,8",3170057,83,12,1,2,2
45133,2023,7,26,4,1,101,133,4202008,28,18,1,1,1
45132,2023,7,25,3,4,222,538,2102036,80,7,0,2,2
45133,2023,7,26,4,1,101,248,3205002,67,21,0,1,1
45133,2023,7,26,4,1,60,449,5007901,11,20,0,1,1
45133,2023,7,26,4,1,381,"269,5",3168705,15,10,0,4,2
45133,2023,7,26,4,1,116,219,3518800,67,4,1,2,2
45133,2023,7,26,4,2,116,"95,9",4125506,52,9,0,3,3
45133,2023,7,26,4,2,262,"96,3",3100302,34,7,1,4,2
45132,2023,7,25,3,4,242,352,2919306,11,20,0,1,1
45133,2023,7,26,4,2,470,95,4201703,1,7,0,2,2
45132,2023,7,25,3,3,381,"684,8",3154705,83,21,0,2,2
45003,2023,3,18,7,2,101,"70,2",3204906,52,9,1,2,2
45133,2023,7,26,4,2,364,9,1100304,67,4,1,2,1
45133,2023,7,26,4,1,230,"191,5",2512002,18,7,0,4,3
45133,2023,7,26,4,2,381,897,3110608,11,12,1,2,2
45118,2023,7,11,3,2,381,366,3161908,11,10,0,2,2
45057,2023,5,11,5,2,40,"710,4",3105608,83,4,0,1,1
45133,2023,7,26,4,2,101,"209,2",4216602,33,11,1,2,2
45133,2023,7,26,4,2,470,19,4207106,68,21,0,4,1
45133,2023,7,26,4,2,470,137,4214805,33,11,0,3,2
45133,2023,7,26,4,2,116,227,3550308,67,15,1,5,5
45133,2023,7,26,4,2,316,249,2601607,11,10,0,3,2
45133,2023,7,26,4,2,60,390,5218805,52,9,1,2,2
45133,2023,7,26,4,2,381,"685,7",3138203,83,12,0,3,3
45133,2023,7,26,4,2,277,432,4128658,80,7,0,5,3
45133,2023,7,26,4,2,277,23,4116208,67,20,0,1,1
45133,2023,7,26,4,2,116,155,3549904,52,9,1,2,2
45133,2023,7,26,4,2,232,"4,6",2611606,11,12,0,5,2
45133,2023,7,26,4,3,459,67,3165800,83,3,0,1,1
45133,2023,7,26,4,2,116,286,3168606,28,21,0,1,1
45133,2023,7,26,4,2,381,"888,8",3110608,67,15,0,9,8
45133,2023,7,26,4,3,101,142,3203205,16,12,1,2,2
45133,2023,7,26,4,3,101,137,4202008,16,12,1,2,2
45133,2023,7,26,4,2,116,14,1507755,83,20,0,1,1
45133,2023,7,26,4,3,40,"611,8",3118007,16,12,1,2,2
45133,2023,7,26,4,3,40,"605,9",3118007,16,12,0,6,5
45133,2023,7,26,4,3,116,207,4213302,11,12,1,2,2
45133,2023,7,26,4,2,116,277,2931905,2,9,0,2,2
45133,2023,7,26,4,2,158,126,4203105,51,7,0,2,2
45133,2023,7,26,4,3,116,813,2933307,16,9,1,2,2
45133,2023,7,26,4,3,153,"500,1",5208707,52,9,1,3,3
45133,2023,7,26,4,3,153,"99,3",3525706,1,9,0,2,2
45103,2023,6,26,2,2,116,508,2513802,82,7,0,4,4
45133,2023,7,26,4,3,493,1,3301900,20,11,1,3,2
45133,2023,7,26,4,2,60,391,5218805,49,9,1,2,2
45133,2023,7,26,4,3,365,823,3159803,67,12,0,2,2
45133,2023,7,26,4,3,50,"278,8",5205109,33,11,1,2,2
45133,2023,7,26,4,2,116,"576,9",3139409,67,3,0,1,1
45133,2023,7,26,4,3,10,70,1508126,16,12,0,8,3
45133,2023,7,26,4,3,163,69,4217204,67,11,1,2,2
45133,2023,7,26,4,4,101,224,2707503,48,2,1,2,2
45133,2023,7,26,4,3,493,57,3301702,67,12,0,3,2
45133,2023,7,26,4,3,116,511,3509254,67,21,0,1,1
45133,2023,7,26,4,3,158,525,2906204,63,21,0,2,1
45133,2023,7,26,4,4,230,161,2504009,81,11,0,4,3
45133,2023,7,26,4,4,116,491,2308302,52,12,0,4,2
45133,2023,7,26,4,4,381,375,3161908,83,7,0,8,4
45133,2023,7,26,4,4,316,"48,7",2205581,67,12,0,2,2
45133,2023,7,26,4,3,155,340,1504208,28,18,0,2,1
45134,2023,7,27,5,1,343,"346,2",2211001,11,3,1,2,2
45134,2023,7,27,5,1,364,438,2211407,11,21,0,1,1
45134,2023,7,27,5,1,116,213,3518800,67,12,0,2,2
45134,2023,7,27,5,2,392,108,4312450,28,18,0,1,1
45134,2023,7,27,5,1,116,347,3529906,28,18,0,2,2