id_data,ano,mes,dia,id_dia_semana,periodo,br,km,id_municipio,id_causa_acidente,id_tipo_acidente,id_uso_solo,pessoas,veiculos
45159,2023,8,21,2,4,116,"469,2",3168408,67,21,0,1,1
45160,2023,8,22,3,1,381,794,3162005,18,12,0,2,2
45159,2023,8,21,2,4,343,"347,4",2211001,67,4,1,1,1
45160,2023,8,22,3,1,40,"357,8",3125705,49,10,0,2,2
45160,2023,8,22,3,1,116,73,2603009,80,10,0,2,2
45159,2023,8,21,2,4,470,"41,8",4205902,11,14,0,2,2
45160,2023,8,22,3,1,364,430,1100114,1,11,0,4,2
45160,2023,8,22,3,2,50,"306,5",5206602,83,21,0,1,1
45159,2023,8,21,2,4,493,91,3301702,60,2,0,2,2
45160,2023,8,22,3,2,376,173,4115200,52,9,1,5,2
45159,2023,8,21,2,4,163,579,5106224,28,18,0,1,1
45160,2023,8,22,3,2,376,"592,4",4106902,78,21,1,2,2
45160,2023,8,22,3,2,381,"281,1",3135001,11,12,0,2,2
45160,2023,8,22,3,2,163,14,2922102,52,9,0,4,2
45160,2023,8,22,3,2,101,"33,4",4209102,1,9,0,2,2
45160,2023,8,22,3,2,381,"529,8",3109006,83,21,0,1,1
45160,2023,8,22,3,2,277,"66,7",4125506,67,11,1,2,2
45160,2023,8,22,3,2,381,"529,9",3109006,16,12,0,2,2
45159,2023,8,21,2,3,381,"576,3",3132206,67,12,0,2,2
45160,2023,8,22,3,2,290,109,4306767,44,21,1,1,1
45160,2023,8,22,3,2,116,419,2910800,16,12,1,2,2
45160,2023,8,22,3,2,319,"62,1",1100205,44,12,1,2,2
45160,2023,8,22,3,2,230,398,2101400,38,11,0,5,2
45160,2023,8,22,3,2,290,"723,4",4322400,67,11,0,2,2
45160,2023,8,22,3,2,259,38,3201506,83,7,0,4,2
45160,2023,8,22,3,2,174,516,5103304,67,20,0,2,2
45160,2023,8,22,3,3,146,397,3128709,65,21,1,1,1
45156,2023,8,18,6,2,163,"103,8",5107602,56,21,0,3,2
45160,2023,8,22,3,2,10,"207,1",2109551,41,20,0,3,1
45160,2023,8,22,3,3,290,88,4314902,16,12,1,1,1
45160,2023,8,22,3,3,70,55,5205513,28,18,0,1,1
45160,2023,8,22,3,3,356,"26,6",3302205,16,12,0,6,2
45160,2023,8,22,3,3,110,314,2900702,18,20,0,3,1
45156,2023,8,18,6,4,376,406,4127502,52,21,0,1,1
45160,2023,8,22,3,3,153,"529,5",2305209,11,20,1,1,1
45160,2023,8,22,3,3,493,86,3301702,11,2,0,3,2
45160,2023,8,22,3,3,386,"356,6",4307807,67,9,0,2,2
45160,2023,8,22,3,3,230,"165,8",2504009,3,21,1,2,2
45160,2023,8,22,3,3,174,900,1302603,28,18,0,1,1
45160,2023,8,22,3,3,364,595,5103502,83,9,0,4,3
45160,2023,8,22,3,4,277,236,4110706,52,12,0,4,3
45160,2023,8,22,3,3,40,"40,7",3147006,2,4,0,1,1
45160,2023,8,22,3,3,153,592,2308906,16,12,0,3,2
45160,2023,8,22,3,4,60,426,5218805,49,20,0,1,1
45160,2023,8,22,3,4,116,207,3518800,11,21,0,2,2
45160,2023,8,22,3,3,364,128,1200401,67,10,0,5,2
45160,2023,8,22,3,4,135,187,2903201,52,20,0,1,1
45160,2023,8,22,3,4,116,257,4203253,83,12,0,2,2
45160,2023,8,22,3,4,364,598,5103502,67,12,0,2,2
45161,2023,8,23,4,1,381,62,3528502,18,12,1,2,2
45161,2023,8,23,4,1,116,516,3509254,18,12,0,2,2
45160,2023,8,22,3,2,316,"61,6",2206407,3,20,0,1,1
45160,2023,8,22,3,4,226,"248,2",2112308,11,20,0,1,1
45160,2023,8,22,3,4,116,"106,8",4319000,80,11,0,5,3
45161,2023,8,23,4,1,116,371,3529906,18,12,0,3,2
45160,2023,8,22,3,4,101,"144,8",4208302,52,3,1,6,2
45160,2023,8,22,3,3,242,292,2919009,83,21,0,2,1
45161,2023,8,23,4,1,40,94,3301702,67,21,0,1,1
45160,2023,8,22,3,4,40,116,3301702,16,12,0,2,2
45161,2023,8,23,4,2,116,"144,6",3549904,82,9,1,2,2
45161,2023,8,23,4,2,60,"97,2",5201108,33,10,1,2,2
45161,2023,8,23,4,2,376,218,4112108,83,11,1,2,2
45161,2023,8,23,4,2,163,844,5007935,11,20,0,1,1
45161,2023,8,23,4,2,101,"288,5",3201308,52,9,1,3,2
45161,2023,8,23,4,2,153,163,1702109,67,15,0,4,3
45161,2023,8,23,4,2,101,"723,4",2910727,83,10,0,2,2
45161,2023,8,23,4,2,101,"2,3",4205803,52,9,1,2,2
45146,2023,8,8,3,3,116,546,3505401,67,4,0,5,5
45161,2023,8,23,4,2,116,228,3550308,67,9,1,4,2
45161,2023,8,23,4,2,277,"564,5",2303501,80,7,0,2,2
45161,2023,8,23,4,2,280,"22,4",4201307,1,11,1,2,2
45143,2023,8,5,7,3,282,"312,3",3556354,83,7,0,5,2
45161,2023,8,23,4,2,222,444,2110005,28,7,1,5,2
45161,2023,8,23,4,2,135,93,2105401,67,12,0,4,4
45161,2023,8,23,4,3,116,196,3304144,67,7,0,2,2
45161,2023,8,23,4,3,376,"216,5",4112108,11,12,1,2,2
45161,2023,8,23,4,3,381,"924,4",3133600,83,21,0,1,1
45161,2023,8,23,4,3,116,128,3302502,28,20,1,3,1
45161,2023,8,23,4,3,101,163,4218004,16,9,1,2,2
45161,2023,8,23,4,3,316,"242,8",2700409,14,21,1,1,1
45161,2023,8,23,4,3,290,"28,7",4317608,28,21,0,3,1
45161,2023,8,23,4,3,116,499,3509254,67,21,0,1,1
45161,2023,8,23,4,3,101,253,2928703,82,7,0,4,4
45161,2023,8,23,4,3,277,359,4109401,67,7,0,2,2
45161,2023,8,23,4,3,267,"293,8",3104908,49,4,0,1,1
45161,2023,8,23,4,3,364,572,5105903,14,18,0,1,1
45161,2023,8,23,4,3,116,268,4304606,2,4,1,1,1
45161,2023,8,23,4,4,153,488,4108502,28,18,0,1,1
45161,2023,8,23,4,4,376,306,4115754,67,20,0,1,1
45161,2023,8,23,4,3,116,718,2920403,13,7,0,4,2
45161,2023,8,23,4,4,376,672,4109609,28,18,0,1,1
45141,2023,8,3,5,4,116,"13,5",4105805,67,12,1,2,2
45161,2023,8,23,4,4,70,73,4108502,3,21,0,1,1
45161,2023,8,23,4,4,116,"701,7",3143906,20,11,1,2,2
45161,2023,8,23,4,3,285,"131,6",4322509,67,21,0,1,1
45162,2023,8,24,5,1,376,511,4119905,67,12,0,2,2
45161,2023,8,23,4,4,116,489,3509254,28,18,1,1,1
45161,2023,8,23,4,4,163,280,4120853,82,10,0,2,2
45161,2023,8,23,4,4,381,719,3113909,67,21,0,1,1
45161,2023,8,23,4,4,226,377,2104800,80,10,0,3,3
45161,2023,8,23,4,4,381,81,3550308,60,2,0,2,2
45162,2023,8,24,5,1,158,679,5101803,49,10,0,2,2
45162,2023,8,24,5,1,376,512,4119905,12,12,1,2,2
45162,2023,8,24,5,1,101,10,4205803,67,12,0,3,2
45162,2023,8,24,5,1,364,"30,5",3127107,11,12,1,2,2
45162,2023,8,24,5,1,153,"132,8",2512200,28,7,0,2,2
45162,2023,8,24,5,2,40,117,3301702,16,12,1,2,2
45162,2023,8,24,5,1,101,366,3200409,83,4,0,1,1
45162,2023,8,24,5,2,101,178,4202305,14,4,1,3,3
45162,2023,8,24,5,2,381,"683,7",3154705,65,18,0,1,1
45162,2023,8,24,5,2,405,1,2408003,16,12,0,2,2
45149,2023,8,11,6,3,242,180,2925956,16,12,0,2,2
45162,2023,8,24,5,2,376,657,4127601,28,18,0,1,1
45162,2023,8,24,5,2,381,"929,8",3133600,83,21,0,2,1
45162,2023,8,24,5,2,116,320,3526209,52,9,0,5,3
45162,2023,8,24,5,2,158,"87,1",4302154,80,7,0,2,2
45150,2023,8,12,7,2,282,"206,6",4209300,1,7,0,2,2
45062,2023,5,16,3,4,60,117,5221197,13,9,0,4,2
45162,2023,8,24,5,2,316,"239,9",2700409,67,4,1,2,2
45162,2023,8,24,5,2,262,"72,2",3140902,1,11,0,2,2
45162,2023,8,24,5,2,116,499,3130903,67,4,1,1,1
45162,2023,8,24,5,2,356,83,3302056,82,11,0,2,2
45162,2023,8,24,5,1,158,"165,2",5001003,28,18,0,1,1
45162,2023,8,24,5,2,376,"137,3",4116901,11,20,0,1,1
45162,2023,8,24,5,2,101,333,3304557,28,21,1,3,3
45162,2023,8,24,5,2,277,336,4109401,67,9,0,2,2
45147,2023,8,9,4,2,70,76,4108502,11,21,0,1,1
45162,2023,8,24,5,2,101,"118,4",4208203,78,9,1,3,3
45162,2023,8,24,5,2,101,344,4218707,11,4,0,3,1
45162,2023,8,24,5,2,163,604,5106224,33,11,1,4,3
45162,2023,8,24,5,3,50,58,3170206,67,21,0,2,2
45156,2023,8,18,6,3,381,48,3504107,67,15,1,6,4
45162,2023,8,24,5,2,101,"71,4",4201307,52,4,0,2,2
45162,2023,8,24,5,3,415,47,2914802,81,9,1,3,2
45162,2023,8,24,5,2,282,"546,1",4204202,20,11,0,3,3
45162,2023,8,24,5,3,364,94,1200450,30,4,0,1,1
45162,2023,8,24,5,3,373,"177,3",4119905,11,9,1,2,2
45162,2023,8,24,5,3,101,184,3200607,22,21,0,1,1
45162,2023,8,24,5,3,470,129,4209904,80,7,0,3,2
45162,2023,8,24,5,3,116,"661,8",2918001,82,20,0,2,1
45162,2023,8,24,5,3,381,54,3528502,67,15,1,9,6
45161,2023,8,23,4,2,153,"171,7",3517208,1,11,0,2,2
45162,2023,8,24,5,3,381,421,3110004,67,9,1,3,2
45162,2023,8,24,5,3,101,"4,9",3202603,52,12,0,3,3
45162,2023,8,24,5,3,101,"288,8",3201308,28,21,0,1,1
45162,2023,8,24,5,2,230,316,2111607,1,11,1,2,2
45155,2023,8,17,5,2,153,"99,8",4204301,60,2,1,2,2
45162,2023,8,24,5,3,101,57,4201307,11,12,0,2,2
45143,2023,8,5,7,4,116,59,4104006,80,7,0,3,3
45162,2023,8,24,5,3,424,105,2704708,12,4,0,6,3
45162,2023,8,24,5,3,70,"376,8",5102678,1,11,1,3,2
45162,2023,8,24,5,3,101,209,3301306,67,21,0,1,1
45162,2023,8,24,5,3,163,469,1503606,82,10,0,3,2
45162,2023,8,24,5,3,316,140,2702553,2,11,1,3,2
45162,2023,8,24,5,3,465,14,3305554,1,11,1,2,2
45162,2023,8,24,5,2,116,25,2933307,67,2,1,2,2
45162,2023,8,24,5,4,459,"66,4",3165800,83,7,0,3,2
45162,2023,8,24,5,3,70,"517,3",2211407,1,11,1,2,2
45162,2023,8,24,5,4,101,"185,4",4202305,61,2,0,2,2
45162,2023,8,24,5,4,101,"96,2",2504603,9,21,0,2,2
45162,2023,8,24,5,4,470,"141,8",4214805,16,12,1,3,3
45162,2023,8,24,5,4,101,77,2611606,1,2,1,2,2
45162,2023,8,24,5,3,316,"64,9",2615607,67,12,0,2,2
45162,2023,8,24,5,4,242,519,2923209,28,18,0,1,1
45162,2023,8,24,5,4,232,334,2605103,67,7,1,3,2
45162,2023,8,24,5,4,60,5,5300108,67,12,0,2,2
45162,2023,8,24,5,4,470,143,4214805,11,12,1,2,2
45162,2023,8,24,5,4,381,364,3161908,3,21,0,1,1
45162,2023,8,24,5,4,277,"413,9",3112059,18,20,0,1,1
45163,2023,8,25,6,1,101,61,3301009,17,11,1,2,2
45163,2023,8,25,6,1,277,"592,6",2303501,60,2,1,2,2
45163,2023,8,25,6,1,381,"671,1",3149903,18,12,0,3,2
45163,2023,8,25,6,1,116,199,3503901,67,12,0,2,2
45163,2023,8,25,6,1,230,28,2507507,14,21,1,1,1
45163,2023,8,25,6,1,116,"71,8",3531605,49,7,0,2,2
45110,2023,7,3,2,2,101,55,4209102,83,12,0,2,2
45162,2023,8,24,5,3,428,4,2603009,80,7,0,5,2
45163,2023,8,25,6,2,101,"51,9",2510907,67,20,1,1,1
45163,2023,8,25,6,2,364,173,5211909,11,21,0,1,1
45163,2023,8,25,6,2,10,233,2104552,80,10,0,10,2
45163,2023,8,25,6,2,40,"464,3",3167202,67,9,0,3,2
45135,2023,7,28,6,4,101,"370,2",3200409,1,11,1,2,2
45163,2023,8,25,6,2,101,"48,9",4209102,16,12,0,3,2
45163,2023,8,25,6,2,386,"36,2",4308508,1,11,1,2,2
45163,2023,8,25,6,2,364,275,5104807,28,21,0,1,1
45163,2023,8,25,6,2,356,146,3301009,52,12,1,2,2
45163,2023,8,25,6,3,290,160,4301107,2,9,0,2,2
45163,2023,8,25,6,2,153,374,5219902,16,12,0,5,2
45163,2023,8,25,6,3,282,"16,4",4211900,11,12,1,3,2
45163,2023,8,25,6,3,282,381,4206702,18,4,0,3,2
45163,2023,8,25,6,3,116,"6,9",4210100,49,21,1,2,2
45163,2023,8,25,6,2,40,83,3147006,16,12,0,5,4
45163,2023,8,25,6,2,101,"132,5",4202008,64,9,1,2,2
45163,2023,8,25,6,3,364,514,1100023,2,11,1,2,2
45163,2023,8,25,6,3,101,78,2607901,1,9,1,2,2
45163,2023,8,25,6,3,50,"147,8",3170107,52,9,0,2,2
45163,2023,8,25,6,2,230,493,2503704,28,18,0,1,1
45163,2023,8,25,6,2,364,453,2211407,16,12,0,1,1
45163,2023,8,25,6,3,163,539,5103502,15,12,0,3,3
45163,2023,8,25,6,3,235,42,2506905,28,7,0,2,2
45163,2023,8,25,6,3,101,278,3205002,33,11,0,2,2
45163,2023,8,25,6,3,116,205,3518800,67,12,0,2,2
45163,2023,8,25,6,3,262,811,3170107,52,9,1,3,2
45112,2023,7,5,4,2,116,181,3303500,11,12,1,2,2
45163,2023,8,25,6,3,354,761,3133006,11,21,0,1,1
45163,2023,8,25,6,3,277,1,4118204,61,2,1,2,2
45163,2023,8,25,6,3,40,85,3303906,28,12,0,50,2
45163,2023,8,25,6,4,324,519,2910800,11,12,0,2,2
45163,2023,8,25,6,4,282,396,4209003,80,7,0,2,2
45163,2023,8,25,6,3,364,430,1100114,16,7,0,4,3
45163,2023,8,25,6,3,470,166,4213708,67,11,0,3,2
45163,2023,8,25,6,3,280,40,4201307,67,11,1,9,3
45163,2023,8,25,6,4,116,112,4106902,52,9,1,3,2
45163,2023,8,25,6,4,364,401,5103403,67,4,1,1,1
45163,2023,8,25,6,4,101,"252,7",2933505,80,10,1,2,2
45163,2023,8,25,6,4,287,409,4317400,83,11,0,3,2
45163,2023,8,25,6,4,262,"27,4",2112803,83,21,0,1,1
45163,2023,8,25,6,3,70,665,5102504,67,12,0,7,4
45163,2023,8,25,6,4,349,885,2909307,52,7,0,2,2
45164,2023,8,26,7,1,20,182,5220686,16,12,1,2,2
45163,2023,8,25,6,4,116,307,3304201,11,12,1,3,3
45163,2023,8,25,6,4,163,146,5005707,11,20,0,4,1
45164,2023,8,26,7,1,262,"652,5",5005608,18,20,0,1,1
45163,2023,8,25,6,4,116,220,3518800,11,4,1,1,1
45163,2023,8,25,6,4,267,"212,6",3107505,80,7,0,2,2
45163,2023,8,25,6,4,282,"38,6",4200606,49,7,0,3,3
45164,2023,8,26,7,1,153,137,5212808,11,12,0,2,2
45164,2023,8,26,7,1,364,"134,7",2409605,18,21,0,1,1
45164,2023,8,26,7,1,324,606,2930709,11,21,0,1,1
45164,2023,8,26,7,1,232,"318,2",2614105,67,10,0,3,2
45164,2023,8,26,7,1,381,40,3504107,83,4,1,2,2
45164,2023,8,26,7,1,230,"44,6",2307502,80,7,0,3,2
45164,2023,8,26,7,1,277,231,4127007,67,10,0,3,3
45164,2023,8,26,7,1,40,"515,7",3154606,52,9,0,5,5
45163,2023,8,25,6,3,381,594,3114501,16,12,0,3,2
45164,2023,8,26,7,2,381,"924,5",3110509,83,9,0,2,2
45164,2023,8,26,7,2,116,340,3526209,83,21,0,1,1
45164,2023,8,26,7,1,316,541,2103000,67,9,0,3,2
45136,2023,7,29,7,2,101,124,4208203,11,12,0,2,2
45164,2023,8,26,7,2,101,748,2914653,65,3,0,2,1
45161,2023,8,23,4,2,365,"713,7",3142809,18,10,0,2,2
45164,2023,8,26,7,1,364,"423,3",1100114,67,4,1,1,1
45164,2023,8,26,7,2,364,680,1100809,80,10,0,3,2
45157,2023,8,19,7,2,153,"307,5",3550506,51,10,0,3,3
45164,2023,8,26,7,1,116,"253,5",4209300,60,2,0,5,2
45164,2023,8,26,7,2,40,"739,5",3160702,67,21,0,1,1
45164,2023,8,26,7,2,262,"25,6",2112803,80,7,0,4,2
45164,2023,8,26,7,2,116,326,3526209,15,4,0,3,2
45164,2023,8,26,7,2,101,"48,8",2803302,65,21,0,2,1
45164,2023,8,26,7,2,116,"18,5",2933307,20,9,1,3,2
45164,2023,8,26,7,2,101,63,3301009,1,9,1,5,2
45164,2023,8,26,7,2,155,301,1504208,11,20,0,1,1
45164,2023,8,26,7,2,101,"140,8",3203205,51,21,1,2,1
45164,2023,8,26,7,2,392,"190,7",4317004,11,12,0,2,2
45164,2023,8,26,7,3,153,308,5218607,82,9,0,2,2
45164,2023,8,26,7,3,376,553,4102307,49,20,0,1,1
45148,2023,8,10,5,1,163,650,5007406,11,21,0,1,1
45164,2023,8,26,7,3,230,"234,5",2507705,67,12,0,2,2
45164,2023,8,26,7,3,40,518,3154606,11,9,1,3,2
45164,2023,8,26,7,3,163,724,5003306,67,20,1,1,1
45112,2023,7,5,4,2,365,700,3142809,11,20,0,1,1
45164,2023,8,26,7,2,381,"924,5",3110509,16,12,0,3,2
45161,2023,8,23,4,1,476,104,4105805,83,21,0,1,1
45164,2023,8,26,7,3,116,"715,7",3143906,83,7,0,4,2
45156,2023,8,18,6,3,277,80,4106902,81,12,1,2,2
45164,2023,8,26,7,3,163,699,5007406,49,10,0,2,2
45164,2023,8,26,7,3,158,519,2906204,67,21,0,1,1
45164,2023,8,26,7,3,116,"743,8",2903706,28,18,0,1,1
45164,2023,8,26,7,4,364,"15,4",3550902,80,7,0,2,2
45164,2023,8,26,7,3,163,749,5107925,4,2,1,4,3
45138,2023,7,31,2,3,10,30,1502939,82,12,0,3,3
45164,2023,8,26,7,4,101,"34,6",2910602,49,7,0,3,2
45164,2023,8,26,7,1,153,"162,5",3116902,18,21,0,1,1
45164,2023,8,26,7,4,60,377,5218805,11,12,0,3,2
45164,2023,8,26,7,4,50,117,3170107,35,2,0,3,2
45164,2023,8,26,7,3,174,245,1400209,14,21,1,1,1
45164,2023,8,26,7,3,30,"238,2",2911709,21,7,0,3,2
45164,2023,8,26,7,4,381,905,3110608,11,20,0,2,1
45165,2023,8,27,1,1,163,689,5105259,1,11,1,3,2
45165,2023,8,27,1,1,381,759,3169307,67,12,0,3,2
45165,2023,8,27,1,1,101,"415,2",4201406,60,2,1,2,2
45165,2023,8,27,1,1,116,"222,1",3115458,49,7,0,5,2
45165,2023,8,27,1,2,116,770,3138401,83,7,0,2,2
45165,2023,8,27,1,2,421,51,1101401,20,11,1,2,2
45165,2023,8,27,1,2,153,437,1713205,67,20,0,1,1
45165,2023,8,27,1,2,364,345,5107800,67,21,0,1,1
45165,2023,8,27,1,2,364,236,1100049,16,15,0,6,2
45165,2023,8,27,1,2,251,283,3157005,82,10,0,4,4
45165,2023,8,27,1,3,381,483,3106705,52,9,1,2,2
45153,2023,8,15,3,2,343,"344,8",2211001,16,9,0,3,3
45165,2023,8,27,1,3,153,"22,7",3533007,11,21,0,1,1
45165,2023,8,27,1,3,381,324,3144706,83,7,0,2,2
45165,2023,8,27,1,3,116,"35,3",4104006,67,12,0,3,2
45165,2023,8,27,1,1,407,600,2200053,67,21,0,1,1
45165,2023,8,27,1,3,369,"17,8",4103602,1,11,1,4,2
45165,2023,8,27,1,3,277,396,4104428,1,12,1,5,2
45165,2023,8,27,1,3,116,162,3524402,67,12,0,2,2
45165,2023,8,27,1,3,407,169,2925253,82,10,0,4,2
45165,2023,8,27,1,2,428,35,2609808,28,3,0,2,1
45165,2023,8,27,1,3,493,"22,5",3302502,15,7,1,6,2
45165,2023,8,27,1,4,101,"104,3",4212809,67,12,0,4,2
45165,2023,8,27,1,4,116,473,3524600,67,20,0,1,1
45165,2023,8,27,1,4,163,26,2922102,1,11,0,3,2
45165,2023,8,27,1,4,381,"674,9",3149903,52,9,1,3,2
45165,2023,8,27,1,4,116,690,3143906,11,12,0,3,2
45165,2023,8,27,1,4,40,121,3301702,11,11,1,4,2
45165,2023,8,27,1,4,101,"713,9",2910727,49,7,1,3,3
45165,2023,8,27,1,4,242,719,2909703,1,11,0,2,2
45165,2023,8,27,1,4,163,960,1501451,67,21,0,2,1
45166,2023,8,28,2,1,381,364,3161908,83,21,0,1,1
45165,2023,8,27,1,4,80,"2,5",5215603,67,20,0,2,1
45165,2023,8,27,1,4,174,586,5103304,80,7,0,2,2
45166,2023,8,28,2,1,376,668,4109609,65,4,0,2,2
45165,2023,8,27,1,3,101,148,3203205,17,11,1,4,2
45165,2023,8,27,1,3,435,96,1100064,82,20,0,2,2
45129,2023,7,22,7,4,101,"8,8",4321501,49,12,1,2,2
45166,2023,8,28,2,1,116,128,3508504,28,18,1,1,1
45166,2023,8,28,2,1,369,"183,2",4101507,1,11,1,2,2
45166,2023,8,28,2,1,110,321,2900702,83,12,0,2,2
45166,2023,8,28,2,1,277,584,2303501,52,12,1,2,2
45166,2023,8,28,2,2,472,572,4322400,9,1,0,4,2
45166,2023,8,28,2,1,163,80,5004601,16,12,0,2,2
45165,2023,8,27,1,2,316,611,2112209,33,11,1,3,2
45166,2023,8,28,2,1,316,"87,5",2207108,82,10,0,5,2
45166,2023,8,28,2,2,376,"526,5",4119905,11,20,0,2,1
45166,2023,8,28,2,2,101,205,4216602,11,9,0,2,2
45166,2023,8,28,2,2,277,"656,2",4115606,52,20,0,3,2
45166,2023,8,28,2,2,101,"112,1",2607208,83,4,0,1,1
45166,2023,8,28,2,2,116,515,3170057,80,10,0,2,2
45166,2023,8,28,2,2,153,518,2305209,52,20,0,2,2
45166,2023,8,28,2,2,230,278,2110005,11,20,0,2,1
45166,2023,8,28,2,2,116,45,3509957,13,21,0,3,2
45166,2023,8,28,2,2,222,"127,1",2306306,67,12,0,4,3
45166,2023,8,28,2,2,262,344,2401305,52,9,0,2,2
45166,2023,8,28,2,2,381,"760,7",3169307,83,12,0,2,2
45166,2023,8,28,2,2,101,435,3200706,15,21,0,1,1
45123,2023,7,16,1,2,153,"631,4",2308906,16,12,0,6,5
45166,2023,8,28,2,2,101,54,2801504,16,12,0,3,2
45166,2023,8,28,2,2,251,502,3126703,65,20,0,1,1
45166,2023,8,28,2,2,230,156,2504009,1,20,0,2,2
45166,2023,8,28,2,2,316,310,2208007,61,2,1,3,2
45166,2023,8,28,2,2,116,832,2933307,1,11,0,3,2
45106,2023,6,29,5,2,116,"36,3",3102704,67,21,0,1,1
45166,2023,8,28,2,2,280,264,4207908,82,9,0,2,2
45166,2023,8,28,2,2,495,10,3303906,28,18,0,1,1
45166,2023,8,28,2,2,101,183,3200607,18,7,0,3,2
45166,2023,8,28,2,2,163,"649,8",5007406,28,20,0,1,1
45166,2023,8,28,2,3,116,126,4107652,1,9,0,2,2
45166,2023,8,28,2,3,116,183,3303500,11,15,0,5,3
45166,2023,8,28,2,3,285,217,4304952,28,21,1,1,1
45166,2023,8,28,2,3,101,"217,4",3202504,83,12,0,2,2
45166,2023,8,28,2,3,386,347,1712009,11,12,1,4,3
45166,2023,8,28,2,3,393,229,3306206,18,20,0,1,1
45166,2023,8,28,2,1,116,11,3122355,28,18,0,1,1
45166,2023,8,28,2,3,163,286,4114609,85,10,0,3,3
45166,2023,8,28,2,3,316,64,1502400,20,12,1,5,5
45166,2023,8,28,2,3,282,"612,8",2704609,82,9,0,3,3
45166,2023,8,28,2,3,365,"716,5",3142809,11,20,0,1,1
45166,2023,8,28,2,4,262,98,3205069,15,7,0,3,3
45166,2023,8,28,2,4,282,"398,3",4209003,82,7,0,3,3
45166,2023,8,28,2,4,153,"95,7",4112306,1,11,0,2,2
45166,2023,8,28,2,4,381,71,3550308,16,12,0,4,2
45166,2023,8,28,2,3,116,"34,5",4208104,11,12,0,4,3
45166,2023,8,28,2,3,316,"276,4",2101772,80,7,0,3,2
45166,2023,8,28,2,4,472,"571,4",4322400,60,2,0,3,2
45166,2023,8,28,2,3,163,1111,5104104,67,10,0,7,3
45166,2023,8,28,2,4,381,77,3528502,64,20,0,6,6
45167,2023,8,29,3,1,116,516,3509254,67,4,0,1,1
45167,2023,8,29,3,1,376,600,4106902,67,12,1,2,2
45167,2023,8,29,3,1,251,34,5300108,49,9,1,3,2
45167,2023,8,29,3,1,116,211,3518800,11,12,0,2,2
45166,2023,8,28,2,4,101,308,3304904,16,12,1,2,2
45167,2023,8,29,3,2,116,"462,8",3536208,18,12,0,2,2
45167,2023,8,29,3,2,116,"6,8",1507755,67,10,1,3,2
45167,2023,8,29,3,2,40,735,3160702,15,7,0,2,2
45167,2023,8,29,3,2,448,0,4320008,1,9,0,2,2
45167,2023,8,29,3,2,40,"622,3",3118304,65,12,0,6,2
45167,2023,8,29,3,2,376,462,4119905,83,21,0,1,1
45167,2023,8,29,3,2,101,131,4202008,80,10,1,2,2
45143,2023,8,5,7,1,116,"72,2",2500775,36,12,0,2,2
45167,2023,8,29,3,2,163,8,4102604,67,9,0,2,2
45167,2023,8,29,3,2,290,94,4314902,52,9,0,3,2
45167,2023,8,29,3,1,163,824,5007935,67,12,0,2,2
45167,2023,8,29,3,2,319,61,1100205,67,12,1,3,3
45167,2023,8,29,3,1,222,"193,1",2304350,83,20,0,1,1
45167,2023,8,29,3,3,101,208,4216602,11,9,1,3,2
45111,2023,7,4,3,1,30,"345,7",2904605,18,7,0,3,2
45144,2023,8,6,1,3,262,180,5007109,28,15,0,3,3
45167,2023,8,29,3,3,101,71,2611606,52,11,1,2,2
45167,2023,8,29,3,3,381,625,3145604,18,9,0,2,2
45167,2023,8,29,3,3,116,53,3527207,67,3,0,3,2
45167,2023,8,29,3,3,104,65,2604106,83,12,1,2,2
45167,2023,8,29,3,3,262,"549,4",3138807,15,7,0,2,2
45167,2023,8,29,3,3,60,12,5300108,1,9,0,2,2
45167,2023,8,29,3,3,324,620,2927408,52,9,0,2,2
45167,2023,8,29,3,4,376,"47,5",4117107,1,11,0,5,2
45167,2023,8,29,3,4,10,320,1507607,1,9,1,2,2
45167,2023,8,29,3,4,116,102,4125506,16,12,0,2,2
45167,2023,8,29,3,4,135,151,2106631,28,18,0,1,1
45167,2023,8,29,3,4,101,70,2611606,67,12,1,3,3
45166,2023,8,28,2,3,230,538,1500859,67,20,0,3,3
45167,2023,8,29,3,4,290,17,4317608,11,9,0,2,2
45167,2023,8,29,3,4,282,528,4204350,12,12,0,3,2
45167,2023,8,29,3,4,163,"508,2",5103502,67,12,0,2,2
45167,2023,8,29,3,4,50,128,3170107,67,20,0,1,1
45168,2023,8,30,4,1,222,"298,3",2313401,67,21,0,1,1
45168,2023,8,30,4,1,369,78,4123907,49,12,0,4,4
45168,2023,8,30,4,1,116,516,3509254,67,12,0,2,2
45168,2023,8,30,4,1,277,284,4120606,80,7,0,3,2
45167,2023,8,29,3,4,393,"147,7",3306008,11,2,1,5,4
45168,2023,8,30,4,1,277,119,4104204,52,9,1,2,2
45168,2023,8,30,4,1,470,"259,5",4204806,80,10,0,2,2
45167,2023,8,29,3,4,324,533,2910800,11,12,0,3,2
45168,2023,8,30,4,2,40,"675,5",3113206,11,3,0,1,1
45168,2023,8,30,4,1,381,"707,4",3144607,14,14,0,3,2
45167,2023,8,29,3,4,364,894,1100205,18,21,0,1,1
45168,2023,8,30,4,2,163,83,2925006,1,11,0,3,2
45168,2023,8,30,4,2,470,"45,3",4205902,82,10,0,2,2
45160,2023,8,22,3,3,163,241,5003702,80,10,0,2,2