id_data,ano,mes,dia,id_dia_semana,periodo,br,km,id_municipio,id_causa_acidente,id_tipo_acidente,id_uso_solo,pessoas,veiculos
45168,2023,8,30,4,2,101,228,2707503,1,11,0,4,3
45168,2023,8,30,4,2,40,526,3118601,78,4,0,2,2
45162,2023,8,24,5,4,116,12,3541901,28,20,0,1,1
45168,2023,8,30,4,2,232,"87,2",2606408,16,12,0,2,2
45168,2023,8,30,4,2,470,"75,7",4207502,67,7,0,3,3
45168,2023,8,30,4,2,392,"243,2",4302808,80,10,0,5,3
45168,2023,8,30,4,2,230,"310,4",2111607,80,7,0,4,3
45168,2023,8,30,4,3,470,56,4202404,82,9,1,2,2
45168,2023,8,30,4,3,393,275,3300308,67,12,0,5,3
45168,2023,8,30,4,3,277,214,4117701,28,20,0,2,1
45168,2023,8,30,4,2,110,267,2913705,18,10,0,3,2
45028,2023,4,12,4,3,158,49,5108600,28,21,0,1,1
45168,2023,8,30,4,3,262,445,3145208,1,11,1,2,2
45168,2023,8,30,4,3,163,702,5107925,4,20,0,2,1
45168,2023,8,30,4,3,277,"325,4",4109401,60,2,0,3,2
45168,2023,8,30,4,3,116,104,4125506,67,4,1,2,2
45168,2023,8,30,4,3,277,383,4104428,67,7,0,2,2
45168,2023,8,30,4,3,282,"494,2",4219507,67,21,0,2,1
45168,2023,8,30,4,3,418,"86,7",2923001,1,11,0,2,2
45168,2023,8,30,4,4,364,29,3127107,20,7,0,2,2
45168,2023,8,30,4,3,50,118,3170107,29,21,0,1,1
45168,2023,8,30,4,4,467,"74,5",3169109,52,9,0,4,3
45168,2023,8,30,4,2,163,"561,9",5106224,82,7,0,5,2
45168,2023,8,30,4,3,153,"347,1",5211800,67,10,0,3,2
45168,2023,8,30,4,3,316,11,2211001,33,11,1,2,2
45168,2023,8,30,4,4,116,209,3518800,67,12,0,3,2
45168,2023,8,30,4,4,116,511,3509254,83,21,0,1,1
45168,2023,8,30,4,4,116,143,3549904,28,18,1,1,1
45168,2023,8,30,4,3,364,60,5204102,66,21,0,2,1
45168,2023,8,30,4,2,364,468,2211407,41,20,0,1,1
45168,2023,8,30,4,4,50,"173,5",3170107,67,4,1,1,1
45168,2023,8,30,4,4,163,949,5104559,11,21,0,1,1
45168,2023,8,30,4,4,116,526,3505401,52,9,0,4,2
45169,2023,8,31,5,1,101,88,2507507,80,10,1,2,2
45169,2023,8,31,5,1,316,"214,8",2700409,83,21,0,1,1
45168,2023,8,30,4,3,230,1110,1503606,67,21,0,1,1
45169,2023,8,31,5,1,376,"221,6",4103800,11,20,0,1,1
45169,2023,8,31,5,1,280,221,4218301,83,21,0,1,1
45169,2023,8,31,5,1,116,"475,5",3524600,51,20,0,1,1
45140,2023,8,2,4,2,101,"185,2",2704005,1,11,1,6,2
45169,2023,8,31,5,1,116,360,3529906,11,4,0,1,1
45169,2023,8,31,5,2,153,243,3127008,82,9,1,2,2
45169,2023,8,31,5,2,101,"216,3",4211900,67,9,1,3,3
45169,2023,8,31,5,2,116,214,3518800,11,12,1,2,2
45169,2023,8,31,5,2,381,"611,6",3145604,11,20,0,1,1
45169,2023,8,31,5,2,116,230,3550308,81,11,1,2,2
45169,2023,8,31,5,2,163,258,5003702,11,12,1,2,2
45169,2023,8,31,5,2,364,"235,2",1100049,67,9,1,3,2
45169,2023,8,31,5,2,222,201,2304350,83,21,0,2,1
45168,2023,8,30,4,4,364,482,1100601,80,10,0,2,2
45169,2023,8,31,5,2,222,"245,6",2312908,63,10,0,2,2
45169,2023,8,31,5,2,470,"191,9",4322806,82,12,0,3,3
45169,2023,8,31,5,2,222,208,2105401,76,9,0,2,2
45137,2023,7,30,1,3,153,300,5218607,67,12,1,3,2
45169,2023,8,31,5,1,435,"91,2",1100064,52,10,0,2,2
45169,2023,8,31,5,2,70,94,4108502,83,7,0,3,2
45169,2023,8,31,5,2,364,630,1101104,67,9,0,2,2
45169,2023,8,31,5,2,101,46,2606804,7,9,1,2,2
45169,2023,8,31,5,3,116,112,3554102,52,9,1,3,2
45169,2023,8,31,5,3,116,"12,7",4105805,65,4,0,1,1
45169,2023,8,31,5,3,153,145,1702109,11,12,1,2,2
45169,2023,8,31,5,3,386,"306,7",4315131,65,21,0,2,2
45169,2023,8,31,5,3,251,"385,6",3127800,83,20,0,1,1
45169,2023,8,31,5,3,116,"397,3",4303509,2,11,0,4,3
45169,2023,8,31,5,3,116,169,3524402,28,18,0,1,1
45169,2023,8,31,5,3,262,"450,5",3145208,15,20,0,2,1
45169,2023,8,31,5,3,365,691,3142809,11,12,0,2,2
45169,2023,8,31,5,3,116,"703,7",3143906,20,9,1,2,2
45169,2023,8,31,5,3,40,"469,6",3167202,67,3,0,1,1
45169,2023,8,31,5,3,40,"469,7",3167202,56,15,0,9,5
45164,2023,8,26,7,4,101,26,3201605,49,11,1,2,2
45169,2023,8,31,5,3,470,"62,6",4207502,16,12,1,4,4
45169,2023,8,31,5,3,290,"481,8",4316402,11,9,1,3,2
45169,2023,8,31,5,3,153,45,2906105,83,7,0,2,2
45169,2023,8,31,5,3,101,"457,5",4216404,16,12,0,2,2
45161,2023,8,23,4,3,230,"572,5",1508357,83,21,0,1,1
45169,2023,8,31,5,2,70,"697,3",5102504,11,7,0,4,2
45169,2023,8,31,5,3,40,132,3136306,36,12,0,2,2
45169,2023,8,31,5,3,116,39,4322509,1,9,1,3,3
45169,2023,8,31,5,3,242,489,2923209,83,21,0,1,1
45169,2023,8,31,5,3,277,"502,6",4109302,83,21,0,1,1
45169,2023,8,31,5,4,50,115,3170107,64,3,0,2,2
45169,2023,8,31,5,4,101,409,3202801,1,7,0,4,2
45169,2023,8,31,5,4,242,452,2913002,52,7,0,6,2
45169,2023,8,31,5,4,20,10,5300108,4,4,0,1,1
45169,2023,8,31,5,3,365,"321,9",3136306,64,21,0,2,1
45169,2023,8,31,5,4,116,83,3302270,11,12,0,2,2
45130,2023,7,23,1,1,101,507,2914802,49,7,0,8,5
45117,2023,7,10,2,4,304,84,2400208,18,7,1,2,2
45169,2023,8,31,5,4,222,"307,9",2313401,11,12,0,2,2
45170,2023,9,1,6,1,290,"59,7",4309209,18,12,0,6,3
45170,2023,9,1,6,1,101,"68,7",2611606,52,9,1,2,2
45170,2023,9,1,6,1,116,2,3541901,11,20,0,2,1
45170,2023,9,1,6,1,101,817,2915601,67,20,0,1,1
45170,2023,9,1,6,1,40,"610,3",3118007,83,10,1,2,2
45170,2023,9,1,6,1,116,128,4107652,11,12,1,2,2
45170,2023,9,1,6,1,101,"61,5",2611606,67,12,1,2,2
45170,2023,9,1,6,2,116,143,3549904,11,15,0,4,4
45169,2023,8,31,5,3,364,298,1100254,3,21,0,1,1
45170,2023,9,1,6,2,40,"516,9",3154606,16,12,1,2,2
45170,2023,9,1,6,1,70,516,2211407,20,10,0,2,2
45170,2023,9,1,6,2,40,"348,6",3125705,3,20,0,4,2
45170,2023,9,1,6,2,277,658,4115606,11,12,1,3,2
45170,2023,9,1,6,2,153,503,5208707,16,12,1,2,2
45170,2023,9,1,6,2,290,716,4322400,80,10,0,6,4
45142,2023,8,4,6,3,230,"154,8",2504009,11,12,1,6,5
45170,2023,9,1,6,2,287,280,4319406,1,11,0,4,2
45170,2023,9,1,6,2,155,20,1506138,67,20,0,1,1
45170,2023,9,1,6,2,116,251,4318705,67,12,1,2,2
45170,2023,9,1,6,2,40,24,5212501,28,12,1,3,2
45170,2023,9,1,6,2,116,"707,8",3143906,67,4,0,1,1
45170,2023,9,1,6,2,10,100,1508126,3,10,0,2,2
45170,2023,9,1,6,2,153,500,5208707,16,12,1,2,2
45170,2023,9,1,6,2,50,86,3170206,83,12,0,2,2
45170,2023,9,1,6,2,470,146,4214805,83,10,0,2,2
45170,2023,9,1,6,3,116,"706,5",3143906,52,9,0,2,2
45170,2023,9,1,6,3,40,"492,8",3124104,83,4,0,1,1
45170,2023,9,1,6,3,476,298,4125605,11,12,0,2,2
45170,2023,9,1,6,3,242,440,2929909,52,10,0,2,2
45170,2023,9,1,6,3,101,195,4202305,11,9,1,3,2
45170,2023,9,1,6,3,153,32,3533007,82,9,0,2,2
45170,2023,9,1,6,2,116,508,2513802,3,21,0,1,1
45170,2023,9,1,6,3,316,106,1506609,1,11,1,2,2
45169,2023,8,31,5,3,163,617,1508050,83,21,0,1,1
45170,2023,9,1,6,3,50,"37,1",3103504,28,18,0,1,1
45170,2023,9,1,6,3,116,"270,5",3552809,16,12,1,2,2
45170,2023,9,1,6,3,376,304,4115754,67,21,0,2,1
45170,2023,9,1,6,3,364,333,1100122,11,12,0,2,2
45170,2023,9,1,6,3,282,"593,1",4217303,28,20,0,2,1
45170,2023,9,1,6,4,101,46,2606804,67,9,1,3,3
45170,2023,9,1,6,3,470,"225,8",4308607,1,11,1,2,2
45170,2023,9,1,6,3,116,250,4318705,67,12,1,2,2
45170,2023,9,1,6,2,163,"639,8",5106224,16,12,0,2,2
45170,2023,9,1,6,3,373,217,4110102,67,10,0,3,2
45170,2023,9,1,6,3,304,"26,2",2408003,65,18,1,1,1
45170,2023,9,1,6,4,101,13,2508901,44,12,0,3,2
45170,2023,9,1,6,2,364,"0,9",3550902,5,21,0,1,1
45170,2023,9,1,6,3,101,114,4208203,1,11,1,2,2
45170,2023,9,1,6,4,277,"627,2",4105300,82,10,0,3,3
45170,2023,9,1,6,4,116,605,2914208,82,7,0,3,2
45170,2023,9,1,6,3,163,565,4102406,1,12,0,2,2
45170,2023,9,1,6,4,343,257,2202208,18,10,0,2,2
45170,2023,9,1,6,4,242,843,2903201,49,10,0,2,2
45170,2023,9,1,6,4,101,"767,1",2914653,16,12,0,2,2
45170,2023,9,1,6,3,101,55,3301009,1,11,0,2,2
45170,2023,9,1,6,4,163,483,2401305,1,9,1,5,3
45170,2023,9,1,6,4,230,421,2101400,80,7,0,3,2
45171,2023,9,2,7,1,364,"201,2",5211909,80,7,0,6,2
45171,2023,9,2,7,1,381,"548,3",3155306,18,20,0,1,1
45171,2023,9,2,7,1,364,294,5104807,83,20,0,1,1
45171,2023,9,2,7,1,101,186,2610004,18,21,1,1,1
45171,2023,9,2,7,1,116,"146,2",3549904,78,21,1,2,2
45171,2023,9,2,7,1,381,49,3504107,80,7,1,4,3
45103,2023,6,26,2,3,101,309,3304904,61,2,1,3,2
45171,2023,9,2,7,1,153,"82,7",4207809,49,10,0,2,2
45170,2023,9,1,6,4,381,425,3110004,29,21,0,2,1
45171,2023,9,2,7,2,376,366,4117305,80,10,1,2,2
45171,2023,9,2,7,2,376,"679,5",4109609,83,21,0,1,1
45171,2023,9,2,7,2,364,402,5103403,16,12,1,2,2
45113,2023,7,6,5,2,471,176,4315701,51,4,1,1,1
45171,2023,9,2,7,1,381,"729,3",3113909,18,20,0,1,1
45171,2023,9,2,7,2,376,"601,7",4106902,67,9,1,3,2
45171,2023,9,2,7,2,365,623,3170206,52,9,1,3,3
45171,2023,9,2,7,1,376,247,4101408,80,4,1,1,1
45171,2023,9,2,7,2,381,"493,9",3106705,52,9,0,2,2
45171,2023,9,2,7,2,324,529,2910800,52,12,0,2,2
45171,2023,9,2,7,2,235,27,2401107,1,11,0,4,2
45171,2023,9,2,7,2,277,212,4127007,80,10,0,5,2
45171,2023,9,2,7,2,259,39,3201506,80,7,0,2,2
45171,2023,9,2,7,2,163,"209,3",2303501,15,7,0,2,2
45171,2023,9,2,7,2,174,"237,5",5105002,80,7,0,2,2
45171,2023,9,2,7,2,316,291,2208007,1,7,0,2,2
45171,2023,9,2,7,2,158,537,4118501,83,7,0,2,2
45171,2023,9,2,7,2,282,"3,8",4205407,67,20,1,1,1
45171,2023,9,2,7,3,116,"484,1",4322327,19,20,1,2,1
45171,2023,9,2,7,3,60,7,5300108,14,3,1,4,2
45171,2023,9,2,7,3,376,"503,5",4119905,52,12,0,2,2
45171,2023,9,2,7,3,222,301,2313401,38,10,0,3,3
45171,2023,9,2,7,3,40,"91,4",3147006,65,12,0,4,2
45171,2023,9,2,7,3,277,136,4102307,55,12,0,94,82
45171,2023,9,2,7,3,153,147,1702109,2,9,1,2,2
45171,2023,9,2,7,3,101,"444,4",4215653,52,9,0,3,2
45171,2023,9,2,7,4,60,"165,4",5208707,16,3,1,5,3
45111,2023,7,4,3,4,101,945,2922003,35,2,0,2,2
45171,2023,9,2,7,3,277,299,4120606,67,20,0,2,2
45171,2023,9,2,7,3,101,"65,8",4201307,83,21,0,1,1
45171,2023,9,2,7,3,232,"410,4",2613909,82,9,1,3,3
45171,2023,9,2,7,4,262,"380,5",3136652,18,21,0,1,1
45171,2023,9,2,7,4,116,311,3304201,28,4,1,1,1
45171,2023,9,2,7,4,316,65,1502400,80,7,1,2,2
45171,2023,9,2,7,4,116,"694,6",3143906,18,21,0,1,1
45171,2023,9,2,7,4,101,72,3301009,80,7,0,2,2
45171,2023,9,2,7,4,316,59,2615607,16,12,1,2,2
45171,2023,9,2,7,4,290,"350,2",4319604,49,12,0,8,3
45171,2023,9,2,7,4,392,348,2409332,35,2,1,2,2
45172,2023,9,3,1,1,287,271,2409332,80,10,0,2,2
45172,2023,9,3,1,1,101,71,3204906,80,7,0,2,2
45171,2023,9,2,7,3,101,467,2932705,21,21,0,1,1
45172,2023,9,3,1,1,101,884,2931350,28,21,0,2,1
45172,2023,9,3,1,1,153,"11,9",4200408,18,10,0,3,2
45172,2023,9,3,1,1,290,143,4306767,67,7,0,2,2
45172,2023,9,3,1,1,40,109,3301702,80,7,1,2,2
45171,2023,9,2,7,4,163,"70,5",4217204,11,4,1,1,1
45172,2023,9,3,1,1,376,"126,9",4100608,18,12,0,3,2
45172,2023,9,3,1,1,376,"9,1",4115200,11,4,1,2,2
45033,2023,4,17,2,1,116,124,3302502,11,12,0,3,2
45171,2023,9,2,7,1,153,151,3541604,7,21,0,1,1
45172,2023,9,3,1,1,376,"166,8",4115200,67,12,0,4,3
45171,2023,9,2,7,3,407,198,2925253,49,7,0,3,2
45172,2023,9,3,1,2,163,"850,9",5107909,80,7,0,2,2
45172,2023,9,3,1,1,226,"306,2",2101608,16,20,0,4,3
45172,2023,9,3,1,2,101,216,4211900,33,11,1,2,2
45172,2023,9,3,1,2,163,21,2922102,82,9,0,2,2
45172,2023,9,3,1,2,392,"264,8",4302808,11,4,0,1,1
45172,2023,9,3,1,2,153,8,5218003,11,20,0,1,1
45172,2023,9,3,1,2,153,475,1716109,67,9,0,4,2
45172,2023,9,3,1,2,50,"306,2",5206602,83,21,0,1,1
45172,2023,9,3,1,2,285,"438,2",4302584,83,10,0,2,2
45028,2023,4,12,4,2,101,187,2908200,83,12,0,5,3
45172,2023,9,3,1,2,153,"46,2",4307005,20,11,1,3,2
45172,2023,9,3,1,2,174,340,5103361,52,9,0,5,2
45172,2023,9,3,1,3,116,514,3509254,83,14,0,1,1
45172,2023,9,3,1,2,364,"225,4",5107602,16,12,0,2,2
45171,2023,9,2,7,3,251,"496,5",3126703,67,21,0,1,1
45172,2023,9,3,1,2,163,619,5106224,28,12,0,4,2
45172,2023,9,3,1,2,20,41,5208004,80,10,0,3,3
45172,2023,9,3,1,3,101,"144,7",3203205,49,12,1,2,2
45172,2023,9,3,1,3,386,"315,7",4312054,11,10,0,3,2
45172,2023,9,3,1,3,452,175,5211503,80,12,0,7,4
45172,2023,9,3,1,3,101,22,3301009,83,21,0,1,1
45172,2023,9,3,1,3,376,"10,8",4115200,16,12,0,2,2
45172,2023,9,3,1,3,60,"428,4",5007901,1,9,0,3,2
45141,2023,8,3,5,1,101,65,3301009,80,7,1,2,2
45172,2023,9,3,1,3,222,623,2100055,3,20,0,1,1
45172,2023,9,3,1,4,381,"449,8",2110005,67,4,0,2,2
45004,2023,3,19,1,3,116,425,2910800,20,11,1,4,2
45172,2023,9,3,1,4,381,880,3124500,49,9,0,3,2
45172,2023,9,3,1,4,386,281,4318465,80,10,0,2,2
45172,2023,9,3,1,4,101,"267,5",4207304,18,20,0,1,1
45172,2023,9,3,1,4,116,"267,5",4304606,11,4,1,1,1
45172,2023,9,3,1,4,262,361,3106705,67,9,0,2,2
45172,2023,9,3,1,4,60,97,5201108,1,11,1,3,2
45172,2023,9,3,1,4,242,470,2913002,81,2,0,2,2
45172,2023,9,3,1,4,468,"3,8",4313706,33,11,0,3,2
45173,2023,9,4,2,1,386,"402,3",2516805,64,4,0,2,2
45173,2023,9,4,2,1,230,"140,7",2504009,14,14,0,1,1
45173,2023,9,4,2,1,101,123,4208203,1,2,1,2,2
45173,2023,9,4,2,1,381,4,3106705,18,4,0,1,1
45173,2023,9,4,2,2,40,527,3118601,67,12,1,2,2
45173,2023,9,4,2,1,163,"834,8",5107909,49,20,1,1,1
45173,2023,9,4,2,1,60,79,5201108,72,11,1,2,2
45173,2023,9,4,2,2,381,61,3528502,52,12,1,2,2
45173,2023,9,4,2,2,262,398,3147105,52,9,1,2,2
45173,2023,9,4,2,2,153,"513,3",5201405,16,12,1,4,3
45173,2023,9,4,2,2,480,"124,1",4204202,83,20,1,1,1
45172,2023,9,3,1,4,282,394,4209003,28,18,0,1,1
45173,2023,9,4,2,2,101,322,3303302,52,9,0,3,2
45173,2023,9,4,2,2,153,"509,5",5201405,2,9,1,4,3
45171,2023,9,2,7,4,153,"311,2",5218607,48,7,0,3,3
45172,2023,9,3,1,4,376,133,5004700,49,10,0,2,2
45129,2023,7,22,7,2,381,565,3132206,18,12,1,4,2
45173,2023,9,4,2,2,116,51,3527207,1,12,1,3,3
45173,2023,9,4,2,2,174,79,5102504,13,4,0,2,2
45173,2023,9,4,2,2,50,"192,3",3170107,18,20,0,3,3
45173,2023,9,4,2,2,282,104,4200705,1,11,1,2,2
45173,2023,9,4,2,2,60,"36,3",5208707,11,9,1,2,2
45161,2023,8,23,4,3,116,143,4114302,82,7,0,3,3
45173,2023,9,4,2,2,50,11,3170206,67,20,0,1,1
45173,2023,9,4,2,2,116,211,3518800,67,4,1,1,1
45173,2023,9,4,2,2,316,617,2112209,61,2,1,3,2
45173,2023,9,4,2,2,104,"74,9",2604106,83,10,0,5,3
45173,2023,9,4,2,2,493,19,3302502,11,10,1,4,3
45173,2023,9,4,2,2,116,305,3304201,21,21,0,1,1
45173,2023,9,4,2,2,381,485,3106705,16,15,0,4,4
45173,2023,9,4,2,3,101,187,2807600,28,18,0,1,1
45173,2023,9,4,2,3,369,"490,1",4106308,67,12,1,9,2
45173,2023,9,4,2,2,267,"263,9",3101201,65,20,0,2,1
45164,2023,8,26,7,2,10,340,1506609,80,10,0,2,2
45096,2023,6,19,2,4,50,89,3170206,18,20,0,1,1
45135,2023,7,28,6,2,40,"413,8",3120904,82,9,0,5,2
45173,2023,9,4,2,2,163,419,5007901,67,12,0,2,2
45173,2023,9,4,2,3,116,145,3549904,28,18,1,1,1
45173,2023,9,4,2,3,376,11,4115200,49,9,1,3,3
45147,2023,8,9,4,3,158,322,5101852,63,7,0,3,2
45173,2023,9,4,2,3,158,"148,1",4313904,1,9,0,2,2
45173,2023,9,4,2,3,101,275,3205002,11,9,0,2,2
45173,2023,9,4,2,3,116,233,4307609,16,15,1,3,3
45173,2023,9,4,2,3,153,321,5218706,33,11,0,3,3
45173,2023,9,4,2,3,101,80,2607901,78,9,0,3,2
45173,2023,9,4,2,3,101,330,3304557,16,12,0,3,3
45173,2023,9,4,2,3,174,3,5106752,1,7,1,2,2
45173,2023,9,4,2,3,116,103,2308708,29,20,0,2,1
45125,2023,7,18,3,3,392,"138,4",4304507,80,7,0,2,2
45173,2023,9,4,2,3,101,532,3300100,33,11,0,2,2
45173,2023,9,4,2,4,376,"248,6",4101408,12,20,0,1,1
45173,2023,9,4,2,3,101,16,4205803,28,20,0,1,1
45173,2023,9,4,2,4,20,97,2928901,16,12,0,3,2
45173,2023,9,4,2,4,282,"207,8",4209300,11,20,0,1,1
45173,2023,9,4,2,4,316,"100,8",2207751,30,18,0,1,1
45174,2023,9,5,3,1,50,"99,7",3170206,67,9,0,3,2
45174,2023,9,5,3,1,70,522,2211407,17,11,1,3,2
45174,2023,9,5,3,2,381,497,3106705,1,9,1,3,3
45174,2023,9,5,3,2,116,286,3522208,83,12,1,4,2
45174,2023,9,5,3,2,101,268,3205002,16,12,1,2,2
45174,2023,9,5,3,2,101,71,2611606,78,9,1,4,3
45174,2023,9,5,3,2,262,"488,9",3107406,82,7,0,3,3
45174,2023,9,5,3,2,376,172,4115200,67,12,1,4,3
45174,2023,9,5,3,2,101,"183,5",4202305,16,12,0,3,2
45174,2023,9,5,3,2,153,"90,6",4112306,67,2,0,4,3
45154,2023,8,16,4,2,364,17,5100300,30,18,0,1,1
45174,2023,9,5,3,1,153,497,5208707,52,4,1,1,1
45174,2023,9,5,3,2,60,406,5218805,52,20,0,2,2
45174,2023,9,5,3,2,116,"51,9",4212205,80,7,0,2,2
45174,2023,9,5,3,2,153,608,2308906,18,12,0,3,2
45174,2023,9,5,3,2,210,"0,5",1600303,1,12,1,2,2
45174,2023,9,5,3,2,116,"104,5",4125506,81,12,1,5,4
45174,2023,9,5,3,2,343,"13,7",2207702,1,11,1,2,2
45146,2023,8,8,3,3,381,831,3164407,1,11,0,2,2
45174,2023,9,5,3,3,262,"432,8",3145208,11,9,0,3,2
45174,2023,9,5,3,3,101,65,3301009,67,21,1,3,1
45174,2023,9,5,3,3,381,343,3106002,21,21,0,2,1
45121,2023,7,14,6,2,364,285,5104807,28,20,0,1,1
45174,2023,9,5,3,3,116,219,3518800,52,9,1,2,2
45174,2023,9,5,3,3,116,"454,9",4318804,11,9,0,7,4
45114,2023,7,7,6,3,104,22,2505105,12,12,0,3,3
45174,2023,9,5,3,3,70,"19,3",5300108,4,12,0,15,5
45174,2023,9,5,3,2,364,510,5107701,82,9,0,3,3
45174,2023,9,5,3,2,376,"422,2",4127502,11,21,0,1,1
45081,2023,6,4,1,4,163,985,5108055,28,18,0,1,1
45174,2023,9,5,3,3,20,"108,9",5207907,67,7,0,6,3
45174,2023,9,5,3,1,163,574,1508050,18,12,1,2,2
45174,2023,9,5,3,3,262,606,3111507,83,12,0,2,2
45174,2023,9,5,3,2,226,"309,9",2101608,22,21,0,2,1
45078,2023,6,1,5,3,452,28,5219308,82,7,0,5,4
45174,2023,9,5,3,3,116,525,3113404,78,9,1,2,2
45174,2023,9,5,3,3,10,"168,1",1505502,67,7,0,6,2
45174,2023,9,5,3,3,230,25,2507507,2,9,1,2,2
45174,2023,9,5,3,3,392,"193,8",4317004,82,9,0,5,4
45154,2023,8,16,4,1,70,322,2918506,18,7,0,3,2
45174,2023,9,5,3,4,116,"508,5",4314407,11,4,0,2,2
45174,2023,9,5,3,4,101,208,4216602,67,11,1,3,2
45174,2023,9,5,3,3,381,435,3156700,22,20,0,6,3
45174,2023,9,5,3,4,376,"491,5",4119905,16,12,1,4,2
45174,2023,9,5,3,4,282,596,4217303,2,11,0,2,2
45174,2023,9,5,3,4,116,"170,7",4213351,11,20,0,1,1
45174,2023,9,5,3,4,50,132,3170107,67,12,0,5,2
45174,2023,9,5,3,4,101,70,3204906,28,18,0,1,1
45174,2023,9,5,3,4,116,114,4106902,11,9,1,3,3
45174,2023,9,5,3,4,153,20,4111803,49,12,1,2,2
45174,2023,9,5,3,4,116,324,3302254,60,2,1,2,2
45174,2023,9,5,3,4,277,"102,7",4104204,67,12,0,3,3
45174,2023,9,5,3,4,316,"579,3",2103000,11,11,1,2,2
45175,2023,9,6,4,1,381,350,3136207,67,21,0,1,1
45175,2023,9,6,4,1,101,37,2701704,18,20,0,2,1
45175,2023,9,6,4,1,364,278,5104807,67,12,0,2,2
45174,2023,9,5,3,2,381,6,3106705,52,11,1,4,3
45174,2023,9,5,3,3,101,789,2915601,67,21,0,1,1
45175,2023,9,6,4,2,101,"213,4",4211900,52,9,1,3,3
45175,2023,9,6,4,2,101,"209,5",4216602,11,12,1,2,2
45175,2023,9,6,4,2,101,"119,3",4208203,67,12,0,4,4
45175,2023,9,6,4,2,381,"719,1",3113909,14,21,0,2,1
45175,2023,9,6,4,2,101,208,3203130,1,11,0,2,2
45174,2023,9,5,3,4,135,"171,4",2111508,11,7,0,4,3
45155,2023,8,17,5,2,116,"112,6",3554102,13,4,1,2,2
45175,2023,9,6,4,2,101,"315,2",2112803,28,18,1,2,1
45175,2023,9,6,4,2,163,751,5107925,4,12,1,2,2
45170,2023,9,1,6,1,267,"201,7",3107505,83,21,0,1,1
45175,2023,9,6,4,2,101,294,3301900,11,12,1,3,2
45114,2023,7,7,6,3,101,200,2911600,28,20,0,3,2
45175,2023,9,6,4,2,230,"156,8",2504009,82,10,1,2,2
45175,2023,9,6,4,2,116,"233,8",3304003,83,21,0,3,3
45175,2023,9,6,4,2,163,442,2401305,44,21,0,2,1
45175,2023,9,6,4,2,101,202,4216602,67,9,0,2,2
45175,2023,9,6,4,2,101,191,2908200,67,14,0,1,1
45175,2023,9,6,4,2,116,222,3115458,80,10,0,9,4
45175,2023,9,6,4,2,242,295,2919009,67,21,0,2,1
45175,2023,9,6,4,3,408,96,2613701,11,12,0,3,3
45175,2023,9,6,4,3,316,85,1507409,34,21,0,6,2
45171,2023,9,2,7,2,153,"258,9",3529005,85,7,0,2,2
45175,2023,9,6,4,3,101,25,2910602,83,20,0,1,1
45175,2023,9,6,4,3,369,150,4113700,67,12,1,5,4
45175,2023,9,6,4,3,116,"324,5",3302254,52,9,1,2,2
45175,2023,9,6,4,3,392,"23,1",4315602,67,12,0,2,2
45175,2023,9,6,4,3,40,513,3154606,78,12,1,2,2
45175,2023,9,6,4,3,101,"125,1",4208203,16,12,1,3,2
45175,2023,9,6,4,3,116,172,3305109,28,18,1,1,1
45175,2023,9,6,4,3,406,"169,3",2312403,35,2,1,2,2
45175,2023,9,6,4,1,407,123,2930105,1,2,0,2,2
45175,2023,9,6,4,3,116,"230,5",3550308,78,9,1,4,3
45175,2023,9,6,4,3,376,91,4118402,82,9,0,5,4
45175,2023,9,6,4,3,70,514,2211407,20,11,1,2,2
45175,2023,9,6,4,3,324,534,2908507,16,15,0,7,5
45175,2023,9,6,4,3,116,379,2927507,49,10,0,2,2
45175,2023,9,6,4,3,324,354,2908507,11,12,0,4,3
45175,2023,9,6,4,3,230,49,2101509,67,21,0,3,1
45175,2023,9,6,4,3,282,"467,3",4213401,1,11,0,4,2
45175,2023,9,6,4,4,116,208,3518800,83,3,1,2,2
45175,2023,9,6,4,3,452,13,5218805,82,7,0,7,4
45175,2023,9,6,4,4,324,545,2901106,16,12,1,2,2
45175,2023,9,6,4,4,104,"134,9",2512507,80,7,1,2,2
45175,2023,9,6,4,4,101,"279,9",4207304,67,10,0,2,2
45175,2023,9,6,4,4,381,"488,5",3106705,16,9,1,3,2
45175,2023,9,6,4,4,381,"588,7",3114501,35,2,1,2,2
45175,2023,9,6,4,4,324,"583,6",2906501,18,12,0,27,2
45175,2023,9,6,4,4,364,199,5211909,67,12,0,3,2
45175,2023,9,6,4,4,163,"466,2",2401305,1,9,1,2,2
45175,2023,9,6,4,4,101,207,2911600,80,7,0,2,2
45175,2023,9,6,4,3,20,144,2928901,16,9,0,4,4
45176,2023,9,7,5,1,153,141,1702109,67,4,1,1,1
45176,2023,9,7,5,1,116,474,3524600,49,7,0,11,4
45176,2023,9,7,5,1,153,131,1722081,46,20,0,1,1
45176,2023,9,7,5,1,70,524,2211407,83,21,1,1,1
45175,2023,9,6,4,3,163,572,5106224,64,7,0,3,3
45118,2023,7,11,3,2,116,343,3110806,52,10,0,2,2
45176,2023,9,7,5,2,101,"132,2",4202008,52,21,1,2,2
45176,2023,9,7,5,2,101,106,4212502,49,9,0,2,2
45176,2023,9,7,5,1,470,"104,9",4201257,49,10,0,2,2
45176,2023,9,7,5,1,381,"526,6",3109006,83,4,0,2,2
45176,2023,9,7,5,2,153,351,1709302,1,11,0,2,2
45176,2023,9,7,5,2,101,46,2606804,35,2,1,2,2
45176,2023,9,7,5,2,116,"7,5",4104006,67,9,0,6,2
45176,2023,9,7,5,1,116,564,3505401,67,20,0,1,1
45146,2023,8,8,3,4,381,"737,4",3169307,67,21,0,1,1
45176,2023,9,7,5,2,20,47,5208004,67,10,0,8,3
45176,2023,9,7,5,2,60,94,5201108,1,11,1,4,3