id_data,ano,mes,dia,id_dia_semana,periodo,br,km,id_municipio,id_causa_acidente,id_tipo_acidente,id_uso_solo,pessoas,veiculos
45175,2023,9,6,4,4,470,149,4200309,49,9,0,2,2
45176,2023,9,7,5,2,101,"12,5",4205803,11,12,0,2,2
45176,2023,9,7,5,2,364,"239,4",1100049,82,7,1,4,3
45104,2023,6,27,3,2,376,34,4117107,44,12,0,2,2
45176,2023,9,7,5,3,40,"481,9",3167202,28,20,0,5,3
45176,2023,9,7,5,3,277,109,4104204,16,15,1,4,4
45176,2023,9,7,5,2,70,386,5201702,28,18,0,1,1
45176,2023,9,7,5,2,20,39,2909307,14,18,0,1,1
45176,2023,9,7,5,3,277,113,4104204,67,11,1,4,3
45176,2023,9,7,5,3,101,"51,4",2510907,16,12,1,3,2
45176,2023,9,7,5,2,242,259,2914703,15,21,0,1,1
45176,2023,9,7,5,3,163,1066,5104104,16,12,1,3,2
45176,2023,9,7,5,3,116,11,3122355,67,7,0,2,2
45176,2023,9,7,5,3,40,413,3120904,1,11,0,3,2
45176,2023,9,7,5,4,163,781,5003306,82,7,0,8,3
45176,2023,9,7,5,3,163,808,5107909,56,4,0,2,1
45176,2023,9,7,5,3,230,"498,3",2109502,67,21,0,1,1
45176,2023,9,7,5,4,369,"17,7",4103602,49,12,1,2,2
45176,2023,9,7,5,3,316,"14,5",2101970,67,7,0,4,2
45176,2023,9,7,5,3,116,"401,8",3127701,67,9,0,2,2
45176,2023,9,7,5,4,163,626,1508050,11,12,1,4,3
45176,2023,9,7,5,3,153,4,4110102,14,21,1,1,1
45176,2023,9,7,5,4,101,178,2929305,11,12,0,2,2
45176,2023,9,7,5,4,316,87,2609907,49,11,0,2,2
45177,2023,9,8,6,1,116,"9,2",2933307,9,1,1,1,1
45176,2023,9,7,5,3,40,"119,9",2608750,28,18,0,1,1
45177,2023,9,8,6,1,158,"249,5",4311205,83,21,0,1,1
45177,2023,9,8,6,1,101,490,3300100,2,12,0,2,2
45177,2023,9,8,6,1,488,"0,1",2500775,18,12,1,2,2
45177,2023,9,8,6,1,376,40,5008404,18,20,0,1,1
45176,2023,9,7,5,4,101,"453,9",3203403,83,20,0,1,1
45176,2023,9,7,5,3,80,4,5215603,18,21,0,1,1
45057,2023,5,11,5,3,101,313,3304904,2,2,1,2,2
45177,2023,9,8,6,2,262,366,3136652,11,15,1,5,5
45177,2023,9,8,6,1,235,6,2804805,11,12,0,2,2
45177,2023,9,8,6,2,163,"894,1",5103056,80,7,0,2,2
45177,2023,9,8,6,2,116,142,3301702,11,12,1,2,2
45177,2023,9,8,6,2,381,479,3118601,11,9,0,2,2
45157,2023,8,19,7,2,471,"192,5",4313953,80,11,1,8,3
45177,2023,9,8,6,2,101,"77,8",2611606,78,9,1,2,2
45177,2023,9,8,6,2,40,96,3301702,83,21,0,1,1
45177,2023,9,8,6,2,116,"42,9",3508603,67,9,0,2,2
45177,2023,9,8,6,2,116,"64,6",4303673,67,21,0,2,1
45177,2023,9,8,6,2,267,"2,6",5001904,51,7,0,6,4
45177,2023,9,8,6,2,262,610,5005608,80,10,0,2,2
45177,2023,9,8,6,2,381,737,3169307,83,9,0,2,2
45177,2023,9,8,6,2,10,273,2105302,1,11,0,5,2
45177,2023,9,8,6,2,116,215,3518800,67,12,1,3,3
45177,2023,9,8,6,2,163,"245,3",5003702,80,7,0,2,2
45177,2023,9,8,6,2,364,343,1100122,82,9,1,3,3
45177,2023,9,8,6,2,282,"394,5",4209003,6,21,0,1,1
45177,2023,9,8,6,2,50,"0,5",3103504,83,20,0,2,2
45177,2023,9,8,6,2,222,"293,3",2112902,72,7,1,2,2
45171,2023,9,2,7,2,316,"331,5",2208007,33,11,0,3,2
45177,2023,9,8,6,3,381,357,3136207,67,12,0,2,2
45177,2023,9,8,6,3,116,226,3518800,67,12,1,2,2
45177,2023,9,8,6,2,163,647,5007695,11,20,0,1,1
45177,2023,9,8,6,3,101,104,2806701,14,4,0,3,3
45177,2023,9,8,6,3,316,65,1502400,1,11,1,2,2
45177,2023,9,8,6,3,116,220,3518800,52,12,1,3,2
45177,2023,9,8,6,3,116,230,3304003,11,21,0,1,1
45177,2023,9,8,6,3,476,182,4113205,83,20,0,1,1
45177,2023,9,8,6,3,110,231,2611002,1,9,0,3,2
45177,2023,9,8,6,3,369,153,4113700,67,12,1,3,2
45177,2023,9,8,6,3,116,401,2910800,28,18,0,1,1
45177,2023,9,8,6,3,392,25,4315602,67,9,0,3,3
45177,2023,9,8,6,3,376,309,4117305,51,20,0,1,1
45161,2023,8,23,4,3,153,502,5208707,16,12,1,2,2
45177,2023,9,8,6,3,104,"15,7",2615003,11,20,0,1,1
45177,2023,9,8,6,3,158,"514,7",4118501,11,20,0,4,1
45177,2023,9,8,6,3,110,307,2913705,80,3,0,3,1
45177,2023,9,8,6,3,70,522,2211407,20,11,1,2,2
45177,2023,9,8,6,4,316,58,1502400,16,15,1,5,3
45177,2023,9,8,6,4,381,"170,4",3127701,11,7,0,3,2
45178,2023,9,9,7,1,277,"18,5",4116208,67,9,0,3,2
45178,2023,9,9,7,1,365,"706,5",3142809,83,21,0,1,1
45178,2023,9,9,7,1,101,"365,8",4215455,18,20,0,1,1
45178,2023,9,9,7,1,101,"369,8",4207007,18,4,0,5,2
45178,2023,9,9,7,2,262,483,3107406,11,12,0,5,2
45177,2023,9,8,6,4,153,"72,8",1507151,52,21,0,2,1
45178,2023,9,9,7,1,50,"73,7",3170206,28,20,0,2,2
45178,2023,9,9,7,2,116,909,2906709,65,7,1,5,2
45177,2023,9,8,6,4,316,302,2605707,20,12,0,3,2
45149,2023,8,11,6,4,277,665,4115804,67,12,0,2,2
45178,2023,9,9,7,1,158,"510,5",2906204,18,20,0,1,1
45178,2023,9,9,7,2,381,"637,5",3159902,83,21,0,2,2
45178,2023,9,9,7,2,153,549,1715002,18,20,0,1,1
45178,2023,9,9,7,2,277,111,4104204,11,4,1,2,1
45178,2023,9,9,7,2,153,"505,6",5201405,18,20,1,1,1
45178,2023,9,9,7,2,116,"745,2",3138401,20,11,0,2,2
45178,2023,9,9,7,1,153,"581,2",4301602,28,21,0,1,1
45178,2023,9,9,7,1,116,"339,2",3110806,18,12,0,2,2
45178,2023,9,9,7,2,293,4,4314407,1,11,1,3,2
45178,2023,9,9,7,2,277,11,4118204,67,12,0,9,3
45178,2023,9,9,7,2,282,"606,9",2704609,49,7,0,4,3
45178,2023,9,9,7,2,364,92,1100304,67,12,0,3,2
45178,2023,9,9,7,2,101,271,3304300,1,12,0,2,2
45178,2023,9,9,7,2,116,427,2910800,11,12,0,2,2
45178,2023,9,9,7,2,116,122,4106902,51,4,1,1,1
45178,2023,9,9,7,2,101,"184,9",2807600,1,9,0,2,2
45178,2023,9,9,7,2,116,555,3505401,83,21,0,2,1
45178,2023,9,9,7,2,381,"617,6",3145604,18,20,0,1,1
45178,2023,9,9,7,2,381,"211,7",3106309,83,20,0,1,1
45178,2023,9,9,7,3,101,"214,6",4211900,2,7,1,4,4
45178,2023,9,9,7,3,101,104,2511509,83,21,1,1,1
45178,2023,9,9,7,3,101,533,2904704,18,11,0,18,2
45178,2023,9,9,7,3,116,640,2917607,82,7,0,3,2
45178,2023,9,9,7,3,153,218,2309201,35,2,0,2,2
45178,2023,9,9,7,3,376,218,4112108,1,11,1,3,2
45178,2023,9,9,7,3,381,430,3156700,18,20,0,1,1
45178,2023,9,9,7,3,226,484,2111805,49,21,0,1,1
45178,2023,9,9,7,3,262,"558,5",5005608,33,11,1,2,2
45178,2023,9,9,7,3,101,"445,2",4215653,85,2,1,3,2
45178,2023,9,9,7,3,158,28,5108600,1,7,0,3,2
45176,2023,9,7,5,2,163,618,1508050,21,21,0,1,1
45178,2023,9,9,7,3,101,104,2511509,52,9,0,2,2
45178,2023,9,9,7,4,476,202,4113205,80,10,0,7,3
45178,2023,9,9,7,3,267,"654,9",5006903,11,21,0,2,1
45178,2023,9,9,7,3,376,"450,9",4127502,83,21,0,1,1
45178,2023,9,9,7,3,116,796,2933307,52,10,0,2,2
45178,2023,9,9,7,4,101,60,3204906,11,12,1,2,2
45178,2023,9,9,7,4,101,"126,5",3205010,82,7,1,3,3
45178,2023,9,9,7,4,365,"706,5",3142809,83,21,0,1,1
45178,2023,9,9,7,4,316,14,2211001,11,21,1,1,1
45179,2023,9,10,1,1,381,"606,9",3145604,18,20,0,1,1
45179,2023,9,10,1,1,50,"79,7",3170206,18,20,0,1,1
45179,2023,9,10,1,1,116,"386,8",2927507,48,7,0,4,2
45178,2023,9,9,7,3,116,"586,1",3139409,11,2,1,2,2
45179,2023,9,10,1,1,153,"121,5",4109708,83,20,0,1,1
45289,2023,12,29,6,2,101,"277,5",3205002,48,2,0,2,2
45179,2023,9,10,1,2,407,115,2917706,80,11,0,2,2
45179,2023,9,10,1,1,153,"153,8",4128534,83,20,0,1,1
45179,2023,9,10,1,2,101,66,2611606,35,2,1,2,2
45179,2023,9,10,1,2,376,546,4117701,11,12,0,6,2
45179,2023,9,10,1,2,282,620,4207759,67,20,0,2,2
45179,2023,9,10,1,2,153,327,3545407,1,9,0,3,3
45159,2023,8,21,2,2,381,"360,6",3136207,67,9,0,2,2
45179,2023,9,10,1,2,428,"49,2",2609808,67,12,0,4,2
45179,2023,9,10,1,2,40,517,3154606,67,20,1,2,2
45179,2023,9,10,1,3,386,280,4318465,18,10,0,8,4
45179,2023,9,10,1,2,116,"547,7",3157252,83,21,0,1,1
45179,2023,9,10,1,3,163,124,5005707,83,21,0,2,1
45179,2023,9,10,1,3,153,360,5211800,11,3,1,1,1
45179,2023,9,10,1,3,116,380,2927507,67,12,0,4,2
45179,2023,9,10,1,2,116,548,2308302,28,18,0,1,1
45179,2023,9,10,1,3,135,"255,6",2102754,2,12,0,2,2
45179,2023,9,10,1,2,262,"154,4",3161007,65,12,0,9,3
45179,2023,9,10,1,3,230,"2,1",2503209,52,9,1,4,3
45179,2023,9,10,1,4,381,320,3144706,67,7,0,3,3
45179,2023,9,10,1,4,153,529,1718451,67,10,0,4,4
45179,2023,9,10,1,4,376,"474,6",4119905,52,9,0,7,3
45179,2023,9,10,1,4,230,"152,5",2504009,11,20,1,1,1
45180,2023,9,11,2,1,376,"303,9",4115754,11,21,0,1,1
45179,2023,9,10,1,4,230,87,1507508,82,7,0,7,3
45180,2023,9,11,2,1,381,"478,5",3118601,83,12,1,2,2
45180,2023,9,11,2,1,470,"157,9",4218608,3,7,0,2,2
45064,2023,5,18,5,3,70,"119,3",4108502,83,21,0,1,1
45180,2023,9,11,2,2,153,704,1703867,80,7,0,5,2
45180,2023,9,11,2,2,163,539,5103502,28,18,0,1,1
45180,2023,9,11,2,2,10,"256,7",2105302,2,7,1,2,2
45180,2023,9,11,2,2,364,"422,8",1100114,16,9,1,3,2
45128,2023,7,21,6,4,101,"409,6",3202801,52,7,0,2,2
45180,2023,9,11,2,1,324,433,2926301,18,7,0,3,2
45180,2023,9,11,2,2,369,"22,5",4103602,33,11,0,2,2
45180,2023,9,11,2,2,116,"845,8",2933307,83,12,1,4,2
45180,2023,9,11,2,2,459,"34,4",3110301,2,12,0,5,3
45180,2023,9,11,2,2,381,491,3106705,28,18,0,1,1
45180,2023,9,11,2,2,135,5,2111300,67,11,0,2,2
45180,2023,9,11,2,2,116,"441,7",2910800,83,20,0,3,2
45180,2023,9,11,2,2,146,"436,9",3109501,1,2,0,3,2
45180,2023,9,11,2,2,364,"396,5",5103403,52,12,1,2,2
45180,2023,9,11,2,2,287,257,2409332,67,12,0,4,2
45180,2023,9,11,2,2,386,"88,3",4311429,67,15,0,5,3
45180,2023,9,11,2,3,392,163,4304507,1,11,0,2,2
45180,2023,9,11,2,3,285,"326,2",4304705,80,7,0,2,2
45180,2023,9,11,2,3,467,"98,7",2303501,52,9,0,3,2
45180,2023,9,11,2,3,369,"147,9",4113700,51,9,1,2,2
45180,2023,9,11,2,3,277,"332,5",4109401,67,12,0,2,2
45170,2023,9,1,6,3,230,816,1508159,28,7,0,3,2
45159,2023,8,21,2,2,116,401,4303509,1,2,1,2,2
45180,2023,9,11,2,3,135,5,2111300,16,12,1,2,2
45180,2023,9,11,2,3,470,"220,2",4308607,1,11,0,2,2
45180,2023,9,11,2,3,226,275,2101608,52,12,0,2,2
45180,2023,9,11,2,3,101,209,3301306,67,21,0,1,1
45180,2023,9,11,2,3,424,94,2606002,49,11,0,2,2
45180,2023,9,11,2,2,365,130,3170800,11,4,0,3,3
45180,2023,9,11,2,4,230,57,2307502,11,12,0,5,2
45180,2023,9,11,2,4,101,"6,8",3202603,67,4,0,1,1
45180,2023,9,11,2,4,424,"91,6",2708907,11,21,0,1,1
45180,2023,9,11,2,4,364,250,5211909,11,12,0,3,3
45180,2023,9,11,2,4,287,"369,2",4311106,67,20,0,1,1
45180,2023,9,11,2,4,116,226,3304003,21,21,0,1,1
45181,2023,9,12,3,1,101,33,2607752,16,12,1,2,2
45180,2023,9,11,2,4,226,"201,7",2310506,21,21,0,1,1
45181,2023,9,12,3,1,272,527,4108320,11,12,1,5,2
45181,2023,9,12,3,2,232,146,2613107,1,12,1,3,3
45180,2023,9,11,2,4,163,433,1503606,50,21,0,1,1
45180,2023,9,11,2,3,101,"825,2",2915601,83,21,0,1,1
45153,2023,8,15,3,1,381,"563,2",3132206,83,12,1,2,2
45181,2023,9,12,3,2,116,187,3303500,16,9,1,5,3
45181,2023,9,12,3,2,277,"590,4",2303501,16,12,1,5,3
45181,2023,9,12,3,2,365,779,3134202,28,21,0,6,2
45181,2023,9,12,3,2,116,"37,3",4208104,67,9,0,4,2
45181,2023,9,12,3,2,290,154,4301107,11,12,0,2,2
45181,2023,9,12,3,2,101,"210,6",4216602,52,4,1,2,2
45181,2023,9,12,3,2,364,542,5107701,1,9,1,3,3
45181,2023,9,12,3,2,40,476,3167202,52,12,0,4,2
45181,2023,9,12,3,2,277,"587,8",2303501,51,7,1,3,3
45181,2023,9,12,3,2,230,19,2507507,16,12,1,5,4
45181,2023,9,12,3,2,277,"589,6",2303501,16,12,1,6,6
45181,2023,9,12,3,2,262,"785,4",3170107,83,15,0,5,5
45146,2023,8,8,3,2,101,"29,8",4209102,28,12,0,2,2
45181,2023,9,12,3,2,101,"85,4",4202107,1,9,1,2,2
45181,2023,9,12,3,2,158,"156,1",4313904,1,2,1,4,2
45181,2023,9,12,3,2,476,157,4101804,11,10,0,2,2
45181,2023,9,12,3,2,364,238,5105200,30,18,0,1,1
45181,2023,9,12,3,2,163,942,5104559,80,9,0,3,3
45181,2023,9,12,3,3,101,395,4210407,11,12,0,2,2
45181,2023,9,12,3,3,163,"0,2",2922102,83,21,0,1,1
44956,2023,1,30,2,3,393,"14,7",3203809,5,7,0,2,2
45181,2023,9,12,3,1,101,"92,5",2602902,35,2,1,2,2
45181,2023,9,12,3,3,116,"177,6",4313201,17,7,0,4,3
45181,2023,9,12,3,3,40,526,3118601,16,12,1,2,2
45181,2023,9,12,3,3,280,"55,5",4206504,52,9,0,2,2
45181,2023,9,12,3,3,472,577,4322400,12,9,1,3,2
45181,2023,9,12,3,3,116,82,3305802,82,9,0,3,2
45181,2023,9,12,3,2,153,26,3127107,16,11,1,2,2
45181,2023,9,12,3,3,392,104,4312450,67,7,0,2,2
45181,2023,9,12,3,3,280,29,4201307,61,12,1,2,2
45181,2023,9,12,3,3,40,526,3118601,78,9,1,2,2
45181,2023,9,12,3,3,280,1,4216206,82,9,1,2,2
45181,2023,9,12,3,3,487,27,#N/D,16,12,0,2,2
45181,2023,9,12,3,3,277,"578,6",2303501,67,20,0,1,1
45181,2023,9,12,3,4,277,102,4104204,16,9,0,2,2
45181,2023,9,12,3,3,153,20,4200408,6,12,0,2,2
45181,2023,9,12,3,4,116,540,3505401,67,20,0,1,1
45181,2023,9,12,3,4,392,"40,5",4315602,41,20,0,1,1
45181,2023,9,12,3,4,381,"223,9",3106309,52,9,0,4,2
45182,2023,9,13,4,1,101,208,4216602,49,12,1,2,2
45181,2023,9,12,3,4,101,147,2611804,83,21,1,1,1
45182,2023,9,13,4,1,232,129,2604106,83,20,1,1,1
45182,2023,9,13,4,1,242,369,2923506,83,20,0,2,1
45182,2023,9,13,4,1,393,177,3303708,18,12,0,2,2
45182,2023,9,13,4,1,101,232,3305604,61,2,0,2,2
45182,2023,9,13,4,1,116,470,2928802,18,12,0,2,2
45182,2023,9,13,4,1,116,300,4309308,67,20,1,1,1
45182,2023,9,13,4,2,376,92,5004700,67,7,0,3,3
45182,2023,9,13,4,2,381,652,3159902,83,21,0,1,1
45182,2023,9,13,4,1,262,"106,5",3160108,82,7,0,4,4
45181,2023,9,12,3,4,101,387,3304557,28,12,1,2,2
45182,2023,9,13,4,2,373,174,4119905,1,9,1,3,2
45182,2023,9,13,4,2,364,"199,5",1100189,67,9,1,2,2
45182,2023,9,13,4,2,101,73,2611606,67,11,1,3,2
45182,2023,9,13,4,2,424,"85,9",2606002,16,12,1,3,2
45182,2023,9,13,4,2,163,658,5105259,67,15,0,3,3
45182,2023,9,13,4,2,364,183,2409605,18,7,0,2,2
45182,2023,9,13,4,2,242,402,2929909,28,4,0,2,2
45182,2023,9,13,4,2,163,826,5107909,67,12,1,3,3
45182,2023,9,13,4,2,116,226,3303609,52,21,0,2,2
45182,2023,9,13,4,2,116,"5,9",4210100,11,15,1,5,4
45182,2023,9,13,4,2,163,985,1506807,1,9,1,3,2
45182,2023,9,13,4,2,163,603,5106224,11,12,1,2,2
45182,2023,9,13,4,2,251,"475,9",3126703,82,7,0,5,2
45182,2023,9,13,4,2,381,38,3504107,13,4,0,2,2
45182,2023,9,13,4,2,232,9,2607901,67,20,1,1,1
45182,2023,9,13,4,2,392,"623,5",4317509,16,12,0,3,2
45182,2023,9,13,4,2,242,268,2903805,28,18,0,1,1
45182,2023,9,13,4,3,116,"43,1",2305233,10,2,1,2,2
45182,2023,9,13,4,2,135,55,2911105,67,12,0,2,2
45182,2023,9,13,4,3,101,106,4212502,11,9,0,4,2
45182,2023,9,13,4,3,277,"61,5",4119509,16,12,0,2,2
45182,2023,9,13,4,3,101,90,2804805,52,9,1,3,2
45182,2023,9,13,4,3,277,202,4117701,82,7,0,5,2
45182,2023,9,13,4,3,116,"15,8",4105805,16,12,1,5,4
45182,2023,9,13,4,2,282,"4,5",4216602,11,9,1,2,2
45182,2023,9,13,4,3,262,"623,8",3129509,51,20,0,1,1
45182,2023,9,13,4,3,282,"404,5",4209003,80,7,0,2,2
45182,2023,9,13,4,2,135,116,2105401,67,21,0,1,1
45182,2023,9,13,4,2,364,533,1100023,82,12,0,3,2
45182,2023,9,13,4,3,222,674,2100055,67,7,1,2,2
45182,2023,9,13,4,3,101,"457,5",4216404,83,4,0,2,1
45182,2023,9,13,4,3,373,178,4119905,72,11,1,2,2
45182,2023,9,13,4,3,316,49,2601102,67,12,0,3,2
45182,2023,9,13,4,3,285,"532,9",4318903,83,10,0,3,3
45182,2023,9,13,4,3,135,46,2101251,1,11,0,3,2
45182,2023,9,13,4,3,277,210,4117701,28,4,0,2,2
45182,2023,9,13,4,4,50,"13,8",3103504,49,12,0,2,2
45178,2023,9,9,7,2,101,"694,2",2910727,83,20,0,1,1
45182,2023,9,13,4,4,116,"443,8",3542602,60,2,1,2,2
45182,2023,9,13,4,4,277,125,4104204,65,20,0,1,1
45182,2023,9,13,4,4,376,327,4117305,83,7,0,3,3
45183,2023,9,14,5,1,40,"743,8",3160702,18,21,1,3,2
45183,2023,9,14,5,1,259,"44,5",3201506,67,20,0,1,1
45183,2023,9,14,5,1,135,136,2106631,80,7,0,2,2
45183,2023,9,14,5,1,386,"47,2",4320206,80,7,1,2,2
45183,2023,9,14,5,1,116,1,4104006,11,21,0,2,1
45183,2023,9,14,5,1,405,70,2401008,11,3,0,1,1
45183,2023,9,14,5,2,470,"54,5",4202404,20,11,1,2,2
45183,2023,9,14,5,2,101,206,4216602,11,9,1,3,3
45183,2023,9,14,5,1,381,"599,1",3114501,18,21,0,1,1
45183,2023,9,14,5,2,470,"71,6",4207502,11,12,1,3,3
45183,2023,9,14,5,2,163,"647,3",5007695,11,15,0,5,3
45183,2023,9,14,5,2,242,377,2923506,11,21,0,1,1
45183,2023,9,14,5,1,364,383,1100155,80,7,1,2,2
45183,2023,9,14,5,2,40,"80,3",3147006,28,18,0,1,1
45183,2023,9,14,5,2,116,105,4125506,11,9,0,4,2
45159,2023,8,21,2,3,153,"300,4",3509809,11,12,0,12,6
45183,2023,9,14,5,2,290,"495,8",4316402,67,20,0,2,2
45183,2023,9,14,5,2,101,415,3302601,1,11,0,2,2
45183,2023,9,14,5,2,153,197,3127107,1,11,0,3,2
45183,2023,9,14,5,2,116,527,3113404,52,21,1,2,2
45183,2023,9,14,5,2,476,253,4113205,67,21,0,2,2
45183,2023,9,14,5,2,101,"26,6",2804300,5,21,0,2,2
45183,2023,9,14,5,2,20,30,2909307,65,18,0,1,1
45183,2023,9,14,5,2,365,"405,3",3148004,16,12,0,3,3
45183,2023,9,14,5,2,280,81,4204509,67,20,1,1,1
45183,2023,9,14,5,2,365,405,3148004,36,11,0,2,2
45183,2023,9,14,5,2,376,491,4119905,83,12,1,4,4
45183,2023,9,14,5,2,70,291,5107040,80,7,0,2,2
45183,2023,9,14,5,2,116,429,2910800,14,4,1,1,1
45183,2023,9,14,5,3,116,465,2302008,65,12,0,2,2
45183,2023,9,14,5,3,468,91,4302378,80,7,0,3,2
45183,2023,9,14,5,2,364,"292,3",1100254,11,12,0,2,2
45183,2023,9,14,5,3,60,179,5200050,83,12,0,2,2
45183,2023,9,14,5,3,40,93,3301702,14,21,0,1,1
45183,2023,9,14,5,3,101,54,4209102,52,9,0,4,2
45183,2023,9,14,5,3,356,"1,4",3302205,1,11,0,2,2
45183,2023,9,14,5,3,316,"401,6",2100436,1,11,1,2,2
45183,2023,9,14,5,3,101,"63,3",2611606,67,21,1,4,3
45183,2023,9,14,5,3,493,108,3305554,67,12,0,3,2
45183,2023,9,14,5,3,101,"82,9",2607901,67,9,1,2,2
45183,2023,9,14,5,3,50,96,5206206,83,21,1,1,1
45179,2023,9,10,1,3,364,474,2211407,36,9,0,2,2
45183,2023,9,14,5,3,376,127,5004700,11,21,0,1,1
45183,2023,9,14,5,2,376,"490,5",4119905,83,9,1,2,2
45183,2023,9,14,5,2,30,325,2926806,52,9,0,7,2
45182,2023,9,13,4,1,242,690,2922250,67,21,0,1,1
45183,2023,9,14,5,3,277,133,4102307,67,20,0,1,1
45176,2023,9,7,5,2,116,"848,4",2933307,18,20,0,1,1
45150,2023,8,12,7,1,70,358,2918506,18,21,0,1,1
45183,2023,9,14,5,4,242,"329,2",1716604,67,2,0,3,2
45183,2023,9,14,5,4,277,"45,9",4116208,52,12,0,4,3
45183,2023,9,14,5,4,101,508,2914802,1,9,1,2,2
45183,2023,9,14,5,4,381,489,3106705,11,12,1,3,3
45183,2023,9,14,5,3,101,422,3302601,83,20,1,3,2
45183,2023,9,14,5,4,50,62,3170206,83,20,0,1,1
45183,2023,9,14,5,3,367,58,2925303,52,7,0,4,2
45183,2023,9,14,5,3,235,277,2909901,83,21,0,1,1
45183,2023,9,14,5,4,230,"241,3",2507705,1,11,1,4,2
45183,2023,9,14,5,3,153,"144,8",3111408,82,7,0,3,2
45183,2023,9,14,5,3,101,"13,6",2927002,11,20,0,2,1
45183,2023,9,14,5,4,101,11,2606200,49,12,0,2,2
45183,2023,9,14,5,4,364,202,5107602,52,9,1,3,2
45183,2023,9,14,5,3,319,542,1304104,11,7,0,7,2
45183,2023,9,14,5,4,381,"941,1",3125101,83,4,1,1,1
45183,2023,9,14,5,4,381,376,3161908,18,20,0,1,1
45184,2023,9,15,6,1,277,"553,8",2303501,80,7,0,2,2
45184,2023,9,15,6,1,101,"262,5",3205002,52,9,1,6,4
45184,2023,9,15,6,1,153,"99,2",2512200,18,7,0,2,2
45183,2023,9,14,5,4,50,187,3170107,16,12,0,2,2
45184,2023,9,15,6,2,116,111,3301850,11,12,1,3,2
45153,2023,8,15,3,1,40,564,3144805,1,12,0,12,2
45184,2023,9,15,6,1,40,320,3169356,83,21,0,1,1
45184,2023,9,15,6,2,116,"539,5",3159357,83,21,0,1,1
45161,2023,8,23,4,2,116,"799,2",3101508,11,12,0,2,2
45184,2023,9,15,6,2,101,"448,3",4215653,11,20,0,2,2
45168,2023,8,30,4,3,304,"16,5",2302206,52,7,0,2,2
45184,2023,9,15,6,2,364,285,5104807,83,20,0,1,1
45184,2023,9,15,6,2,116,758,2925105,11,7,1,5,2
45149,2023,8,11,6,2,393,131,1507755,21,21,0,1,1
45184,2023,9,15,6,2,364,335,5218102,28,18,0,1,1
45184,2023,9,15,6,2,242,287,2919009,67,20,0,1,1
45178,2023,9,9,7,1,101,214,2909802,18,20,0,1,1
45184,2023,9,15,6,2,381,307,3103009,36,12,0,2,2
45184,2023,9,15,6,2,277,"466,8",4117057,83,21,0,1,1
45184,2023,9,15,6,2,272,366,4104303,1,9,1,2,2
45184,2023,9,15,6,2,381,688,3138203,83,21,0,1,1
45184,2023,9,15,6,3,277,"473,7",4117057,83,21,1,1,1
45184,2023,9,15,6,3,232,65,2606408,65,20,0,1,1
45184,2023,9,15,6,3,101,"200,3",4216602,1,11,1,3,2
45184,2023,9,15,6,3,282,"520,7",4219705,16,12,1,2,2
45151,2023,8,13,1,2,493,16,3302502,52,10,0,3,3
45184,2023,9,15,6,3,101,"77,3",2611606,11,9,1,4,2
45184,2023,9,15,6,3,40,"751,3",3160702,67,4,0,2,2
45184,2023,9,15,6,3,376,498,4119905,11,12,1,5,4
45184,2023,9,15,6,3,153,"69,2",3549805,36,12,1,2,2
45184,2023,9,15,6,2,174,10,1400100,67,7,0,4,3
45184,2023,9,15,6,3,232,138,2604106,1,20,0,2,2
45184,2023,9,15,6,3,280,70,4208906,20,11,1,3,3
45184,2023,9,15,6,2,280,"57,5",4206504,11,7,0,2,2
45184,2023,9,15,6,3,262,374,3136652,35,9,0,3,2
45183,2023,9,14,5,4,251,"405,7",3127800,9,1,0,1,1
45184,2023,9,15,6,3,277,690,4125704,11,11,0,3,2
45184,2023,9,15,6,3,376,"601,8",4106902,78,9,1,4,3
45184,2023,9,15,6,3,476,"257,9",4101309,83,15,0,4,4
45184,2023,9,15,6,3,158,94,5006309,67,12,1,2,2
45184,2023,9,15,6,3,285,555,4318903,1,11,0,2,2
45184,2023,9,15,6,3,493,"101,8",3305554,1,12,0,6,2
45184,2023,9,15,6,2,101,"3,7",2705606,83,21,0,1,1
45184,2023,9,15,6,3,153,"119,5",4109708,83,20,0,1,1
45184,2023,9,15,6,3,101,65,3301009,82,11,1,3,2
45180,2023,9,11,2,1,116,193,3304144,67,12,0,3,2
45184,2023,9,15,6,3,381,211,3144359,49,7,0,3,2
45184,2023,9,15,6,2,174,96,5102504,44,15,0,3,3
45184,2023,9,15,6,3,364,65,1100304,52,21,0,2,2
45184,2023,9,15,6,4,163,543,5103502,11,21,0,1,1
45184,2023,9,15,6,4,163,"42,8",4120358,20,12,0,2,2
45169,2023,8,31,5,1,101,208,4216602,28,18,1,1,1
45184,2023,9,15,6,4,116,"633,8",3122009,83,7,0,2,2
45185,2023,9,16,7,1,116,524,3505401,67,12,0,3,2
45185,2023,9,16,7,1,381,448,2110005,83,20,1,1,1
45185,2023,9,16,7,1,101,"48,8",3555406,1,7,1,3,3
45185,2023,9,16,7,1,381,389,3161908,18,20,0,2,1
45185,2023,9,16,7,1,386,"404,5",2516805,50,9,0,2,2
45185,2023,9,16,7,1,376,445,4127502,83,4,0,1,1
45185,2023,9,16,7,1,465,11,3305554,11,10,0,2,2
45185,2023,9,16,7,2,70,288,5107040,1,11,0,2,2
45185,2023,9,16,7,2,423,2,2924009,2,4,1,2,2
45185,2023,9,16,7,2,290,"194,9",4315701,2,12,0,5,3
45185,2023,9,16,7,2,116,836,2933307,28,18,0,1,1