id_data,ano,mes,dia,id_dia_semana,periodo,br,km,id_municipio,id_causa_acidente,id_tipo_acidente,id_uso_solo,pessoas,veiculos
45193,2023,9,24,1,2,116,407,3127701,18,21,0,1,1
45193,2023,9,24,1,4,262,"16,5",5008305,82,7,0,10,3
45193,2023,9,24,1,3,116,"441,7",3123700,67,21,0,2,1
45193,2023,9,24,1,4,30,261,2905206,1,11,0,2,2
45193,2023,9,24,1,4,232,206,2610905,49,7,0,5,2
45193,2023,9,24,1,3,407,13,2918407,11,10,0,2,2
45194,2023,9,25,2,1,116,"45,4",3509957,67,12,0,2,2
45194,2023,9,25,2,1,369,39,4101101,80,7,0,2,2
45194,2023,9,25,2,1,40,597,3146107,18,20,0,1,1
45193,2023,9,24,1,4,116,"166,8",3524402,11,21,1,1,1
45194,2023,9,25,2,1,232,"133,5",2604106,67,12,1,2,2
45194,2023,9,25,2,1,116,298,3304110,11,12,0,2,2
45194,2023,9,25,2,1,251,15,5300108,21,21,1,1,1
45194,2023,9,25,2,1,40,525,3118601,83,12,1,2,2
45194,2023,9,25,2,1,40,55,5206206,65,18,0,1,1
45193,2023,9,24,1,4,163,69,5004601,18,20,0,1,1
45194,2023,9,25,2,2,381,"933,8",3125101,11,20,0,1,1
45194,2023,9,25,2,1,101,913,2923001,82,7,0,2,2
45194,2023,9,25,2,2,101,"99,9",4212809,1,9,0,3,3
45194,2023,9,25,2,1,465,4,3305554,67,12,1,4,2
45192,2023,9,23,7,1,324,546,2901106,18,20,0,2,1
45194,2023,9,25,2,2,40,"728,8",3145703,65,4,0,1,1
45194,2023,9,25,2,2,116,412,3127701,16,12,1,3,3
45194,2023,9,25,2,2,116,"688,6",3143906,83,21,0,1,1
45194,2023,9,25,2,2,101,138,4202008,52,10,1,2,2
45194,2023,9,25,2,2,116,"497,9",2513802,11,20,0,1,1
45194,2023,9,25,2,1,282,"357,7",4203600,18,4,0,1,1
45185,2023,9,16,7,1,174,463,1400100,11,12,0,2,2
45194,2023,9,25,2,2,50,137,3170107,11,12,0,4,2
45194,2023,9,25,2,2,414,"418,1",5200100,83,15,0,28,18
45186,2023,9,17,1,4,116,183,2311801,49,9,0,2,2
45182,2023,9,13,4,2,116,124,4107652,67,12,1,4,2
45194,2023,9,25,2,2,364,18,1200013,1,9,0,2,2
45194,2023,9,25,2,3,153,"62,2",3142809,11,12,0,3,3
45050,2023,5,4,5,3,163,145,1500602,80,7,0,2,2
45194,2023,9,25,2,2,101,"142,8",2931400,18,10,0,5,2
45148,2023,8,10,5,3,423,60,2200202,63,10,0,2,2
45194,2023,9,25,2,3,381,87,3550308,67,9,1,2,2
45194,2023,9,25,2,3,277,235,4107736,67,7,0,4,2
45194,2023,9,25,2,3,153,"194,7",3127107,14,10,0,2,2
45194,2023,9,25,2,2,280,"224,5",4218301,11,12,0,3,2
45194,2023,9,25,2,3,277,"8,8",4118204,28,20,0,1,1
45194,2023,9,25,2,3,153,209,2309201,52,7,0,2,2
45194,2023,9,25,2,2,251,"353,9",3146255,67,21,0,3,2
45194,2023,9,25,2,3,153,"114,5",3525706,82,20,0,2,2
45110,2023,7,3,2,4,376,"131,2",4116901,9,21,0,2,1
45194,2023,9,25,2,3,324,622,2927408,14,2,0,2,2
45194,2023,9,25,2,3,364,287,5104807,67,9,0,2,2
45194,2023,9,25,2,3,277,584,2303501,52,14,0,1,1
45194,2023,9,25,2,3,163,569,1508050,28,18,0,2,1
45174,2023,9,5,3,1,153,28,5218003,28,18,0,2,1
45194,2023,9,25,2,4,280,"22,3",4201307,1,12,1,2,2
45194,2023,9,25,2,2,70,662,5102504,67,20,0,1,1
45194,2023,9,25,2,4,364,"162,7",1100189,28,18,0,1,1
45194,2023,9,25,2,4,116,45,4104006,67,9,0,2,2
45194,2023,9,25,2,4,116,45,4104006,67,4,0,3,1
45194,2023,9,25,2,3,163,"77,8",2925006,18,7,0,4,3
45194,2023,9,25,2,2,262,171,3202454,21,21,0,1,1
45194,2023,9,25,2,4,280,"8,7",4216206,1,11,1,2,2
45194,2023,9,25,2,4,40,"76,6",5206206,67,12,0,3,2
45194,2023,9,25,2,4,282,506,4219507,67,3,0,2,2
45194,2023,9,25,2,4,232,"8,4",2611606,25,12,1,3,2
45194,2023,9,25,2,4,280,"24,3",4201307,11,10,1,4,2
45195,2023,9,26,3,1,101,205,4216602,11,12,0,2,2
45195,2023,9,26,3,1,376,666,4109609,83,21,0,3,1
45195,2023,9,26,3,1,116,19,4101200,11,12,0,4,2
45195,2023,9,26,3,1,50,"131,1",5210109,18,21,0,1,1
45195,2023,9,26,3,1,101,273,3305752,18,12,0,2,2
45183,2023,9,14,5,2,381,25,3504107,52,4,0,2,2
45195,2023,9,26,3,2,381,"525,5",3109006,18,3,0,1,1
45106,2023,6,29,5,1,116,541,2310605,9,1,0,1,1
45195,2023,9,26,3,2,365,"685,7",3142809,85,2,1,2,2
45178,2023,9,9,7,2,222,285,2304509,18,7,0,4,3
45195,2023,9,26,3,1,280,"180,2",4210100,82,7,0,2,2
45195,2023,9,26,3,2,381,"505,6",3106705,18,9,1,2,2
45195,2023,9,26,3,2,153,505,5201405,25,12,1,2,2
45195,2023,9,26,3,2,226,15,1713809,28,18,0,2,1
45195,2023,9,26,3,2,40,"515,4",3154606,16,9,1,2,2
45090,2023,6,13,3,3,116,"726,5",3138005,16,12,0,2,2
45195,2023,9,26,3,2,101,"204,3",4216602,78,9,1,2,2
45195,2023,9,26,3,2,467,"93,7",2303501,83,20,0,3,3
45179,2023,9,10,1,3,222,311,2313401,83,2,1,2,2
45195,2023,9,26,3,2,40,"613,4",3118007,5,4,1,4,2
45195,2023,9,26,3,2,280,5,4216206,16,12,1,1,1
45195,2023,9,26,3,2,376,"3,3",4101408,11,12,1,2,2
45195,2023,9,26,3,2,101,70,2611606,67,12,1,3,2
45195,2023,9,26,3,1,116,687,2918001,80,10,0,3,2
45195,2023,9,26,3,2,101,199,4216602,67,12,1,2,2
45195,2023,9,26,3,2,116,"63,5",2303956,28,18,0,3,1
45163,2023,8,25,6,2,153,76,2512200,11,15,0,14,6
45195,2023,9,26,3,2,282,"527,2",4204350,11,10,0,4,4
45195,2023,9,26,3,2,324,592,2906501,16,12,0,2,2
45195,2023,9,26,3,2,101,101,2602902,18,21,0,2,1
45195,2023,9,26,3,2,104,168,2501575,1,11,0,5,2
45195,2023,9,26,3,3,381,"483,7",3106705,11,12,1,3,2
45282,2023,12,22,6,4,235,"3,5",2800308,48,2,0,2,2
45195,2023,9,26,3,2,282,419,3170602,83,21,0,1,1
45188,2023,9,19,3,4,101,613,2920908,83,21,0,1,1
45195,2023,9,26,3,3,393,"267,9",3300308,1,11,1,2,2
45195,2023,9,26,3,2,40,"599,2",3146107,16,12,0,2,2
45195,2023,9,26,3,3,116,"72,9",2500775,52,9,0,3,2
45195,2023,9,26,3,2,369,25,4103602,11,12,0,2,2
45195,2023,9,26,3,2,40,52,3303906,11,12,0,2,2
45175,2023,9,6,4,2,365,590,3103504,14,20,0,1,1
45195,2023,9,26,3,3,376,"412,8",4127502,52,9,0,2,2
45195,2023,9,26,3,3,376,213,4114203,28,18,0,1,1
45195,2023,9,26,3,3,262,695,3104007,16,12,0,2,2
45195,2023,9,26,3,3,392,"134,9",4304507,1,11,0,2,2
45195,2023,9,26,3,3,20,19,5300108,15,20,1,1,1
45195,2023,9,26,3,3,20,16,5300108,15,20,0,1,1
45195,2023,9,26,3,3,222,677,2100055,20,11,1,2,2
45195,2023,9,26,3,3,101,412,4201406,11,21,0,1,1
45195,2023,9,26,3,4,376,646,4127601,83,12,0,3,3
45142,2023,8,4,6,2,316,"85,2",2207108,82,3,0,3,3
45195,2023,9,26,3,4,316,"4,8",2601102,1,11,0,2,2
45195,2023,9,26,3,3,365,418,3148004,1,11,0,2,2
45195,2023,9,26,3,4,381,497,3106705,61,2,1,3,2
45195,2023,9,26,3,2,242,293,2919009,67,21,0,1,1
45195,2023,9,26,3,4,277,"4,5",4118204,17,9,1,5,4
45195,2023,9,26,3,4,316,94,2708006,16,12,0,2,2
45195,2023,9,26,3,4,376,615,4125506,11,12,0,2,2
45195,2023,9,26,3,4,393,281,3300308,67,15,1,5,3
45195,2023,9,26,3,4,116,"777,2",3138401,28,18,0,1,1
45195,2023,9,26,3,3,230,525,2109502,80,7,0,3,2
45195,2023,9,26,3,4,50,"193,9",3170107,11,4,0,1,1
45195,2023,9,26,3,4,448,15,4304606,1,11,0,3,3
45196,2023,9,27,4,1,50,146,5210109,67,20,0,1,1
45196,2023,9,27,4,1,101,192,4202305,83,14,0,1,1
45196,2023,9,27,4,1,267,"238,5",3138500,21,21,0,2,2
45196,2023,9,27,4,1,116,223,3518800,67,12,1,2,2
45196,2023,9,27,4,1,412,"85,8",2515500,18,20,0,1,1
45196,2023,9,27,4,2,423,85,2613206,2,11,0,2,2
45196,2023,9,27,4,1,50,157,3170107,28,18,0,1,1
45196,2023,9,27,4,1,20,7,5300108,67,12,1,6,3
45196,2023,9,27,4,1,262,120,5000203,28,18,0,1,1
45196,2023,9,27,4,2,60,109,5208400,16,12,0,3,2
45196,2023,9,27,4,1,158,749,5101803,67,12,0,4,2
45196,2023,9,27,4,2,101,231,2929602,35,2,0,2,2
45196,2023,9,27,4,1,381,657,3159902,16,12,0,2,2
45196,2023,9,27,4,2,369,203,4101408,52,9,1,3,2
45196,2023,9,27,4,2,101,"229,9",3202207,67,7,1,2,2
45196,2023,9,27,4,2,116,60,2303956,82,7,1,2,2
45196,2023,9,27,4,2,101,"213,1",4211900,11,12,1,2,2
45196,2023,9,27,4,2,277,"431,9",4128658,18,7,0,2,2
45196,2023,9,27,4,2,376,"6,3",5003702,56,4,0,2,2
45196,2023,9,27,4,2,116,"323,6",3526209,52,9,1,2,2
45152,2023,8,14,2,3,153,149,1702109,49,21,1,3,3
45196,2023,9,27,4,2,381,"611,9",3145604,28,15,0,4,4
45196,2023,9,27,4,2,277,"569,4",2303501,11,10,0,2,2
45196,2023,9,27,4,2,20,"61,4",5208004,67,12,0,4,2
45196,2023,9,27,4,2,116,818,2933307,19,12,0,2,2
45196,2023,9,27,4,2,116,814,2933307,16,15,0,3,3
45196,2023,9,27,4,2,101,"395,4",3204401,20,11,1,3,3
45196,2023,9,27,4,2,101,151,2802106,16,12,1,6,3
45196,2023,9,27,4,2,277,"32,3",4116208,83,21,0,1,1
45196,2023,9,27,4,2,101,478,3300100,67,20,1,2,1
45196,2023,9,27,4,2,153,153,1702109,1,11,0,2,2
45196,2023,9,27,4,2,153,242,1705508,28,12,0,3,3
45138,2023,7,31,2,1,116,75,3305802,80,7,0,2,2
45196,2023,9,27,4,3,163,479,2401305,20,11,1,2,2
45196,2023,9,27,4,2,116,"719,2",2920403,83,21,0,1,1
45196,2023,9,27,4,3,116,311,3549953,11,20,1,1,1
45196,2023,9,27,4,3,364,709,1100205,1,9,1,3,2
45196,2023,9,27,4,3,153,496,1716109,83,7,0,2,2
45192,2023,9,23,7,2,101,"132,2",4202008,61,2,1,2,2
45120,2023,7,13,5,3,163,1046,5105606,11,10,0,6,3
45196,2023,9,27,4,3,364,"283,6",5104807,67,20,0,1,1
45196,2023,9,27,4,3,101,120,4208203,52,9,0,2,2
45196,2023,9,27,4,3,40,"41,8",5212501,13,7,0,4,4
45196,2023,9,27,4,3,153,145,1702109,36,12,1,2,2
45196,2023,9,27,4,3,60,389,5218805,44,12,1,7,3
45196,2023,9,27,4,3,116,180,4121208,18,10,0,3,3
45196,2023,9,27,4,3,116,282,3515004,1,9,1,3,2
45196,2023,9,27,4,3,116,147,3301702,67,12,1,3,2
45196,2023,9,27,4,3,163,"886,6",5103056,20,7,0,2,2
45196,2023,9,27,4,3,101,109,2806701,52,9,0,4,2
45196,2023,9,27,4,3,116,"127,1",2311801,28,18,0,3,1
45196,2023,9,27,4,3,163,486,2401305,67,11,1,3,2
45196,2023,9,27,4,4,116,187,3546801,11,9,1,4,3
45196,2023,9,27,4,4,116,364,3529906,64,4,0,1,1
45196,2023,9,27,4,3,101,"88,9",3204906,81,9,0,2,2
45196,2023,9,27,4,3,116,14,1507755,83,20,0,1,1
45196,2023,9,27,4,3,470,"204,3",4213302,67,20,0,1,1
45196,2023,9,27,4,4,381,"861,2",3152501,77,4,0,3,2
45196,2023,9,27,4,4,110,340,2900702,1,11,1,2,2
45196,2023,9,27,4,4,158,269,5008305,11,12,1,2,2
45196,2023,9,27,4,4,290,"13,3",4317608,72,11,0,3,2
45179,2023,9,10,1,3,153,490,1716109,82,21,0,1,1
45196,2023,9,27,4,3,116,42,4104006,83,21,0,1,1
45196,2023,9,27,4,4,386,"248,1",2516102,1,11,1,2,2
45196,2023,9,27,4,4,163,"786,2",5108501,67,12,0,2,2
45197,2023,9,28,5,1,316,565,2103000,18,10,0,2,2
45197,2023,9,28,5,1,232,"120,7",2604106,18,20,0,1,1
45197,2023,9,28,5,1,163,480,2401305,28,18,1,2,1
45197,2023,9,28,5,1,232,120,2604106,83,20,0,1,1
45197,2023,9,28,5,2,101,113,2503001,18,20,0,1,1
45197,2023,9,28,5,2,158,"303,8",4310538,1,12,0,3,2
45197,2023,9,28,5,1,10,"307,1",1503507,67,12,1,2,2
45144,2023,8,6,1,4,230,"1,9",2101509,1,11,1,2,2
45197,2023,9,28,5,2,40,"770,5",3136702,83,12,0,2,2
45113,2023,7,6,5,3,153,499,4108502,67,7,0,4,3
45164,2023,8,26,7,3,381,70,3528502,11,4,0,3,3
45164,2023,8,26,7,3,381,937,3125101,11,21,0,1,1
45197,2023,9,28,5,2,290,527,4300406,3,20,0,1,1
45197,2023,9,28,5,3,116,282,3300407,67,12,1,3,3
45197,2023,9,28,5,1,386,"98,3",4318457,11,20,0,1,1
45197,2023,9,28,5,3,101,"121,1",4208203,82,9,0,2,2
45197,2023,9,28,5,3,101,"394,8",4204608,1,11,1,2,2
45197,2023,9,28,5,3,251,58,5300108,20,11,0,4,2
45197,2023,9,28,5,3,101,269,3205002,11,12,1,3,2
45197,2023,9,28,5,3,10,225,1503457,12,9,0,2,2
45197,2023,9,28,5,2,163,249,3169109,28,18,0,3,3
45197,2023,9,28,5,3,232,409,2613909,67,9,1,2,2
45197,2023,9,28,5,3,70,7,5300108,16,12,1,2,2
45183,2023,9,14,5,1,262,780,3170107,11,9,0,2,2
45174,2023,9,5,3,2,470,"323,8",4203600,51,11,0,5,3
45197,2023,9,28,5,3,381,"727,2",3113909,11,20,0,1,1
45197,2023,9,28,5,3,230,"87,5",2506400,48,2,0,4,4
45197,2023,9,28,5,3,101,"46,1",4209102,78,9,1,3,3
45197,2023,9,28,5,3,365,"625,2",3170206,16,9,1,2,2
45197,2023,9,28,5,3,50,180,3170107,82,9,1,2,2
45197,2023,9,28,5,3,163,760,1506195,67,10,0,2,2
45197,2023,9,28,5,3,354,720,3152600,83,21,0,1,1
45197,2023,9,28,5,4,232,80,2606408,11,12,1,2,2
45197,2023,9,28,5,4,40,"464,2",3167202,13,20,0,1,1
45197,2023,9,28,5,4,110,222,2922904,11,12,1,2,2
45197,2023,9,28,5,4,116,353,3529906,65,9,0,2,2
45196,2023,9,27,4,3,230,451,1505486,83,21,0,1,1
45197,2023,9,28,5,4,381,"561,3",3132206,83,4,1,1,1
45197,2023,9,28,5,4,116,"602,4",3162559,1,11,0,2,2
45197,2023,9,28,5,4,101,15,2606200,11,12,0,2,2
45197,2023,9,28,5,4,452,85,5218052,18,4,0,1,1
45198,2023,9,29,6,1,232,508,2612208,1,9,1,2,2
45198,2023,9,29,6,1,381,273,3119401,80,11,0,6,4
45198,2023,9,29,6,1,116,"30,5",3513405,67,12,0,3,3
45197,2023,9,28,5,3,70,76,4108502,67,20,0,2,2
45198,2023,9,29,6,1,116,271,3552809,67,12,1,2,2
45198,2023,9,29,6,1,20,39,5208004,11,12,0,6,6
45198,2023,9,29,6,1,116,"96,8",3531605,83,18,0,1,1
45198,2023,9,29,6,1,116,531,3505401,67,12,0,2,2
45197,2023,9,28,5,4,262,35,5008305,28,18,0,1,1
45198,2023,9,29,6,1,262,"467,8",5000708,28,18,0,1,1
45180,2023,9,11,2,3,70,445,5213707,22,21,0,3,2
45198,2023,9,29,6,2,376,304,4115754,67,21,0,1,1
45198,2023,9,29,6,2,116,443,2302008,28,18,0,1,1
45198,2023,9,29,6,2,365,"626,5",3170206,52,9,1,2,2
45198,2023,9,29,6,1,116,339,3529906,83,21,0,1,1
45197,2023,9,28,5,4,262,577,3119807,83,10,0,2,2
45198,2023,9,29,6,2,293,14,4304663,11,20,1,1,1
45194,2023,9,25,2,3,101,104,2403251,11,12,0,2,2
45198,2023,9,29,6,2,60,418,5218805,67,12,0,3,2
45198,2023,9,29,6,2,393,124,1507755,14,21,0,1,1
45198,2023,9,29,6,2,116,"227,7",2300705,67,12,0,4,2
45198,2023,9,29,6,2,376,54,5004007,67,12,0,2,2
44953,2023,1,27,6,3,163,403,1503606,80,7,0,2,2
45198,2023,9,29,6,2,101,"42,5",2606804,52,9,1,2,2
45198,2023,9,29,6,2,101,947,2922003,83,21,0,1,1
45198,2023,9,29,6,2,101,772,2915601,1,11,0,2,2
45198,2023,9,29,6,2,262,78,3201902,83,21,0,1,1
45195,2023,9,26,3,2,226,"438,5",2104800,52,10,0,2,2
45198,2023,9,29,6,2,324,606,2930709,78,12,0,3,3
45198,2023,9,29,6,2,116,"101,3",3538006,67,12,0,5,5
45198,2023,9,29,6,2,116,364,3529906,67,21,0,1,1
45198,2023,9,29,6,2,116,513,3509254,4,9,0,3,2
45198,2023,9,29,6,2,116,"524,9",3113404,28,4,1,1,1
45198,2023,9,29,6,2,101,15,2606200,11,21,0,1,1
45182,2023,9,13,4,4,343,203,2208403,82,10,0,4,2
45198,2023,9,29,6,2,153,"779,4",1720978,67,12,0,2,2
45198,2023,9,29,6,3,376,"490,8",4119905,83,20,1,5,3
45198,2023,9,29,6,3,101,30,3301009,60,2,0,2,2
45198,2023,9,29,6,2,116,"14,4",4210100,83,12,0,4,2
45198,2023,9,29,6,2,101,310,3304904,44,11,0,2,2
45186,2023,9,17,1,3,364,330,5102678,28,18,0,1,1
45198,2023,9,29,6,3,158,311,4310538,61,2,0,3,2
45198,2023,9,29,6,3,101,444,3302601,28,18,1,1,1
45198,2023,9,29,6,2,381,403,3107703,65,4,0,1,1
45179,2023,9,10,1,3,381,"717,8",3113909,35,2,0,2,2
45198,2023,9,29,6,3,364,587,5103502,67,9,0,3,2
45198,2023,9,29,6,3,20,198,5218300,67,20,0,1,1
45198,2023,9,29,6,3,381,7,3556354,28,21,0,1,1
45198,2023,9,29,6,3,324,523,2910800,52,9,1,2,2
45198,2023,9,29,6,3,465,3,3305554,20,11,0,5,4
45198,2023,9,29,6,3,116,147,3549904,11,12,1,2,2
45198,2023,9,29,6,3,101,50,2600054,56,4,1,2,2
45198,2023,9,29,6,3,101,120,4208203,1,12,0,3,3
45198,2023,9,29,6,3,262,363,3136652,52,12,0,2,2
45198,2023,9,29,6,3,116,51,3527207,80,9,0,3,3
45198,2023,9,29,6,2,277,155,4117701,67,20,0,1,1
45198,2023,9,29,6,3,373,275,4120606,1,11,0,2,2
45198,2023,9,29,6,4,158,534,4118501,1,11,1,2,2
45198,2023,9,29,6,3,222,"68,2",2312403,2,21,1,2,2
45198,2023,9,29,6,4,101,"830,5",2915601,83,21,0,1,1
45198,2023,9,29,6,4,101,"288,4",3201308,52,7,1,8,4
45198,2023,9,29,6,4,153,42,3142809,64,20,0,2,1
45198,2023,9,29,6,4,235,166,2906824,52,7,0,2,2
45198,2023,9,29,6,4,392,"257,2",4302808,49,12,0,4,2
45198,2023,9,29,6,4,163,282,4114609,67,9,0,2,2
45198,2023,9,29,6,3,222,537,2102036,11,20,0,1,1
45198,2023,9,29,6,4,364,398,5103403,1,9,1,2,2
45198,2023,9,29,6,4,20,9,2310308,63,21,0,1,1
45199,2023,9,30,7,1,365,628,3170206,80,7,1,2,2
45199,2023,9,30,7,1,316,37,1506500,11,12,0,2,2
45199,2023,9,30,7,1,262,292,2401305,18,10,0,3,2
45199,2023,9,30,7,1,153,176,5204706,16,12,1,2,2
45199,2023,9,30,7,1,262,"746,4",3149804,18,7,0,3,3
45199,2023,9,30,7,2,101,"140,7",2708600,18,20,0,1,1
45199,2023,9,30,7,2,50,"235,2",5205109,18,20,0,1,1
45199,2023,9,30,7,1,373,210,4110508,18,20,0,1,1
45199,2023,9,30,7,2,376,109,4118402,1,11,1,2,2
45198,2023,9,29,6,4,493,68,3303500,11,12,0,2,2
45198,2023,9,29,6,4,163,516,5103502,15,20,0,1,1
45198,2023,9,29,6,2,316,"33,4",1506500,67,12,1,5,3
45199,2023,9,30,7,2,277,"603,4",4124020,18,7,0,4,2
45199,2023,9,30,7,2,101,82,2607901,52,4,1,3,2
45160,2023,8,22,3,2,381,392,3105400,11,4,0,1,1
45199,2023,9,30,7,2,110,193,2926509,67,15,0,4,3
45199,2023,9,30,7,2,222,300,2313401,65,21,0,1,1
45199,2023,9,30,7,1,364,213,5107602,49,9,0,2,2
45199,2023,9,30,7,2,364,275,5213103,16,12,0,2,2
45199,2023,9,30,7,2,163,321,3517406,16,12,0,4,3
45199,2023,9,30,7,2,153,540,1715002,1,11,1,2,2
45199,2023,9,30,7,2,101,"212,8",4211900,1,12,0,2,2
45199,2023,9,30,7,2,116,"46,2",4104006,4,9,0,5,2
45199,2023,9,30,7,3,381,"493,5",3106705,52,21,1,2,2
45199,2023,9,30,7,2,376,323,4117305,14,21,0,1,1
45199,2023,9,30,7,1,222,517,2102325,80,7,0,4,2
45198,2023,9,29,6,2,135,"45,3",2101251,11,12,0,2,2
45199,2023,9,30,7,2,116,"140,9",2513158,11,11,1,3,3
45199,2023,9,30,7,1,30,"278,6",2905206,83,20,0,1,1
45162,2023,8,24,5,2,230,1112,1503606,21,20,0,1,1
45199,2023,9,30,7,3,163,"801,8",5007935,16,12,0,2,2
45199,2023,9,30,7,3,101,"146,5",4208302,16,15,0,7,6
45199,2023,9,30,7,3,101,69,2611606,82,12,1,2,2
45199,2023,9,30,7,3,101,"165,7",4218004,52,9,0,2,2
45199,2023,9,30,7,3,101,648,2916302,83,7,0,4,2
45139,2023,8,1,3,1,316,"233,2",2700409,13,20,0,2,1
45197,2023,9,28,5,4,163,"67,7",4217204,83,20,1,2,1
45199,2023,9,30,7,3,381,"457,6",3106200,52,9,0,2,2
45183,2023,9,14,5,2,40,470,3167202,52,9,0,2,2
45199,2023,9,30,7,3,163,512,5103502,4,12,0,2,2
45199,2023,9,30,7,3,116,"699,4",3143906,1,11,1,2,2
45199,2023,9,30,7,4,110,290,2913705,9,1,0,2,2
45161,2023,8,23,4,2,423,"102,5",2606002,80,7,0,7,4
45199,2023,9,30,7,3,316,94,2201408,1,9,0,2,2
45199,2023,9,30,7,4,116,626,3145877,83,4,0,3,2
45199,2023,9,30,7,4,465,22,3304557,11,11,1,4,2
45200,2023,10,1,1,1,163,"36,7",4124400,49,10,1,2,2
45200,2023,10,1,1,1,101,"435,8",3203403,18,21,0,1,1
45200,2023,10,1,1,1,418,72,2923001,80,9,0,4,2
45200,2023,10,1,1,1,116,390,3127701,16,10,0,2,2
45200,2023,10,1,1,2,116,468,3524600,20,11,0,2,2
45200,2023,10,1,1,1,163,"75,2",4217204,80,7,0,5,2
45200,2023,10,1,1,2,324,"613,9",2927408,67,20,1,1,1
45200,2023,10,1,1,2,163,931,5104559,18,12,0,2,2
45168,2023,8,30,4,3,101,270,3205002,16,12,0,3,3
45196,2023,9,27,4,2,101,"103,9",4212502,16,15,1,8,8
45200,2023,10,1,1,2,319,43,1100205,82,7,0,2,2
45200,2023,10,1,1,2,50,177,3170107,67,4,1,3,2
45200,2023,10,1,1,2,242,"364,5",2919306,49,14,0,1,1
45200,2023,10,1,1,2,364,189,5107602,16,12,0,3,3
45200,2023,10,1,1,2,251,333,3127073,67,12,0,2,2
45200,2023,10,1,1,2,10,"85,3",1508126,11,20,0,1,1
45200,2023,10,1,1,2,101,"10,6",2705606,83,4,1,1,1
45200,2023,10,1,1,3,381,439,3156700,83,4,0,3,3
45176,2023,9,7,5,4,70,"514,1",2211407,11,4,1,1,1
45200,2023,10,1,1,3,116,"314,4",3132701,16,15,0,3,3
45200,2023,10,1,1,2,242,321,2919009,80,7,0,2,2
45200,2023,10,1,1,2,101,402,4210407,52,9,0,2,2
45200,2023,10,1,1,3,369,"469,2",4106308,18,21,0,1,1
45200,2023,10,1,1,3,381,"436,7",3156700,80,7,0,10,4
45200,2023,10,1,1,2,364,299,5104807,28,18,0,1,1
45200,2023,10,1,1,3,392,351,2409332,83,4,1,1,1
45200,2023,10,1,1,3,116,"789,2",3138401,3,21,0,1,1
45200,2023,10,1,1,3,285,566,4318903,1,11,1,5,2
45200,2023,10,1,1,3,381,"636,8",3159902,15,4,0,5,4
45200,2023,10,1,1,3,101,70,2611606,52,9,1,3,2
45200,2023,10,1,1,4,116,168,4121208,35,2,0,5,3
45200,2023,10,1,1,4,163,"838,7",5107909,52,9,1,2,2
45200,2023,10,1,1,3,174,177,5106828,1,11,0,3,2
45200,2023,10,1,1,4,116,195,3304144,52,9,1,6,2
45200,2023,10,1,1,4,101,156,4213500,1,9,1,4,2
45200,2023,10,1,1,4,40,552,3144805,28,18,1,1,1
45200,2023,10,1,1,4,40,8,5212501,61,2,1,2,2
45200,2023,10,1,1,3,381,"638,1",3159902,65,18,0,1,1
45201,2023,10,2,2,1,116,840,2933307,67,12,0,2,2
45201,2023,10,2,2,1,40,17,5212501,64,3,0,1,1
45201,2023,10,2,2,1,101,98,2900702,18,21,1,1,1
45200,2023,10,1,1,3,364,442,2211407,52,11,0,3,3
45201,2023,10,2,2,1,101,172,2608206,65,18,0,1,1
45200,2023,10,1,1,4,364,269,5104807,80,7,1,2,2
45201,2023,10,2,2,1,116,466,2928802,16,12,0,2,2
45201,2023,10,2,2,1,262,49,3203346,82,9,0,3,2
45200,2023,10,1,1,4,116,"775,9",2925006,80,7,1,4,2
45200,2023,10,1,1,4,163,"147,6",4104600,83,21,0,1,1
45201,2023,10,2,2,1,470,"182,8",4322806,29,21,0,2,2
45200,2023,10,1,1,4,376,310,4115754,49,21,0,1,1
45201,2023,10,2,2,1,277,"30,8",4116208,1,15,0,5,5
45201,2023,10,2,2,2,40,"505,2",3154606,67,12,1,2,2
45201,2023,10,2,2,2,116,13,2304400,16,12,1,2,2
45201,2023,10,2,2,2,116,20,4101200,67,20,0,18,2
45149,2023,8,11,6,4,392,"24,9",4315602,18,20,0,1,1
45201,2023,10,2,2,1,116,"465,8",3168408,18,20,0,1,1
45140,2023,8,2,4,2,316,313,2208007,11,12,1,2,2
45201,2023,10,2,2,2,163,724,5107925,80,10,0,5,3
45201,2023,10,2,2,2,459,"38,4",3110301,18,20,0,1,1
45200,2023,10,1,1,3,163,1009,5108055,67,9,0,3,2
45195,2023,9,26,3,3,163,68,5004601,13,4,0,2,2
45201,2023,10,2,2,2,50,"45,9",3103504,52,12,0,2,2
45201,2023,10,2,2,2,364,434,2211407,11,21,1,2,2
45201,2023,10,2,2,2,163,869,5107909,67,12,0,2,2
45201,2023,10,2,2,2,232,"15,8",2607901,67,12,0,8,2
45201,2023,10,2,2,2,101,35,4321667,1,9,0,3,2
45201,2023,10,2,2,2,364,386,1100155,11,15,1,4,3
45200,2023,10,1,1,4,365,321,3161700,15,20,0,1,1
45201,2023,10,2,2,2,369,"70,5",4123907,1,11,0,2,2
45201,2023,10,2,2,2,493,101,3305554,16,12,0,3,2
45201,2023,10,2,2,3,470,227,4308607,83,7,1,2,2
45201,2023,10,2,2,2,30,238,2911709,28,21,0,1,1