id_data,ano,mes,dia,id_dia_semana,periodo,br,km,id_municipio,id_causa_acidente,id_tipo_acidente,id_uso_solo,pessoas,veiculos
45177,2023,9,8,6,4,277,"626,7",4105300,18,20,0,2,2
45201,2023,10,2,2,2,50,140,3170107,11,20,0,2,2
45201,2023,10,2,2,3,324,543,2901106,52,4,1,3,1
45201,2023,10,2,2,2,230,468,2109502,13,18,0,1,1
45201,2023,10,2,2,3,251,"472,5",3126703,80,7,0,4,2
45140,2023,8,2,4,2,153,239,5220157,11,12,0,9,3
45182,2023,9,13,4,1,116,47,3509957,67,12,0,2,2
45201,2023,10,2,2,3,405,37,2404309,67,21,0,1,1
45198,2023,9,29,6,4,277,112,4104204,28,18,1,1,1
45201,2023,10,2,2,3,465,5,3305554,1,2,1,3,2
45195,2023,9,26,3,4,163,18,4103156,83,11,0,2,2
45201,2023,10,2,2,3,373,"176,3",4119905,11,12,1,2,2
45201,2023,10,2,2,2,280,"10,7",4216206,51,21,0,1,1
45201,2023,10,2,2,3,393,106,1507755,82,11,1,4,3
45201,2023,10,2,2,3,376,663,4109609,52,11,0,2,2
45201,2023,10,2,2,4,116,"150,1",4305108,67,12,1,2,2
45201,2023,10,2,2,3,153,74,4207809,65,20,0,1,1
45201,2023,10,2,2,4,472,"144,7",4321808,11,4,0,1,1
45169,2023,8,31,5,2,386,"247,7",2516102,1,11,1,2,2
45201,2023,10,2,2,4,163,"464,9",2401305,67,21,0,3,3
45201,2023,10,2,2,4,60,411,5007901,11,12,0,4,2
45201,2023,10,2,2,3,101,654,2916302,12,10,0,3,2
45201,2023,10,2,2,4,316,73,1502400,82,10,0,3,2
45201,2023,10,2,2,4,459,57,3131505,56,4,0,2,2
45202,2023,10,3,3,1,392,"153,2",4304507,28,20,0,2,1
45201,2023,10,2,2,4,381,"587,9",3114501,67,4,0,1,1
45202,2023,10,3,3,1,20,"12,5",5300108,18,12,0,4,3
45202,2023,10,3,3,1,222,"25,5",2303709,52,9,0,2,1
45202,2023,10,3,3,1,251,"389,1",3127800,11,20,0,2,1
45202,2023,10,3,3,1,50,"270,2",5205109,83,21,1,1,1
45202,2023,10,3,3,1,381,361,3136207,61,2,1,2,2
45202,2023,10,3,3,1,163,78,5004601,1,11,1,2,2
45202,2023,10,3,3,1,101,"839,6",2931350,11,21,0,2,1
45202,2023,10,3,3,1,116,"380,5",3127701,83,20,0,1,1
45202,2023,10,3,3,2,381,"306,8",3103009,83,12,0,2,2
45202,2023,10,3,3,2,116,"506,5",3509254,11,12,0,3,2
45202,2023,10,3,3,2,116,11,2304400,16,12,1,4,3
45098,2023,6,21,4,3,262,724,3149804,67,12,0,5,2
45202,2023,10,3,3,2,282,"601,8",4204707,16,12,0,3,2
45202,2023,10,3,3,2,376,"496,7",4119905,52,9,1,2,2
45202,2023,10,3,3,2,101,"344,2",4218707,16,12,0,2,2
45202,2023,10,3,3,2,135,3,2111300,5,9,1,2,2
45202,2023,10,3,3,2,153,493,5208707,28,9,1,3,3
45202,2023,10,3,3,2,153,"381,2",4113908,18,20,0,1,1
45202,2023,10,3,3,2,262,187,3161007,67,21,0,1,1
45142,2023,8,4,6,4,116,"308,9",4203253,83,21,0,1,1
45202,2023,10,3,3,2,376,"309,5",4117305,83,21,0,2,2
45202,2023,10,3,3,2,101,91,4202107,11,9,1,4,2
45202,2023,10,3,3,2,381,"661,1",3159902,1,12,0,2,2
45202,2023,10,3,3,2,153,"147,5",3111408,12,15,0,3,3
45202,2023,10,3,3,2,116,108,3554102,67,9,1,2,2
45201,2023,10,2,2,3,230,686,1501725,80,7,0,2,2
45186,2023,9,17,1,1,365,225,3109402,11,20,0,2,1
45202,2023,10,3,3,2,60,"37,4",5208707,67,21,1,1,1
45128,2023,7,21,6,3,101,"204,1",4216602,67,12,1,3,3
45202,2023,10,3,3,3,381,13,3507605,16,9,0,2,2
45202,2023,10,3,3,3,101,"122,9",4208203,52,12,0,3,3
45202,2023,10,3,3,3,282,"23,7",4215703,1,11,1,3,2
45198,2023,9,29,6,4,101,222,2909802,80,7,0,2,2
45202,2023,10,3,3,2,364,"459,7",1100601,80,7,0,3,2
45202,2023,10,3,3,3,101,256,3205002,4,7,1,2,2
45154,2023,8,16,4,1,251,"419,5",3127800,11,20,0,1,1
45202,2023,10,3,3,3,153,717,1703867,67,20,0,1,1
45202,2023,10,3,3,3,116,198,3503901,11,12,0,2,2
45202,2023,10,3,3,3,242,533,2923209,30,18,0,1,1
45202,2023,10,3,3,3,262,8,5008305,1,9,0,3,3
45202,2023,10,3,3,3,369,"146,4",4113700,52,9,1,4,3
45202,2023,10,3,3,3,101,"324,9",3202405,83,12,0,6,4
45202,2023,10,3,3,3,251,"503,9",3126703,64,4,0,5,2
45152,2023,8,14,2,1,392,"102,6",4312450,1,12,0,2,2
45202,2023,10,3,3,3,40,"27,3",5212501,2,11,0,2,2
45202,2023,10,3,3,3,364,19,1100304,20,9,0,2,2
45202,2023,10,3,3,4,135,5,2111300,60,2,0,2,2
45202,2023,10,3,3,4,101,"123,2",4208203,33,11,0,2,2
45202,2023,10,3,3,4,381,"436,2",3156700,21,21,0,1,1
45202,2023,10,3,3,3,163,760,1506195,11,12,0,4,2
45202,2023,10,3,3,4,153,"49,2",3549805,33,11,0,2,2
45198,2023,9,29,6,2,174,488,5103304,11,4,0,1,1
45169,2023,8,31,5,3,50,"15,4",3103504,67,21,0,1,1
45202,2023,10,3,3,4,364,550,5107701,28,18,0,1,1
45202,2023,10,3,3,4,282,395,4209003,83,7,0,11,3
45202,2023,10,3,3,4,267,"128,4",3136702,80,7,0,2,2
45202,2023,10,3,3,4,116,"884,4",2906709,35,2,0,2,2
45202,2023,10,3,3,3,407,"444,2",2204352,28,20,0,2,1
45202,2023,10,3,3,4,423,"25,4",2613107,82,7,0,4,4
45202,2023,10,3,3,4,20,77,2928901,28,21,0,2,2
45202,2023,10,3,3,4,470,189,4213708,28,21,0,1,1
45203,2023,10,4,4,1,262,"416,6",3147105,1,12,0,2,2
45203,2023,10,4,4,1,470,"66,1",4207502,80,7,1,4,3
45203,2023,10,4,4,1,101,"2,3",4205803,18,20,1,1,1
45203,2023,10,4,4,2,277,"678,8",4115804,4,9,0,4,2
45202,2023,10,3,3,3,407,"142,4",2930105,36,12,0,8,4
45203,2023,10,4,4,1,50,124,3170107,11,12,0,2,2
45203,2023,10,4,4,2,116,"716,7",3143906,11,4,0,1,1
45203,2023,10,4,4,2,101,"214,8",4211900,52,9,1,4,3
45203,2023,10,4,4,2,50,206,3121258,67,12,0,10,3
45135,2023,7,28,6,2,393,196,3303708,80,10,0,2,2
45203,2023,10,4,4,2,242,784,2903201,80,7,0,2,2
45203,2023,10,4,4,2,282,"519,5",4219705,2,11,0,5,3
45203,2023,10,4,4,2,101,"51,6",2702801,83,21,0,1,1
45203,2023,10,4,4,2,116,"393,3",3127701,82,7,0,5,3
45203,2023,10,4,4,2,280,"142,8",4210100,80,7,0,4,2
45203,2023,10,4,4,2,153,"328,8",3545407,11,12,0,2,2
45203,2023,10,4,4,2,259,"20,6",3203130,82,21,0,1,1
45203,2023,10,4,4,2,381,"856,6",3152501,67,12,0,2,2
45203,2023,10,4,4,2,277,730,4108304,78,9,1,2,2
45203,2023,10,4,4,3,262,159,3202454,1,11,1,2,2
45203,2023,10,4,4,3,116,79,3305802,67,7,0,2,2
45203,2023,10,4,4,2,324,595,2906501,52,20,0,2,2
45203,2023,10,4,4,3,60,30,5200308,11,12,0,13,2
45203,2023,10,4,4,3,285,"442,2",4302584,67,9,1,2,2
45203,2023,10,4,4,2,280,"154,2",4210100,15,20,0,5,4
45203,2023,10,4,4,3,364,196,1100189,67,12,1,2,2
45203,2023,10,4,4,3,277,7,4118204,11,20,0,1,1
45203,2023,10,4,4,3,232,11,2607901,52,12,1,2,2
45203,2023,10,4,4,3,376,"494,4",4119905,78,9,1,4,4
45203,2023,10,4,4,3,116,500,3509254,67,9,0,5,2
45203,2023,10,4,4,2,285,"641,3",4317707,16,12,0,4,2
45203,2023,10,4,4,3,262,133,3201159,14,21,0,1,1
45191,2023,9,22,6,2,101,259,2928703,16,12,1,3,2
45203,2023,10,4,4,3,285,"218,9",4304952,1,11,0,4,2
45203,2023,10,4,4,3,116,511,3509254,65,20,0,1,1
45203,2023,10,4,4,3,116,25,4210100,4,12,0,4,2
45203,2023,10,4,4,3,277,102,4104204,52,20,0,2,2
45203,2023,10,4,4,3,365,407,3148004,60,2,1,2,2
45203,2023,10,4,4,3,101,100,2504603,1,11,0,2,2
45203,2023,10,4,4,3,364,381,5107800,30,18,0,1,1
45203,2023,10,4,4,3,116,516,3509254,11,9,0,3,2
45203,2023,10,4,4,4,376,438,4127502,67,12,0,2,2
45203,2023,10,4,4,4,116,203,3503901,67,12,1,3,3
45203,2023,10,4,4,3,116,"921,6",2910404,83,7,0,3,2
45203,2023,10,4,4,4,290,92,4314902,28,21,1,1,1
45203,2023,10,4,4,4,153,94,2512200,18,20,0,1,1
45203,2023,10,4,4,2,70,133,4108502,83,21,0,1,1
45203,2023,10,4,4,3,116,511,3509254,14,14,0,1,1
45203,2023,10,4,4,4,116,339,3526209,83,4,0,1,1
45203,2023,10,4,4,4,50,41,3103504,51,20,0,2,1
45203,2023,10,4,4,4,70,522,2211407,1,11,1,2,2
45204,2023,10,5,5,1,116,405,3529906,67,20,0,1,1
45204,2023,10,5,5,1,470,102,4201257,16,9,0,3,2
45204,2023,10,5,5,1,101,"389,9",4204608,85,2,0,2,2
45204,2023,10,5,5,1,101,"261,5",3205002,67,12,1,2,2
45204,2023,10,5,5,1,153,303,5218607,33,11,0,2,2
45204,2023,10,5,5,1,386,134,4126256,83,21,1,1,1
45204,2023,10,5,5,2,101,"204,3",4216602,52,12,1,3,2
45204,2023,10,5,5,2,116,138,3549904,16,15,0,4,4
45204,2023,10,5,5,2,101,57,2510907,16,15,0,4,4
45204,2023,10,5,5,2,101,"67,9",2110203,28,18,0,2,1
45111,2023,7,4,3,2,493,52,3301702,52,11,0,5,2
45204,2023,10,5,5,2,163,628,5106224,80,10,0,2,2
45204,2023,10,5,5,2,116,38,4104006,11,12,0,3,2
45204,2023,10,5,5,2,116,545,3505401,67,4,0,5,3
45204,2023,10,5,5,2,101,348,2931608,83,21,0,2,2
45204,2023,10,5,5,2,40,91,3303906,83,20,0,1,1
45204,2023,10,5,5,2,407,117,2611101,28,11,1,2,2
45175,2023,9,6,4,3,163,488,2401305,67,15,1,4,3
45204,2023,10,5,5,1,163,659,1503606,28,18,0,1,1
45204,2023,10,5,5,2,116,"304,7",3304201,67,21,0,2,2
45204,2023,10,5,5,2,101,26,4209102,18,12,0,2,2
45204,2023,10,5,5,2,116,107,3554102,67,12,1,3,2
45204,2023,10,5,5,2,116,545,3505401,64,4,0,2,2
45204,2023,10,5,5,2,101,"264,1",3205002,67,9,1,2,2
45204,2023,10,5,5,2,282,"562,2",4211405,16,12,0,4,4
45204,2023,10,5,5,2,251,352,3146255,16,12,0,2,2
45204,2023,10,5,5,3,365,"27,4",3143302,64,7,0,2,2
45008,2023,3,23,5,2,101,6,4205803,82,9,0,2,2
45204,2023,10,5,5,2,285,370,4316436,80,7,0,2,2
45185,2023,9,16,7,2,280,34,4201307,82,12,0,5,4
45204,2023,10,5,5,3,101,274,4207304,16,4,0,1,1
45204,2023,10,5,5,3,116,"746,6",2925105,11,21,0,1,1
45204,2023,10,5,5,3,158,"335,3",2409332,1,11,1,3,2
45204,2023,10,5,5,3,381,57,3504107,67,12,1,3,3
45204,2023,10,5,5,3,70,299,5107008,3,20,0,3,1
45204,2023,10,5,5,4,116,205,3503901,67,12,0,4,3
45204,2023,10,5,5,3,153,154,1702109,82,20,0,1,1
45204,2023,10,5,5,3,476,"316,8",4113205,67,9,0,4,3
45204,2023,10,5,5,4,116,"225,5",3518800,52,9,1,3,3
45204,2023,10,5,5,4,324,"557,9",2901106,67,12,0,3,2
45204,2023,10,5,5,4,116,337,3526209,52,9,0,2,2
45204,2023,10,5,5,4,392,"2,8",4315602,12,12,1,3,3
45204,2023,10,5,5,4,116,185,4104105,80,10,0,3,3
45204,2023,10,5,5,4,101,327,3202405,18,4,0,1,1
45204,2023,10,5,5,4,101,301,2112803,36,12,1,2,2
45204,2023,10,5,5,4,163,"198,7",2303501,16,12,0,2,2
45205,2023,10,6,6,1,251,"472,1",3126703,83,21,0,1,1
45204,2023,10,5,5,4,101,"405,5",3202801,16,12,0,2,2
45205,2023,10,6,6,1,101,"382,1",4207007,83,12,0,2,2
45205,2023,10,6,6,1,277,634,4105300,11,20,0,1,1
45205,2023,10,6,6,1,116,"744,8",2925105,67,20,0,1,1
45205,2023,10,6,6,1,116,"803,6",3101508,83,21,0,1,1
45205,2023,10,6,6,1,262,113,3205069,83,7,0,2,2
45205,2023,10,6,6,1,285,"241,5",4305504,49,7,0,2,2
45205,2023,10,6,6,1,50,116,3170107,11,12,0,2,2
45205,2023,10,6,6,1,381,"874,9",3124500,18,4,0,2,1
45205,2023,10,6,6,2,104,8,2708303,28,3,0,1,1
45205,2023,10,6,6,2,101,"11,2",2606200,16,12,0,2,2
45205,2023,10,6,6,1,116,38,2907707,28,18,0,1,1
45205,2023,10,6,6,1,242,822,2903201,67,12,0,1,1
45205,2023,10,6,6,2,60,"534,9",5005806,11,12,0,3,2
45205,2023,10,6,6,2,277,693,4125704,52,9,0,7,2
45205,2023,10,6,6,2,116,"608,3",2914208,11,4,0,1,1
45205,2023,10,6,6,2,163,127,4121406,18,20,0,1,1
45205,2023,10,6,6,2,343,"1,7",2211001,52,9,1,3,2
45205,2023,10,6,6,1,251,"444,6",3127800,81,2,0,3,2
45205,2023,10,6,6,2,101,56,2402600,18,20,0,1,1
45205,2023,10,6,6,2,40,"528,9",3118601,78,21,0,2,2
45181,2023,9,12,3,3,163,558,5103502,80,7,0,2,2
45205,2023,10,6,6,2,163,571,4102406,11,20,0,1,1
45205,2023,10,6,6,2,392,"0,4",4315602,1,11,1,2,2
45205,2023,10,6,6,2,101,"119,8",4208203,11,12,1,2,2
45205,2023,10,6,6,3,20,26,5208004,67,11,0,2,2
45205,2023,10,6,6,2,226,"469,8",2111805,49,9,0,2,2
45205,2023,10,6,6,2,10,259,2105302,67,12,0,4,3
45205,2023,10,6,6,3,280,"70,2",4208906,85,7,1,3,3
45205,2023,10,6,6,3,386,"344,2",1712009,67,12,1,8,5
45155,2023,8,17,5,1,101,182,2929305,11,20,0,1,1
45205,2023,10,6,6,2,40,"675,7",3113206,67,12,0,2,2
45200,2023,10,1,1,3,163,491,2401305,1,11,1,2,2
45205,2023,10,6,6,3,101,101,4212809,11,12,0,5,3
45205,2023,10,6,6,3,101,"240,9",3202207,11,20,0,1,1
45041,2023,4,25,3,2,408,"102,8",2611606,83,4,0,10,9
45205,2023,10,6,6,3,242,495,2923209,52,10,0,4,4
45205,2023,10,6,6,3,50,"29,8",3103504,83,21,0,1,1
45205,2023,10,6,6,3,316,262,2708907,16,12,0,4,2
45205,2023,10,6,6,2,110,44,2408003,28,20,0,2,1
45205,2023,10,6,6,3,116,"554,5",3139409,15,7,0,3,2
45205,2023,10,6,6,3,470,218,4302105,1,11,1,4,2
45205,2023,10,6,6,2,153,"398,5",1718709,82,12,0,6,2
45205,2023,10,6,6,3,277,672,4115804,83,12,0,3,2
45205,2023,10,6,6,4,116,13,2304400,35,2,1,2,2
45205,2023,10,6,6,3,343,"16,6",2207702,16,15,1,3,3
45205,2023,10,6,6,3,277,667,4115804,18,12,0,2,2
45205,2023,10,6,6,3,10,226,2104552,80,7,0,3,2
45205,2023,10,6,6,3,365,"596,7",3170206,67,10,0,2,2
45205,2023,10,6,6,4,392,79,4314407,81,12,0,3,3
45205,2023,10,6,6,4,153,428,5201108,12,7,1,3,2
45205,2023,10,6,6,3,40,119,3301702,83,21,1,1,1
45205,2023,10,6,6,4,116,518,2916856,67,7,0,2,2
45205,2023,10,6,6,4,392,282,4319604,1,11,0,3,3
45203,2023,10,4,4,2,174,1088,1303536,1,9,0,2,2
45205,2023,10,6,6,4,153,385,4113908,80,10,0,3,2
45191,2023,9,22,6,3,373,"173,1",4119905,61,2,1,2,2
45205,2023,10,6,6,3,153,152,3116902,80,10,0,2,2
45143,2023,8,5,7,3,324,616,2927408,83,9,1,3,3
45205,2023,10,6,6,3,376,"451,2",4127502,67,21,0,1,1
45205,2023,10,6,6,3,116,177,3146305,60,2,0,2,2
45205,2023,10,6,6,4,50,297,5206602,67,12,0,10,5
45205,2023,10,6,6,4,277,"100,1",4106902,11,12,0,2,2
45205,2023,10,6,6,4,158,199,5204409,11,21,0,1,1
45206,2023,10,7,7,1,101,"42,3",3301009,49,11,0,2,2
45206,2023,10,7,7,1,20,"296,2",2302800,18,20,0,1,1
45206,2023,10,7,7,1,101,"104,9",2500601,18,20,0,2,1
45206,2023,10,7,7,1,101,"88,2",3301009,85,7,0,2,2
45206,2023,10,7,7,2,304,"249,5",2409332,20,10,0,2,2
45205,2023,10,6,6,3,267,183,5006002,28,18,0,1,1
45206,2023,10,7,7,2,153,412,1713304,11,11,0,2,2
45206,2023,10,7,7,1,364,3,5100300,11,7,0,3,2
45206,2023,10,7,7,1,174,480,1400100,49,10,0,3,2
45148,2023,8,10,5,4,365,"648,5",3170206,18,10,0,2,2
45205,2023,10,6,6,4,364,529,5107701,67,21,0,5,3
45187,2023,9,18,2,3,470,41,4205902,11,15,1,5,5
45206,2023,10,7,7,2,60,352,5219712,83,21,0,2,2
45206,2023,10,7,7,2,324,"519,9",2910800,67,21,1,1,1
45206,2023,10,7,7,2,116,"523,4",3113404,80,10,1,3,2
45206,2023,10,7,7,2,386,135,4126256,1,9,0,5,2
45206,2023,10,7,7,2,101,"91,3",4202107,52,9,1,3,2
45206,2023,10,7,7,2,101,"385,3",2912707,67,21,0,1,1
45206,2023,10,7,7,2,381,494,3106705,16,12,1,3,3
45206,2023,10,7,7,2,381,"526,8",3109006,83,21,0,2,1
45206,2023,10,7,7,2,376,"650,8",4127601,16,20,0,2,2
45206,2023,10,7,7,2,364,934,1100205,83,12,0,3,2
45206,2023,10,7,7,2,277,698,4125704,52,20,0,2,2
45056,2023,5,10,4,3,226,487,2111805,16,12,0,2,2
45206,2023,10,7,7,3,381,508,3162922,83,15,1,12,8
45206,2023,10,7,7,2,158,784,5101803,82,12,0,3,2
45206,2023,10,7,7,2,163,"22,9",5104609,13,20,0,1,1
45204,2023,10,5,5,2,101,57,2510907,67,9,0,2,2
45206,2023,10,7,7,3,116,"777,3",2925006,36,12,1,2,2
45206,2023,10,7,7,2,251,"264,3",3157005,18,10,0,2,2
45206,2023,10,7,7,3,116,"47,6",4104006,28,12,0,2,2
45206,2023,10,7,7,3,101,"50,4",2801504,64,4,0,1,1
45206,2023,10,7,7,3,116,"446,8",2901700,67,20,0,1,1
45206,2023,10,7,7,3,376,"681,9",4109609,16,4,0,1,1
45206,2023,10,7,7,3,116,38,4104006,36,12,0,3,2
45206,2023,10,7,7,4,324,535,2908507,28,4,1,1,1
45096,2023,6,19,2,4,101,"33,9",2703809,15,20,0,1,1
45206,2023,10,7,7,4,251,349,3146255,67,21,0,3,1
45206,2023,10,7,7,4,290,"49,2",4309050,49,20,0,1,1
45206,2023,10,7,7,3,163,765,5107925,49,10,0,2,2
45207,2023,10,8,1,1,101,439,3203403,1,11,0,2,2
45206,2023,10,7,7,3,101,414,3302601,83,12,0,3,2
45206,2023,10,7,7,4,116,"85,6",3538006,38,2,0,2,2
45207,2023,10,8,1,1,40,474,3167202,66,21,0,1,1
45207,2023,10,8,1,1,376,517,4119905,67,12,0,2,2
45207,2023,10,8,1,1,116,"53,4",3141405,80,10,0,2,2
45207,2023,10,8,1,1,163,"104,7",5107602,18,20,0,1,1
45207,2023,10,8,1,1,101,"388,6",4204608,80,7,0,2,2
45285,2023,12,25,2,4,116,"437,1",2910800,48,2,0,2,2
45206,2023,10,7,7,4,116,567,3139409,80,7,0,2,2
45207,2023,10,8,1,1,381,509,3162922,28,18,0,1,1
45203,2023,10,4,4,3,116,32,4104006,52,9,0,3,2
45206,2023,10,7,7,4,153,10,3103751,49,12,0,2,2
45207,2023,10,8,1,2,116,229,3550308,15,9,1,5,3
45207,2023,10,8,1,2,277,"671,3",4115804,67,12,1,2,2
45207,2023,10,8,1,2,116,"3,4",3541901,11,9,1,2,2
45207,2023,10,8,1,2,251,"427,7",3127800,28,21,0,2,2
45207,2023,10,8,1,3,153,"384,9",5219902,11,15,0,5,4
45207,2023,10,8,1,2,116,"537,8",3159357,49,7,0,2,2
45207,2023,10,8,1,2,70,"311,6",5107008,67,10,0,2,2
45207,2023,10,8,1,2,70,263,5107040,3,21,0,2,1
45207,2023,10,8,1,3,393,263,3300308,11,21,0,1,1
45052,2023,5,6,7,1,262,147,5007109,67,12,0,2,2
45207,2023,10,8,1,3,153,139,5212808,67,12,0,2,2
45207,2023,10,8,1,3,369,231,4112108,67,20,0,2,1
45207,2023,10,8,1,3,376,"43,6",4117107,80,10,0,2,2
45207,2023,10,8,1,3,101,204,4216602,49,12,1,7,4
45207,2023,10,8,1,3,153,499,4108502,82,11,0,3,2
45207,2023,10,8,1,3,470,"238,1",4216057,80,7,0,4,2
45207,2023,10,8,1,3,376,"324,9",4117305,11,7,0,4,2
45207,2023,10,8,1,2,163,"603,7",5106224,1,11,0,3,2
45207,2023,10,8,1,3,116,"607,3",3162559,49,12,1,4,2
45207,2023,10,8,1,4,365,455,3148103,12,12,0,6,3
45207,2023,10,8,1,3,116,"534,7",3159357,67,21,0,1,1
45207,2023,10,8,1,4,369,68,4123907,15,7,0,8,3
45207,2023,10,8,1,4,110,313,2900702,49,7,0,4,2
45207,2023,10,8,1,4,285,"345,5",4304705,83,20,0,1,1
45207,2023,10,8,1,4,10,"169,4",2102556,80,7,0,2,2
45207,2023,10,8,1,4,101,39,3201605,14,14,0,3,2
45207,2023,10,8,1,4,373,264,4120606,80,11,1,2,2
45208,2023,10,9,2,1,277,"74,5",4125506,28,9,1,6,3
45207,2023,10,8,1,4,163,1035,5105606,36,10,0,5,3
45208,2023,10,9,2,1,369,"161,2",4103701,20,9,1,13,2
45208,2023,10,9,2,1,116,478,3122504,49,7,1,2,2
45208,2023,10,9,2,1,381,"507,8",3162922,11,12,1,3,2
45208,2023,10,9,2,1,290,162,4318408,49,10,0,2,2
45208,2023,10,9,2,1,407,"106,2",2917706,52,7,0,2,2
45208,2023,10,9,2,1,373,383,4104428,80,7,0,2,2
45208,2023,10,9,2,1,282,"113,3",4200705,49,10,0,3,2
45208,2023,10,9,2,1,290,70,4309209,67,12,1,3,2
45208,2023,10,9,2,2,101,486,3300100,1,9,1,2,2
45208,2023,10,9,2,1,381,47,3504107,67,9,1,5,2
45208,2023,10,9,2,2,381,"528,2",3109006,83,21,0,2,2
45208,2023,10,9,2,2,386,"386,9",4320859,48,2,0,2,2
45208,2023,10,9,2,2,70,11,5300108,52,9,1,5,4
45208,2023,10,9,2,2,116,4,2304400,11,9,1,2,2
45208,2023,10,9,2,2,277,368,4109401,1,11,0,10,3
45192,2023,9,23,7,3,280,"34,3",4201307,80,7,1,2,2
45189,2023,9,20,4,1,277,"666,6",4115804,18,9,0,3,2
45208,2023,10,9,2,2,386,"418,4",4312401,11,7,0,5,3
45208,2023,10,9,2,2,259,19,3203130,82,10,0,2,2
45208,2023,10,9,2,2,116,227,3518800,11,15,1,3,3
45208,2023,10,9,2,2,116,"138,8",3549904,11,12,1,2,2
45208,2023,10,9,2,2,116,166,3524402,52,12,0,2,2
45208,2023,10,9,2,2,163,565,5106224,82,10,0,2,2
45208,2023,10,9,2,2,101,"42,2",2910602,82,7,0,3,2
45208,2023,10,9,2,3,153,"71,7",3549805,11,12,0,2,2
45208,2023,10,9,2,2,116,"759,2",3138401,16,12,1,4,2
45208,2023,10,9,2,2,242,758,#N/D,80,7,0,2,2
45197,2023,9,28,5,2,153,511,4108502,67,20,0,1,1
45208,2023,10,9,2,2,285,"74,2",2201903,67,20,0,2,2
45208,2023,10,9,2,3,423,21,2613107,52,7,0,2,2
45208,2023,10,9,2,3,343,262,2202208,67,10,1,3,3
45208,2023,10,9,2,3,324,609,2930709,67,12,1,4,2
45205,2023,10,6,6,2,158,643,5106257,67,21,0,1,1
45208,2023,10,9,2,3,163,741,5107925,67,21,0,1,1
45208,2023,10,9,2,3,262,"671,4",3129509,67,9,0,6,2
45208,2023,10,9,2,3,242,903,2919553,1,11,0,2,2
45201,2023,10,2,2,1,101,"187,6",3200607,18,10,0,5,2
45208,2023,10,9,2,2,135,326,2109106,67,20,0,1,1
45208,2023,10,9,2,3,343,"226,2",2202711,82,9,0,16,2
45208,2023,10,9,2,2,365,306,3136306,67,20,0,6,1
45208,2023,10,9,2,3,153,"508,7",5201405,52,9,1,3,2
45208,2023,10,9,2,4,116,"144,9",3549904,11,12,1,2,2
45208,2023,10,9,2,4,116,517,4314407,11,11,0,2,2
45208,2023,10,9,2,3,116,241,3304003,15,4,0,3,3
45208,2023,10,9,2,3,116,"280,2",3300407,52,9,1,2,2
45290,2023,12,30,7,4,101,"106,6",2403251,48,2,0,2,2
45208,2023,10,9,2,4,101,"177,8",2608206,67,12,0,3,2
45208,2023,10,9,2,4,365,612,3170206,11,12,1,2,2
45208,2023,10,9,2,3,60,421,5007901,67,11,0,3,2
45208,2023,10,9,2,3,116,"920,3",2910404,67,12,0,2,2
45208,2023,10,9,2,3,222,118,2106755,82,11,0,3,2
45208,2023,10,9,2,4,493,"119,9",3302007,28,18,0,2,1
45208,2023,10,9,2,2,116,"916,6",2910404,80,10,0,5,3
45208,2023,10,9,2,4,304,77,2408003,67,20,0,1,1
45208,2023,10,9,2,2,282,420,3170602,63,21,0,1,1
45208,2023,10,9,2,4,277,329,4109401,67,20,0,1,1
45209,2023,10,10,3,1,364,342,1100122,16,9,1,3,2
45209,2023,10,10,3,1,242,536,2923209,28,18,0,1,1
45209,2023,10,10,3,1,392,"76,3",4314407,11,11,0,2,2
45209,2023,10,10,3,1,365,"385,5",3148004,80,7,0,3,2
45209,2023,10,10,3,1,116,582,2922805,18,12,0,2,2
45209,2023,10,10,3,1,40,573,3131901,18,20,0,3,1
45195,2023,9,26,3,2,470,"60,3",4202404,1,11,0,2,2
45209,2023,10,10,3,2,304,"14,8",2302206,18,10,0,2,2
45209,2023,10,10,3,2,381,"189,8",3149952,80,10,0,3,3
45198,2023,9,29,6,1,163,"97,2",4216701,50,21,0,1,1
45209,2023,10,10,3,2,153,"138,7",5212808,11,7,0,5,2
45181,2023,9,12,3,4,163,241,1505031,80,7,0,2,2
45209,2023,10,10,3,2,365,"755,1",3134202,80,7,1,2,2
45209,2023,10,10,3,2,116,18,2304285,30,18,1,1,1
45209,2023,10,10,3,2,158,315,4310538,67,9,0,8,6
45209,2023,10,10,3,2,153,"178,2",3527108,83,21,0,1,1
45209,2023,10,10,3,2,392,"199,9",4317004,1,11,0,2,2
45209,2023,10,10,3,2,163,"484,5",2401305,1,11,1,2,2
45209,2023,10,10,3,2,381,"854,2",3152501,83,21,0,1,1
45209,2023,10,10,3,2,116,223,3518800,52,9,1,4,4
45209,2023,10,10,3,3,116,"511,6",2302503,82,9,0,4,2
45209,2023,10,10,3,3,60,420,5007901,1,11,0,2,2
45209,2023,10,10,3,2,101,258,2928703,33,11,0,3,2
45209,2023,10,10,3,3,153,"495,9",1716109,1,11,1,2,2
45209,2023,10,10,3,3,242,837,2903201,52,7,0,6,3
45209,2023,10,10,3,3,277,248,4110706,80,7,0,5,4
45209,2023,10,10,3,3,174,8,1100304,4,10,1,4,3
45209,2023,10,10,3,3,365,131,3170800,1,11,0,3,2