id_data,ano,mes,dia,id_dia_semana,periodo,br,km,id_municipio,id_causa_acidente,id_tipo_acidente,id_uso_solo,pessoas,veiculos
45209,2023,10,10,3,3,158,"268,8",4311205,1,12,0,6,2
45209,2023,10,10,3,2,158,70,5006309,80,10,0,3,2
45209,2023,10,10,3,3,135,"10,5",2111300,49,12,0,2,2
45209,2023,10,10,3,3,101,201,4216602,44,21,1,2,2
45209,2023,10,10,3,3,153,684,5211503,15,20,0,1,1
45209,2023,10,10,3,3,101,"61,8",2910503,1,11,1,2,2
45209,2023,10,10,3,3,153,256,3529005,11,12,1,5,4
45209,2023,10,10,3,3,376,"49,9",4113502,65,18,0,1,1
45209,2023,10,10,3,3,116,29,1507755,28,20,0,1,1
45209,2023,10,10,3,3,158,22,5108600,11,20,0,1,1
45209,2023,10,10,3,4,290,"128,5",4306767,82,10,0,9,3
45209,2023,10,10,3,3,163,833,5107909,16,12,1,2,2
45209,2023,10,10,3,4,116,147,3549904,16,12,0,3,3
45209,2023,10,10,3,4,153,583,5217104,83,20,0,1,1
45209,2023,10,10,3,4,251,"491,6",3126703,28,18,0,1,1
45209,2023,10,10,3,4,101,"91,7",2507507,11,12,1,2,2
45210,2023,10,11,4,1,104,"48,2",2604106,67,21,0,1,1
45210,2023,10,11,4,1,290,"54,8",4309050,11,12,0,2,2
45210,2023,10,11,4,1,369,466,4106308,11,12,0,15,2
45210,2023,10,11,4,1,282,"308,2",3556354,67,20,0,1,1
45210,2023,10,11,4,1,262,"570,9",3119807,20,11,0,6,4
45210,2023,10,11,4,1,101,"380,4",4207007,28,20,1,2,1
45210,2023,10,11,4,1,267,"206,5",5006002,18,10,0,4,3
45209,2023,10,10,3,4,364,22,5216304,11,21,0,3,1
45209,2023,10,10,3,4,364,21,5216304,67,12,0,7,3
45210,2023,10,11,4,2,386,"345,7",4307807,2,21,1,3,3
45210,2023,10,11,4,2,277,"75,9",4125506,67,12,1,2,2
45210,2023,10,11,4,1,364,"273,8",1100049,28,18,0,2,1
45210,2023,10,11,4,2,153,59,3549805,16,12,1,2,2
45210,2023,10,11,4,2,222,311,2313401,56,11,0,3,2
45210,2023,10,11,4,2,381,"199,7",3149952,18,7,0,4,2
45210,2023,10,11,4,2,20,"200,5",2302404,1,12,0,3,2
45210,2023,10,11,4,2,232,70,2606408,67,12,0,5,2
45210,2023,10,11,4,2,135,71,2110203,1,9,1,2,2
45210,2023,10,11,4,2,280,"55,7",4206504,1,11,1,2,2
45210,2023,10,11,4,2,381,"83,4",3550308,65,15,1,9,8
45210,2023,10,11,4,2,452,134,5203500,67,12,0,2,2
45210,2023,10,11,4,2,163,83,5004601,28,18,0,1,1
45210,2023,10,11,4,2,40,"605,5",3118007,67,12,0,2,2
45210,2023,10,11,4,2,392,220,4317004,28,18,0,1,1
45210,2023,10,11,4,2,277,16,4118204,11,20,0,1,1
45178,2023,9,9,7,4,116,252,3304003,67,12,0,2,2
45210,2023,10,11,4,2,116,637,2917607,82,21,0,1,1
45210,2023,10,11,4,3,101,19,4209102,65,18,0,1,1
45210,2023,10,11,4,3,101,159,4213500,51,12,0,4,3
45210,2023,10,11,4,3,101,203,3301306,11,12,0,2,2
45210,2023,10,11,4,3,40,122,3301702,52,9,1,3,2
45210,2023,10,11,4,3,116,"51,2",4212205,83,7,0,2,2
45210,2023,10,11,4,2,364,108,1200401,82,20,0,1,1
45210,2023,10,11,4,1,163,1111,5104104,11,4,0,2,1
45210,2023,10,11,4,3,101,191,4202305,11,12,0,2,2
45210,2023,10,11,4,2,163,687,5105259,14,18,1,1,1
45210,2023,10,11,4,3,364,"238,7",1100049,52,12,1,3,2
45210,2023,10,11,4,2,232,463,2609303,52,4,0,1,1
45210,2023,10,11,4,3,277,"43,4",4116208,11,9,0,4,2
45030,2023,4,14,6,2,153,133,1722081,49,21,0,1,1
45210,2023,10,11,4,3,116,107,3554102,44,12,1,2,2
45210,2023,10,11,4,3,381,510,3162922,28,2,1,1,1
45210,2023,10,11,4,2,364,342,1100122,52,9,1,3,2
45202,2023,10,3,3,2,470,125,4209904,1,11,0,2,2
45210,2023,10,11,4,3,20,65,5208004,28,9,1,3,3
45210,2023,10,11,4,3,262,"568,5",3119807,33,11,0,3,3
45210,2023,10,11,4,3,101,442,3302601,67,9,1,3,2
45202,2023,10,3,3,4,163,97,5004601,82,9,0,2,2
45210,2023,10,11,4,3,262,799,3170107,44,4,1,3,3
45210,2023,10,11,4,3,470,225,4308607,1,11,1,3,2
45210,2023,10,11,4,4,101,67,2611606,78,9,1,4,3
45210,2023,10,11,4,2,101,313,3304904,11,12,1,3,2
45210,2023,10,11,4,4,116,247,3168606,11,10,0,2,2
45210,2023,10,11,4,4,280,126,4215000,1,11,1,5,2
45210,2023,10,11,4,4,392,61,4314407,28,4,0,5,2
45210,2023,10,11,4,4,163,"540,9",5103502,67,12,0,2,2
45210,2023,10,11,4,3,343,630,2203909,11,20,0,1,1
45210,2023,10,11,4,3,70,420,5213707,7,10,0,2,2
45210,2023,10,11,4,4,20,204,2919553,67,10,0,2,2
45210,2023,10,11,4,3,392,285,4319604,1,11,0,2,2
45210,2023,10,11,4,4,222,60,2312403,67,4,1,1,1
45211,2023,10,12,5,1,116,3,2304400,67,4,1,3,2
45210,2023,10,11,4,4,376,"176,7",4115200,52,9,1,5,4
45210,2023,10,11,4,4,40,"731,9",3145703,49,20,0,1,1
45211,2023,10,12,5,1,304,49,2301109,9,1,1,2,2
45198,2023,9,29,6,4,101,165,3203205,67,15,1,3,3
45211,2023,10,12,5,1,40,482,3167202,11,12,0,2,2
45211,2023,10,12,5,1,381,"873,5",3124500,83,15,0,9,4
45211,2023,10,12,5,1,101,"366,1",2911204,49,7,1,2,2
45211,2023,10,12,5,1,381,"873,9",3124500,83,21,0,1,1
45211,2023,10,12,5,1,381,194,3149952,11,21,0,1,1
45211,2023,10,12,5,1,116,"197,3",4122305,18,4,0,1,1
45211,2023,10,12,5,2,40,722,3105608,80,20,0,3,3
45211,2023,10,12,5,2,381,71,3528502,67,21,1,6,3
45211,2023,10,12,5,1,381,383,3105400,80,10,0,3,3
45211,2023,10,12,5,2,163,"31,3",4124400,48,7,0,3,2
45211,2023,10,12,5,2,40,113,3301702,16,12,1,2,2
45063,2023,5,17,4,3,101,218,3305604,80,10,0,2,2
45189,2023,9,20,4,2,262,73,3140902,28,18,0,1,1
45211,2023,10,12,5,2,476,148,4101804,44,4,1,1,1
45211,2023,10,12,5,1,364,115,5100409,3,21,0,2,1
45211,2023,10,12,5,2,101,"382,9",3204401,1,12,0,4,3
45211,2023,10,12,5,2,381,20,3507605,11,20,0,1,1
45211,2023,10,12,5,2,116,546,2308302,28,18,1,2,1
45211,2023,10,12,5,2,222,35,2303709,11,21,0,1,1
45211,2023,10,12,5,2,242,373,2923506,64,7,0,5,2
45211,2023,10,12,5,2,101,224,3305604,83,21,0,3,1
45211,2023,10,12,5,2,116,42,4104006,83,9,0,2,2
45211,2023,10,12,5,2,101,27,2910602,11,12,0,5,3
45211,2023,10,12,5,2,116,462,2928802,1,9,1,2,2
45211,2023,10,12,5,2,282,"54,4",4200606,82,10,0,3,2
45211,2023,10,12,5,2,116,305,3549953,83,21,0,1,1
45211,2023,10,12,5,2,116,"90,8",4119509,67,9,0,2,2
45211,2023,10,12,5,3,277,"55,5",4116208,67,9,0,2,2
45211,2023,10,12,5,2,101,"57,7",4201307,4,4,0,1,1
45211,2023,10,12,5,3,101,46,2606804,16,12,0,3,2
45211,2023,10,12,5,3,376,498,4119905,28,12,1,5,4
45211,2023,10,12,5,2,153,"579,7",5217104,13,9,0,4,3
45211,2023,10,12,5,3,381,"929,9",3133600,83,20,0,2,2
45211,2023,10,12,5,2,50,205,3121258,83,12,0,5,3
45211,2023,10,12,5,2,280,"153,1",4210100,83,7,0,2,2
45211,2023,10,12,5,3,116,298,4309308,11,20,0,4,3
45211,2023,10,12,5,3,116,"365,5",3529906,11,12,0,2,2
45211,2023,10,12,5,3,116,"800,2",2933307,49,10,0,2,2
45211,2023,10,12,5,3,324,"442,7",2926301,28,20,0,1,1
45211,2023,10,12,5,2,163,622,5106224,67,12,0,2,2
45211,2023,10,12,5,2,163,621,5106224,28,18,0,1,1
45211,2023,10,12,5,3,393,124,1507755,14,21,1,1,1
45211,2023,10,12,5,3,116,185,3303500,16,12,1,3,2
45211,2023,10,12,5,3,153,"134,5",4128534,82,7,0,4,2
45211,2023,10,12,5,3,364,477,5104906,67,21,0,1,1
45211,2023,10,12,5,3,116,641,2917607,52,7,0,2,2
45211,2023,10,12,5,3,407,27,2600203,21,21,0,1,1
45211,2023,10,12,5,3,110,"1,2",2702405,80,7,0,2,2
45211,2023,10,12,5,4,277,57,4125506,60,2,0,2,2
45211,2023,10,12,5,4,116,"389,8",3529906,1,12,0,5,2
45211,2023,10,12,5,4,40,119,3301702,80,7,1,2,2
45211,2023,10,12,5,4,40,"486,8",3124104,18,20,0,1,1
45211,2023,10,12,5,4,158,58,5203401,28,18,0,1,1
45211,2023,10,12,5,2,290,383,4316972,67,21,0,1,1
45211,2023,10,12,5,4,369,132,4109807,11,12,0,2,2
45211,2023,10,12,5,4,381,559,3132206,28,20,0,3,3
45211,2023,10,12,5,4,101,186,2610004,16,12,1,3,2
45212,2023,10,13,6,1,116,"167,2",3524402,9,1,1,2,2
45211,2023,10,12,5,4,101,456,4216404,51,12,1,2,2
45212,2023,10,13,6,1,290,"14,3",4317608,18,4,0,1,1
45212,2023,10,13,6,2,116,287,3522208,49,12,0,3,2
45212,2023,10,13,6,1,287,331,4319802,16,12,0,2,2
45212,2023,10,13,6,2,60,382,5218805,11,12,1,2,2
45212,2023,10,13,6,2,376,"535,9",4117701,67,20,0,1,1
45212,2023,10,13,6,2,116,835,2933307,11,10,0,2,2
45100,2023,6,23,6,1,135,14,2111300,80,10,0,2,2
45212,2023,10,13,6,2,277,105,4104204,11,21,1,1,1
45212,2023,10,13,6,2,287,402,4317400,33,11,0,3,2
45212,2023,10,13,6,3,116,"40,3",4322509,1,11,1,4,2
45212,2023,10,13,6,3,135,271,2928901,1,12,0,3,2
45212,2023,10,13,6,2,262,"159,9",3161007,83,20,0,1,1
45212,2023,10,13,6,3,493,76,3301702,11,12,0,2,2
45212,2023,10,13,6,3,470,233,4304804,65,12,0,3,2
45212,2023,10,13,6,3,101,"204,9",4216602,67,12,0,2,2
45212,2023,10,13,6,3,101,151,4208302,67,9,1,2,2
45212,2023,10,13,6,3,116,"260,9",4304606,11,4,1,1,1
45212,2023,10,13,6,3,101,"197,4",4202305,52,9,0,2,2
45212,2023,10,13,6,3,277,"453,9",4113304,1,11,1,3,2
45212,2023,10,13,6,3,222,303,2313401,65,10,0,2,2
45179,2023,9,10,1,2,40,99,5206206,86,7,1,2,2
45212,2023,10,13,6,3,158,160,4313904,14,4,0,1,1
45212,2023,10,13,6,3,116,"245,5",4318705,52,12,1,3,2
45212,2023,10,13,6,3,101,"306,2",4209409,83,11,0,2,2
45212,2023,10,13,6,3,153,"63,8",4109005,52,7,0,9,3
45212,2023,10,13,6,3,316,"603,6",2112209,82,10,0,6,6
45212,2023,10,13,6,4,116,47,4104006,11,11,0,3,2
45212,2023,10,13,6,4,101,"20,5",2606200,28,20,0,1,1
45212,2023,10,13,6,4,158,53,5203401,28,18,0,1,1
45212,2023,10,13,6,4,101,"287,7",3201308,18,12,1,2,2
45212,2023,10,13,6,4,116,"536,8",2310605,1,11,0,3,2
45180,2023,9,11,2,2,40,41,5212501,18,3,0,1,1
45213,2023,10,14,7,1,381,"516,5",3130101,83,21,0,1,1
45213,2023,10,14,7,1,242,432,2929909,11,12,0,5,2
45213,2023,10,14,7,1,373,"476,9",4106506,33,11,0,2,2
45212,2023,10,13,6,3,316,586,2103000,67,7,0,2,2
45213,2023,10,14,7,2,116,"408,1",3127701,19,12,0,3,2
45212,2023,10,13,6,4,116,"577,6",3139409,18,4,0,1,1
45213,2023,10,14,7,1,116,559,3139409,18,21,0,1,1
45213,2023,10,14,7,2,277,"339,9",4109401,16,12,0,5,2
45213,2023,10,14,7,2,116,"715,8",3143906,83,21,0,3,3
45213,2023,10,14,7,2,116,504,3509254,67,20,0,1,1
45213,2023,10,14,7,2,135,187,2903201,82,9,0,5,3
45213,2023,10,14,7,2,316,550,2103000,1,20,0,5,5
45213,2023,10,14,7,2,381,365,3161908,83,7,0,2,2
45213,2023,10,14,7,2,158,687,5101803,16,12,0,3,3
45213,2023,10,14,7,2,262,"18,7",3140530,11,7,0,2,2
45213,2023,10,14,7,2,230,"17,2",2507507,67,12,1,3,3
45213,2023,10,14,7,2,116,561,3505401,83,21,0,1,1
45213,2023,10,14,7,3,50,"21,5",3103504,18,12,0,2,2
45213,2023,10,14,7,2,163,260,3169109,67,12,0,2,2
45213,2023,10,14,7,2,174,252,5106752,83,12,0,2,2
45213,2023,10,14,7,1,101,243,2908309,28,18,0,1,1
45213,2023,10,14,7,3,116,"425,4",3101805,1,11,0,4,3
45213,2023,10,14,7,3,163,53,4120358,16,12,0,5,2
45213,2023,10,14,7,2,222,"498,2",2102325,67,9,0,3,2
45213,2023,10,14,7,3,230,"39,6",2110203,67,12,0,4,4
45185,2023,9,16,7,2,116,160,4121208,14,14,0,2,2
45213,2023,10,14,7,3,116,174,2311801,66,10,1,5,3
45213,2023,10,14,7,3,20,1,5208004,16,15,0,10,4
45213,2023,10,14,7,2,116,910,2906709,11,12,0,2,2
45213,2023,10,14,7,3,242,370,2923506,16,12,0,5,2
45213,2023,10,14,7,4,116,"537,6",2310605,48,2,0,2,2
45213,2023,10,14,7,3,226,21,1713809,16,15,0,4,4
45213,2023,10,14,7,3,277,"667,7",4115804,83,12,0,5,2
45213,2023,10,14,7,4,153,356,5211800,1,11,1,5,2
45213,2023,10,14,7,4,230,"74,8",2515971,81,4,0,3,3
45213,2023,10,14,7,3,40,"333,8",3125705,9,1,0,1,1
45185,2023,9,16,7,3,101,44,2606804,1,11,1,3,2
45213,2023,10,14,7,4,50,"105,3",5206206,18,20,0,1,1
45213,2023,10,14,7,4,10,123,2104057,67,12,0,2,2
45213,2023,10,14,7,3,116,"106,1",3531605,83,4,0,2,1
45213,2023,10,14,7,4,163,44,4120358,80,7,0,3,2
45213,2023,10,14,7,4,251,334,3156502,11,20,0,3,2
45214,2023,10,15,1,1,116,"141,8",3152170,60,2,0,2,2
45214,2023,10,15,1,1,101,"85,1",4313508,85,2,1,3,2
45214,2023,10,15,1,1,364,432,1100114,28,18,0,1,1
45214,2023,10,15,1,1,242,213,2914703,18,21,0,1,1
45214,2023,10,15,1,1,277,"637,3",4105300,35,2,1,4,2
45214,2023,10,15,1,2,101,"43,9",2606804,16,12,1,4,2
45214,2023,10,15,1,2,153,"3,9",1722107,11,21,1,2,1
45214,2023,10,15,1,2,364,705,5103502,9,20,0,1,1
45214,2023,10,15,1,2,251,505,3126703,16,12,0,2,2
45214,2023,10,15,1,1,226,283,2101608,49,4,0,1,1
45214,2023,10,15,1,1,163,748,5107925,11,12,0,8,2
45214,2023,10,15,1,2,376,"185,7",4126256,52,9,0,7,4
45214,2023,10,15,1,2,101,136,4202008,16,12,1,4,2
45214,2023,10,15,1,2,116,467,3524600,52,21,0,1,1
45214,2023,10,15,1,2,116,864,2933307,82,9,0,2,2
45214,2023,10,15,1,3,381,360,3136207,28,20,1,1,1
45214,2023,10,15,1,3,267,"68,2",5001904,28,18,0,1,1
45214,2023,10,15,1,3,153,58,3142809,65,21,0,2,2
45214,2023,10,15,1,3,101,"209,2",3202504,16,7,0,7,5
45214,2023,10,15,1,3,116,"12,9",2933307,1,11,1,4,2
45214,2023,10,15,1,3,373,182,4119905,83,10,1,6,2
45178,2023,9,9,7,3,101,34,3301009,1,11,0,2,2
45214,2023,10,15,1,3,324,"537,2",2908507,1,11,1,2,2
45214,2023,10,15,1,3,262,64,3140902,80,7,0,2,2
45214,2023,10,15,1,3,304,"56,9",2301109,52,3,0,1,1
45190,2023,9,21,5,4,101,"157,9",3302403,67,9,0,5,2
45214,2023,10,15,1,3,60,28,5200308,11,12,0,4,2
45214,2023,10,15,1,3,174,417,5106182,83,21,0,1,1
45214,2023,10,15,1,3,376,271,4114906,28,18,0,1,1
45214,2023,10,15,1,4,277,707,4124053,52,11,0,2,2
45214,2023,10,15,1,3,376,216,4112108,49,12,0,3,3
45214,2023,10,15,1,3,230,"471,1",2109502,49,7,1,2,2
45214,2023,10,15,1,3,364,285,5104807,83,20,0,1,1
45214,2023,10,15,1,4,282,"43,8",4200606,11,10,0,3,2
45214,2023,10,15,1,3,116,908,2906709,65,7,1,4,4
45214,2023,10,15,1,3,364,49,1100304,16,9,0,3,2
45214,2023,10,15,1,4,364,"200,5",1100189,49,12,1,3,3
45214,2023,10,15,1,4,324,539,2901106,11,12,0,2,2
45214,2023,10,15,1,4,60,222,4102406,80,10,0,2,2
45215,2023,10,16,2,1,40,"587,7",3131901,67,14,0,1,1
45214,2023,10,15,1,3,40,"154,1",3136306,16,12,0,3,2
45215,2023,10,16,2,1,364,503,5104906,80,7,0,3,2
45215,2023,10,16,2,2,381,"366,4",3161908,80,7,0,8,5
45191,2023,9,22,6,3,470,"126,6",4209904,1,11,0,4,3
45215,2023,10,16,2,2,277,74,4125506,16,12,0,2,2
45215,2023,10,16,2,2,153,52,4307005,16,12,1,2,2
45215,2023,10,16,2,2,10,"195,5",1503457,11,7,0,2,2
45215,2023,10,16,2,2,40,"76,6",5206206,83,10,0,3,2
45215,2023,10,16,2,2,381,"477,8",3118601,78,9,1,4,3
45215,2023,10,16,2,3,222,59,2312403,48,2,1,2,2
45215,2023,10,16,2,2,50,"46,2",3103504,49,9,0,2,2
45215,2023,10,16,2,3,381,"681,8",3149903,28,21,0,1,1
45215,2023,10,16,2,3,101,172,3200607,82,7,0,7,3
45215,2023,10,16,2,3,101,"804,5",2915601,83,21,0,1,1
45195,2023,9,26,3,4,40,"71,6",5206206,11,12,0,18,2
45215,2023,10,16,2,3,222,"307,9",2313401,41,21,1,2,2
45215,2023,10,16,2,3,373,456,4105409,83,20,0,1,1
45215,2023,10,16,2,3,381,430,3156700,67,7,0,3,3
45215,2023,10,16,2,3,101,265,3304300,67,9,1,3,2
45215,2023,10,16,2,3,376,192,4114807,11,12,0,2,2
45215,2023,10,16,2,3,414,426,5200100,80,1,0,2,2
45215,2023,10,16,2,3,230,290,2110005,61,2,1,2,2
45215,2023,10,16,2,3,381,54,3528502,56,4,0,5,5
45215,2023,10,16,2,3,40,509,3154606,61,2,1,2,2
45215,2023,10,16,2,3,116,403,4303509,67,20,0,2,1
45215,2023,10,16,2,3,101,"26,1",2606804,11,12,0,2,2
45215,2023,10,16,2,3,50,172,3170107,67,4,0,2,2
45215,2023,10,16,2,3,285,"202,4",4311304,11,20,0,1,1
45215,2023,10,16,2,2,158,"119,3",4203105,82,7,0,2,2
45215,2023,10,16,2,3,222,202,1501576,52,21,0,1,1
45192,2023,9,23,7,3,163,105,1500602,21,9,0,2,2
45215,2023,10,16,2,3,40,"145,6",3136306,1,11,0,2,2
45215,2023,10,16,2,4,452,65,5213004,52,7,0,3,3
45215,2023,10,16,2,4,232,169,2614709,85,7,0,2,2
45216,2023,10,17,3,1,116,813,3101508,67,21,0,1,1
45216,2023,10,17,3,1,381,908,3110608,11,12,0,3,2
45216,2023,10,17,3,1,40,4,5300108,18,12,1,3,2
45216,2023,10,17,3,1,40,91,3303906,83,20,0,1,1
45216,2023,10,17,3,1,153,"205,4",3127107,18,20,0,1,1
45216,2023,10,17,3,2,116,633,2917607,80,7,0,6,2
45216,2023,10,17,3,1,101,"113,6",2803203,1,10,0,2,2
45216,2023,10,17,3,1,381,"675,4",3149903,11,18,1,1,1
45216,2023,10,17,3,1,470,223,4308607,80,7,1,2,2
45216,2023,10,17,3,2,262,381,3140704,83,20,0,2,1
45216,2023,10,17,3,2,101,196,2801702,83,21,0,1,1
45216,2023,10,17,3,2,60,"515,3",5005806,67,21,0,2,1
45216,2023,10,17,3,2,407,126,2611101,1,9,1,2,2
45216,2023,10,17,3,2,101,"142,5",4202008,52,4,0,2,2
45216,2023,10,17,3,2,381,490,3106705,78,9,1,3,3
45216,2023,10,17,3,2,116,62,3305802,83,21,0,2,1
45216,2023,10,17,3,2,470,138,4214805,82,11,1,2,2
45216,2023,10,17,3,2,101,"28,5",2703809,28,18,0,1,1
45216,2023,10,17,3,2,381,"517,8",3130101,83,4,0,1,1
45216,2023,10,17,3,2,116,"106,8",3531605,80,10,0,2,2
45131,2023,7,24,2,4,101,397,2912707,21,20,0,1,1
45181,2023,9,12,3,4,163,554,5103502,11,15,0,8,5
45216,2023,10,17,3,2,277,7,4118204,67,11,1,3,3
45216,2023,10,17,3,2,280,"139,6",4215000,6,20,0,3,3
45216,2023,10,17,3,2,116,104,4125506,82,11,0,4,3
45216,2023,10,17,3,2,343,344,2211001,1,11,1,2,2
45069,2023,5,23,3,1,226,390,2104800,35,2,0,2,2
45216,2023,10,17,3,3,101,"66,3",2110203,18,12,0,2,2
45216,2023,10,17,3,2,381,326,3144706,67,7,1,10,2
45216,2023,10,17,3,3,101,322,3303302,28,18,0,2,1
45152,2023,8,14,2,4,50,175,3170107,67,9,1,2,2
45216,2023,10,17,3,1,174,265,1400209,29,21,0,2,1
45080,2023,6,3,7,2,343,308,2200400,52,9,1,2,2
45216,2023,10,17,3,2,222,72,2208403,67,20,0,5,1
45216,2023,10,17,3,3,101,"107,7",3301009,18,21,0,1,1
45216,2023,10,17,3,2,116,72,3531605,67,15,0,4,3
45216,2023,10,17,3,3,40,43,3300225,11,4,0,5,2
45216,2023,10,17,3,3,262,42,3201902,82,9,0,5,3
45216,2023,10,17,3,3,364,387,5107800,28,12,0,3,2
45216,2023,10,17,3,3,277,133,4102307,67,12,0,2,2
45216,2023,10,17,3,3,232,"116,4",2604106,16,15,0,4,4
45216,2023,10,17,3,3,116,419,2910800,52,9,1,2,2
45216,2023,10,17,3,3,40,43,3300225,11,9,0,3,3
45216,2023,10,17,3,3,230,151,2504009,72,12,0,5,3
45216,2023,10,17,3,3,40,330,3125705,28,18,0,1,1
45216,2023,10,17,3,2,222,462,2110005,28,21,0,1,1
45216,2023,10,17,3,3,116,"550,2",3157252,1,11,1,3,3
45216,2023,10,17,3,4,262,"795,8",3170107,28,4,0,2,2
45216,2023,10,17,3,3,407,"49,9",2918407,18,7,0,4,2
45216,2023,10,17,3,3,407,469,2205201,13,21,0,3,1
45214,2023,10,15,1,3,262,58,3203346,6,20,0,1,1
45216,2023,10,17,3,4,316,285,2203404,80,7,0,2,2
45213,2023,10,14,7,1,282,"26,7",4215703,20,11,1,2,2
45216,2023,10,17,3,4,116,183,3546801,67,12,0,2,2
45217,2023,10,18,4,1,116,"154,8",3549904,67,12,1,5,4
45216,2023,10,17,3,4,116,"271,2",4203253,11,7,0,3,2
45217,2023,10,18,4,1,70,512,2211407,67,12,0,2,2
45217,2023,10,18,4,1,381,434,3156700,18,7,0,3,2
45216,2023,10,17,3,4,50,126,3170107,11,12,0,2,2
45217,2023,10,18,4,1,116,310,4309308,11,10,0,2,2
45216,2023,10,17,3,4,135,"285,5",2110302,11,12,1,2,2
45217,2023,10,18,4,2,381,942,3125101,83,12,0,3,3
45217,2023,10,18,4,2,277,4,4118204,1,4,0,2,2
45217,2023,10,18,4,2,101,74,2611606,16,15,1,7,6
45217,2023,10,18,4,2,101,41,2606804,11,12,1,2,2
45217,2023,10,18,4,2,392,"110,8",4304507,67,10,0,2,2
45216,2023,10,17,3,1,110,54,2918100,11,20,0,1,1
45217,2023,10,18,4,2,459,97,3152501,11,12,0,2,2
45183,2023,9,14,5,3,381,34,3504107,4,20,1,1,1
45216,2023,10,17,3,4,364,242,1200500,22,3,0,1,1
45216,2023,10,17,3,4,349,935,2909307,67,20,0,1,1
45198,2023,9,29,6,2,393,263,3300308,83,20,0,1,1
45217,2023,10,18,4,2,158,353,2409332,16,12,1,2,2
45217,2023,10,18,4,2,232,"47,9",2616407,61,2,0,3,2
45217,2023,10,18,4,2,163,1033,5106422,11,15,0,3,3
45217,2023,10,18,4,2,50,81,3170206,67,9,0,2,2
45217,2023,10,18,4,2,116,361,3529906,18,12,0,3,2
45201,2023,10,2,2,3,267,"190,5",3107505,82,10,0,4,3
45217,2023,10,18,4,2,104,"64,7",2604106,67,12,1,2,2
45175,2023,9,6,4,3,158,671,5106257,82,7,0,5,4
45217,2023,10,18,4,3,415,"56,6",2914802,83,10,0,3,3
45217,2023,10,18,4,2,262,"638,5",3129509,82,7,0,5,4
45217,2023,10,18,4,2,40,"729,9",3145703,28,21,0,2,1
45217,2023,10,18,4,3,365,680,3142809,67,12,0,2,2
45198,2023,9,29,6,1,174,895,1302603,60,2,0,3,2
45146,2023,8,8,3,2,116,"15,2",3305554,11,2,0,2,2
45217,2023,10,18,4,3,153,633,1700350,28,12,0,2,2
45217,2023,10,18,4,3,316,60,2615607,11,12,1,3,2
45217,2023,10,18,4,2,116,464,3536208,15,20,0,1,1
45213,2023,10,14,7,3,163,"77,8",2925006,1,20,0,1,1
45217,2023,10,18,4,3,116,"144,6",3549904,52,9,1,2,2
45217,2023,10,18,4,3,40,"603,8",3118007,72,11,0,2,2
45217,2023,10,18,4,3,116,229,3304003,11,21,0,1,1
45217,2023,10,18,4,3,376,617,4125506,13,15,1,5,5
45217,2023,10,18,4,3,163,55,3514809,67,21,0,1,1
45217,2023,10,18,4,3,101,45,2606804,60,2,1,2,2
45217,2023,10,18,4,3,101,386,2912707,83,20,0,1,1
45217,2023,10,18,4,3,369,195,4101507,52,12,0,5,2
45217,2023,10,18,4,3,116,"580,8",3139409,61,2,0,3,3
45217,2023,10,18,4,3,153,190,3127107,65,10,0,10,7
45217,2023,10,18,4,2,356,"268,3",3143906,2,9,1,2,2
45217,2023,10,18,4,3,280,"5,2",4216206,16,4,1,3,2
45217,2023,10,18,4,4,376,134,4116901,67,7,0,2,2
45217,2023,10,18,4,4,476,169,4106209,11,21,0,1,1
45217,2023,10,18,4,4,386,"295,7",4315131,83,9,0,2,2
45217,2023,10,18,4,3,10,98,1100254,21,20,0,1,1
45217,2023,10,18,4,4,282,"245,7",4216800,67,7,0,5,2
45217,2023,10,18,4,4,381,"607,7",3145604,11,4,0,1,1
45217,2023,10,18,4,4,470,"224,3",4308607,11,20,1,1,1
45217,2023,10,18,4,4,116,445,3542602,52,21,1,2,2
45217,2023,10,18,4,3,163,995,5108055,1,9,1,4,4
45218,2023,10,19,5,1,364,349,5107800,67,20,0,1,1
45218,2023,10,19,5,1,277,2,4118204,67,21,0,1,1
45218,2023,10,19,5,1,116,436,3542602,15,21,0,2,1
45218,2023,10,19,5,1,101,"371,7",2911204,83,20,0,1,1
45218,2023,10,19,5,1,101,"703,4",2910727,81,12,0,3,2
45218,2023,10,19,5,1,116,310,3549953,11,12,0,2,2
45218,2023,10,19,5,2,20,215,5218300,82,9,0,2,2
45217,2023,10,18,4,3,319,10,1100205,28,18,0,1,1
45218,2023,10,19,5,2,259,"22,5",3201506,83,7,0,3,2
45218,2023,10,19,5,2,116,"222,1",3518800,67,12,1,4,4
45138,2023,7,31,2,2,158,870,1506708,52,10,0,2,2