id_data,ano,mes,dia,id_dia_semana,periodo,br,km,id_municipio,id_causa_acidente,id_tipo_acidente,id_uso_solo,pessoas,veiculos
45225,2023,10,26,5,3,365,415,3148004,67,11,0,3,2
45225,2023,10,26,5,4,163,"22,5",2922102,67,12,0,2,2
45225,2023,10,26,5,4,40,"461,2",3167202,14,21,0,1,1
45225,2023,10,26,5,3,116,"487,2",3130903,83,21,0,2,1
45225,2023,10,26,5,4,393,"233,9",3306206,1,11,0,2,2
45225,2023,10,26,5,4,116,289,2931905,52,7,0,2,2
45225,2023,10,26,5,4,376,669,4109609,28,18,0,1,1
45225,2023,10,26,5,4,116,"246,8",4318705,52,12,1,3,2
45225,2023,10,26,5,4,40,"461,3",3167202,14,21,0,1,1
45225,2023,10,26,5,4,476,313,4118709,83,21,0,2,1
45225,2023,10,26,5,4,101,218,3202504,28,20,0,1,1
45225,2023,10,26,5,4,277,227,4107736,28,18,0,1,1
45225,2023,10,26,5,4,101,78,3301009,56,4,0,3,3
45226,2023,10,27,6,1,410,"7,2",2926608,18,20,0,1,1
45226,2023,10,27,6,1,101,"327,4",4203956,18,4,0,1,1
45226,2023,10,27,6,1,153,222,1705508,67,12,0,2,2
45226,2023,10,27,6,1,101,312,3304904,11,12,1,3,2
45226,2023,10,27,6,1,153,567,5218391,67,20,0,1,1
45225,2023,10,26,5,4,60,"67,2",5006275,28,18,0,1,1
45226,2023,10,27,6,1,407,"458,3",2205201,9,1,0,1,1
45226,2023,10,27,6,2,153,"31,5",3533007,1,11,1,2,2
45226,2023,10,27,6,2,153,"198,1",3127107,18,21,0,2,2
45226,2023,10,27,6,1,101,436,3203403,82,20,0,1,1
45226,2023,10,27,6,2,116,"161,5",3524402,52,12,0,5,4
45226,2023,10,27,6,2,222,"0,2",2304400,19,12,1,2,2
45226,2023,10,27,6,1,226,"59,6",1706506,11,20,0,1,1
45226,2023,10,27,6,2,116,7,2304400,1,9,1,2,2
45226,2023,10,27,6,2,373,229,4110102,1,11,0,4,2
45226,2023,10,27,6,2,277,"138,2",4102307,28,12,0,2,2
45226,2023,10,27,6,2,101,60,2611606,16,12,0,2,2
45226,2023,10,27,6,2,163,333,3517406,82,9,0,2,2
45226,2023,10,27,6,2,163,986,1506807,16,12,1,4,2
45226,2023,10,27,6,2,277,388,4104428,1,12,0,4,3
45226,2023,10,27,6,2,476,"149,1",4101804,78,9,1,3,3
45226,2023,10,27,6,2,163,945,5104559,82,9,0,3,3
45226,2023,10,27,6,2,280,"154,2",4210100,64,20,0,2,1
45226,2023,10,27,6,2,277,153,4120101,82,7,0,2,2
45226,2023,10,27,6,3,20,"22,8",5300108,15,20,0,1,1
45226,2023,10,27,6,2,493,17,3301850,1,9,0,2,2
45226,2023,10,27,6,3,163,147,3546900,82,10,0,2,2
45226,2023,10,27,6,3,452,1,5218805,52,4,1,3,2
45226,2023,10,27,6,3,282,"212,1",4209300,33,11,1,3,2
45226,2023,10,27,6,3,20,20,5300108,4,20,1,1,1
45226,2023,10,27,6,3,316,260,2708907,83,7,0,2,2
45226,2023,10,27,6,3,282,"645,6",4217204,1,9,1,3,2
45226,2023,10,27,6,3,420,"329,5",2916708,66,20,0,3,1
45226,2023,10,27,6,3,116,"3,1",2933307,1,11,0,2,2
45226,2023,10,27,6,3,40,"86,9",5206206,83,20,0,2,1
45226,2023,10,27,6,3,116,"486,6",2308302,85,2,1,3,2
45226,2023,10,27,6,3,163,466,2401305,67,21,0,2,2
45226,2023,10,27,6,3,163,970,5106190,83,11,0,2,2
45226,2023,10,27,6,3,158,90,2707107,28,20,0,1,1
45226,2023,10,27,6,3,316,308,2208007,11,9,1,2,2
45194,2023,9,25,2,3,262,39,3139409,80,11,0,3,2
45226,2023,10,27,6,3,376,"397,9",4127502,11,21,0,1,1
45226,2023,10,27,6,3,101,226,3305604,67,9,0,5,2
45226,2023,10,27,6,2,290,300,4302808,82,21,0,3,3
45226,2023,10,27,6,2,277,"484,2",4117057,83,21,0,2,2
45226,2023,10,27,6,4,116,178,3303500,11,15,0,6,6
45226,2023,10,27,6,3,116,27,1507755,14,21,0,1,1
45226,2023,10,27,6,3,468,"84,5",4304002,1,11,0,18,2
45226,2023,10,27,6,4,101,"38,8",4209102,1,12,1,3,2
45226,2023,10,27,6,4,262,90,3201902,83,12,1,3,2
45226,2023,10,27,6,4,40,"563,9",3144805,11,12,0,2,2
45227,2023,10,28,7,1,116,"424,2",3526100,50,20,0,1,1
45227,2023,10,28,7,1,40,"73,2",5206206,83,21,0,1,1
45227,2023,10,28,7,1,235,"74,7",2802304,80,10,0,2,2
45226,2023,10,27,6,4,226,251,2112308,3,21,0,1,1
45226,2023,10,27,6,2,242,351,2919306,65,18,0,1,1
45227,2023,10,28,7,1,163,"75,4",4217204,18,20,0,1,1
45213,2023,10,14,7,2,282,"505,3",4219507,83,9,0,3,2
45227,2023,10,28,7,2,465,6,3305554,67,10,1,2,2
45227,2023,10,28,7,1,10,"241,9",2103752,82,7,0,2,2
45227,2023,10,28,7,1,230,380,2504504,11,20,0,1,1
45227,2023,10,28,7,2,163,784,5006408,67,20,0,1,1
45227,2023,10,28,7,2,101,164,2806305,67,10,0,2,2
45227,2023,10,28,7,2,381,363,3161908,83,21,0,1,1
45227,2023,10,28,7,2,163,248,3169109,80,10,0,2,2
45225,2023,10,26,5,4,40,"193,1",3136306,67,9,0,2,2
45226,2023,10,27,6,4,316,"341,3",2611002,67,12,0,3,3
45227,2023,10,28,7,2,365,"69,5",3135605,64,20,0,1,1
45227,2023,10,28,7,2,364,"253,2",1100049,11,21,0,1,1
45227,2023,10,28,7,2,373,197,4119905,67,12,1,2,2
45227,2023,10,28,7,2,470,"264,9",4204806,80,7,0,2,2
45227,2023,10,28,7,2,101,235,4211900,11,4,0,1,1
45227,2023,10,28,7,2,153,"601,1",2308906,18,12,0,2,2
45227,2023,10,28,7,3,60,372,2401305,48,7,0,4,2
45227,2023,10,28,7,3,364,221,5107602,67,12,0,3,3
45227,2023,10,28,7,3,116,492,3130903,67,12,0,2,2
45227,2023,10,28,7,3,20,15,5300108,67,20,0,2,1
45227,2023,10,28,7,3,262,147,3161007,1,12,0,4,2
45227,2023,10,28,7,3,290,"215,7",4313953,1,11,0,2,2
45227,2023,10,28,7,3,393,169,3306008,67,10,0,2,2
45227,2023,10,28,7,3,277,"2,6",4118204,80,7,1,3,2
45227,2023,10,28,7,3,304,48,2408003,11,2,1,2,2
45227,2023,10,28,7,3,376,188,4114807,36,12,1,4,3
45227,2023,10,28,7,3,101,"438,1",4217709,85,2,0,2,2
45227,2023,10,28,7,3,101,"190,8",2704005,1,9,1,3,2
45227,2023,10,28,7,3,116,512,3509254,64,20,0,1,1
45227,2023,10,28,7,3,287,342,4319802,28,18,0,1,1
45227,2023,10,28,7,3,116,"107,8",3554102,16,12,0,3,2
45227,2023,10,28,7,3,153,"38,1",3534005,49,10,0,3,3
45227,2023,10,28,7,3,476,"87,5",4103107,67,10,0,3,2
45227,2023,10,28,7,3,116,"305,2",3132701,28,21,0,1,1
45227,2023,10,28,7,3,153,"302,9",5218607,33,11,0,3,2
45227,2023,10,28,7,4,232,433,2613909,82,7,0,2,2
45227,2023,10,28,7,4,101,"265,9",3205002,16,12,1,2,2
45227,2023,10,28,7,4,222,"217,8",2312908,1,11,1,2,2
45227,2023,10,28,7,4,40,114,3301702,52,11,1,2,2
45227,2023,10,28,7,4,153,46,4124103,49,11,0,2,2
45228,2023,10,29,1,1,116,151,3549904,67,12,1,6,5
45228,2023,10,29,1,1,414,433,5201108,49,12,0,2,2
45228,2023,10,29,1,1,316,"91,5",1507409,80,7,0,3,2
45227,2023,10,28,7,4,70,559,5106109,80,11,0,2,2
45228,2023,10,29,1,1,319,40,1100205,28,7,0,4,2
45228,2023,10,29,1,1,153,"42,4",4307005,52,7,1,5,2
45228,2023,10,29,1,2,376,"287,2",4115754,18,9,0,2,2
45228,2023,10,29,1,2,277,131,4104204,16,12,0,4,2
45228,2023,10,29,1,2,116,"415,5",2305704,33,11,0,4,3
45228,2023,10,29,1,2,163,275,4120853,11,20,0,1,1
45228,2023,10,29,1,2,163,88,5004601,67,10,0,2,2
45212,2023,10,13,6,4,230,273,2106102,82,20,0,1,1
45228,2023,10,29,1,2,222,"263,3",2304004,1,11,0,2,2
45228,2023,10,29,1,2,153,258,3529005,52,9,0,2,2
45228,2023,10,29,1,2,262,63,3203346,82,9,0,2,2
45228,2023,10,29,1,2,381,"517,7",3130101,83,21,0,1,1
45228,2023,10,29,1,2,392,258,4302808,16,15,0,3,3
45228,2023,10,29,1,2,452,80,5205059,49,7,0,3,2
45228,2023,10,29,1,2,116,"716,9",3143906,83,21,0,2,2
45228,2023,10,29,1,2,262,"373,5",5008008,7,21,0,5,3
45228,2023,10,29,1,2,365,484,3148103,80,7,0,7,3
45228,2023,10,29,1,3,369,185,4101507,17,11,1,2,2
45228,2023,10,29,1,3,251,379,3127800,67,20,0,1,1
45228,2023,10,29,1,3,262,"209,4",5007109,52,7,0,4,2
45228,2023,10,29,1,2,116,"555,3",3139409,83,21,0,1,1
45228,2023,10,29,1,3,50,49,3103504,16,12,0,2,2
45228,2023,10,29,1,3,324,465,2906402,67,10,0,3,2
45228,2023,10,29,1,3,393,238,3306206,1,11,1,2,2
45228,2023,10,29,1,3,153,"35,7",3533007,83,15,0,11,7
45228,2023,10,29,1,3,316,506,2103307,16,12,0,3,2
45228,2023,10,29,1,3,116,514,3509254,2,18,0,1,1
45228,2023,10,29,1,4,369,161,4103701,52,9,1,3,2
45228,2023,10,29,1,4,101,99,4212809,11,21,0,1,1
45228,2023,10,29,1,3,101,244,3305604,80,7,0,5,4
45228,2023,10,29,1,4,251,475,3126703,83,21,0,5,2
45228,2023,10,29,1,4,316,"74,5",2609907,9,1,0,2,2
45228,2023,10,29,1,4,116,398,3529906,67,12,0,3,3
45228,2023,10,29,1,4,343,306,2200400,16,12,1,2,2
45229,2023,10,30,2,1,40,7,5212501,48,2,1,2,2
45229,2023,10,30,2,1,230,"17,9",2507507,11,12,1,2,2
45229,2023,10,30,2,1,116,"41,6",3508603,18,12,0,3,2
45228,2023,10,29,1,4,420,"337,8",2917607,83,12,0,3,2
45229,2023,10,30,2,2,101,237,3202207,16,12,0,2,2
45229,2023,10,30,2,1,116,267,3300407,83,21,0,1,1
45229,2023,10,30,2,1,364,546,5107701,72,11,0,3,2
45229,2023,10,30,2,2,135,"47,3",2101251,1,11,1,3,2
45229,2023,10,30,2,2,146,"425,1",3144102,80,7,0,2,2
45229,2023,10,30,2,2,280,"53,4",4206504,85,7,0,2,2
45229,2023,10,30,2,2,381,942,3125101,67,12,0,2,2
45229,2023,10,30,2,2,116,258,3303955,11,11,0,2,2
45208,2023,10,9,2,1,153,189,2309201,80,10,1,4,2
45229,2023,10,30,2,2,230,"27,8",2507507,1,11,0,2,2
45229,2023,10,30,2,1,267,"40,8",5001904,18,10,0,4,3
45229,2023,10,30,2,1,425,100,1100338,48,2,1,2,2
45229,2023,10,30,2,2,470,"115,8",4206900,83,12,0,5,5
45170,2023,9,1,6,4,174,271,5108352,11,21,0,1,1
45229,2023,10,30,2,3,101,89,2507507,28,9,1,4,4
45229,2023,10,30,2,2,262,231,5007109,1,11,0,2,2
45229,2023,10,30,2,3,101,"290,4",3201308,52,9,1,2,2
45229,2023,10,30,2,3,470,225,4308607,1,11,1,2,2
45228,2023,10,29,1,2,381,540,3133709,65,18,1,1,1
45229,2023,10,30,2,3,163,85,3128204,28,12,0,4,4
45229,2023,10,30,2,3,101,"202,2",2708808,1,9,0,3,2
45229,2023,10,30,2,3,277,722,4108304,33,11,1,2,2
45229,2023,10,30,2,3,101,"43,9",4209102,33,11,1,2,2
45229,2023,10,30,2,3,222,153,2306108,1,11,0,11,3
45229,2023,10,30,2,3,364,700,1100205,81,9,0,2,2
45229,2023,10,30,2,3,116,3,3122355,14,21,0,1,1
45229,2023,10,30,2,3,392,"1,4",4315602,82,10,1,3,3
45229,2023,10,30,2,3,222,201,2304350,83,21,0,1,1
45229,2023,10,30,2,2,116,"487,1",3130903,83,21,0,2,1
45229,2023,10,30,2,3,262,399,3147105,1,9,1,2,2
45211,2023,10,12,5,2,153,204,5221601,52,9,0,4,3
45229,2023,10,30,2,3,40,567,3144805,82,9,0,8,6
45229,2023,10,30,2,4,101,66,3301009,82,10,1,2,2
45229,2023,10,30,2,4,101,107,2403251,35,2,1,2,2
45229,2023,10,30,2,4,40,516,3154606,11,12,1,3,2
45229,2023,10,30,2,4,242,660,2922250,65,3,0,1,1
45229,2023,10,30,2,2,116,228,3304003,21,14,0,1,1
45229,2023,10,30,2,3,364,22,3127107,11,4,0,1,1
45229,2023,10,30,2,4,285,"343,9",4304705,67,21,0,1,1
45230,2023,10,31,3,1,101,183,3200607,83,20,0,1,1
45230,2023,10,31,3,1,262,"551,1",3138807,28,18,0,1,1
45230,2023,10,31,3,1,277,"596,5",2303501,18,20,0,2,1
45229,2023,10,30,2,2,153,180,3127107,83,21,0,2,1
45230,2023,10,31,3,1,116,207,3518800,67,9,0,3,2
45230,2023,10,31,3,1,101,"294,8",4207304,67,12,1,2,2
45229,2023,10,30,2,4,407,159,1707702,80,7,1,2,2
45229,2023,10,30,2,4,116,97,3301850,21,21,0,1,1
45230,2023,10,31,3,2,116,220,3518800,67,9,1,3,3
45229,2023,10,30,2,3,376,302,4115754,83,21,0,1,1
45230,2023,10,31,3,2,343,"588,5",2203909,67,12,1,2,2
45230,2023,10,31,3,2,50,56,3170206,11,20,0,1,1
45230,2023,10,31,3,2,163,830,5107909,80,7,1,4,4
45230,2023,10,31,3,1,230,"438,8",2500775,18,21,0,1,1
45229,2023,10,30,2,1,324,560,2929503,28,18,0,1,1
45230,2023,10,31,3,2,163,"220,9",2303501,15,7,0,2,2
45230,2023,10,31,3,2,392,"82,5",4314407,28,10,0,3,3
45230,2023,10,31,3,2,101,114,2900702,83,9,0,2,2
45203,2023,10,4,4,2,116,8,4104006,67,9,0,1,1
45230,2023,10,31,3,2,364,134,1200401,67,15,1,4,3
45230,2023,10,31,3,2,153,52,3142809,18,20,0,2,2
45230,2023,10,31,3,2,101,145,4208302,52,9,1,2,2
45221,2023,10,22,1,3,163,358,5006002,18,10,0,2,2
45230,2023,10,31,3,2,116,219,3518800,49,12,1,3,2
45230,2023,10,31,3,3,101,"398,5",3202801,52,9,0,2,2
45230,2023,10,31,3,2,101,77,2611606,16,12,0,3,2
45230,2023,10,31,3,2,408,83,2610608,14,21,0,1,1
45230,2023,10,31,3,2,153,617,2308906,67,9,0,2,2
45218,2023,10,19,5,2,153,149,5204706,18,15,0,7,4
45208,2023,10,9,2,3,163,92,1500602,52,9,0,2,2
45230,2023,10,31,3,3,392,249,4302808,49,10,0,2,2
45230,2023,10,31,3,3,364,"268,7",5104807,52,12,0,4,4
45230,2023,10,31,3,3,60,"6,2",5300108,28,20,1,2,1
45230,2023,10,31,3,3,116,276,3168606,11,12,1,2,2
45230,2023,10,31,3,3,101,"372,2",3202603,18,7,0,3,3
45230,2023,10,31,3,3,251,475,3126703,64,21,0,1,1
45230,2023,10,31,3,3,116,423,2910800,1,12,1,2,2
45230,2023,10,31,3,3,116,423,2910800,1,9,0,2,2
45230,2023,10,31,3,3,470,66,4207502,1,11,1,3,2
45142,2023,8,4,6,2,101,70,2611606,44,20,1,1,1
45230,2023,10,31,3,3,70,"505,3",5103403,28,18,0,1,1
45230,2023,10,31,3,3,222,"223,6",2312908,33,11,0,3,2
45230,2023,10,31,3,4,101,116,4208203,67,15,0,9,5
45230,2023,10,31,3,2,20,"76,5",2928901,67,21,0,1,1
45230,2023,10,31,3,2,354,750,3133006,83,21,0,1,1
45227,2023,10,28,7,1,354,736,3152600,83,21,0,1,1
45230,2023,10,31,3,3,116,"556,1",2904308,80,10,0,3,3
45230,2023,10,31,3,3,365,"811,7",3159803,83,20,0,1,1
45230,2023,10,31,3,3,174,285,5106752,67,12,0,3,2
45230,2023,10,31,3,4,101,139,4208302,11,12,1,2,2
45230,2023,10,31,3,3,251,"32,1",5300108,15,11,0,2,2
45230,2023,10,31,3,4,277,535,4109757,28,18,0,1,1
45230,2023,10,31,3,3,423,"78,7",2702405,5,11,0,3,2
45230,2023,10,31,3,4,376,210,4114203,11,12,0,2,2
45189,2023,9,20,4,4,364,208,5211909,80,11,0,2,2
45230,2023,10,31,3,4,116,506,3509254,28,18,0,2,2
45230,2023,10,31,3,4,452,"179,9",5211503,18,12,0,2,2
45230,2023,10,31,3,3,116,"719,7",3143906,15,7,0,2,2
45230,2023,10,31,3,4,40,"600,5",3146107,67,21,0,1,1
45230,2023,10,31,3,4,163,"238,9",3169109,85,2,0,2,2
45230,2023,10,31,3,4,158,714,5101803,16,12,0,2,2
45230,2023,10,31,3,4,369,"356,3",4104303,82,7,1,2,2
45231,2023,11,1,4,1,10,291,1504059,12,21,0,1,1
45231,2023,11,1,4,1,262,100,3100302,82,7,0,2,2
45230,2023,10,31,3,2,135,"157,1",2106631,28,21,0,1,1
45231,2023,11,1,4,1,101,87,3301009,11,20,0,1,1
45231,2023,11,1,4,1,376,"636,6",4127601,18,20,0,1,1
45231,2023,11,1,4,2,493,55,3301702,11,12,0,2,2
45231,2023,11,1,4,1,364,1053,1100205,46,1,0,2,2
45230,2023,10,31,3,4,376,403,4127502,28,14,0,1,1
45231,2023,11,1,4,2,101,"44,2",4209102,67,4,0,1,1
45231,2023,11,1,4,2,222,"4,5",2303709,16,12,1,2,2
45199,2023,9,30,7,2,290,77,4309209,52,9,0,2,2
45231,2023,11,1,4,2,463,58,5006606,11,20,0,2,2
45231,2023,11,1,4,2,116,17,2304400,70,12,1,2,2
45231,2023,11,1,4,2,470,47,4202404,11,12,1,3,2
45231,2023,11,1,4,2,476,"255,4",4101309,67,20,0,1,1
45231,2023,11,1,4,2,369,457,4106308,67,10,0,6,3
45231,2023,11,1,4,2,163,"232,8",5002407,11,12,0,2,2
45231,2023,11,1,4,3,116,95,4125506,11,12,0,2,2
45231,2023,11,1,4,2,364,"310,4",5104807,11,7,0,3,2
45231,2023,11,1,4,3,101,55,2510907,67,12,1,5,5
45231,2023,11,1,4,3,50,"190,6",3170107,18,12,0,2,2
45231,2023,11,1,4,3,365,44,3103504,11,20,0,3,2
45231,2023,11,1,4,3,290,87,4314902,16,12,0,3,3
45231,2023,11,1,4,3,470,"122,4",4206900,82,7,1,3,2
45231,2023,11,1,4,3,381,"481,2",3118601,28,4,1,1,1
45231,2023,11,1,4,3,101,81,2408102,16,12,0,3,3
45231,2023,11,1,4,3,163,"760,5",5107925,67,21,0,1,1
45231,2023,11,1,4,3,101,204,4216602,67,9,1,2,2
45231,2023,11,1,4,2,251,472,3126703,83,20,0,1,1
45231,2023,11,1,4,3,376,217,4112108,11,11,0,7,2
45231,2023,11,1,4,3,242,203,2914703,16,12,0,2,2
45231,2023,11,1,4,3,116,"264,9",4304606,67,15,1,4,3
45231,2023,11,1,4,3,101,83,2607901,1,12,1,2,2
45231,2023,11,1,4,3,30,264,2905206,28,21,1,2,1
45231,2023,11,1,4,3,101,87,3301009,67,12,0,7,5
45231,2023,11,1,4,4,60,28,5300108,52,3,1,4,1
45231,2023,11,1,4,2,116,165,2906824,67,20,0,1,1
45231,2023,11,1,4,3,153,"33,8",4124103,28,10,0,2,2
45231,2023,11,1,4,4,60,"167,7",5208707,83,9,0,2,2
45231,2023,11,1,4,3,262,"581,4",3111507,64,20,0,2,1
45231,2023,11,1,4,4,101,"27,5",4209102,85,7,0,2,2
45231,2023,11,1,4,4,369,396,4112959,1,11,0,2,2
45231,2023,11,1,4,4,316,221,2211308,49,10,0,3,2
45231,2023,11,1,4,4,40,525,3118601,52,9,1,3,2
45231,2023,11,1,4,4,423,101,2702405,28,18,0,2,1
45231,2023,11,1,4,4,277,56,4125506,11,9,0,2,2
45231,2023,11,1,4,4,116,441,2910800,83,21,0,2,1
45231,2023,11,1,4,4,40,273,3169356,28,18,1,1,1
45231,2023,11,1,4,3,158,455,5107180,11,20,0,1,1
45231,2023,11,1,4,4,381,"858,4",3152501,67,4,0,8,3
45232,2023,11,2,5,1,40,"813,1",3140803,67,12,0,3,2
45231,2023,11,1,4,4,101,817,2915601,11,10,0,2,2
45231,2023,11,1,4,4,222,73,2208403,49,10,0,2,2
45232,2023,11,2,5,1,101,207,4216602,67,7,1,3,2
45232,2023,11,2,5,1,277,404,4104428,67,12,0,2,2
45232,2023,11,2,5,1,277,"19,3",4116208,11,12,0,3,2
45231,2023,11,1,4,4,282,"561,3",4211405,15,4,0,1,1
45232,2023,11,2,5,1,259,"20,9",3201506,83,7,0,5,2
45232,2023,11,2,5,1,470,53,4202404,49,7,1,3,2
45232,2023,11,2,5,1,153,135,3515301,67,21,0,37,4
45232,2023,11,2,5,2,116,201,3503901,67,21,0,1,1
45232,2023,11,2,5,1,381,287,3135001,9,20,0,1,1
45232,2023,11,2,5,2,354,"739,2",3152600,38,21,0,1,1
45232,2023,11,2,5,2,101,235,4211900,4,4,0,3,2
45232,2023,11,2,5,2,101,"88,2",4202107,16,15,0,8,3
45232,2023,11,2,5,2,376,"669,2",4109609,52,9,0,3,2
45232,2023,11,2,5,2,101,277,4207304,1,9,1,2,2
45232,2023,11,2,5,2,101,4,4205803,52,12,0,5,3
45232,2023,11,2,5,2,101,"8,4",3204054,67,21,0,1,1
45232,2023,11,2,5,3,101,239,4211900,67,12,0,3,2
45232,2023,11,2,5,3,376,"307,6",4115754,28,21,0,2,1
45232,2023,11,2,5,3,393,"228,9",3306206,7,20,0,1,1
45232,2023,11,2,5,3,116,61,2303956,16,20,0,5,2
45110,2023,7,3,2,3,470,224,4308607,67,20,1,1,1
45232,2023,11,2,5,3,365,"417,1",3148004,52,9,0,2,2
45232,2023,11,2,5,4,376,"101,3",4118402,80,11,0,5,2
45232,2023,11,2,5,3,222,"150,3",2306108,67,4,1,1,1
45232,2023,11,2,5,4,116,"347,7",3529906,67,21,1,1,1
45233,2023,11,3,6,1,70,500,5103403,80,7,1,2,2
45233,2023,11,3,6,1,116,24,4101200,28,18,0,1,1
45233,2023,11,3,6,1,50,118,3170107,67,9,0,5,2
45233,2023,11,3,6,1,316,"579,6",2103000,28,21,0,1,1
45233,2023,11,3,6,1,364,115,5201454,11,12,0,2,2
45233,2023,11,3,6,2,101,217,4211900,4,9,1,2,2
45233,2023,11,3,6,1,153,266,1705508,16,12,0,2,2
45233,2023,11,3,6,1,116,419,3526100,11,12,0,2,2
45233,2023,11,3,6,2,101,"172,2",2709152,28,21,0,1,1
45233,2023,11,3,6,2,267,"509,9",2307106,18,10,0,3,2
45233,2023,11,3,6,2,153,439,5201108,12,12,1,3,2
45233,2023,11,3,6,2,470,"3,4",4211306,11,12,0,2,2
45233,2023,11,3,6,2,116,"194,3",4213302,28,18,0,1,1
45233,2023,11,3,6,2,116,441,3542602,11,12,0,5,3
45233,2023,11,3,6,2,324,618,2927408,28,12,1,2,2
45233,2023,11,3,6,2,153,"10,5",4320602,67,20,0,1,1
45233,2023,11,3,6,2,392,"714,9",4315107,83,20,0,1,1
45190,2023,9,21,5,1,135,"190,7",2205904,80,21,0,1,1
45233,2023,11,3,6,2,287,"271,5",2409332,67,20,0,2,2
45233,2023,11,3,6,2,493,90,3305554,51,20,0,2,2
45233,2023,11,3,6,2,10,263,1504059,80,10,1,2,2
45233,2023,11,3,6,3,285,"300,9",4314100,80,7,1,2,2
45233,2023,11,3,6,2,393,274,3300308,14,14,0,1,1
45233,2023,11,3,6,3,153,"798,6",1720978,81,11,1,2,2
45233,2023,11,3,6,2,10,254,2105302,17,11,1,2,2
45233,2023,11,3,6,3,232,"7,5",2611606,78,12,0,4,3
45233,2023,11,3,6,3,116,"74,4",2500775,65,4,1,1,1
45233,2023,11,3,6,3,101,184,4202305,67,4,0,3,2
45233,2023,11,3,6,3,116,305,3304201,65,4,1,1,1
45233,2023,11,3,6,3,232,"46,8",2616407,16,12,0,2,2
45233,2023,11,3,6,3,101,"203,7",3203130,11,12,1,2,2
45233,2023,11,3,6,2,174,125,5105622,1,11,0,2,2
45214,2023,10,15,1,2,153,"663,9",5209101,83,12,0,3,2
45233,2023,11,3,6,3,277,686,4125704,36,12,0,3,2
45233,2023,11,3,6,3,163,475,2401305,11,7,1,4,2
45233,2023,11,3,6,3,40,"760,9",3136702,1,9,0,2,2
45233,2023,11,3,6,3,101,280,3305752,11,12,0,2,2
45233,2023,11,3,6,3,282,"70,1",4214300,64,7,0,5,4
45213,2023,10,14,7,4,163,"491,6",2401305,67,12,1,2,2
45233,2023,11,3,6,2,101,297,2112803,28,4,1,1,1
45233,2023,11,3,6,3,365,"805,1",3129103,11,7,0,4,3
45156,2023,8,18,6,2,470,232,4304804,1,11,0,5,4
45233,2023,11,3,6,2,242,489,2923209,83,21,0,1,1
45233,2023,11,3,6,3,381,"85,5",3550308,16,9,0,2,2
45233,2023,11,3,6,4,101,219,3202504,11,4,0,2,2
45233,2023,11,3,6,3,230,"105,1",2304301,49,12,0,3,2
45233,2023,11,3,6,4,101,586,2905602,42,10,0,2,2
45233,2023,11,3,6,4,414,"349,5",5205513,80,10,0,2,2
45233,2023,11,3,6,4,282,"485,1",4205308,80,7,0,3,3
45233,2023,11,3,6,4,116,123,3302502,67,12,1,4,2
45233,2023,11,3,6,4,476,107,4105805,11,20,0,1,1
45233,2023,11,3,6,4,364,419,1100114,18,7,0,2,2
45233,2023,11,3,6,2,153,47,3170602,15,20,0,1,1
45233,2023,11,3,6,4,40,"459,9",3109907,28,21,0,1,1
45233,2023,11,3,6,4,428,192,2611101,11,21,0,1,1
45234,2023,11,4,7,1,381,530,3133709,64,12,0,3,3
45233,2023,11,3,6,4,60,174,5200050,28,18,0,1,1
45234,2023,11,4,7,1,376,"506,3",4119905,67,12,0,2,2
45234,2023,11,4,7,1,476,112,4105805,28,18,0,1,1
45234,2023,11,4,7,1,316,215,2700409,28,3,0,1,1
45234,2023,11,4,7,1,230,"39,8",2110203,60,2,0,2,2
45234,2023,11,4,7,1,104,"113,6",2610202,11,12,0,2,2
45234,2023,11,4,7,1,116,524,4314407,80,10,1,2,2
45234,2023,11,4,7,1,101,82,3301009,67,21,0,2,1
45233,2023,11,3,6,2,163,103,4216701,11,20,1,1,1
45234,2023,11,4,7,1,376,667,4109609,28,18,0,1,1
45234,2023,11,4,7,2,101,299,2112803,48,2,1,2,2
45234,2023,11,4,7,2,40,517,3154606,44,15,1,3,3
45234,2023,11,4,7,2,116,414,2910800,49,21,0,2,1
45234,2023,11,4,7,2,369,488,4106308,18,10,0,5,3
45234,2023,11,4,7,2,40,561,3144805,11,12,1,3,3
45233,2023,11,3,6,2,40,93,3301702,67,20,0,2,2
45234,2023,11,4,7,2,116,227,3518800,67,15,1,7,7
45234,2023,11,4,7,1,101,885,2912806,18,7,0,2,2
45234,2023,11,4,7,2,343,"335,6",2211001,11,4,1,1,1
45234,2023,11,4,7,2,459,75,3165800,49,3,0,2,2
45234,2023,11,4,7,2,414,"388,7",5205802,83,21,0,6,3
45234,2023,11,4,7,2,163,"395,5",5006002,49,20,0,1,1
45234,2023,11,4,7,2,50,"278,7",5205109,1,11,1,3,2
45234,2023,11,4,7,2,40,"31,8",3300225,83,21,0,1,1
45234,2023,11,4,7,2,230,"154,8",2504009,16,12,1,2,2