id_data,ano,mes,dia,id_dia_semana,periodo,br,km,id_municipio,id_causa_acidente,id_tipo_acidente,id_uso_solo,pessoas,veiculos
45251,2023,11,21,3,1,324,546,2901106,18,21,0,1,1
45251,2023,11,21,3,1,381,"861,7",3152501,67,12,0,2,2
45251,2023,11,21,3,1,116,318,3526209,67,21,1,2,1
45251,2023,11,21,3,1,343,226,2202711,11,12,1,3,2
45231,2023,11,1,4,3,153,88,3530300,18,15,1,6,4
45251,2023,11,21,3,2,230,372,2504504,67,7,0,2,2
45251,2023,11,21,3,1,116,101,3531605,11,20,0,1,1
45250,2023,11,20,2,4,50,16,3103504,83,20,0,1,1
45242,2023,11,12,1,1,373,422,4104428,11,10,0,6,2
45251,2023,11,21,3,2,163,"486,3",2401305,11,21,0,3,3
45251,2023,11,21,3,2,386,260,4308300,49,9,0,2,2
45251,2023,11,21,3,2,290,"213,3",4313953,33,11,0,3,2
45251,2023,11,21,3,2,116,"350,5",3529906,11,12,0,3,2
45251,2023,11,21,3,2,381,"597,9",3114501,18,12,0,3,3
45251,2023,11,21,3,2,262,"156,3",3161007,11,12,0,3,2
45251,2023,11,21,3,2,386,159,4300471,52,10,0,3,2
45251,2023,11,21,3,2,116,264,3304003,1,3,0,3,3
45251,2023,11,21,3,2,262,613,3129509,83,7,0,3,3
45251,2023,11,21,3,2,316,68,1502400,80,10,1,4,4
45251,2023,11,21,3,2,101,50,2600054,78,9,1,2,2
45251,2023,11,21,3,2,101,44,2803302,11,20,0,1,1
45239,2023,11,9,5,4,381,"486,5",3106705,56,12,1,4,4
45251,2023,11,21,3,3,116,291,3522208,78,9,0,4,4
45251,2023,11,21,3,3,116,762,2925105,67,12,0,3,2
45251,2023,11,21,3,3,364,402,5103403,11,21,1,1,1
45235,2023,11,5,1,2,282,618,4207759,33,7,0,2,2
45251,2023,11,21,3,3,381,"917,3",3110509,83,21,0,1,1
45251,2023,11,21,3,3,280,"29,4",4201307,80,9,0,2,2
45251,2023,11,21,3,2,393,262,3300308,18,7,0,3,3
45251,2023,11,21,3,3,324,580,2906501,52,4,0,1,1
45251,2023,11,21,3,3,101,"53,7",2702801,4,20,0,1,1
45251,2023,11,21,3,3,163,818,5107909,7,20,0,1,1
45251,2023,11,21,3,3,101,"202,5",2616506,83,9,0,4,2
45251,2023,11,21,3,3,116,209,3518800,11,12,1,3,3
45251,2023,11,21,3,3,153,350,1700200,80,10,0,4,4
45251,2023,11,21,3,2,230,71,2111953,67,10,0,2,1
45251,2023,11,21,3,3,153,"97,5",4204301,1,11,1,2,2
45251,2023,11,21,3,3,262,136,3154903,11,10,0,2,2
45251,2023,11,21,3,3,386,"307,3",4315131,21,20,0,1,1
45251,2023,11,21,3,3,104,135,2611507,83,21,0,2,1
45251,2023,11,21,3,3,280,128,4215000,1,9,1,2,2
45251,2023,11,21,3,3,153,570,5218391,4,20,0,3,1
45240,2023,11,10,6,1,316,280,2601607,9,1,0,2,2
45251,2023,11,21,3,4,158,154,4313904,29,20,0,4,3
45251,2023,11,21,3,4,369,508,2303501,83,21,1,1,1
45251,2023,11,21,3,3,10,161,2109007,1,11,0,3,2
45251,2023,11,21,3,4,163,149,5005707,28,18,0,1,1
45251,2023,11,21,3,4,116,112,4106902,67,20,1,1,1
45251,2023,11,21,3,3,163,699,5107925,67,12,0,2,2
45251,2023,11,21,3,3,470,195,4302105,67,12,0,7,2
45252,2023,11,22,4,1,116,"103,2",3554102,83,15,0,5,3
45252,2023,11,22,4,1,101,"17,7",4209102,11,9,0,2,2
45252,2023,11,22,4,1,116,"102,5",3538006,11,12,0,3,2
45252,2023,11,22,4,1,222,301,2313401,11,21,0,3,1
45252,2023,11,22,4,1,116,301,4309308,49,7,1,2,2
45252,2023,11,22,4,1,381,753,3169307,18,12,0,4,4
45251,2023,11,21,3,4,20,142,5207907,4,20,0,1,1
45252,2023,11,22,4,2,116,"775,5",2925006,67,7,1,3,2
45252,2023,11,22,4,2,101,270,3205002,1,11,1,2,2
45251,2023,11,21,3,3,30,306,2926806,67,20,0,2,1
45252,2023,11,22,4,2,376,"594,5",4106902,78,9,1,2,2
45252,2023,11,22,4,2,153,160,1702109,11,12,0,2,2
45252,2023,11,22,4,2,381,434,3156700,65,12,0,2,2
45252,2023,11,22,4,2,381,37,3504107,28,12,0,4,3
45252,2023,11,22,4,2,242,807,2903201,67,10,0,2,2
45252,2023,11,22,4,2,70,76,4108502,83,20,0,1,1
45252,2023,11,22,4,2,381,489,3106705,52,9,1,6,3
45252,2023,11,22,4,2,381,913,3110509,83,21,0,4,4
45252,2023,11,22,4,2,364,"25,6",5100300,76,20,0,2,2
45252,2023,11,22,4,2,116,"3,5",4210100,16,12,1,2,2
45252,2023,11,22,4,2,376,"66,2",4108908,33,12,0,4,4
45229,2023,10,30,2,2,376,"170,8",4115200,16,12,1,4,4
45252,2023,11,22,4,2,163,"35,7",4124400,83,21,1,2,1
45252,2023,11,22,4,3,262,17,2112803,33,11,1,3,2
45252,2023,11,22,4,2,163,"917,5",1501451,82,4,0,3,3
45252,2023,11,22,4,3,381,456,3106200,16,15,1,3,2
45252,2023,11,22,4,3,116,206,3518800,67,20,1,2,2
45252,2023,11,22,4,3,262,125,5000203,18,12,0,3,2
45252,2023,11,22,4,3,101,157,4213500,83,11,1,3,2
45252,2023,11,22,4,3,282,"319,2",3556354,13,21,0,3,2
45252,2023,11,22,4,2,405,"27,5",2500700,11,20,0,1,1
45252,2023,11,22,4,3,116,135,4114302,67,4,0,1,1
45252,2023,11,22,4,3,262,366,3136652,15,7,0,3,2
45252,2023,11,22,4,3,153,"78,6",4106100,83,21,0,1,1
45252,2023,11,22,4,3,393,"282,5",3306305,16,12,1,2,2
45252,2023,11,22,4,3,280,"154,1",4210100,67,20,0,1,1
45252,2023,11,22,4,3,116,"24,6",3526605,28,18,0,1,1
45252,2023,11,22,4,2,135,"131,3",2106755,11,12,0,3,3
45252,2023,11,22,4,3,163,616,5106224,11,12,0,2,2
45252,2023,11,22,4,3,277,394,4104428,67,21,0,1,1
45252,2023,11,22,4,2,101,680,2915304,14,21,0,1,1
45252,2023,11,22,4,3,381,"820,7",3113602,67,15,0,4,3
45252,2023,11,22,4,2,222,"672,3",2100055,81,9,1,3,2
45252,2023,11,22,4,3,364,403,5103403,67,12,0,3,3
45252,2023,11,22,4,3,40,109,3301702,52,9,1,2,2
45252,2023,11,22,4,3,40,101,3301702,11,9,0,3,2
45252,2023,11,22,4,4,262,426,3161809,16,12,0,2,2
45252,2023,11,22,4,3,163,243,5003702,11,12,0,2,2
45252,2023,11,22,4,4,116,47,3509957,67,12,0,3,2
45252,2023,11,22,4,3,277,"115,2",4104204,52,9,0,4,2
45243,2023,11,13,2,2,116,"143,9",4305108,67,7,1,4,3
44928,2023,1,2,2,3,407,165,1707702,82,10,0,4,3
45252,2023,11,22,4,4,163,614,5007695,35,2,1,3,2
45252,2023,11,22,4,4,116,"176,9",3518305,35,2,0,3,2
45252,2023,11,22,4,4,277,"299,9",4120606,67,20,0,2,1
45252,2023,11,22,4,4,277,333,4109401,11,7,0,2,2
45252,2023,11,22,4,4,153,"52,2",3170602,67,20,0,1,1
45252,2023,11,22,4,4,101,"29,5",3201605,18,20,0,1,1
45252,2023,11,22,4,3,153,"460,2",4120309,67,12,0,2,2
45252,2023,11,22,4,4,116,"468,4",3168408,11,20,0,2,2
45253,2023,11,23,5,1,476,325,4118709,67,4,0,1,1
45253,2023,11,23,5,1,116,388,3529906,18,20,0,1,1
45252,2023,11,22,4,4,364,54,1100304,80,10,0,3,2
45253,2023,11,23,5,1,282,"381,5",4206702,11,12,0,13,2
45253,2023,11,23,5,2,381,"893,6",3110608,12,9,0,2,2
45253,2023,11,23,5,2,101,105,2403251,52,9,1,3,2
45253,2023,11,23,5,2,406,105,2405801,11,12,0,2,2
45252,2023,11,22,4,3,470,282,4318614,83,21,0,1,1
45253,2023,11,23,5,2,222,12,2303709,52,10,1,3,2
45253,2023,11,23,5,2,116,2,3541901,67,12,0,1,1
45249,2023,11,19,1,2,116,657,2918001,82,10,0,2,2
45253,2023,11,23,5,2,116,67,2303956,33,11,1,2,2
45230,2023,10,31,3,2,153,"34,7",4124103,82,7,0,3,3
45253,2023,11,23,5,2,40,"503,2",3124104,28,20,0,2,2
45252,2023,11,22,4,4,116,325,3302254,67,15,0,3,3
45253,2023,11,23,5,2,116,94,4125506,28,18,1,1,1
45065,2023,5,19,6,3,262,"104,1",3205069,35,2,0,2,2
45194,2023,9,25,2,3,376,628,4125506,11,20,0,1,1
45253,2023,11,23,5,2,287,"315,6",4319802,80,11,0,8,3
45253,2023,11,23,5,2,230,626,1508357,82,9,0,2,2
45253,2023,11,23,5,2,376,"218,5",4112108,33,11,1,3,2
45186,2023,9,17,1,4,242,779,2903201,52,10,0,2,2
45253,2023,11,23,5,2,222,604,2100055,28,21,0,1,1
45253,2023,11,23,5,2,101,"398,2",3204401,67,7,0,2,2
45253,2023,11,23,5,2,369,152,4113700,67,15,1,3,3
45253,2023,11,23,5,2,324,618,2927408,14,14,1,2,2
45252,2023,11,22,4,1,116,116,2513158,11,9,0,2,2
45253,2023,11,23,5,3,101,"187,8",2704005,28,18,0,1,1
45185,2023,9,16,7,4,116,"393,3",3127701,82,7,0,6,2
45253,2023,11,23,5,3,116,8,2933307,1,4,0,2,2
45159,2023,8,21,2,4,407,"493,4",2207777,67,3,0,1,1
45139,2023,8,1,3,3,430,424,2905206,3,20,0,1,1
45164,2023,8,26,7,3,50,115,3170107,64,12,0,3,3
45253,2023,11,23,5,3,70,314,2918506,1,9,1,3,2
45253,2023,11,23,5,2,101,82,2607901,52,11,1,2,2
45253,2023,11,23,5,3,116,202,3304144,52,20,0,2,2
45253,2023,11,23,5,2,304,108,2400208,16,9,1,2,2
45253,2023,11,23,5,3,101,"296,5",3201308,1,9,1,3,3
45253,2023,11,23,5,3,116,436,3542602,56,20,0,6,2
45253,2023,11,23,5,3,153,"549,1",5217104,18,20,0,1,1
45253,2023,11,23,5,3,116,116,4106902,11,12,1,5,3
45253,2023,11,23,5,3,381,"482,7",3106705,52,12,1,2,2
45253,2023,11,23,5,3,101,27,4209102,67,4,1,1,1
45253,2023,11,23,5,3,386,"36,2",4308508,1,11,1,2,2
45253,2023,11,23,5,3,230,320,1505064,80,10,0,2,2
45253,2023,11,23,5,3,459,96,3152501,11,21,0,1,1
45253,2023,11,23,5,3,163,844,5107909,82,12,0,3,2
45253,2023,11,23,5,3,262,157,3202454,19,7,0,2,2
45253,2023,11,23,5,3,381,2,3556354,11,15,0,6,4
45253,2023,11,23,5,3,480,"66,5",4301701,83,20,0,2,1
45253,2023,11,23,5,2,153,15,4200408,11,12,0,2,2
45253,2023,11,23,5,4,116,288,3522208,11,9,0,4,3
45253,2023,11,23,5,3,116,691,2918001,18,10,0,2,2
45253,2023,11,23,5,4,70,359,5102678,9,7,0,3,2
45253,2023,11,23,5,3,174,167,5103957,3,21,0,2,2
45253,2023,11,23,5,3,407,92,2917706,83,21,0,1,1
45225,2023,10,26,5,4,262,184,3203007,83,7,0,5,2
45253,2023,11,23,5,3,153,628,2308906,11,21,0,2,2
45253,2023,11,23,5,4,174,103,5102504,12,10,0,4,1
45253,2023,11,23,5,4,116,276,3515004,67,9,1,2,2
45253,2023,11,23,5,3,116,6,3122355,67,21,0,1,1
45254,2023,11,24,6,1,116,332,3302254,67,12,0,2,2
45253,2023,11,23,5,3,364,"464,7",2211407,80,7,0,2,2
45253,2023,11,23,5,4,40,139,3136306,67,21,0,1,1
45254,2023,11,24,6,1,116,493,2302503,18,12,0,3,2
45254,2023,11,24,6,1,116,"78,7",4119509,67,20,0,1,1
45254,2023,11,24,6,1,376,617,4125506,52,9,1,2,2
45254,2023,11,24,6,1,153,252,1705508,67,12,0,2,2
45254,2023,11,24,6,2,135,153,2903201,16,12,0,8,3
45254,2023,11,24,6,1,116,807,3101508,82,7,0,2,2
45254,2023,11,24,6,2,235,"34,2",2401107,67,7,1,3,3
45254,2023,11,24,6,2,101,"123,4",2412203,52,9,1,2,2
45254,2023,11,24,6,2,40,603,3118007,28,10,0,6,6
45254,2023,11,24,6,1,381,21,3507605,67,12,0,2,2
45219,2023,10,20,6,1,158,627,5106257,80,10,0,3,2
45254,2023,11,24,6,1,364,"59,5",1100304,18,7,0,2,2
45254,2023,11,24,6,2,153,494,4108502,11,21,0,1,1
45254,2023,11,24,6,2,101,352,4208807,67,12,1,3,2
45254,2023,11,24,6,2,277,"145,3",4117701,80,10,0,3,2
45254,2023,11,24,6,2,110,"15,4",2401107,28,4,0,2,2
45236,2023,11,6,2,3,470,3,4211306,67,21,1,3,2
45254,2023,11,24,6,2,153,529,2305209,11,12,0,2,2
45227,2023,10,28,7,1,251,336,3156502,52,7,0,3,2
45254,2023,11,24,6,2,324,558,2901106,7,21,0,2,1
45254,2023,11,24,6,2,222,"3,5",2209872,28,20,1,1,1
45222,2023,10,23,2,4,116,434,2910800,25,12,0,2,2
45254,2023,11,24,6,2,282,520,4219705,52,9,0,6,2
45230,2023,10,31,3,2,381,"26,2",3504107,16,15,0,6,6
45254,2023,11,24,6,2,364,433,1100114,16,15,0,3,3
45232,2023,11,2,5,3,251,275,3157005,28,18,0,1,1
45254,2023,11,24,6,2,116,226,3303609,28,4,0,1,1
45254,2023,11,24,6,3,290,99,4314902,67,12,1,2,2
45236,2023,11,6,2,4,401,69,1400159,49,10,0,2,2
45254,2023,11,24,6,3,393,177,3303708,16,15,0,6,3
45254,2023,11,24,6,3,101,144,3302403,81,12,0,2,2
45254,2023,11,24,6,3,280,"52,2",4206504,11,9,1,2,2
45254,2023,11,24,6,3,381,"245,4",3158953,18,7,0,2,2
45254,2023,11,24,6,3,364,349,5107800,16,12,0,2,2
45254,2023,11,24,6,3,365,521,3143104,80,7,1,4,2
45254,2023,11,24,6,3,116,38,2305233,28,20,1,1,1
45254,2023,11,24,6,3,381,"641,9",3159902,28,18,0,1,1
45254,2023,11,24,6,3,364,160,1100189,11,20,0,1,1
45254,2023,11,24,6,3,230,225,2207009,11,9,0,3,2
45254,2023,11,24,6,4,376,"622,4",4125506,52,9,0,6,2
45254,2023,11,24,6,4,116,"522,7",3113404,1,11,1,2,2
45254,2023,11,24,6,4,40,"815,5",3167509,11,9,0,4,3
45254,2023,11,24,6,4,135,7,2111300,1,11,1,6,2
45254,2023,11,24,6,4,101,141,4202008,82,9,1,3,2
45254,2023,11,24,6,4,101,439,3203403,15,12,0,2,2
45254,2023,11,24,6,4,470,225,4308607,1,11,1,2,2
45254,2023,11,24,6,4,356,57,3302205,82,7,0,9,2
45254,2023,11,24,6,4,60,"212,5",5221908,65,18,0,1,1
45254,2023,11,24,6,4,459,"8,7",3538501,21,7,0,3,2
45254,2023,11,24,6,3,242,660,2922250,65,21,0,1,1
45254,2023,11,24,6,4,101,"106,1",4212502,67,12,0,2,2
45254,2023,11,24,6,4,316,"442,8",2108454,80,7,0,2,2
45255,2023,11,25,7,1,365,"684,7",3142809,83,12,1,4,3
45254,2023,11,24,6,3,364,358,1100155,15,7,0,6,3
45255,2023,11,25,7,1,116,"327,3",4301909,11,12,0,2,2
45255,2023,11,25,7,1,470,172,4213708,49,11,0,2,2
45255,2023,11,25,7,1,316,225,2601607,80,7,0,4,2
45254,2023,11,24,6,4,316,"477,3",2103307,80,7,0,3,2
45255,2023,11,25,7,1,153,"304,3",3509809,67,12,1,3,2
45255,2023,11,25,7,1,101,263,3205002,67,12,1,3,2
45255,2023,11,25,7,1,285,"578,5",4318903,12,10,0,2,2
45255,2023,11,25,7,1,116,520,2307205,49,10,0,2,2
45254,2023,11,24,6,4,153,624,2308906,83,12,0,2,2
45254,2023,11,24,6,4,101,247,4212304,52,11,0,3,2
45255,2023,11,25,7,2,232,241,2601201,80,10,1,2,2
45255,2023,11,25,7,1,287,"298,3",4319406,80,7,0,2,2
45255,2023,11,25,7,1,280,"24,1",4201307,49,7,1,2,2
45255,2023,11,25,7,2,354,"717,5",3152600,14,21,0,1,1
45255,2023,11,25,7,2,101,80,2707701,49,12,0,3,2
45255,2023,11,25,7,2,116,"30,5",3513405,52,12,0,6,2
45247,2023,11,17,6,3,153,"13,4",4111803,1,11,0,2,2
45255,2023,11,25,7,2,470,177,4213708,33,11,1,2,2
45255,2023,11,25,7,2,101,91,2804805,52,4,0,2,2
45255,2023,11,25,7,2,60,"13,2",5300108,11,4,0,2,2
45246,2023,11,16,5,2,316,23,1501501,1,11,1,3,3
45255,2023,11,25,7,2,101,"99,3",2602902,67,12,0,2,2
45255,2023,11,25,7,2,101,36,4209102,67,12,0,3,3
45255,2023,11,25,7,2,316,260,1501956,49,10,0,2,2
45255,2023,11,25,7,2,158,146,5001003,83,21,0,1,1
45255,2023,11,25,7,2,476,"350,6",4118600,67,21,0,4,2
45255,2023,11,25,7,2,50,0,3103504,83,20,0,2,2
45255,2023,11,25,7,2,116,98,4125506,16,4,1,4,4
45255,2023,11,25,7,2,316,101,1506609,80,10,0,2,2
45255,2023,11,25,7,2,277,"586,6",2303501,33,11,1,3,3
45255,2023,11,25,7,3,364,169,2409605,16,15,0,4,4
45255,2023,11,25,7,2,101,37,3301009,1,11,0,4,3
45255,2023,11,25,7,3,101,83,2607901,2,11,1,2,2
45255,2023,11,25,7,3,262,394,3147105,1,11,0,2,2
45255,2023,11,25,7,2,116,"505,7",3170057,80,10,0,2,2
45255,2023,11,25,7,3,381,347,3136207,28,20,0,1,1
45255,2023,11,25,7,3,452,"20,1",5218805,41,4,0,1,1
45255,2023,11,25,7,3,476,158,4101804,83,12,0,2,2
45175,2023,9,6,4,3,381,"491,1",3106705,52,9,1,2,2
45255,2023,11,25,7,3,304,"45,9",2301109,1,11,1,2,2
45255,2023,11,25,7,3,60,"0,5",5300108,60,2,1,2,2
45255,2023,11,25,7,3,364,29,1200013,11,20,0,2,2
45255,2023,11,25,7,4,158,"147,7",5001003,11,12,0,3,3
45255,2023,11,25,7,4,376,660,4127601,11,9,0,2,2
45255,2023,11,25,7,3,116,562,2904308,18,10,0,3,2
45255,2023,11,25,7,4,364,"275,3",5104807,67,20,1,1,1
45255,2023,11,25,7,3,316,403,2100436,1,11,1,3,2
45255,2023,11,25,7,4,452,"186,5",5211503,82,7,0,2,2
45255,2023,11,25,7,3,153,486,4108502,67,20,0,1,1
45256,2023,11,26,1,1,235,32,2401107,52,7,1,2,2
45256,2023,11,26,1,1,116,"378,9",2305407,67,20,0,2,1
45256,2023,11,26,1,1,316,286,2203404,11,10,0,4,2
45256,2023,11,26,1,1,163,"489,1",2401305,52,10,0,3,2
45256,2023,11,26,1,1,406,"2,1",2407203,11,7,0,3,2
45256,2023,11,26,1,1,222,"238,1",2312908,80,10,0,3,3
45256,2023,11,26,1,1,110,179,2906824,28,18,0,1,1
45256,2023,11,26,1,2,116,196,4122305,80,10,0,2,2
45256,2023,11,26,1,1,116,"770,3",3138401,11,4,0,1,1
45256,2023,11,26,1,2,304,269,2404606,80,7,0,6,3
45256,2023,11,26,1,1,381,"624,5",3145604,18,20,0,2,1
45256,2023,11,26,1,2,163,"398,2",5006002,11,7,0,2,2
45256,2023,11,26,1,2,153,161,1702109,11,15,0,3,3
45256,2023,11,26,1,2,116,38,2907707,28,18,0,1,1
45256,2023,11,26,1,1,343,643,2205300,11,12,0,5,2
45256,2023,11,26,1,2,343,"62,2",2202000,11,12,0,3,3
45232,2023,11,2,5,4,101,608,2920908,83,4,0,1,1
45256,2023,11,26,1,2,153,"515,2",5201405,1,9,1,2,2
45256,2023,11,26,1,3,116,509,2302503,1,11,0,3,2
45256,2023,11,26,1,2,230,"36,2",2307502,49,11,0,4,2
45166,2023,8,28,2,2,364,273,1200500,1,11,0,3,2
45256,2023,11,26,1,3,116,162,3524402,67,21,0,1,1
45256,2023,11,26,1,3,376,216,4112108,14,21,1,1,1
45256,2023,11,26,1,3,316,237,2601607,28,18,0,1,1
45256,2023,11,26,1,3,116,107,3554102,67,12,0,2,2
45256,2023,11,26,1,3,158,"121,7",5001003,67,15,0,3,3
45256,2023,11,26,1,3,277,"662,6",4115606,16,12,0,2,2
45256,2023,11,26,1,3,101,"426,9",3200706,83,21,0,5,3
45256,2023,11,26,1,3,135,58,2101251,11,10,1,2,2
45256,2023,11,26,1,3,369,"408,5",4112959,51,20,0,1,1
45256,2023,11,26,1,3,230,"171,2",2504009,11,12,0,3,2
45247,2023,11,17,6,1,101,43,2701704,11,4,0,1,1
45256,2023,11,26,1,3,153,"85,2",4204301,20,11,0,2,2
45256,2023,11,26,1,4,101,"51,7",4209102,16,12,0,2,2
45256,2023,11,26,1,4,470,45,4205902,1,11,0,3,2
45256,2023,11,26,1,4,324,"517,9",2910800,83,12,1,2,2
45256,2023,11,26,1,3,424,71,2603207,67,12,0,3,3
45208,2023,10,9,2,4,101,"393,9",3204401,80,7,0,4,4
45256,2023,11,26,1,4,70,514,2211407,11,12,1,2,2
45256,2023,11,26,1,3,262,"553,2",3138807,83,21,0,1,1
45256,2023,11,26,1,4,280,"235,5",4203808,67,12,1,2,2
45256,2023,11,26,1,3,101,612,2920908,83,11,0,3,2
45256,2023,11,26,1,4,116,"354,9",3529906,67,12,0,3,2
45256,2023,11,26,1,4,116,476,3524600,1,11,0,3,3
45256,2023,11,26,1,4,163,"52,3",5104609,11,21,0,1,1
45256,2023,11,26,1,4,116,"50,6",4212205,80,7,0,4,2
45257,2023,11,27,2,1,116,337,3526209,28,18,1,1,1
45256,2023,11,26,1,4,242,890,2919553,67,20,0,1,1
45256,2023,11,26,1,4,101,161,4218004,11,12,1,2,2
45257,2023,11,27,2,1,381,"480,1",3118601,35,2,1,2,2
45257,2023,11,27,2,1,20,"10,2",5300108,83,20,1,2,2
45257,2023,11,27,2,1,101,"60,5",4311775,11,21,0,1,1
45257,2023,11,27,2,1,408,40,2600708,11,11,0,3,2
45257,2023,11,27,2,1,316,"599,5",2112209,80,7,0,2,2
45257,2023,11,27,2,2,101,"202,9",4216602,16,9,1,3,3
45257,2023,11,27,2,1,116,"745,3",2903706,28,3,1,2,1
45257,2023,11,27,2,1,40,22,3306008,11,21,0,1,1
45257,2023,11,27,2,2,364,136,5201454,28,18,0,1,1
45257,2023,11,27,2,2,163,489,2401305,82,9,1,2,2
45257,2023,11,27,2,2,40,"113,8",5206206,67,20,0,1,1
45257,2023,11,27,2,2,365,"0,7",3143302,81,9,1,2,2
45257,2023,11,27,2,2,40,82,3303906,28,20,1,1,1
45257,2023,11,27,2,2,101,198,4202305,67,12,1,3,2
45257,2023,11,27,2,2,364,348,5107800,67,12,0,3,2
45257,2023,11,27,2,2,316,62,1502400,1,11,1,2,2
45257,2023,11,27,2,2,10,120,1505502,82,14,0,3,3
45257,2023,11,27,2,2,101,286,3201308,1,11,1,2,2
45253,2023,11,23,5,2,163,222,5002407,11,10,0,2,2
45257,2023,11,27,2,2,116,83,4119509,67,11,0,2,2
45257,2023,11,27,2,2,158,320,2409332,67,20,0,1,1
45217,2023,10,18,4,3,158,156,5204409,12,11,0,2,2
45257,2023,11,27,2,2,381,517,3130101,83,15,0,19,14
45257,2023,11,27,2,2,282,"400,9",4209003,11,20,0,1,1
44953,2023,1,27,6,2,319,57,1100205,20,9,0,2,2
45257,2023,11,27,2,3,101,385,3304557,16,15,0,3,3
45257,2023,11,27,2,3,364,421,1100114,1,11,0,2,2
45091,2023,6,14,4,2,60,97,5201108,1,12,1,6,4
45257,2023,11,27,2,3,364,349,5107800,28,18,0,1,1
45257,2023,11,27,2,3,470,"134,6",4214805,11,12,1,5,2
45257,2023,11,27,2,3,101,271,3205002,44,12,1,3,3
45257,2023,11,27,2,3,262,"545,4",3138807,83,10,0,3,3
45257,2023,11,27,2,3,465,18,3303500,16,9,1,2,2
45257,2023,11,27,2,3,282,440,3170602,11,20,0,1,1
45239,2023,11,9,5,3,158,231,5211909,1,11,0,4,2
45257,2023,11,27,2,3,280,"154,2",4210100,15,10,0,4,3
45257,2023,11,27,2,3,376,490,4119905,67,12,1,4,4
45257,2023,11,27,2,3,316,"140,6",2702553,1,11,1,5,2
45204,2023,10,5,5,1,40,"70,3",3147006,28,18,0,2,1
45257,2023,11,27,2,3,116,105,2308708,52,21,0,1,1
45257,2023,11,27,2,4,101,39,2606804,16,12,1,2,2
45249,2023,11,19,1,4,101,"188,7",4202305,82,21,0,1,1
45257,2023,11,27,2,4,101,52,2702801,83,21,0,1,1
45257,2023,11,27,2,4,163,225,5002407,67,4,1,5,2
45257,2023,11,27,2,4,381,"908,9",3110608,67,9,0,2,2
45257,2023,11,27,2,4,493,50,3301702,11,12,1,2,2
45257,2023,11,27,2,4,242,853,2903201,67,7,0,2,2
45258,2023,11,28,3,1,381,761,3169307,83,21,0,1,1
45257,2023,11,27,2,4,116,17,3102704,67,21,0,1,1
45258,2023,11,28,3,1,376,666,4109609,64,21,0,2,2
45258,2023,11,28,3,1,262,"448,9",5003488,67,12,0,26,3
45258,2023,11,28,3,1,116,528,3505401,16,12,0,2,2
45258,2023,11,28,3,1,101,"257,6",3205002,67,21,1,1,1
45257,2023,11,27,2,4,304,305,2403251,4,4,0,1,1
45258,2023,11,28,3,1,354,"745,3",3152600,81,20,1,2,2
45258,2023,11,28,3,2,50,"30,5",3103504,11,20,0,1,1
45258,2023,11,28,3,1,369,178,4101507,18,4,0,1,1
45258,2023,11,28,3,1,116,459,3536208,11,20,1,1,1
45258,2023,11,28,3,1,101,107,2602902,14,14,0,7,7
45222,2023,10,23,2,2,101,"216,5",4211900,1,11,1,2,2
45258,2023,11,28,3,2,381,"870,7",3152501,48,2,0,4,2
45258,2023,11,28,3,2,232,"11,3",2611606,67,12,0,2,2
45258,2023,11,28,3,2,407,"231,5",2906873,83,20,1,3,3
45258,2023,11,28,3,2,163,839,5107909,11,9,0,2,2
45222,2023,10,23,2,4,101,218,3305604,18,7,0,2,2
45221,2023,10,22,1,2,393,137,1507755,83,20,0,1,1
45258,2023,11,28,3,2,364,195,5211909,16,12,1,3,3
45233,2023,11,3,6,2,226,277,2414456,67,20,0,1,1
45258,2023,11,28,3,2,277,"60,4",4125506,49,9,0,3,2
45216,2023,10,17,3,3,364,435,2211407,67,11,0,3,3
45258,2023,11,28,3,2,470,"38,9",4205902,67,4,0,1,1
45258,2023,11,28,3,2,116,143,3549904,52,9,1,2,2
45258,2023,11,28,3,2,222,"312,1",2313401,35,2,1,2,2
45258,2023,11,28,3,2,101,"279,5",3205002,81,11,0,2,2
45258,2023,11,28,3,2,376,614,4125506,83,21,1,2,1
45258,2023,11,28,3,2,470,"157,8",4218608,83,7,0,8,5
45258,2023,11,28,3,3,101,235,4211900,16,15,0,7,4
45258,2023,11,28,3,3,158,226,4306106,14,10,0,2,2
45258,2023,11,28,3,3,101,68,2804003,16,12,0,6,2
45258,2023,11,28,3,3,381,489,3106705,11,15,0,6,5
45258,2023,11,28,3,3,116,229,3304003,11,15,0,6,3
45258,2023,11,28,3,3,262,"436,8",3145208,67,12,1,2,2
45258,2023,11,28,3,3,230,"27,1",2507507,11,12,1,2,2
45258,2023,11,28,3,2,230,"1110,9",1503606,67,4,0,1,1