id_data,ano,mes,dia,id_dia_semana,periodo,br,km,id_municipio,id_causa_acidente,id_tipo_acidente,id_uso_solo,pessoas,veiculos
45266,2023,12,6,4,1,116,347,3529906,67,21,0,1,1
45227,2023,10,28,7,2,365,25,3143302,64,7,0,2,2
45135,2023,7,28,6,2,242,465,2913002,82,10,0,2,2
45266,2023,12,6,4,2,376,178,4115200,52,9,1,3,3
45266,2023,12,6,4,2,116,430,3542602,1,9,0,3,2
45266,2023,12,6,4,2,60,106,5208400,28,4,0,2,2
45266,2023,12,6,4,2,163,"31,3",2922102,67,4,0,4,4
45266,2023,12,6,4,2,364,12,1100304,67,9,0,2,2
45266,2023,12,6,4,2,101,272,3205002,11,12,0,2,2
45245,2023,11,15,4,3,232,"8,7",2611606,36,14,0,5,3
45266,2023,12,6,4,2,285,"481,4",4305871,52,7,0,2,2
45266,2023,12,6,4,3,406,171,2312403,67,12,1,2,2
45266,2023,12,6,4,2,158,69,5006309,65,18,0,1,1
45266,2023,12,6,4,3,376,"256,8",4103503,67,12,1,2,2
45266,2023,12,6,4,2,163,212,2303501,18,21,0,2,1
45266,2023,12,6,4,3,364,204,5107602,1,12,1,3,3
45266,2023,12,6,4,2,101,103,2900702,18,10,0,3,3
45266,2023,12,6,4,2,364,138,2409605,83,21,0,1,1
45266,2023,12,6,4,3,476,"114,4",4105805,1,11,0,2,1
45266,2023,12,6,4,3,40,"705,5",3105608,83,21,0,1,1
45266,2023,12,6,4,3,116,"694,4",3143906,51,7,0,4,3
45266,2023,12,6,4,3,381,4,3556354,83,4,0,1,1
45266,2023,12,6,4,3,493,18,3301850,20,7,1,5,3
45266,2023,12,6,4,3,163,836,5107909,52,9,1,5,2
45266,2023,12,6,4,3,153,506,5208707,52,9,1,3,2
45266,2023,12,6,4,3,116,"113,2",3554102,16,15,1,3,3
45266,2023,12,6,4,3,101,"199,6",4216602,67,12,1,3,2
45266,2023,12,6,4,3,101,"100,6",4212809,44,12,1,3,2
45266,2023,12,6,4,3,267,"124,6",3136702,11,20,0,1,1
45266,2023,12,6,4,2,153,"128,4",4109708,45,18,0,1,1
45266,2023,12,6,4,3,364,"295,4",5104807,28,18,0,1,1
45266,2023,12,6,4,3,116,545,3505401,67,21,0,1,1
45266,2023,12,6,4,3,376,90,4118402,16,12,0,6,4
45263,2023,12,3,1,2,101,328,2925758,82,9,0,3,3
45266,2023,12,6,4,4,116,210,3305554,16,12,0,3,3
45266,2023,12,6,4,4,376,"244,7",4101408,11,12,0,2,2
45266,2023,12,6,4,4,423,35,2701605,11,4,0,1,1
45266,2023,12,6,4,3,153,"480,9",4120309,67,21,0,1,1
45266,2023,12,6,4,4,393,"186,7",3303708,16,12,1,4,3
45266,2023,12,6,4,4,364,364,5107800,18,12,0,2,2
45266,2023,12,6,4,4,101,198,2904902,18,12,0,2,2
45267,2023,12,7,5,1,232,409,2613909,11,12,1,2,2
45267,2023,12,7,5,1,101,"111,3",4208203,49,4,0,2,2
45226,2023,10,27,6,4,101,87,3204906,1,11,0,3,2
45267,2023,12,7,5,1,262,162,3202454,28,18,0,1,1
45267,2023,12,7,5,1,116,561,3505401,65,18,0,1,1
45267,2023,12,7,5,1,290,88,4314902,18,4,1,1,1
45267,2023,12,7,5,1,101,"43,7",4209102,21,4,1,2,2
45267,2023,12,7,5,1,116,94,3538006,1,12,0,3,2
45267,2023,12,7,5,1,50,"184,7",3170107,67,12,0,2,2
45266,2023,12,6,4,4,153,80,2512200,11,21,0,1,1
45267,2023,12,7,5,1,116,630,2917607,1,11,0,2,2
45267,2023,12,7,5,2,40,"609,4",3118007,11,12,0,4,4
45267,2023,12,7,5,2,262,802,3170107,28,4,1,4,4
45267,2023,12,7,5,2,163,"29,4",4124400,80,7,0,3,3
45267,2023,12,7,5,2,232,506,2612208,67,7,1,3,2
45267,2023,12,7,5,1,393,183,3303708,18,10,0,2,2
45267,2023,12,7,5,1,386,"90,6",#N/D,63,21,0,1,1
45267,2023,12,7,5,2,163,478,2401305,1,11,1,2,2
45267,2023,12,7,5,2,101,"397,5",4210407,20,11,0,3,2
45197,2023,9,28,5,4,163,581,5106224,64,7,0,2,2
44928,2023,1,2,2,2,316,72,1502400,80,7,0,6,3
45267,2023,12,7,5,2,116,"293,2",3522208,67,7,1,2,2
45264,2023,12,4,2,2,376,614,4125506,11,12,1,2,2
45267,2023,12,7,5,2,153,"497,6",5208707,67,12,1,2,2
45267,2023,12,7,5,2,101,177,2929305,51,15,0,7,5
45267,2023,12,7,5,2,376,1,4101408,1,9,0,3,2
45267,2023,12,7,5,2,324,603,2930709,14,12,0,7,6
45267,2023,12,7,5,2,101,264,3205002,17,11,1,2,2
45267,2023,12,7,5,2,251,"396,1",3127800,51,10,1,2,2
45267,2023,12,7,5,2,110,370,2907509,52,7,0,4,3
45267,2023,12,7,5,2,101,56,3301009,1,11,1,3,3
45267,2023,12,7,5,2,316,430,2108454,83,21,0,3,1
45267,2023,12,7,5,2,116,"527,8",3113404,61,2,1,2,2
45267,2023,12,7,5,2,116,"78,3",3544301,28,18,0,1,1
45267,2023,12,7,5,2,116,219,3518800,61,2,1,1,1
45267,2023,12,7,5,2,50,306,5206602,11,21,0,1,1
45267,2023,12,7,5,2,226,458,2104800,82,7,0,4,2
45267,2023,12,7,5,2,116,281,3515004,78,9,0,2,2
45267,2023,12,7,5,2,272,"429,2",4108601,28,18,0,1,1
45267,2023,12,7,5,2,393,"172,9",3306008,51,10,0,5,3
45267,2023,12,7,5,2,158,663,5106257,3,20,0,1,1
45267,2023,12,7,5,2,70,503,5103403,21,21,0,1,1
45267,2023,12,7,5,3,376,546,4102307,11,20,0,2,2
45248,2023,11,18,7,2,153,71,5218003,80,7,1,2,2
45267,2023,12,7,5,2,364,257,5105200,49,20,0,1,1
45267,2023,12,7,5,2,381,194,3149952,18,21,0,1,1
45083,2023,6,6,3,1,235,"15,5",2804805,82,7,0,6,2
45267,2023,12,7,5,2,393,"206,3",3306206,51,20,1,1,1
45267,2023,12,7,5,2,251,"471,9",3126703,83,21,0,1,1
45267,2023,12,7,5,3,101,301,2112803,28,18,1,1,1
45267,2023,12,7,5,3,386,"333,5",4312054,80,7,0,2,2
45267,2023,12,7,5,3,405,"8,3",2408003,80,7,0,4,3
45267,2023,12,7,5,3,101,114,2900702,1,9,0,2,2
45267,2023,12,7,5,3,70,523,2211407,1,11,1,2,2
45267,2023,12,7,5,2,381,"561,4",3132206,67,21,0,3,3
45267,2023,12,7,5,3,381,"508,1",3162922,83,4,1,2,2
45267,2023,12,7,5,3,163,649,5007695,11,20,0,1,1
45267,2023,12,7,5,3,101,197,4202305,52,9,1,2,2
45267,2023,12,7,5,3,459,"87,5",3117900,1,11,1,3,2
45267,2023,12,7,5,3,376,"345,5",4117305,83,20,0,1,1
45267,2023,12,7,5,3,135,171,2111508,82,3,0,3,3
45267,2023,12,7,5,3,163,"41,9",4120358,33,11,0,2,2
45267,2023,12,7,5,3,277,"105,2",4104204,78,9,0,3,3
45267,2023,12,7,5,3,416,"8,5",2708303,65,20,0,1,1
45267,2023,12,7,5,3,158,"306,5",4310538,67,21,1,1,1
45267,2023,12,7,5,2,153,"148,1",3541604,28,20,0,1,1
45258,2023,11,28,3,2,101,"711,1",2910727,11,10,0,2,2
45267,2023,12,7,5,2,101,298,3301900,82,9,1,2,2
45267,2023,12,7,5,3,373,265,4120606,28,20,1,1,1
45267,2023,12,7,5,4,242,779,2903201,67,12,0,3,3
45267,2023,12,7,5,3,343,"0,1",2211001,67,9,0,2,2
45267,2023,12,7,5,3,163,85,5004601,83,12,0,4,2
45267,2023,12,7,5,3,381,690,3138203,11,4,0,2,2
45267,2023,12,7,5,3,135,337,2209302,82,20,0,6,2
45267,2023,12,7,5,3,401,74,1400159,18,21,0,2,1
45267,2023,12,7,5,4,282,"40,6",4200606,51,7,1,2,2
45267,2023,12,7,5,3,101,"210,5",3301306,11,12,0,3,2
45235,2023,11,5,1,2,116,197,3503901,11,9,0,2,2
45267,2023,12,7,5,4,290,131,4306767,83,21,0,2,2
45267,2023,12,7,5,4,476,97,4103107,67,10,0,6,2
45267,2023,12,7,5,4,116,"140,4",3549904,18,12,1,2,2
45268,2023,12,8,6,1,50,"164,5",5204805,18,20,0,1,1
45268,2023,12,8,6,1,232,495,2616100,14,21,0,2,1
45267,2023,12,7,5,4,101,8,3204054,56,12,0,3,3
45267,2023,12,7,5,2,110,234,2925907,67,7,0,2,2
45268,2023,12,8,6,2,282,21,4211900,51,4,1,1,1
45268,2023,12,8,6,2,101,"5,5",4216602,28,12,1,3,2
45268,2023,12,8,6,2,262,9,5008305,1,9,1,2,2
45267,2023,12,7,5,3,242,199,2914703,28,21,0,1,1
45268,2023,12,8,6,2,376,"195,9",4114807,85,11,0,2,2
45264,2023,12,4,2,3,364,"397,1",5103403,52,15,1,2,2
45268,2023,12,8,6,2,101,191,4202305,52,9,0,2,2
45268,2023,12,8,6,2,324,528,2910800,16,12,1,6,6
45268,2023,12,8,6,1,376,426,4127502,67,20,0,1,1
45268,2023,12,8,6,2,116,419,2910800,2,12,1,2,2
45268,2023,12,8,6,2,101,113,2500601,11,12,1,4,3
45268,2023,12,8,6,2,153,682,5211503,83,3,0,3,1
45268,2023,12,8,6,2,153,508,5201405,67,9,1,6,4
45268,2023,12,8,6,2,20,"137,9",2313302,67,20,0,2,2
45268,2023,12,8,6,2,285,566,4318903,1,11,0,4,2
45268,2023,12,8,6,2,116,"212,8",3518800,36,12,1,2,2
45268,2023,12,8,6,2,116,"74,3",2500775,67,9,0,4,2
45268,2023,12,8,6,2,40,123,3304557,52,9,1,2,2
45196,2023,9,27,4,4,373,"194,5",4110508,13,4,0,3,3
45268,2023,12,8,6,2,381,330,3144706,11,21,0,2,1
45268,2023,12,8,6,2,116,"89,9",4119509,18,15,0,12,7
45268,2023,12,8,6,2,316,151,1502202,1,11,0,3,2
45268,2023,12,8,6,1,163,1013,5108055,55,9,0,3,2
45268,2023,12,8,6,2,282,"286,4",4216800,67,21,0,2,2
45268,2023,12,8,6,3,116,229,3550308,44,12,1,2,2
45268,2023,12,8,6,3,101,61,2611606,11,9,1,4,3
45268,2023,12,8,6,3,376,"489,7",4119905,52,9,1,2,2
45268,2023,12,8,6,3,365,107,3135605,11,12,0,3,2
45268,2023,12,8,6,2,415,26,2913606,83,10,0,2,2
45268,2023,12,8,6,3,174,255,5108352,1,11,1,4,4
45268,2023,12,8,6,3,262,417,3130200,67,12,0,3,2
45268,2023,12,8,6,3,226,223,2403806,1,11,0,2,2
45268,2023,12,8,6,2,262,29,2112803,65,7,0,4,4
45267,2023,12,7,5,4,222,"77,8",1506187,28,20,0,2,1
45268,2023,12,8,6,3,232,151,2613107,11,12,0,2,2
45268,2023,12,8,6,3,376,253,4101408,67,12,0,3,3
45268,2023,12,8,6,3,407,212,2906873,13,10,0,2,2
45268,2023,12,8,6,2,364,352,5213103,83,21,0,1,1
45268,2023,12,8,6,3,116,"525,3",3113404,11,20,1,3,2
45268,2023,12,8,6,3,116,600,3162559,11,21,0,3,2
45268,2023,12,8,6,2,116,202,3304144,11,12,1,3,3
45268,2023,12,8,6,3,50,"55,6",3103504,83,14,0,6,4
45268,2023,12,8,6,3,116,"825,6",2933307,67,9,1,3,3
45268,2023,12,8,6,3,364,204,5107602,52,12,1,2,2
45268,2023,12,8,6,3,10,249,2105302,16,12,1,2,2
45268,2023,12,8,6,3,153,263,5214861,67,9,0,3,2
45268,2023,12,8,6,3,365,503,3148103,80,7,0,2,2
45268,2023,12,8,6,3,376,303,4115754,28,18,0,1,1
45268,2023,12,8,6,4,101,"34,5",4209102,52,9,0,4,3
45268,2023,12,8,6,3,476,120,4105805,49,15,1,7,7
45268,2023,12,8,6,4,116,218,3518800,1,9,1,3,2
45268,2023,12,8,6,2,116,6,3122355,67,21,0,1,1
45268,2023,12,8,6,3,282,"535,2",4204202,1,11,0,2,2
45266,2023,12,6,4,2,381,393,3105400,11,21,0,2,1
45268,2023,12,8,6,4,376,470,4119905,11,20,0,1,1
45268,2023,12,8,6,4,116,672,3142106,80,10,1,5,3
45268,2023,12,8,6,3,290,61,4309209,11,20,0,1,1
45268,2023,12,8,6,4,40,109,3301702,14,21,0,1,1
45268,2023,12,8,6,4,365,"372,2",3148004,67,12,0,2,2
45268,2023,12,8,6,4,40,600,3118007,60,2,0,2,2
45268,2023,12,8,6,4,316,"609,5",2112209,80,10,0,2,2
45269,2023,12,9,7,1,232,"61,4",2611309,60,2,0,5,4
45269,2023,12,9,7,1,470,3,4211306,49,9,1,2,2
45269,2023,12,9,7,1,70,311,2918506,67,4,0,1,1
45269,2023,12,9,7,2,376,3,4101408,80,7,1,2,2
45269,2023,12,9,7,1,101,570,3303807,30,4,0,2,1
45269,2023,12,9,7,1,153,372,4122008,80,10,0,2,2
45269,2023,12,9,7,1,153,363,4122008,80,10,0,2,2
45269,2023,12,9,7,2,222,24,2303709,81,9,0,2,2
45269,2023,12,9,7,2,436,1,5001003,11,21,0,1,1
45269,2023,12,9,7,2,393,"213,7",3306206,65,18,0,1,1
45269,2023,12,9,7,2,277,"556,2",2303501,80,7,0,3,2
45269,2023,12,9,7,2,364,302,1100254,67,21,0,1,1
45269,2023,12,9,7,1,410,14,2931905,28,18,0,3,1
45269,2023,12,9,7,2,251,"449,8",3127800,80,7,0,3,2
45241,2023,11,11,7,2,343,256,2202208,2,9,0,2,2
45269,2023,12,9,7,2,153,67,5218003,49,12,0,2,2
45269,2023,12,9,7,2,101,92,2804805,49,9,1,2,2
45269,2023,12,9,7,2,101,"125,1",2503001,11,12,0,2,2
45269,2023,12,9,7,2,364,258,1100049,52,10,0,5,3
45269,2023,12,9,7,2,232,"10,3",2611606,16,15,1,3,3
45269,2023,12,9,7,2,280,141,4215000,80,10,0,8,3
45269,2023,12,9,7,2,116,"812,2",3101508,4,7,0,3,2
45269,2023,12,9,7,2,262,34,3201902,83,7,0,3,2
45269,2023,12,9,7,2,116,57,4104006,60,2,1,3,3
45269,2023,12,9,7,3,50,"128,9",5210109,72,11,0,3,2
45269,2023,12,9,7,3,381,365,3136207,14,21,0,2,2
45269,2023,12,9,7,3,163,"100,2",5107602,49,20,0,2,1
45269,2023,12,9,7,2,116,"778,3",3138401,83,7,0,5,2
45269,2023,12,9,7,2,135,325,2109106,16,12,1,9,3
45269,2023,12,9,7,2,476,"98,7",4103107,67,4,0,1,1
45269,2023,12,9,7,3,262,"725,7",3149804,83,7,0,3,2
45269,2023,12,9,7,3,116,"353,2",3135076,11,21,0,1,1
45257,2023,11,27,2,3,174,266,5106752,67,20,0,1,1
45269,2023,12,9,7,3,70,45,5205513,80,7,0,5,3
45269,2023,12,9,7,3,20,208,5218300,82,9,0,5,2
45269,2023,12,9,7,4,235,"106,8",2801405,76,7,0,3,2
45153,2023,8,15,3,4,40,"641,8",3118304,60,2,0,2,2
45269,2023,12,9,7,3,242,494,2923209,65,18,0,1,1
45269,2023,12,9,7,4,381,"650,8",3159902,52,9,0,2,2
45269,2023,12,9,7,3,251,"479,1",3126703,28,18,1,1,1
45269,2023,12,9,7,3,163,310,4115853,67,21,0,1,1
45269,2023,12,9,7,3,101,"38,9",2702801,29,4,0,1,1
45269,2023,12,9,7,4,101,"133,5",2708600,80,7,1,3,2
45269,2023,12,9,7,4,316,"245,8",1501956,1,9,0,4,2
45269,2023,12,9,7,3,158,"519,2",4317103,11,10,0,4,2
45269,2023,12,9,7,2,242,377,2923506,28,21,0,1,1
45269,2023,12,9,7,4,116,9,2503308,11,20,0,2,1
45269,2023,12,9,7,4,101,"150,3",4208302,67,9,1,2,2
45269,2023,12,9,7,4,174,303,5106752,28,12,0,5,2
45269,2023,12,9,7,3,101,"206,4",2616506,28,18,0,1,1
45270,2023,12,10,1,1,116,"588,3",2922805,52,7,0,2,2
45270,2023,12,10,1,1,222,"179,6",2312908,11,4,0,1,1
45270,2023,12,10,1,1,251,"498,2",3126703,67,21,0,1,1
45270,2023,12,10,1,1,316,349,2202133,1,11,1,2,2
45270,2023,12,10,1,2,364,87,1100304,80,10,0,2,2
45270,2023,12,10,1,1,163,822,5107909,52,7,1,2,2
45270,2023,12,10,1,2,116,504,3509254,67,21,0,1,1
45270,2023,12,10,1,1,116,"142,3",2513158,80,7,1,3,2
45270,2023,12,10,1,2,470,121,4206900,67,20,0,1,1
45270,2023,12,10,1,2,101,423,2920700,9,1,0,2,2
45270,2023,12,10,1,2,101,923,2923001,49,7,0,3,3
45270,2023,12,10,1,2,50,"101,6",5206206,14,18,0,1,1
45270,2023,12,10,1,2,282,"502,3",4219507,67,12,1,3,2
45262,2023,12,2,7,3,101,305,3304904,52,9,0,2,2
45270,2023,12,10,1,2,376,648,4127601,67,12,0,3,2
45270,2023,12,10,1,2,376,"630,4",4125506,16,12,1,2,2
45269,2023,12,9,7,4,316,"71,9",2206407,11,20,0,1,1
45270,2023,12,10,1,2,267,97,5001904,25,18,0,1,1
45270,2023,12,10,1,3,376,655,4127601,67,12,0,5,3
45270,2023,12,10,1,3,101,134,2708600,83,21,1,2,1
45270,2023,12,10,1,3,135,464,2206605,80,7,0,3,2
45270,2023,12,10,1,3,116,48,4104006,67,9,0,2,2
45270,2023,12,10,1,3,135,44,2101251,35,2,1,2,2
45270,2023,12,10,1,3,40,608,3118007,72,11,0,2,2
45270,2023,12,10,1,3,163,"559,1",5103502,80,7,0,2,2
45270,2023,12,10,1,3,262,232,5007109,19,10,0,2,2
45270,2023,12,10,1,4,116,504,3509254,14,14,0,1,1
45270,2023,12,10,1,1,267,"247,7",3114808,83,21,0,1,1
45270,2023,12,10,1,3,116,362,3529906,67,21,0,1,1
45270,2023,12,10,1,3,304,"68,7",2408003,67,7,0,9,4
45270,2023,12,10,1,2,316,408,2100436,80,7,0,2,2
45270,2023,12,10,1,4,101,186,4202305,52,9,0,2,2
45270,2023,12,10,1,3,277,394,4104428,11,20,0,2,1
45270,2023,12,10,1,2,101,522,2904704,14,10,0,3,3
45270,2023,12,10,1,4,472,"121,1",4318499,82,7,0,5,4
45270,2023,12,10,1,4,116,181,3113008,80,10,0,4,3
45270,2023,12,10,1,4,40,658,3113206,3,9,0,1,1
45270,2023,12,10,1,3,242,490,2923209,11,12,0,2,2
45270,2023,12,10,1,4,101,"406,5",4201406,52,9,0,2,2
45270,2023,12,10,1,4,101,"747,8",2914653,83,21,0,2,1
45271,2023,12,11,2,1,381,"849,5",3152501,60,2,0,2,2
45271,2023,12,11,2,1,101,399,3302007,18,12,1,4,2
45270,2023,12,10,1,4,163,971,5106190,67,20,0,1,1
45271,2023,12,11,2,1,116,322,3302254,29,9,0,2,2
45271,2023,12,11,2,1,116,"440,5",3542602,67,12,1,2,2
45271,2023,12,11,2,1,381,"830,8",3164407,83,12,0,3,3
45270,2023,12,10,1,4,262,"536,9",3138807,28,18,0,1,1
45270,2023,12,10,1,4,40,"121,3",3136306,15,20,0,2,1
45271,2023,12,11,2,2,222,23,2303709,78,7,1,3,2
45271,2023,12,11,2,1,116,"35,6",2612208,67,4,0,2,1
45271,2023,12,11,2,2,116,465,2928802,18,20,0,2,2
45271,2023,12,11,2,1,135,"119,7",2201705,11,9,0,2,2
45226,2023,10,27,6,2,365,27,3143302,16,12,0,2,2
45270,2023,12,10,1,4,343,"218,5",2202406,11,11,0,2,2
45270,2023,12,10,1,4,267,"212,5",3107505,83,21,0,1,1
45271,2023,12,11,2,2,470,241,4204806,11,12,0,2,2
45271,2023,12,11,2,2,116,787,2925006,13,21,0,2,1
45271,2023,12,11,2,2,242,"769,9",2903201,52,10,0,5,3
45271,2023,12,11,2,2,262,"797,3",3170107,82,7,0,4,2
45271,2023,12,11,2,2,116,340,3526209,67,4,0,1,1
45271,2023,12,11,2,2,282,456,4213401,12,10,0,7,3
45271,2023,12,11,2,2,277,659,4115606,83,21,0,1,1
45271,2023,12,11,2,2,381,899,3110608,11,12,0,3,2
45271,2023,12,11,2,2,70,513,2211407,33,11,1,2,2
45271,2023,12,11,2,2,101,207,3301306,67,20,0,1,1
45271,2023,12,11,2,2,282,607,2704609,29,10,1,3,3
45271,2023,12,11,2,2,116,221,3518800,16,15,1,4,4
45271,2023,12,11,2,2,104,131,2512507,11,12,1,3,3
45271,2023,12,11,2,2,153,174,5204706,1,11,1,4,2
45271,2023,12,11,2,2,101,"96,6",4212809,11,12,0,3,2
45271,2023,12,11,2,2,80,10,5300108,67,21,1,3,1
45271,2023,12,11,2,2,163,1056,5105606,67,20,0,2,1
45271,2023,12,11,2,3,304,48,2408003,1,9,1,2,2
45271,2023,12,11,2,2,230,18,2507507,83,12,1,4,4
45271,2023,12,11,2,3,381,"442,3",2110005,52,7,1,3,2
45271,2023,12,11,2,2,163,1102,5104104,28,21,0,1,1
45271,2023,12,11,2,3,101,"79,7",2611606,78,21,1,2,2
45271,2023,12,11,2,2,101,865,2931350,28,3,0,4,2
45271,2023,12,11,2,2,101,"121,1",4208203,83,15,1,7,6
45271,2023,12,11,2,1,251,"201,8",3101003,82,9,0,14,3
45271,2023,12,11,2,3,153,516,5201405,52,9,0,2,2
45271,2023,12,11,2,3,116,340,3529906,67,21,0,2,1
45257,2023,11,27,2,3,232,"9,1",2607901,67,15,0,6,5
45271,2023,12,11,2,3,235,48,2506905,49,7,0,5,2
45271,2023,12,11,2,3,116,"209,3",4312476,80,7,0,2,2
45271,2023,12,11,2,3,230,"41,9",2307502,46,2,0,2,2
45271,2023,12,11,2,3,230,456,2516201,80,7,0,2,2
45271,2023,12,11,2,3,267,265,3101201,1,12,0,2,2
45271,2023,12,11,2,4,116,"5,9",2910800,52,9,1,3,2
45271,2023,12,11,2,3,174,135,5105622,15,21,0,1,1
45271,2023,12,11,2,4,101,131,4202008,67,10,1,2,2
45271,2023,12,11,2,3,376,"665,7",4109609,65,20,0,1,1
45271,2023,12,11,2,4,40,39,3300225,2,7,0,5,2
45271,2023,12,11,2,4,101,"204,5",4216602,52,9,1,2,2
45020,2023,4,4,3,2,101,304,2932903,44,12,1,5,5
45271,2023,12,11,2,4,116,375,4320354,28,18,0,1,1
45215,2023,10,16,2,2,116,229,3550308,28,18,1,1,1
45271,2023,12,11,2,4,381,921,3133600,11,4,0,2,1
45272,2023,12,12,3,1,386,"52,5",4320206,1,11,0,2,2
45272,2023,12,12,3,1,262,"414,2",5008008,18,7,0,2,2
45272,2023,12,12,3,1,101,"381,2",3202603,16,12,0,2,2
45272,2023,12,12,3,1,110,4,2401107,11,12,0,2,2
45272,2023,12,12,3,2,376,670,4109609,11,20,0,1,1
45272,2023,12,12,3,2,50,21,3170206,83,21,0,1,1
45272,2023,12,12,3,1,369,"116,1",4128401,11,12,0,2,2
45271,2023,12,11,2,4,101,895,2906907,67,21,0,1,1
45272,2023,12,12,3,2,116,"108,1",4106902,67,9,0,3,3
45272,2023,12,12,3,2,101,"278,4",3205002,16,9,1,2,2
45271,2023,12,11,2,4,476,"315,3",4118709,83,20,0,3,1
45272,2023,12,12,3,2,369,150,4113700,16,9,1,4,3
45266,2023,12,6,4,3,163,474,2401305,16,15,1,5,4
45272,2023,12,12,3,2,101,"167,2",3203205,82,7,0,2,2
45272,2023,12,12,3,2,116,204,3518800,52,9,1,3,2
45272,2023,12,12,3,2,116,"736,1",3138005,11,7,1,6,2
45272,2023,12,12,3,2,381,478,3118601,83,15,1,3,3
45272,2023,12,12,3,2,116,"212,2",3518800,51,12,0,2,2
45272,2023,12,12,3,2,290,"310,5",4302808,11,11,0,6,3
45272,2023,12,12,3,2,101,"117,5",4208203,78,9,1,3,3
45272,2023,12,12,3,2,153,309,3550506,14,21,0,1,1
45272,2023,12,12,3,2,277,720,4108304,67,9,0,3,2
45272,2023,12,12,3,2,423,"52,8",2608800,16,12,0,4,4
45272,2023,12,12,3,1,280,115,4215802,80,10,0,2,2
45272,2023,12,12,3,3,116,"220,5",3518800,67,12,1,3,2
45272,2023,12,12,3,3,70,61,5101803,67,21,0,1,1
45272,2023,12,12,3,3,116,394,4303509,67,20,1,3,1
45272,2023,12,12,3,3,101,170,4218004,65,12,1,2,2
45193,2023,9,24,1,2,101,294,3201308,16,9,1,4,2
45271,2023,12,11,2,3,153,580,4301602,11,12,0,2,2
45272,2023,12,12,3,3,386,"434,2",2207959,67,9,0,6,2
45272,2023,12,12,3,3,40,123,3301702,52,9,1,3,3
45272,2023,12,12,3,3,116,406,3529906,28,18,1,1,1
45272,2023,12,12,3,3,101,"441,1",3203403,44,4,0,1,1
45272,2023,12,12,3,3,364,"329,9",5107800,67,12,0,7,2
45272,2023,12,12,3,2,116,"357,2",3135076,80,7,0,3,3
45272,2023,12,12,3,3,101,"56,6",4209102,52,9,0,2,2
45272,2023,12,12,3,3,101,"947,1",2922003,83,21,0,2,1
45272,2023,12,12,3,3,280,"26,4",4201307,1,11,1,2,2
45272,2023,12,12,3,4,116,"11,3",2304400,16,12,1,4,3
45272,2023,12,12,3,3,242,377,2923506,28,21,0,1,1
45272,2023,12,12,3,3,367,43,2925303,82,7,1,3,2
45272,2023,12,12,3,3,30,240,2911709,21,7,0,4,2
45272,2023,12,12,3,4,393,237,3306206,51,12,1,2,2
45272,2023,12,12,3,4,116,435,3542602,67,20,0,2,2
45272,2023,12,12,3,3,116,"688,4",3143906,21,10,0,2,2
45272,2023,12,12,3,4,356,285,3148202,16,12,0,2,2
45272,2023,12,12,3,3,365,"335,1",3161700,64,20,0,1,1
45272,2023,12,12,3,4,116,885,2933307,11,12,0,2,2
45272,2023,12,12,3,4,386,"129,2",4301958,11,12,1,3,2
45272,2023,12,12,3,4,116,"776,2",3138401,83,21,0,1,1
45273,2023,12,13,4,1,386,"247,7",2516102,1,11,0,2,2
45273,2023,12,13,4,1,101,"119,7",4208203,2,11,1,2,2
45272,2023,12,12,3,4,116,134,4107652,56,4,0,5,2
45273,2023,12,13,4,1,101,"183,8",4202305,18,20,0,1,1
45273,2023,12,13,4,1,101,185,2807600,1,11,0,2,2
45273,2023,12,13,4,1,40,"413,5",3120904,33,12,0,6,2
45272,2023,12,12,3,4,101,122,2503001,18,20,0,1,1
45273,2023,12,13,4,1,277,226,4107736,67,12,0,2,2
45273,2023,12,13,4,1,153,163,5204706,80,10,0,5,2
45273,2023,12,13,4,1,290,"2,5",4314902,11,12,0,2,2
45273,2023,12,13,4,2,101,"218,2",4211900,67,12,0,2,2
45273,2023,12,13,4,2,365,"612,8",3170206,52,10,1,3,3
45272,2023,12,12,3,4,364,405,1100114,11,2,0,3,3
45273,2023,12,13,4,1,116,42,3508603,18,9,0,2,2
45273,2023,12,13,4,2,381,854,3152501,11,12,0,2,2
45262,2023,12,2,7,2,101,"340,9",4218707,11,9,0,2,2
45273,2023,12,13,4,1,158,623,5106257,3,21,0,1,1
45273,2023,12,13,4,2,101,"292,5",3201308,60,2,1,3,2
45273,2023,12,13,4,2,101,117,2607208,67,9,0,3,2
45273,2023,12,13,4,2,40,82,3303906,67,21,1,1,1
45273,2023,12,13,4,2,116,278,3300407,67,12,1,4,4
45227,2023,10,28,7,4,50,"27,9",3103504,83,21,0,1,1
45155,2023,8,17,5,4,101,511,2914802,83,7,0,4,3
45273,2023,12,13,4,2,50,98,3170206,83,12,0,3,2
45273,2023,12,13,4,2,376,164,4115200,1,12,1,2,2
45273,2023,12,13,4,2,40,"627,6",3118304,72,11,1,3,2
45273,2023,12,13,4,2,480,"129,7",4204202,67,12,1,3,3
45273,2023,12,13,4,2,364,661,#N/D,11,21,0,2,2