id_data,ano,mes,dia,id_dia_semana,periodo,br,km,id_municipio,id_causa_acidente,id_tipo_acidente,id_uso_solo,pessoas,veiculos
45273,2023,12,13,4,2,163,453,2211407,28,18,0,1,1
45273,2023,12,13,4,3,116,284,3522208,11,20,1,2,1
45258,2023,11,28,3,1,80,176,5221601,28,18,0,1,1
45273,2023,12,13,4,3,116,155,3549904,49,4,0,2,2
45273,2023,12,13,4,3,116,350,3529906,28,18,0,1,1
45273,2023,12,13,4,3,381,"84,5",3550308,11,9,1,4,2
45273,2023,12,13,4,3,101,144,4208302,52,12,1,4,2
45264,2023,12,4,2,3,381,"872,5",3124500,67,20,0,1,1
45273,2023,12,13,4,3,364,57,5204102,1,11,1,3,2
45252,2023,11,22,4,2,158,320,5101852,7,21,0,1,1
45273,2023,12,13,4,3,235,24,2803609,18,7,0,3,3
45233,2023,11,3,6,3,101,89,3204906,82,10,0,4,2
45273,2023,12,13,4,3,101,293,3201308,11,12,1,2,2
45273,2023,12,13,4,3,392,"7,5",4315602,81,11,0,2,2
45273,2023,12,13,4,3,116,307,3304201,67,12,1,2,2
45273,2023,12,13,4,3,116,197,3304144,67,12,0,3,2
45273,2023,12,13,4,4,101,262,3205002,78,9,1,3,3
45273,2023,12,13,4,3,40,518,3154606,83,12,1,3,3
45273,2023,12,13,4,4,60,9,5300108,82,9,1,3,2
45273,2023,12,13,4,3,277,"529,2",4109302,83,10,0,3,3
45273,2023,12,13,4,3,116,227,3518800,52,9,1,2,2
45267,2023,12,7,5,3,290,721,4322400,51,20,0,1,1
45273,2023,12,13,4,3,401,14,1400100,11,15,1,3,3
45273,2023,12,13,4,4,376,643,4127601,49,15,0,3,3
45273,2023,12,13,4,4,158,554,3100609,49,10,0,2,2
45273,2023,12,13,4,3,40,"172,7",3136306,3,21,0,1,1
45273,2023,12,13,4,4,381,434,3156700,29,20,0,1,1
45273,2023,12,13,4,4,116,455,3542602,16,12,1,2,2
45273,2023,12,13,4,4,101,219,3202504,83,21,0,2,1
45273,2023,12,13,4,4,230,232,2507705,9,7,0,5,2
45272,2023,12,12,3,3,316,53,2106326,50,7,0,3,2
45274,2023,12,14,5,1,116,131,2513158,83,12,0,2,2
45273,2023,12,13,4,4,101,863,2931350,11,21,0,2,1
45274,2023,12,14,5,1,280,"125,8",4215000,49,7,0,2,2
45274,2023,12,14,5,1,116,"488,3",2308302,11,12,0,2,2
45274,2023,12,14,5,1,369,108,4128401,18,12,0,5,3
45274,2023,12,14,5,1,470,"52,5",4202404,18,7,0,2,2
45274,2023,12,14,5,1,101,"88,9",4202107,18,20,1,3,2
45274,2023,12,14,5,1,324,552,2901106,16,12,0,5,2
45274,2023,12,14,5,1,282,"646,2",4217204,33,11,1,3,2
45274,2023,12,14,5,1,153,"365,2",5211800,16,12,0,3,2
45274,2023,12,14,5,1,423,34,2613107,82,12,0,4,2
45274,2023,12,14,5,1,50,"106,6",3170107,11,12,0,46,3
45273,2023,12,13,4,4,324,603,2930709,18,12,0,3,2
45254,2023,11,24,6,2,101,286,3201308,52,9,1,3,2
45274,2023,12,14,5,2,262,"230,1",5007109,1,11,0,3,2
45274,2023,12,14,5,2,376,169,5006200,67,12,0,2,2
45274,2023,12,14,5,2,290,"217,7",4313953,1,11,1,2,2
45274,2023,12,14,5,2,116,359,3529906,83,21,0,1,1
45274,2023,12,14,5,2,116,246,3304003,56,21,0,1,1
45274,2023,12,14,5,2,277,"593,7",2303501,52,9,1,4,3
45274,2023,12,14,5,2,10,"251,1",2105302,20,12,1,3,2
45274,2023,12,14,5,2,230,376,2504504,11,21,0,1,1
45274,2023,12,14,5,2,407,123,2611101,82,9,1,2,2
45274,2023,12,14,5,2,101,48,3555406,20,11,1,2,2
45274,2023,12,14,5,2,282,"255,1",4216800,12,11,1,2,2
45257,2023,11,27,2,4,319,1,1302603,65,12,1,8,7
45274,2023,12,14,5,2,392,"343,6",2409332,16,12,0,3,2
45268,2023,12,8,6,3,376,255,4103503,1,11,1,5,4
45274,2023,12,14,5,2,101,"186,6",2929305,80,7,0,4,2
45274,2023,12,14,5,3,116,222,3518800,16,9,0,3,3
45274,2023,12,14,5,3,381,"78,1",3550308,14,21,0,7,7
45274,2023,12,14,5,3,316,35,1506500,67,9,1,2,2
45258,2023,11,28,3,2,262,40,3201902,21,21,0,1,1
45274,2023,12,14,5,3,369,168,4122404,1,11,1,3,2
45274,2023,12,14,5,3,290,"212,5",4313953,14,4,0,2,2
45274,2023,12,14,5,2,70,20,5101803,9,1,0,2,2
45274,2023,12,14,5,3,153,"190,7",3127107,67,21,0,1,1
45254,2023,11,24,6,2,381,455,3156700,11,21,0,2,2
45274,2023,12,14,5,3,290,"420,2",2929255,13,4,0,2,2
45274,2023,12,14,5,3,101,100,3301009,28,18,0,1,1
45274,2023,12,14,5,3,304,157,2403756,11,12,1,2,2
45274,2023,12,14,5,3,259,5,3203130,67,15,0,5,4
45274,2023,12,14,5,3,116,517,4314407,1,9,0,2,2
45274,2023,12,14,5,3,386,7,4310504,1,11,0,2,2
45274,2023,12,14,5,3,376,"40,8",4117107,28,4,0,1,1
45274,2023,12,14,5,3,40,"11,8",5221858,1,11,1,2,2
45274,2023,12,14,5,3,369,379,4113908,49,10,0,2,2
45274,2023,12,14,5,3,290,398,4316972,18,20,0,2,1
45274,2023,12,14,5,3,116,"264,9",4203253,1,21,0,1,1
45274,2023,12,14,5,3,381,"799,2",3162005,52,12,0,3,3
45274,2023,12,14,5,3,116,138,3301702,52,9,1,5,4
45274,2023,12,14,5,3,70,280,5107040,1,7,1,3,2
45274,2023,12,14,5,4,277,659,4115606,83,21,0,1,1
45274,2023,12,14,5,4,101,76,2803609,67,21,0,1,1
45274,2023,12,14,5,3,163,855,5107909,1,11,0,3,2
45274,2023,12,14,5,3,10,120,1505502,11,7,0,5,2
45264,2023,12,4,2,3,242,683,2909703,4,20,0,1,1
45274,2023,12,14,5,4,376,263,4114906,67,4,0,1,1
45274,2023,12,14,5,4,386,"171,4",4304705,67,7,0,2,2
45274,2023,12,14,5,4,40,"599,6",3146107,67,12,0,2,2
45275,2023,12,15,6,1,393,238,3306206,9,1,0,3,1
45275,2023,12,15,6,1,369,"149,6",4113700,1,9,1,2,2
45275,2023,12,15,6,1,116,"393,1",3529906,11,12,1,3,2
45274,2023,12,14,5,4,116,"26,8",3552007,22,4,0,1,1
45275,2023,12,15,6,1,277,10,4118204,1,12,0,3,2
45275,2023,12,15,6,1,116,"734,8",3138005,18,21,0,1,1
45275,2023,12,15,6,1,10,461,4117602,11,12,1,2,2
45275,2023,12,15,6,1,116,271,3306305,67,12,1,2,2
45275,2023,12,15,6,1,116,517,4314407,49,12,1,2,2
45275,2023,12,15,6,2,251,"513,8",3143302,21,4,0,1,1
45275,2023,12,15,6,2,381,"481,4",3118601,52,9,1,2,2
45275,2023,12,15,6,2,277,"21,9",4116208,67,12,0,2,2
45275,2023,12,15,6,2,116,188,3303500,16,12,0,2,2
45275,2023,12,15,6,2,101,278,3205002,16,12,0,2,2
45223,2023,10,24,3,2,116,645,2917607,16,12,0,5,2
45275,2023,12,15,6,2,282,"4,2",4216602,78,9,0,3,3
45268,2023,12,8,6,1,262,"144,1",5000203,11,4,1,2,2
45275,2023,12,15,6,2,101,"119,7",4208203,20,9,1,2,2
45275,2023,12,15,6,2,50,"99,2",3170206,18,20,0,2,2
45275,2023,12,15,6,2,470,"277,6",4202875,83,21,0,1,1
45275,2023,12,15,6,2,70,609,5106505,82,7,0,9,4
45268,2023,12,8,6,4,40,"523,8",3118601,52,9,1,3,2
45275,2023,12,15,6,2,101,69,2611606,83,12,1,3,2
45275,2023,12,15,6,2,116,530,4304663,1,11,1,5,2
45275,2023,12,15,6,2,280,"39,5",4201307,11,12,0,2,2
45275,2023,12,15,6,2,163,"147,2",3546900,21,21,0,1,1
45192,2023,9,23,7,2,101,115,2900702,16,15,0,4,3
45275,2023,12,15,6,2,163,219,2303501,28,18,0,1,1
45275,2023,12,15,6,3,153,691,5211503,11,9,0,6,3
45275,2023,12,15,6,2,470,"245,1",4204806,28,10,0,5,3
45275,2023,12,15,6,2,101,"3,5",3202603,83,21,0,1,1
45275,2023,12,15,6,1,316,512,2103307,65,18,0,1,1
45275,2023,12,15,6,3,381,"477,7",3118601,78,4,1,1,1
45275,2023,12,15,6,2,116,"300,9",4203253,16,12,0,2,2
45139,2023,8,1,3,2,232,"254,7",2601201,67,12,1,2,2
45275,2023,12,15,6,3,163,485,2401305,67,12,1,4,2
45275,2023,12,15,6,2,116,358,2305407,80,7,0,5,4
45275,2023,12,15,6,2,101,198,4202305,11,12,1,3,3
45275,2023,12,15,6,2,163,212,2303501,52,9,1,2,2
45275,2023,12,15,6,2,230,"332,5",2510808,1,9,1,2,2
45251,2023,11,21,3,3,40,462,3167202,67,12,0,2,2
45275,2023,12,15,6,2,364,1,1100304,67,4,0,1,1
45275,2023,12,15,6,3,101,"116,2",4208203,52,9,0,3,2
45275,2023,12,15,6,3,222,302,2313401,65,10,0,5,3
45275,2023,12,15,6,2,415,58,2914802,67,20,0,1,1
45275,2023,12,15,6,2,470,"69,7",4311304,28,20,0,1,1
45275,2023,12,15,6,3,277,"2,8",4118204,82,9,1,2,2
45086,2023,6,9,6,3,262,"589,4",3111507,83,21,0,1,1
45275,2023,12,15,6,3,407,"2,7",2918407,16,15,1,3,3
45260,2023,11,30,5,2,101,"101,8",4212809,11,12,1,4,4
45275,2023,12,15,6,2,262,153,3161007,11,4,0,2,1
45275,2023,12,15,6,3,230,"1,4",2503209,1,11,1,2,2
45275,2023,12,15,6,3,101,"197,5",4202305,18,21,1,3,1
45275,2023,12,15,6,3,101,131,4202008,33,11,1,2,2
45275,2023,12,15,6,3,101,"35,5",2110203,67,15,1,13,13
45275,2023,12,15,6,3,20,47,5208004,67,12,0,2,2
45275,2023,12,15,6,3,101,"280,7",3205002,1,11,1,2,2
45275,2023,12,15,6,3,470,274,4318614,83,11,0,3,2
45275,2023,12,15,6,3,316,25,2601102,1,12,1,2,2
45275,2023,12,15,6,3,472,"184,4",4317905,52,7,0,2,2
45274,2023,12,14,5,2,471,469,4315602,82,9,1,3,3
45275,2023,12,15,6,3,116,152,3549904,11,12,1,3,3
45275,2023,12,15,6,3,101,91,4202107,11,12,1,2,2
45275,2023,12,15,6,3,116,323,3302254,16,12,1,4,2
45275,2023,12,15,6,3,116,386,3529906,67,4,0,3,2
45275,2023,12,15,6,3,116,391,3529906,67,12,0,2,2
45275,2023,12,15,6,3,280,"14,6",4216206,20,11,1,2,2
45275,2023,12,15,6,3,101,62,3301009,1,11,0,5,2
45275,2023,12,15,6,3,116,362,2413508,20,7,1,3,2
45275,2023,12,15,6,4,116,211,3518800,49,12,0,2,2
45275,2023,12,15,6,4,50,118,3170107,11,12,0,3,2
45275,2023,12,15,6,4,316,264,2708907,67,12,0,2,2
45275,2023,12,15,6,4,10,"225,7",2104552,10,2,1,3,3
45275,2023,12,15,6,4,116,79,3141405,11,10,0,48,2
45276,2023,12,16,7,1,222,"45,9",2312403,83,12,0,3,3
45275,2023,12,15,6,4,70,719,5102504,46,11,0,3,2
45275,2023,12,15,6,4,135,23,2111300,28,11,1,3,3
45276,2023,12,16,7,1,369,356,4104303,1,11,1,3,2
45276,2023,12,16,7,1,116,290,3522208,67,21,0,1,1
45276,2023,12,16,7,1,376,"366,5",4117305,67,20,0,1,1
45276,2023,12,16,7,1,50,203,3121258,49,7,0,2,2
45276,2023,12,16,7,1,428,91,2612604,80,7,0,2,2
45276,2023,12,16,7,1,251,426,3127800,18,7,0,6,2
45276,2023,12,16,7,1,116,743,2925105,49,7,0,2,2
45276,2023,12,16,7,1,364,"0,5",5100300,49,11,1,2,2
45276,2023,12,16,7,1,163,"19,1",4103156,82,10,0,4,2
45276,2023,12,16,7,1,381,"184,5",3127701,61,2,0,2,2
45276,2023,12,16,7,1,282,"457,5",4213401,49,10,0,5,3
45276,2023,12,16,7,2,40,124,3301702,67,21,0,2,1
45276,2023,12,16,7,2,101,407,3302007,9,12,1,3,2
45276,2023,12,16,7,2,251,"444,2",3127800,16,15,0,4,3
45272,2023,12,12,3,4,262,"658,3",3129509,66,20,0,1,1
45276,2023,12,16,7,2,40,"12,5",5212501,16,12,1,3,3
45276,2023,12,16,7,2,101,266,4212304,49,9,0,2,2
45276,2023,12,16,7,2,414,308,5222302,18,20,0,1,1
45276,2023,12,16,7,2,101,770,2914653,15,20,0,2,1
45276,2023,12,16,7,2,101,76,2611606,52,9,1,2,2
45276,2023,12,16,7,2,242,286,1716604,16,12,0,2,2
45276,2023,12,16,7,2,381,869,3152501,1,11,0,4,2
45276,2023,12,16,7,2,343,"311,8",2200400,28,20,0,2,1
45276,2023,12,16,7,2,50,"169,5",3170107,28,4,0,4,3
45276,2023,12,16,7,2,376,"314,3",4115754,83,21,0,1,1
45276,2023,12,16,7,2,101,301,2932903,11,21,0,1,1
45276,2023,12,16,7,2,381,502,3106705,78,9,0,2,2
45276,2023,12,16,7,2,230,1138,1503606,1,10,1,2,2
45276,2023,12,16,7,2,40,"404,5",3120904,49,20,0,1,1
45276,2023,12,16,7,2,232,390,2613909,67,12,0,2,2
45272,2023,12,12,3,4,116,"641,2",2917607,28,12,0,2,2
45276,2023,12,16,7,3,470,"299,7",4203600,15,4,0,2,1
45276,2023,12,16,7,3,116,219,3518800,83,7,1,3,2
45276,2023,12,16,7,3,116,"781,1",2925006,51,10,0,2,2
45276,2023,12,16,7,3,476,177,4106209,18,10,0,4,4
45276,2023,12,16,7,3,101,67,2611606,67,15,1,4,4
45276,2023,12,16,7,3,376,"75,7",4108908,1,11,0,5,2
45276,2023,12,16,7,3,116,213,3518800,11,12,1,4,4
45275,2023,12,15,6,1,116,580,2904308,11,21,0,1,1
45276,2023,12,16,7,2,364,"346,9",5107800,65,18,0,1,1
45276,2023,12,16,7,2,116,330,3110806,28,18,0,1,1
45276,2023,12,16,7,3,101,"202,2",3203130,83,21,0,2,1
45276,2023,12,16,7,3,116,"426,2",3526100,44,4,0,1,1
45276,2023,12,16,7,3,101,127,4208203,52,11,1,4,2
45276,2023,12,16,7,3,101,478,3300100,80,7,1,5,3
45276,2023,12,16,7,1,116,439,2910800,28,20,0,1,1
45276,2023,12,16,7,3,153,600,2308906,19,12,0,3,2
45276,2023,12,16,7,3,277,"190,7",4117701,11,12,0,2,2
45276,2023,12,16,7,3,282,"139,3",4202602,82,7,0,2,2
45276,2023,12,16,7,3,282,"495,1",4205308,67,10,0,4,2
45276,2023,12,16,7,2,226,415,2104800,16,12,1,4,3
45276,2023,12,16,7,4,376,"590,8",4106902,52,3,1,2,2
45276,2023,12,16,7,4,316,"236,8",2204709,28,21,0,1,1
45276,2023,12,16,7,4,163,283,4114609,1,11,0,4,3
45276,2023,12,16,7,3,70,188,4108502,49,20,0,1,1
45276,2023,12,16,7,4,135,102,2105401,75,7,0,2,2
45276,2023,12,16,7,4,70,521,2211407,11,12,0,2,2
45277,2023,12,17,1,1,290,11,4313508,11,12,0,2,2
45277,2023,12,17,1,1,365,"11,2",3143302,18,20,0,2,1
45277,2023,12,17,1,1,262,"134,2",3201159,18,7,0,2,2
45277,2023,12,17,1,1,277,"636,9",4105300,80,11,1,8,3
45277,2023,12,17,1,1,364,1046,1100205,60,2,0,2,2
45277,2023,12,17,1,1,376,392,4110078,65,18,0,1,1
45269,2023,12,9,7,2,116,"923,9",2910404,67,20,0,1,1
45277,2023,12,17,1,2,354,"731,1",3152600,83,21,0,1,1
45276,2023,12,16,7,1,280,152,4210100,67,21,0,1,1
45277,2023,12,17,1,2,392,"622,7",4317509,11,12,0,3,2
45277,2023,12,17,1,2,428,"118,2",2608750,28,18,0,1,1
45277,2023,12,17,1,3,381,625,3145604,18,12,0,2,2
45277,2023,12,17,1,2,116,"585,3",3139409,82,9,1,3,3
45277,2023,12,17,1,3,153,392,1718709,82,12,1,5,2
45277,2023,12,17,1,3,364,16,1100304,82,9,1,3,3
45277,2023,12,17,1,3,116,"776,9",2925006,35,2,1,2,2
45277,2023,12,17,1,3,60,"56,5",5200100,67,20,0,5,3
45277,2023,12,17,1,3,277,248,4110706,18,20,0,1,1
45277,2023,12,17,1,3,116,285,2931905,49,7,1,2,2
45277,2023,12,17,1,4,376,"469,5",4119905,1,12,1,2,2
45277,2023,12,17,1,3,222,202,2105401,82,7,0,6,2
45277,2023,12,17,1,4,101,441,2932200,13,18,0,1,1
45277,2023,12,17,1,3,369,"469,5",4106308,82,7,0,10,3
45277,2023,12,17,1,3,101,"173,9",2709152,82,10,1,2,2
45277,2023,12,17,1,3,116,360,3529906,28,12,0,9,3
45277,2023,12,17,1,4,470,"125,8",4209904,11,11,1,2,2
45277,2023,12,17,1,4,153,485,4108502,29,20,0,1,1
45277,2023,12,17,1,3,153,738,1700707,80,7,0,4,2
45277,2023,12,17,1,3,135,19,2111300,3,21,1,1,1
45277,2023,12,17,1,3,230,1162,1503606,67,7,0,3,2
45277,2023,12,17,1,4,116,"171,3",3524402,16,12,0,4,2
45278,2023,12,18,2,1,101,26,2804300,83,12,0,5,2
45278,2023,12,18,2,1,230,"132,5",2509206,18,20,0,2,1
45278,2023,12,18,2,1,381,25,3504107,52,15,0,3,3
45278,2023,12,18,2,1,262,"65,4",3140902,18,3,0,2,1
45278,2023,12,18,2,1,101,"125,3",3203205,72,11,0,2,2
45278,2023,12,18,2,1,135,262,2102754,49,9,0,2,2
45278,2023,12,18,2,1,50,119,3170107,52,12,0,2,2
45278,2023,12,18,2,2,116,"57,6",4104006,11,21,0,3,1
45278,2023,12,18,2,2,163,827,5107909,67,9,1,2,2
45278,2023,12,18,2,2,364,213,5107602,29,4,0,1,1
45278,2023,12,18,2,2,116,229,3304003,11,12,0,2,2
45278,2023,12,18,2,2,376,538,4117701,76,9,0,4,2
45278,2023,12,18,2,2,116,267,4304606,67,12,1,3,3
45278,2023,12,18,2,2,316,102,1506609,83,21,1,1,1
45278,2023,12,18,2,2,424,"104,7",2704708,80,7,0,5,4
45278,2023,12,18,2,2,369,"458,1",4106308,52,11,0,4,2
45278,2023,12,18,2,2,116,614,2917607,11,12,0,4,3
45278,2023,12,18,2,2,262,173,3161007,65,4,0,2,2
45278,2023,12,18,2,2,174,502,5103304,28,20,0,1,1
45278,2023,12,18,2,3,316,"50,9",1506500,52,9,0,2,2
45278,2023,12,18,2,3,381,"54,4",3504107,28,21,0,1,1
45278,2023,12,18,2,3,116,198,3503901,11,12,0,2,2
45278,2023,12,18,2,3,232,523,2612208,85,10,0,2,2
45278,2023,12,18,2,3,423,"73,9",2608305,67,15,1,3,3
45278,2023,12,18,2,3,277,30,4116208,11,12,0,2,2
45274,2023,12,14,5,1,262,182,5007109,56,4,0,3,2
45278,2023,12,18,2,3,116,160,3524402,78,9,1,2,2
45278,2023,12,18,2,3,116,736,2903706,83,20,0,1,1
45278,2023,12,18,2,3,369,"158,9",4103701,16,9,1,4,2
45278,2023,12,18,2,3,423,"67,5",2608305,80,11,0,2,2
45216,2023,10,17,3,1,381,88,3518800,52,9,0,4,3
45278,2023,12,18,2,3,101,"112,2",4211306,83,21,0,1,1
45278,2023,12,18,2,3,40,"528,4",3118601,49,7,1,6,4
45278,2023,12,18,2,2,153,131,5212808,67,9,0,2,2
45278,2023,12,18,2,3,376,677,4109609,83,20,0,1,1
45278,2023,12,18,2,3,262,143,5000203,1,11,1,2,2
45278,2023,12,18,2,3,40,660,3113206,28,12,1,5,2
45278,2023,12,18,2,3,277,675,4115804,83,11,0,2,2
45278,2023,12,18,2,3,116,567,2904308,1,11,0,6,2
45278,2023,12,18,2,3,116,448,3542602,52,9,1,4,3
45278,2023,12,18,2,3,158,"691,3",5101803,83,7,0,2,2
45278,2023,12,18,2,3,101,"67,8",3301009,81,11,1,4,3
45278,2023,12,18,2,4,373,"176,1",4119905,11,4,1,3,3
45278,2023,12,18,2,4,116,"95,5",4125506,52,21,1,1,1
45278,2023,12,18,2,4,40,70,5206206,49,21,0,2,2
45278,2023,12,18,2,3,101,362,4215455,67,12,0,4,2
45278,2023,12,18,2,4,116,555,3505401,1,11,0,2,2
45278,2023,12,18,2,4,153,504,5201405,15,12,1,12,6
45278,2023,12,18,2,4,381,908,3110608,83,21,0,1,1
45278,2023,12,18,2,4,423,154,2606507,18,7,0,2,2
45278,2023,12,18,2,4,280,60,4206504,52,4,1,2,2
45278,2023,12,18,2,4,153,"114,5",2512200,67,20,0,1,1
45278,2023,12,18,2,4,116,99,4125506,67,9,1,2,2
45278,2023,12,18,2,4,153,67,3549805,67,12,1,4,3
45278,2023,12,18,2,3,163,331,5107800,13,20,0,1,1
45279,2023,12,19,3,1,116,"35,5",4322509,65,18,1,1,1
45278,2023,12,18,2,4,153,81,1722081,28,18,0,1,1
45279,2023,12,19,3,1,153,"556,9",5218391,18,12,0,1,1
45279,2023,12,19,3,1,319,18,1100205,67,20,0,3,1
45279,2023,12,19,3,1,251,517,3143302,15,4,0,2,1
45279,2023,12,19,3,1,376,440,4127502,11,21,0,1,1
45279,2023,12,19,3,1,20,"249,9",2307635,28,18,0,1,1
45279,2023,12,19,3,1,230,"135,1",2509206,83,21,0,1,1
45279,2023,12,19,3,2,153,347,1709302,1,11,0,5,2
45279,2023,12,19,3,2,163,958,5106190,67,9,0,2,2
45278,2023,12,18,2,4,381,442,3156700,28,10,0,2,2
45279,2023,12,19,3,1,381,427,3110004,67,21,0,1,1
45279,2023,12,19,3,2,116,471,4318804,67,7,0,3,2
45279,2023,12,19,3,2,277,5,4118204,16,12,1,2,2
45273,2023,12,13,4,3,376,"138,7",4116901,52,9,0,4,3
45279,2023,12,19,3,2,101,68,2611606,52,9,1,2,2
45279,2023,12,19,3,2,222,"144,8",2306108,83,21,0,1,1
45279,2023,12,19,3,2,20,213,2302404,13,21,0,2,1
45279,2023,12,19,3,2,50,128,5210109,67,9,0,3,2
45279,2023,12,19,3,2,381,481,3118601,52,9,1,3,2
45279,2023,12,19,3,2,116,524,2916856,28,4,0,2,2
45279,2023,12,19,3,2,101,"235,8",2708204,30,18,0,1,1
45279,2023,12,19,3,2,116,"210,8",4122305,1,11,1,2,2
45279,2023,12,19,3,2,369,41,4101101,28,12,0,2,2
45279,2023,12,19,3,2,408,"36,2",2600708,82,7,0,2,2
45250,2023,11,20,2,1,10,"240,2",2105302,52,7,0,2,2
45279,2023,12,19,3,3,316,76,1507409,82,9,0,3,2
45279,2023,12,19,3,3,50,140,3170107,67,4,0,1,1
45183,2023,9,14,5,1,101,"177,6",2709152,55,12,0,3,2
45279,2023,12,19,3,3,40,"568,1",3144805,67,10,0,4,4
45279,2023,12,19,3,3,101,116,2900702,67,9,0,3,2
45279,2023,12,19,3,3,222,"205,9",2304350,83,20,0,6,1
45279,2023,12,19,3,3,101,34,3555406,52,12,0,3,3
45279,2023,12,19,3,3,376,379,4110078,52,7,0,2,2
45279,2023,12,19,3,3,343,"438,7",2205540,67,12,1,5,2
45279,2023,12,19,3,3,116,361,3529906,65,12,0,4,4
45279,2023,12,19,3,3,423,77,2200202,67,20,0,3,1
45279,2023,12,19,3,3,116,"126,7",3508504,67,12,1,2,2
45279,2023,12,19,3,3,381,"618,7",3145604,67,12,1,2,2
45268,2023,12,8,6,4,163,154,3546900,11,21,0,1,1
45279,2023,12,19,3,4,101,501,2914802,65,12,0,3,3
45279,2023,12,19,3,3,116,136,3549904,11,12,1,3,3
45279,2023,12,19,3,3,153,"1,4",4303004,1,11,1,2,2
45279,2023,12,19,3,4,101,139,3300936,16,12,0,3,2
45279,2023,12,19,3,4,230,58,2504900,4,20,0,1,1
45279,2023,12,19,3,4,116,"322,7",3526209,67,21,1,1,1
45279,2023,12,19,3,4,70,155,4108502,67,12,1,2,2
45279,2023,12,19,3,2,280,"239,9",4203808,11,11,0,4,3
45279,2023,12,19,3,4,101,"24,8",2703809,75,20,1,2,1
45279,2023,12,19,3,4,316,"2,5",2211001,16,12,1,2,2
45280,2023,12,20,4,1,60,"273,7",5211701,18,12,0,4,2
45279,2023,12,19,3,4,476,"241,2",4113205,11,21,0,1,1
45280,2023,12,20,4,1,343,1,2211001,20,9,1,3,2
45280,2023,12,20,4,1,251,"427,2",3127800,11,20,0,1,1
45280,2023,12,20,4,1,232,103,2601904,9,1,0,3,3
45280,2023,12,20,4,1,101,"45,8",4209102,83,12,0,2,2
45280,2023,12,20,4,1,116,"143,9",2513158,67,9,0,5,2
45280,2023,12,20,4,1,280,"237,1",4203808,80,10,0,2,2
45280,2023,12,20,4,1,277,295,4120606,11,20,0,2,1
45280,2023,12,20,4,1,116,558,3505401,67,12,0,2,2
45280,2023,12,20,4,1,470,2,4211306,11,20,1,1,1
45279,2023,12,19,3,4,470,79,4207502,49,10,0,2,2
45280,2023,12,20,4,2,476,"167,5",4106209,18,10,0,4,3
45280,2023,12,20,4,2,259,"6,6",3203130,67,10,0,2,2
45280,2023,12,20,4,2,70,84,4108502,21,21,0,1,1
45161,2023,8,23,4,2,470,"262,5",4316501,67,12,0,2,2
45280,2023,12,20,4,2,381,482,3106705,52,9,1,2,2
45280,2023,12,20,4,2,101,"52,9",2910503,16,12,0,4,2
45269,2023,12,9,7,3,110,7,2924009,67,1,0,4,4
45186,2023,9,17,1,1,101,288,2918803,80,7,0,2,2
45280,2023,12,20,4,2,101,"72,8",2110203,11,20,0,1,1
45235,2023,11,5,1,4,80,48,5215603,11,12,0,2,2
45280,2023,12,20,4,2,381,5,3106705,1,9,0,2,2
45250,2023,11,20,2,2,101,114,4208203,78,9,0,4,4
45280,2023,12,20,4,2,153,"515,6",5201405,19,12,1,2,2
45280,2023,12,20,4,2,20,32,5208004,1,9,1,4,2
45280,2023,12,20,4,2,381,501,3106705,16,12,0,2,2
45280,2023,12,20,4,2,40,482,3167202,18,12,0,3,2
45280,2023,12,20,4,2,20,177,5200803,15,21,1,1,1
45280,2023,12,20,4,3,153,"515,5",5201405,36,12,1,2,2
45208,2023,10,9,2,4,60,9,5219753,86,2,0,2,2
45280,2023,12,20,4,2,262,"568,3",3119807,80,10,0,2,2
45280,2023,12,20,4,2,163,923,5104559,52,11,0,4,2
45280,2023,12,20,4,2,364,356,5107800,67,21,0,2,1
45280,2023,12,20,4,2,226,"103,7",2103000,18,12,0,2,2
45280,2023,12,20,4,2,230,143,2504009,52,4,0,1,1
45280,2023,12,20,4,3,116,"246,8",4209300,44,12,1,4,4
45280,2023,12,20,4,2,407,"79,6",2917706,82,7,0,4,3
45280,2023,12,20,4,2,242,763,2903201,28,11,0,10,2
45280,2023,12,20,4,3,116,"832,2",2933307,11,12,0,2,2
45280,2023,12,20,4,3,116,230,3550308,52,9,1,3,3
45280,2023,12,20,4,3,364,"190,5",1100189,67,20,0,1,1
45280,2023,12,20,4,3,158,"545,4",4317103,83,12,0,6,3
45280,2023,12,20,4,3,153,75,5218003,1,11,1,3,3
45280,2023,12,20,4,3,364,10,1100304,67,12,1,2,2
45280,2023,12,20,4,3,116,97,3301850,28,20,0,5,4
45280,2023,12,20,4,3,116,403,2910800,80,11,0,2,2
45280,2023,12,20,4,3,153,258,3529005,18,7,1,2,2
45280,2023,12,20,4,3,153,588,5217104,83,12,0,4,3