id_data,ano,mes,dia,id_dia_semana,periodo,br,km,id_municipio,id_causa_acidente,id_tipo_acidente,id_uso_solo,pessoas,veiculos
45280,2023,12,20,4,3,50,67,3170206,11,9,0,3,3
45280,2023,12,20,4,3,20,"19,8",5208004,67,20,0,1,1
45280,2023,12,20,4,3,40,114,3301702,52,9,1,4,3
45280,2023,12,20,4,3,116,198,3503901,67,12,0,2,2
45280,2023,12,20,4,3,381,"698,8",3138203,52,11,0,2,2
45280,2023,12,20,4,3,101,"198,3",4202305,11,9,1,3,3
45280,2023,12,20,4,3,101,"215,5",4211900,82,12,1,3,2
45280,2023,12,20,4,3,406,171,2312403,11,12,1,2,2
45280,2023,12,20,4,3,381,"940,5",3125101,49,12,1,2,2
45280,2023,12,20,4,2,242,400,2929909,15,20,0,1,1
45280,2023,12,20,4,3,153,"512,5",4108502,49,20,0,1,1
45280,2023,12,20,4,3,163,829,5107909,1,12,1,2,2
45280,2023,12,20,4,3,277,"77,2",4125506,78,21,1,2,2
45280,2023,12,20,4,3,376,303,4115754,65,21,0,1,1
45280,2023,12,20,4,3,153,"112,5",2512200,11,7,1,2,2
45280,2023,12,20,4,3,116,553,3505401,67,12,0,2,2
45204,2023,10,5,5,3,290,76,4309209,52,9,0,2,2
45280,2023,12,20,4,2,101,690,2910727,15,20,0,1,1
45280,2023,12,20,4,4,316,585,2103000,83,20,0,2,1
45280,2023,12,20,4,3,116,171,3304557,52,9,1,3,2
45280,2023,12,20,4,4,376,106,5004700,80,7,0,2,2
45280,2023,12,20,4,4,381,"495,3",3106705,52,9,1,3,2
45280,2023,12,20,4,4,304,"112,4",2400208,2,12,0,3,2
45280,2023,12,20,4,4,116,601,2914208,28,18,0,1,1
45280,2023,12,20,4,4,316,"208,4",2104651,35,2,1,2,2
45280,2023,12,20,4,3,423,"77,5",2608255,28,18,0,1,1
45280,2023,12,20,4,4,116,71,3305802,18,7,1,5,2
45281,2023,12,21,5,1,163,106,5004601,49,20,0,1,1
45281,2023,12,21,5,1,20,"10,4",5300108,11,4,1,2,1
45281,2023,12,21,5,1,376,"359,9",4117305,80,10,0,2,2
45281,2023,12,21,5,1,70,8,5300108,11,12,0,10,2
45281,2023,12,21,5,1,101,149,2703759,83,4,0,1,1
45281,2023,12,21,5,1,230,1,2101509,80,7,1,2,2
45281,2023,12,21,5,2,153,68,3549805,16,12,1,2,2
45281,2023,12,21,5,1,364,467,1100601,11,20,0,1,1
45281,2023,12,21,5,2,381,484,3106705,11,9,1,2,2
45281,2023,12,21,5,2,277,"495,2",4109302,20,11,0,5,2
45281,2023,12,21,5,2,101,42,2606804,11,12,1,2,2
45281,2023,12,21,5,2,116,"4,5",2933307,80,20,0,2,2
45281,2023,12,21,5,1,116,142,2310001,82,12,0,2,2
45281,2023,12,21,5,1,116,202,3304144,60,2,0,2,2
45281,2023,12,21,5,1,116,"715,7",3143906,83,7,0,64,2
45281,2023,12,21,5,2,101,883,2931350,1,11,0,2,2
45281,2023,12,21,5,1,364,"16,4",1100304,20,11,1,2,2
45271,2023,12,11,2,3,153,"118,2",2512200,67,12,0,3,3
45281,2023,12,21,5,2,262,"623,5",5005608,18,7,0,2,2
45281,2023,12,21,5,2,316,"156,1",2706307,67,11,0,2,2
45281,2023,12,21,5,2,101,"208,3",4216602,56,12,1,3,3
45281,2023,12,21,5,2,101,"188,8",2801702,4,4,0,3,1
45280,2023,12,20,4,3,163,995,5108055,3,20,0,1,1
45273,2023,12,13,4,2,101,"215,8",4211900,16,9,1,2,2
45281,2023,12,21,5,2,364,425,1100114,36,12,1,2,2
45281,2023,12,21,5,2,101,308,3304904,18,4,0,2,1
45281,2023,12,21,5,2,470,"185,3",4213708,67,20,0,2,1
45280,2023,12,20,4,3,40,114,3301702,16,9,1,3,2
45189,2023,9,20,4,4,153,607,2308906,67,12,0,26,2
45281,2023,12,21,5,2,277,"382,2",4104428,20,11,0,5,3
45281,2023,12,21,5,2,376,640,4127601,11,15,0,9,8
45281,2023,12,21,5,2,471,"666,7",4317301,52,21,0,1,1
45281,2023,12,21,5,2,40,"1,6",5221858,16,15,1,4,4
45281,2023,12,21,5,2,163,747,5107925,67,9,1,3,2
45281,2023,12,21,5,2,163,699,5107925,67,7,0,30,2
45274,2023,12,14,5,1,116,232,3304003,11,4,0,1,1
45281,2023,12,21,5,2,116,128,3302502,16,12,1,3,3
45281,2023,12,21,5,2,116,39,4104006,67,20,0,1,1
45281,2023,12,21,5,3,116,"814,1",3101508,1,21,0,4,3
45279,2023,12,19,3,3,232,30,2609402,2,9,0,2,2
45226,2023,10,27,6,1,364,261,5105200,11,12,0,3,3
45281,2023,12,21,5,3,381,365,3161908,80,10,0,3,2
45281,2023,12,21,5,3,262,"359,9",3106705,1,20,0,2,2
45281,2023,12,21,5,2,116,312,3549953,11,20,0,1,1
45281,2023,12,21,5,3,262,"112,7",3205069,80,7,0,3,3
45281,2023,12,21,5,2,282,"137,2",4202602,83,21,0,1,1
45281,2023,12,21,5,2,277,"454,2",4113304,33,11,1,3,2
45281,2023,12,21,5,3,40,"736,9",3160702,13,11,0,6,2
45281,2023,12,21,5,3,116,310,3132701,67,21,0,1,1
45281,2023,12,21,5,2,70,517,2211407,33,9,1,2,2
45281,2023,12,21,5,3,290,"141,8",4306767,80,7,1,6,4
45281,2023,12,21,5,3,40,568,3144805,80,10,0,5,4
45281,2023,12,21,5,3,40,"823,4",3167509,18,12,0,2,2
45281,2023,12,21,5,2,316,254,2204709,16,12,0,6,3
45281,2023,12,21,5,3,101,"216,3",4211900,28,15,1,5,4
45281,2023,12,21,5,3,153,"688,8",1703867,16,12,0,10,3
45281,2023,12,21,5,3,222,624,2100055,80,10,0,2,2
45281,2023,12,21,5,2,116,"696,4",2918001,83,21,0,1,1
45281,2023,12,21,5,3,101,228,3202207,67,21,1,3,2
45281,2023,12,21,5,3,251,317,3157005,1,11,0,6,2
45281,2023,12,21,5,3,232,53,2616407,83,21,0,1,1
45281,2023,12,21,5,3,153,495,5208707,11,4,1,1,1
45281,2023,12,21,5,3,369,379,4114005,11,12,0,3,2
45281,2023,12,21,5,3,101,421,2912707,83,11,0,7,2
45281,2023,12,21,5,3,262,"466,9",3107406,83,20,0,2,1
45281,2023,12,21,5,2,101,623,2920908,6,10,0,2,2
45281,2023,12,21,5,3,101,129,4203204,83,7,1,2,2
45281,2023,12,21,5,3,369,235,2502300,44,12,0,2,2
45281,2023,12,21,5,3,376,"181,8",4115200,52,9,1,4,4
45281,2023,12,21,5,4,101,234,3202207,64,7,0,2,2
45281,2023,12,21,5,3,101,246,2908309,67,20,0,1,1
45281,2023,12,21,5,3,101,328,3303302,30,21,0,1,1
45281,2023,12,21,5,4,262,250,5007109,9,1,0,5,2
45281,2023,12,21,5,3,40,235,3161700,67,21,0,2,2
45281,2023,12,21,5,4,369,"166,3",4103701,33,11,0,2,2
45281,2023,12,21,5,4,262,9,5008305,11,12,0,2,2
45281,2023,12,21,5,4,316,266,2601607,49,7,0,2,2
45281,2023,12,21,5,4,277,10,4118204,52,9,0,2,2
45281,2023,12,21,5,4,153,200,5221601,20,11,1,2,2
45281,2023,12,21,5,3,163,557,1508050,67,3,0,3,1
45281,2023,12,21,5,3,267,360,5005400,48,2,0,3,2
45281,2023,12,21,5,4,101,165,2402204,16,12,0,2,2
45282,2023,12,22,6,1,277,"65,7",4125506,67,15,0,3,3
45282,2023,12,22,6,1,101,25,3201605,1,12,0,4,2
45282,2023,12,22,6,1,101,"114,2",4208203,11,12,1,3,3
45282,2023,12,22,6,1,116,348,3529906,83,4,0,1,1
45282,2023,12,22,6,1,381,"702,1",3138203,11,20,0,4,2
45282,2023,12,22,6,1,316,287,2203404,82,7,0,3,2
45282,2023,12,22,6,1,101,352,4208807,1,12,0,3,2
45281,2023,12,21,5,4,135,145,2106631,1,11,0,6,2
45281,2023,12,21,5,4,267,"249,3",3114808,83,21,0,1,1
45282,2023,12,22,6,1,386,"29,9",4308508,80,10,1,2,2
45282,2023,12,22,6,1,364,"349,5",5107800,67,21,0,4,1
45281,2023,12,21,5,4,251,442,3127800,61,2,1,2,2
45282,2023,12,22,6,1,381,"670,7",3149903,11,12,0,3,2
45282,2023,12,22,6,2,262,147,3202454,18,10,0,3,2
45282,2023,12,22,6,2,116,592,3162559,11,21,0,2,1
45282,2023,12,22,6,2,235,"5,6",2804805,28,11,1,4,2
45282,2023,12,22,6,2,369,"19,1",4103602,49,10,1,5,5
45281,2023,12,21,5,1,104,"150,2",2512507,67,4,0,1,1
45282,2023,12,22,6,2,101,"269,3",3205002,16,12,1,2,2
45282,2023,12,22,6,2,116,512,3509254,83,21,0,1,1
45282,2023,12,22,6,2,101,"137,2",2401206,15,21,0,1,1
45244,2023,11,14,3,4,50,166,3170107,11,12,0,3,2
45282,2023,12,22,6,2,392,194,4317004,67,21,0,2,2
45282,2023,12,22,6,2,163,816,5107909,1,11,1,5,2
45282,2023,12,22,6,2,40,"641,8",3118304,52,4,0,4,3
45282,2023,12,22,6,2,116,407,3127701,18,7,1,3,2
45282,2023,12,22,6,2,381,"803,6",3162005,28,4,0,1,1
45282,2023,12,22,6,2,386,"340,9",1712009,67,12,1,6,6
45282,2023,12,22,6,2,343,335,2211001,16,12,0,3,2
45282,2023,12,22,6,2,116,271,3306305,83,9,1,2,2
45282,2023,12,22,6,2,470,"64,4",4207502,11,12,1,2,2
45282,2023,12,22,6,3,20,378,2303709,1,11,0,10,3
45282,2023,12,22,6,3,369,156,4113700,83,15,1,8,3
45282,2023,12,22,6,2,369,62,4102406,67,7,0,2,2
45282,2023,12,22,6,2,316,"475,7",2103307,67,20,0,2,1
45282,2023,12,22,6,2,110,240,2923100,2,20,0,5,2
45282,2023,12,22,6,3,381,"932,5",3125101,83,4,0,1,1
45282,2023,12,22,6,3,116,99,4125506,67,12,0,4,2
45282,2023,12,22,6,3,290,648,4322400,80,10,0,2,2
45282,2023,12,22,6,3,259,26,3201506,80,7,0,4,3
45242,2023,11,12,1,2,364,117,5100409,3,20,0,1,1
45282,2023,12,22,6,3,116,"125,8",4107652,67,11,1,6,3
45282,2023,12,22,6,3,116,222,3518800,11,12,0,3,3
45282,2023,12,22,6,3,376,273,4114906,52,9,0,3,2
45282,2023,12,22,6,3,386,443,4304606,28,4,1,1,1
45282,2023,12,22,6,4,101,156,4208302,49,9,0,2,2
45282,2023,12,22,6,3,101,80,3301009,81,11,0,3,2
45282,2023,12,22,6,3,242,716,2909703,16,15,1,5,3
45282,2023,12,22,6,4,230,"43,5",2110203,60,2,0,2,2
45282,2023,12,22,6,3,354,10,3304201,67,10,0,3,2
45282,2023,12,22,6,3,116,"272,1",3300407,67,15,1,6,5
45282,2023,12,22,6,3,470,245,4204806,11,12,0,3,3
45282,2023,12,22,6,4,316,75,1507409,1,20,0,2,2
45282,2023,12,22,6,3,174,558,1400100,29,10,0,3,2
45282,2023,12,22,6,4,381,22,3507605,64,4,1,1,1
45282,2023,12,22,6,4,324,438,2926301,67,12,1,2,2
45282,2023,12,22,6,4,324,364,2906873,28,7,0,3,2
45282,2023,12,22,6,4,153,508,5201405,28,21,0,2,1
45282,2023,12,22,6,2,116,347,3529906,50,9,0,2,2
45282,2023,12,22,6,3,116,"272,3",3300407,16,15,1,4,3
45282,2023,12,22,6,4,116,"317,3",3132701,82,10,0,4,2
45283,2023,12,23,7,1,116,264,4304606,18,12,1,7,3
45283,2023,12,23,7,1,277,"671,9",4115804,67,12,1,2,2
45283,2023,12,23,7,1,277,39,4116208,65,9,0,3,3
45283,2023,12,23,7,1,101,448,2902401,82,20,0,5,2
45283,2023,12,23,7,1,116,366,2413508,80,7,0,3,2
45283,2023,12,23,7,1,116,198,3503901,67,12,0,3,2
45283,2023,12,23,7,1,381,512,3130101,1,9,1,3,2
45283,2023,12,23,7,1,153,124,3515301,1,11,0,4,2
45283,2023,12,23,7,1,101,204,4216602,82,12,1,3,3
45283,2023,12,23,7,1,381,"526,3",3109006,15,21,0,3,2
45281,2023,12,21,5,2,116,408,3526100,11,2,0,2,2
45283,2023,12,23,7,2,135,"351,3",2201903,65,4,1,3,3
45283,2023,12,23,7,1,393,222,3306206,18,10,0,6,2
45283,2023,12,23,7,2,232,485,2616100,80,10,0,2,2
45157,2023,8,19,7,3,470,261,4316501,67,7,0,2,2
45283,2023,12,23,7,2,376,"15,8",4115200,18,12,1,3,3
45283,2023,12,23,7,2,116,"5,6",4210100,1,11,1,3,2
45283,2023,12,23,7,2,20,40,5300108,28,21,0,2,1
45283,2023,12,23,7,2,116,579,2922805,29,21,0,1,1
45283,2023,12,23,7,2,476,"161,1",4101804,28,15,0,7,3
45283,2023,12,23,7,2,470,"70,3",4207502,20,7,1,4,3
45224,2023,10,25,4,2,364,601,1101104,52,9,0,3,2
45283,2023,12,23,7,2,101,"99,7",4212809,81,9,0,2,2
45283,2023,12,23,7,2,153,"500,7",4108502,83,10,0,10,6
45283,2023,12,23,7,3,116,281,3522208,78,9,1,2,2
45266,2023,12,6,4,3,407,28,2918407,11,2,0,2,2
45283,2023,12,23,7,2,116,496,2513802,82,7,0,2,2
45283,2023,12,23,7,3,364,46,1100304,16,12,0,4,2
45283,2023,12,23,7,2,40,205,3136306,67,7,0,4,2
45283,2023,12,23,7,3,365,"118,3",3135605,83,4,0,5,2
45283,2023,12,23,7,2,280,153,4210100,67,7,0,4,2
45283,2023,12,23,7,3,376,"324,9",4117305,64,11,0,6,2
45283,2023,12,23,7,3,70,293,5107008,16,11,0,4,3
45283,2023,12,23,7,2,476,253,4101309,18,20,0,1,1
45283,2023,12,23,7,3,40,"513,8",3154606,11,20,0,6,3
45283,2023,12,23,7,3,116,358,3529906,83,4,0,2,1
45283,2023,12,23,7,3,365,"635,1",3170206,11,12,0,6,3
45283,2023,12,23,7,3,163,"148,3",5005707,82,9,0,4,3
45283,2023,12,23,7,3,251,334,3127073,67,7,0,6,2
45283,2023,12,23,7,3,369,"156,1",4113700,67,12,0,3,2
45283,2023,12,23,7,3,40,"462,4",3167202,64,20,0,3,1
45283,2023,12,23,7,2,476,"178,7",4106209,83,21,0,2,2
45283,2023,12,23,7,3,10,166,1505502,28,18,1,1,1
45283,2023,12,23,7,4,277,"36,2",4116208,83,4,0,6,3
45283,2023,12,23,7,3,242,257,2903805,83,20,0,1,1
45283,2023,12,23,7,3,386,"305,7",4315131,16,12,0,6,2
45283,2023,12,23,7,3,10,201,2109551,35,2,0,2,2
45283,2023,12,23,7,4,101,219,4211900,11,4,1,3,3
45283,2023,12,23,7,4,101,55,3204906,11,7,0,6,3
45283,2023,12,23,7,3,153,362,5211800,1,11,0,2,2
45283,2023,12,23,7,4,277,"117,5",4104204,61,2,1,2,2
45283,2023,12,23,7,4,316,"19,2",2211001,60,2,0,2,2
45283,2023,12,23,7,4,20,"26,9",2310308,80,7,0,2,2
45283,2023,12,23,7,4,163,492,2401305,1,11,1,2,2
45283,2023,12,23,7,3,262,15,5008305,16,9,0,3,2
45283,2023,12,23,7,4,153,356,5211800,1,11,1,3,2
45283,2023,12,23,7,4,364,355,5213103,11,21,0,1,1
45283,2023,12,23,7,4,262,558,3119807,80,10,0,2,2
45284,2023,12,24,1,1,226,26,1713809,49,10,0,2,2
45283,2023,12,23,7,4,230,194,2207009,80,7,1,2,2
45283,2023,12,23,7,4,101,"278,6",4207304,11,12,0,2,2
45284,2023,12,24,1,1,316,"128,5",1505007,80,7,0,8,2
45284,2023,12,24,1,1,153,364,4122008,80,9,1,4,2
45284,2023,12,24,1,2,101,63,2806107,80,10,0,2,2
45284,2023,12,24,1,1,116,565,2922805,82,10,0,5,2
45284,2023,12,24,1,1,407,119,2930105,80,7,0,2,2
45283,2023,12,23,7,4,163,248,3169109,20,11,0,2,2
45284,2023,12,24,1,1,365,"74,6",3135605,18,20,0,1,1
45283,2023,12,23,7,3,487,86,5004601,67,20,0,1,1
45284,2023,12,24,1,1,316,107,2110039,18,20,1,6,5
45284,2023,12,24,1,2,40,"459,4",3109907,14,21,0,1,1
45284,2023,12,24,1,2,116,304,2902104,83,7,0,6,3
45284,2023,12,24,1,2,163,239,3169109,52,4,0,3,2
45284,2023,12,24,1,3,101,"77,8",2611606,83,4,1,1,1
45284,2023,12,24,1,3,60,"91,9",5201108,49,20,1,1,1
45284,2023,12,24,1,3,153,217,3127107,28,20,0,1,1
45284,2023,12,24,1,4,163,308,1505031,80,7,0,6,2
45284,2023,12,24,1,4,316,404,2205953,1,7,0,2,2
45284,2023,12,24,1,4,40,462,3167202,14,21,0,2,1
45284,2023,12,24,1,4,282,"444,3",4213401,1,11,0,3,2
45285,2023,12,25,2,1,222,"69,4",2312403,12,9,0,4,2
45285,2023,12,25,2,2,101,180,2709152,83,21,0,1,1
45285,2023,12,25,2,2,101,"108,5",3205010,18,20,0,1,1
45285,2023,12,25,2,2,153,245,5220157,85,7,0,2,2
45269,2023,12,9,7,2,381,358,3136207,1,21,1,2,2
45285,2023,12,25,2,3,262,"406,5",3147105,28,12,0,4,2
45285,2023,12,25,2,2,116,159,2906824,67,21,0,1,1
45285,2023,12,25,2,3,70,"1,7",5101803,11,12,1,3,2
45282,2023,12,22,6,1,101,378,4207007,18,12,0,3,3
45285,2023,12,25,2,3,101,269,3205002,17,11,1,3,2
45285,2023,12,25,2,3,364,621,5103502,80,7,0,2,2
45285,2023,12,25,2,3,376,"326,6",4117305,67,20,0,1,1
45285,2023,12,25,2,4,232,412,2613909,9,1,0,2,1
45285,2023,12,25,2,4,232,"227,3",2610905,80,7,0,2,2
45285,2023,12,25,2,4,381,485,3106705,28,9,1,2,2
45285,2023,12,25,2,4,423,"58,2",2608800,9,15,0,11,3
45285,2023,12,25,2,4,153,"638,5",2308906,18,12,0,2,2
45286,2023,12,26,3,1,101,914,2923001,14,4,0,2,2
45286,2023,12,26,3,1,104,119,2610202,28,3,0,1,1
45286,2023,12,26,3,1,364,"369,4",5107800,18,20,0,1,1
45286,2023,12,26,3,1,101,"51,8",2702801,65,18,0,2,1
45286,2023,12,26,3,2,116,4,2304400,78,9,1,3,3
45286,2023,12,26,3,2,101,"210,4",4211900,16,11,0,2,2
45286,2023,12,26,3,2,230,"173,3",2504009,67,12,0,3,2
45286,2023,12,26,3,2,116,176,3305109,67,15,1,6,6
45286,2023,12,26,3,2,116,"172,8",3305109,18,12,1,2,2
45285,2023,12,25,2,4,222,"452,9",2110005,80,7,0,3,2
45286,2023,12,26,3,2,316,"5,5",2211001,60,2,1,2,2
45286,2023,12,26,3,2,493,97,3305554,28,18,0,1,1
45286,2023,12,26,3,3,116,"211,1",4213302,28,21,0,3,3
45286,2023,12,26,3,2,470,"175,2",4322806,16,9,1,2,2
45286,2023,12,26,3,3,232,6,2611606,16,12,1,4,3
45286,2023,12,26,3,2,280,"183,3",4210100,83,15,0,12,5
45286,2023,12,26,3,3,316,5,2211001,11,12,1,2,2
45286,2023,12,26,3,2,116,360,3529906,28,15,0,5,5
45286,2023,12,26,3,2,381,782,3110905,28,18,0,1,1
45286,2023,12,26,3,3,116,"69,2",2500775,64,15,1,12,4
45286,2023,12,26,3,2,381,384,3161908,21,10,0,4,3
45286,2023,12,26,3,2,285,146,4312617,67,10,0,3,2
45286,2023,12,26,3,3,280,139,4215000,80,10,1,4,2
45262,2023,12,2,7,4,381,"157,9",3127701,18,7,0,2,2
45286,2023,12,26,3,3,472,144,4321808,82,7,0,4,4
45286,2023,12,26,3,2,282,"633,7",4204905,28,21,0,1,1
45286,2023,12,26,3,4,386,"246,4",2516102,19,10,1,6,3
45286,2023,12,26,3,3,356,42,3302205,11,7,0,6,3
45286,2023,12,26,3,4,381,449,2110005,30,4,0,1,1
45286,2023,12,26,3,4,116,363,3529906,11,18,0,1,1
45286,2023,12,26,3,4,153,429,1713205,80,10,0,2,2
45286,2023,12,26,3,4,101,47,2803302,11,12,0,2,2
45286,2023,12,26,3,4,251,"316,7",3157005,11,20,0,1,1
45274,2023,12,14,5,4,364,702,1100205,28,18,0,1,1
45286,2023,12,26,3,3,251,"235,4",3157377,80,10,0,3,3
45287,2023,12,27,4,1,101,"207,3",4216602,11,12,1,7,3
45287,2023,12,27,4,1,381,796,3162005,18,4,0,1,1
45287,2023,12,27,4,1,101,58,4201307,67,12,0,3,3
45286,2023,12,26,3,3,101,33,3301009,1,11,1,2,2
45286,2023,12,26,3,4,381,"544,3",3133709,28,18,0,1,1
45218,2023,10,19,5,4,230,"27,8",2507507,11,15,1,6,5
45286,2023,12,26,3,4,381,448,3156700,52,21,0,2,2
45287,2023,12,27,4,1,316,108,2609907,80,7,0,2,2
45287,2023,12,27,4,1,376,502,4119905,51,9,0,3,3
45287,2023,12,27,4,2,116,"18,8",3526605,83,2,0,2,2
45287,2023,12,27,4,2,116,"18,8",3526605,83,4,0,4,3
45287,2023,12,27,4,2,116,27,2301000,11,9,1,2,2
45287,2023,12,27,4,2,50,32,3103504,11,12,0,3,2
45287,2023,12,27,4,2,116,"514,3",3509254,67,21,0,1,1
45287,2023,12,27,4,2,230,148,2504009,52,9,1,2,2
45287,2023,12,27,4,2,116,104,4125506,11,9,0,2,2
45287,2023,12,27,4,2,101,272,3205002,52,12,0,3,3
45287,2023,12,27,4,2,50,124,3170107,52,9,0,3,2
45287,2023,12,27,4,1,40,86,3303906,65,12,0,22,2
45287,2023,12,27,4,2,381,362,3161908,83,3,0,1,1
45268,2023,12,8,6,2,476,"143,5",4106902,83,21,1,1,1
45251,2023,11,21,3,3,376,"510,1",4119905,11,20,0,2,2
45287,2023,12,27,4,2,364,"388,9",5107800,67,11,0,4,2
45287,2023,12,27,4,2,116,279,3300407,52,9,0,3,2
45279,2023,12,19,3,2,267,"216,4",5006002,28,18,0,1,1
45187,2023,9,18,2,2,354,"731,1",3152600,83,20,0,1,1
45274,2023,12,14,5,1,40,15,5212501,11,20,1,3,2
45287,2023,12,27,4,3,116,"212,9",3115458,67,9,0,8,3
45279,2023,12,19,3,2,251,362,3127800,82,10,0,4,4
45287,2023,12,27,4,3,324,551,2901106,51,12,0,6,3
45287,2023,12,27,4,3,364,325,5218102,82,21,0,1,1
45287,2023,12,27,4,3,290,"311,2",4302808,82,20,0,1,1
45287,2023,12,27,4,3,116,45,2309607,1,12,0,3,2
45287,2023,12,27,4,3,381,"665,9",3149903,12,12,0,4,2
45287,2023,12,27,4,3,316,308,2208007,35,2,1,2,2
45287,2023,12,27,4,3,407,78,2917706,28,18,1,1,1
45287,2023,12,27,4,3,304,40,2301109,1,11,0,3,2
45231,2023,11,1,4,2,304,"123,7",2404853,28,18,0,1,1
45287,2023,12,27,4,2,262,"492,1",3142403,83,11,0,3,2
45175,2023,9,6,4,4,381,"481,5",3118601,52,9,1,2,2
45287,2023,12,27,4,3,230,436,2500775,28,18,0,1,1
45287,2023,12,27,4,3,262,189,3127107,11,21,0,1,1
45287,2023,12,27,4,4,116,122,3302502,46,12,1,1,1
45287,2023,12,27,4,4,381,852,3152501,67,12,0,4,3
45287,2023,12,27,4,4,406,150,2402600,80,7,1,2,2
45288,2023,12,28,5,1,101,"407,9",3202801,11,20,0,1,1
45287,2023,12,27,4,4,304,"123,3",2404853,9,1,0,3,2
45288,2023,12,28,5,1,153,515,1716109,28,12,0,5,2
45287,2023,12,27,4,4,407,"74,2",2611101,83,21,0,2,1
45288,2023,12,28,5,1,116,"43,8",3509957,18,12,0,2,2
45287,2023,12,27,4,4,262,"39,7",5008305,28,18,0,1,1
45287,2023,12,27,4,4,262,"426,5",3161809,11,12,0,2,2
45288,2023,12,28,5,1,116,"88,5",3538006,44,12,0,4,3
45288,2023,12,28,5,1,285,"323,6",4314100,28,18,0,1,1
45288,2023,12,28,5,1,153,158,1702109,80,7,0,10,4
45288,2023,12,28,5,2,60,29,5200308,11,12,0,2,2
45287,2023,12,27,4,3,163,559,5103502,3,21,0,4,1
45288,2023,12,28,5,1,40,52,3303906,18,12,0,3,2
45288,2023,12,28,5,2,277,11,4118204,11,9,1,2,2
45288,2023,12,28,5,1,316,72,2206407,11,20,0,2,1
45288,2023,12,28,5,2,116,276,3168606,12,21,1,2,2
45288,2023,12,28,5,2,262,560,5005608,33,11,1,6,2
45288,2023,12,28,5,2,235,52,2506905,1,11,0,3,2
45288,2023,12,28,5,2,381,"852,2",3152501,11,12,1,2,2
45288,2023,12,28,5,2,101,383,3304557,67,21,1,2,1
45288,2023,12,28,5,2,116,439,2910800,16,12,0,6,2
45273,2023,12,13,4,1,163,837,5007935,11,20,0,1,1
45288,2023,12,28,5,2,40,"614,1",3118007,72,12,0,5,3
45288,2023,12,28,5,2,163,388,5107800,16,12,0,2,2
45288,2023,12,28,5,2,116,27,4104006,52,9,0,3,3
45288,2023,12,28,5,2,285,"298,5",4314100,1,11,1,3,2
45288,2023,12,28,5,2,40,80,3147006,80,10,0,3,2
45288,2023,12,28,5,2,116,"833,8",2933307,16,15,0,5,4
45288,2023,12,28,5,2,101,"277,9",3205002,1,11,0,3,2
45288,2023,12,28,5,2,381,83,3550308,16,9,1,2,2
45288,2023,12,28,5,2,277,436,4128658,83,21,0,1,1
45288,2023,12,28,5,3,116,313,2902104,1,11,0,2,2
45288,2023,12,28,5,3,101,"309,6",2112803,1,12,0,5,3
45288,2023,12,28,5,2,10,"176,5",1505502,83,21,0,3,1
45288,2023,12,28,5,3,470,56,4202404,16,12,0,3,3
45280,2023,12,20,4,3,116,"405,9",2910800,67,12,1,2,2
45288,2023,12,28,5,3,381,"897,9",3110608,83,12,0,4,4
45288,2023,12,28,5,3,277,102,4106902,52,3,0,2,2
45288,2023,12,28,5,2,262,"592,6",3111507,67,20,0,1,1
45288,2023,12,28,5,3,381,71,3550308,16,15,0,4,2
45288,2023,12,28,5,3,222,"307,6",2313401,11,4,0,1,1
45288,2023,12,28,5,3,381,"783,5",3162005,52,20,0,2,2
45288,2023,12,28,5,3,277,584,2303501,1,9,0,2,2
45288,2023,12,28,5,3,356,157,3301009,72,11,0,2,2
45288,2023,12,28,5,4,386,"337,5",4312054,1,11,0,3,2
45288,2023,12,28,5,3,163,"816,6",5107909,1,11,0,4,2
45288,2023,12,28,5,4,423,64,2603306,67,21,1,1,1
45288,2023,12,28,5,4,381,"185,5",3149952,1,11,0,3,3
45288,2023,12,28,5,4,163,"89,9",3128204,80,10,0,5,3
45288,2023,12,28,5,4,376,346,4117305,83,20,0,1,1
45288,2023,12,28,5,4,101,52,4321436,1,9,0,3,3
45288,2023,12,28,5,3,316,266,2109908,80,10,0,2,2
45288,2023,12,28,5,4,376,644,4127601,83,21,0,3,1
45288,2023,12,28,5,4,101,"289,9",3201308,49,11,1,3,3
45289,2023,12,29,6,1,153,396,1718709,16,12,1,9,2
45288,2023,12,28,5,3,174,217,5106828,83,21,0,4,1
45289,2023,12,29,6,1,262,"563,3",3119807,18,20,0,1,1
45289,2023,12,29,6,1,116,511,3509254,67,21,0,1,1
45289,2023,12,29,6,1,381,"413,5",1101435,18,4,0,7,3
45289,2023,12,29,6,1,116,"44,7",4322509,11,20,0,2,1
45289,2023,12,29,6,1,262,"197,7",5007109,11,12,0,6,2