id_data,ano,mes,dia,id_dia_semana,periodo,br,km,id_municipio,id_causa_acidente,id_tipo_acidente,id_uso_solo,pessoas,veiculos
44927,2023,1,1,1,3,116,"560,7",3505401,11,3,0,2,1
44927,2023,1,1,1,3,101,"309,8",4209409,13,4,1,2,1
44927,2023,1,1,1,3,101,"188,2",4202305,16,12,1,3,3
44927,2023,1,1,1,3,116,210,3518800,67,12,1,5,2
44927,2023,1,1,1,3,242,753,2909703,52,12,0,3,2
44927,2023,1,1,1,3,280,232,4203808,67,20,1,1,1
44927,2023,1,1,1,3,116,"378,5",3529906,11,4,0,5,1
44927,2023,1,1,1,3,116,463,3536208,2,9,0,2,2
44927,2023,1,1,1,3,262,"380,4",5008008,7,21,0,1,1
44927,2023,1,1,1,3,163,"56,3",5107602,4,20,0,2,1
44927,2023,1,1,1,3,343,326,2211001,11,12,0,2,2
44927,2023,1,1,1,3,116,73,4120804,83,20,1,2,1
44927,2023,1,1,1,3,277,10,4118204,16,12,0,3,3
44927,2023,1,1,1,3,101,73,2705200,67,3,1,1,1
44927,2023,1,1,1,3,101,137,4202008,16,12,1,2,2
44927,2023,1,1,1,4,101,66,2403608,49,9,0,2,2
44927,2023,1,1,1,3,365,161,3151206,11,20,0,1,1
44927,2023,1,1,1,3,104,148,2512507,1,11,0,2,2
44927,2023,1,1,1,4,40,509,3154606,16,12,1,2,2
44927,2023,1,1,1,3,277,"36,8",4116208,67,12,0,3,2
44927,2023,1,1,1,4,40,5,5221858,49,11,1,2,2
44927,2023,1,1,1,4,277,"713,3",4124053,67,12,0,3,2
44927,2023,1,1,1,3,365,"402,3",3148004,1,11,0,4,2
44927,2023,1,1,1,3,373,444,4105409,49,11,0,2,2
44927,2023,1,1,1,3,110,"367,5",2907509,82,12,0,2,2
44927,2023,1,1,1,4,230,23,2507507,49,4,1,6,2
44927,2023,1,1,1,4,343,"345,1",2211001,61,2,1,2,2
44927,2023,1,1,1,4,101,425,3302007,78,11,1,3,2
44927,2023,1,1,1,3,463,"74,8",5006606,49,4,0,1,1
44927,2023,1,1,1,4,262,"392,7",3147105,83,12,0,2,2
44927,2023,1,1,1,4,487,"177,7",4104303,60,2,1,2,2
44927,2023,1,1,1,4,324,626,2927408,67,4,0,1,1
44927,2023,1,1,1,4,60,255,5209952,9,1,1,2,1
44927,2023,1,1,1,4,70,320,2918506,63,21,1,2,1
44927,2023,1,1,1,4,376,"467,7",4119905,67,9,0,6,2
44927,2023,1,1,1,4,40,"508,7",3154606,78,9,1,3,2
44927,2023,1,1,1,4,101,413,4201406,2,12,1,2,2
44927,2023,1,1,1,4,101,135,4202008,67,15,1,4,4
44927,2023,1,1,1,4,415,"52,2",2914802,49,10,1,2,2
44927,2023,1,1,1,4,393,267,3300308,15,11,0,5,3
44927,2023,1,1,1,2,364,270,5104807,2,11,0,4,2
44927,2023,1,1,1,4,101,"100,7",4212809,82,7,1,2,2
44927,2023,1,1,1,4,60,"79,4",5201108,16,12,1,10,3
44927,2023,1,1,1,4,116,114,3554102,49,20,0,1,1
44927,2023,1,1,1,4,277,"719,5",4108304,61,2,0,4,2
44927,2023,1,1,1,3,116,"41,6",4104006,67,4,0,2,1
44927,2023,1,1,1,4,116,"104,5",3554102,80,10,0,2,2
44927,2023,1,1,1,4,101,"52,2",2510907,67,21,0,2,1
44927,2023,1,1,1,3,373,266,4120606,33,11,1,9,3
44927,2023,1,1,1,3,361,"111,5",2507002,18,4,1,1,1
44927,2023,1,1,1,4,158,152,#N/D,9,1,0,3,1
44927,2023,1,1,1,4,101,57,2510907,11,20,0,1,1
44927,2023,1,1,1,3,40,"18,9",3147006,67,20,0,1,1
44927,2023,1,1,1,4,101,471,2932705,60,2,0,2,2
44927,2023,1,1,1,4,262,"404,6",5008008,9,1,0,4,2
44927,2023,1,1,1,4,116,261,4304606,35,2,1,2,2
44927,2023,1,1,1,4,230,"509,7",2503704,15,20,0,4,1
44927,2023,1,1,1,4,277,17,4118204,11,20,0,1,1
44927,2023,1,1,1,4,232,"51,4",2616407,15,20,1,1,1
44928,2023,1,2,2,1,316,24,1501501,20,11,1,3,2
44928,2023,1,2,2,1,376,"661,6",4127601,49,9,0,3,2
44927,2023,1,1,1,4,262,"658,3",3129509,28,18,0,1,1
44927,2023,1,1,1,3,116,303,2931905,41,20,0,1,1
44928,2023,1,2,2,1,222,"77,6",2312601,18,7,0,4,2
44928,2023,1,2,2,1,101,"239,8",3202207,16,12,0,3,2
44928,2023,1,2,2,1,163,262,5003702,11,20,1,1,1
44928,2023,1,2,2,1,282,"3,4",4205407,49,4,1,1,1
44927,2023,1,1,1,4,287,363,4311106,83,20,0,6,1
44928,2023,1,2,2,1,364,194,5107602,11,21,0,3,1
44928,2023,1,2,2,1,101,296,3301900,13,21,0,2,1
44928,2023,1,2,2,1,153,173,#N/D,28,18,0,1,1
44927,2023,1,1,1,4,40,114,3301702,49,4,1,3,2
44928,2023,1,2,2,1,101,456,3302601,18,4,1,1,1
44928,2023,1,2,2,1,101,176,2401404,4,20,0,3,1
44928,2023,1,2,2,1,135,122,2926202,11,7,0,5,2
44928,2023,1,2,2,1,230,"131,9",2504009,83,20,0,1,1
44928,2023,1,2,2,2,290,595,4300406,52,7,0,5,2
44928,2023,1,2,2,1,158,431,2929255,11,20,0,4,1
44928,2023,1,2,2,2,101,"190,7",4202305,16,12,0,4,4
44928,2023,1,2,2,2,101,526,3300100,51,7,0,2,2
44927,2023,1,1,1,4,470,"87,5",4201703,18,4,1,1,1
44928,2023,1,2,2,2,153,26,4321634,83,20,0,1,1
44928,2023,1,2,2,2,242,495,2923209,18,20,0,2,1
44928,2023,1,2,2,2,116,"164,9",4213351,67,20,0,2,1
44928,2023,1,2,2,1,40,119,3301702,83,20,1,1,1
44928,2023,1,2,2,1,101,305,3304904,16,12,1,5,2
44928,2023,1,2,2,2,153,762,1700707,67,20,1,3,1
44928,2023,1,2,2,2,282,"4,5",4205407,78,9,1,2,2
44928,2023,1,2,2,2,232,"7,8",2611606,16,12,1,2,2
44928,2023,1,2,2,2,101,9,4321501,1,12,1,6,2
44928,2023,1,2,2,2,116,362,2305407,11,2,0,2,2
44928,2023,1,2,2,2,470,67,4207502,20,7,1,3,2
44928,2023,1,2,2,2,101,"287,7",4207304,36,12,0,3,2
44928,2023,1,2,2,2,282,"17,3",4211900,20,11,1,2,2
44928,2023,1,2,2,2,262,"81,7",3201902,13,4,0,5,1
44927,2023,1,1,1,2,101,359,2933505,16,12,1,2,2
44928,2023,1,2,2,2,259,44,3201506,11,20,0,1,1
44927,2023,1,1,1,4,230,15,2507507,83,20,1,1,1
44928,2023,1,2,2,2,153,"50,8",4307005,79,11,1,2,2
44928,2023,1,2,2,2,101,116,2412203,1,9,0,3,2
44928,2023,1,2,2,2,40,590,3131901,11,10,0,3,2
44928,2023,1,2,2,2,282,"388,7",4209003,61,2,0,2,2
44928,2023,1,2,2,2,285,"208,5",4311304,1,11,0,5,2
44928,2023,1,2,2,2,101,"187,3",4202305,67,9,0,2,2
44928,2023,1,2,2,2,116,3,2304400,52,9,1,2,2
44928,2023,1,2,2,2,50,"110,4",3170107,28,20,0,5,1
44928,2023,1,2,2,2,101,86,4313508,11,12,1,3,2
44928,2023,1,2,2,2,40,"665,3",3113206,1,11,0,4,2
44928,2023,1,2,2,2,406,"17,1",2407203,28,20,0,3,1
44928,2023,1,2,2,2,277,"395,8",4104428,1,11,0,5,2
44928,2023,1,2,2,2,101,"207,8",4216602,78,9,1,2,2
44928,2023,1,2,2,2,101,458,3300100,67,11,1,2,2
44928,2023,1,2,2,2,101,"319,2",4212650,67,15,1,9,3
44928,2023,1,2,2,2,153,210,3127107,18,20,0,1,1
44928,2023,1,2,2,2,277,27,4116208,67,12,0,2,1
44928,2023,1,2,2,2,101,"208,3",4216602,67,12,0,3,2
44928,2023,1,2,2,2,381,"439,5",3156700,4,4,1,1,1
44928,2023,1,2,2,2,381,"40,8",3504107,63,21,1,2,1
44928,2023,1,2,2,2,386,"394,7",2516805,52,9,0,5,3
44928,2023,1,2,2,2,101,226,2929602,67,11,0,2,2
44928,2023,1,2,2,3,376,"304,8",4115754,64,4,0,9,3
44928,2023,1,2,2,2,393,238,3306206,1,11,1,4,2
44928,2023,1,2,2,3,262,"592,1",3111507,83,20,0,3,1
44928,2023,1,2,2,3,116,"82,3",3544301,52,3,0,3,2
44928,2023,1,2,2,2,290,89,4314902,52,9,1,5,3
44928,2023,1,2,2,2,364,"174,8",1100189,13,18,0,1,1
44928,2023,1,2,2,3,101,"285,9",3201308,83,4,0,1,1
44928,2023,1,2,2,2,50,"172,4",3170107,16,12,1,2,2
44928,2023,1,2,2,2,40,"706,7",3105608,15,20,0,2,1
44928,2023,1,2,2,3,277,"717,2",4124053,48,20,0,1,1
44928,2023,1,2,2,3,364,"283,6",5104807,67,20,0,3,1
44928,2023,1,2,2,2,232,408,2613909,67,11,0,1,1
44928,2023,1,2,2,3,381,"837,9",3164407,83,20,0,4,1
44928,2023,1,2,2,1,282,"603,8",2704609,9,1,0,1,1
44928,2023,1,2,2,3,101,"373,8",3202603,67,4,0,1,1
44928,2023,1,2,2,2,470,219,4216057,11,7,0,9,3
44928,2023,1,2,2,3,280,45,4206504,16,12,0,2,2
44928,2023,1,2,2,3,101,212,4211900,67,2,1,2,2
44928,2023,1,2,2,3,101,"35,2",3555406,1,11,1,2,2
44928,2023,1,2,2,3,116,"327,3",3302254,49,11,0,2,2
44928,2023,1,2,2,3,116,304,3549953,11,21,0,1,1
44928,2023,1,2,2,3,428,188,2611101,52,9,1,3,2
44928,2023,1,2,2,2,116,22,4104006,15,20,0,5,1
44928,2023,1,2,2,3,381,"837,9",3164407,15,20,0,6,2
44928,2023,1,2,2,3,40,"507,6",3154606,1,11,1,2,2
44928,2023,1,2,2,2,230,390,2101400,80,7,0,6,2
44928,2023,1,2,2,3,40,"632,5",3118304,52,11,0,2,2
44928,2023,1,2,2,3,163,435,2401305,11,20,0,3,1
44928,2023,1,2,2,2,163,771,5107925,67,20,0,5,1
44928,2023,1,2,2,3,316,"616,6",2112209,1,11,1,2,2
44928,2023,1,2,2,3,251,"505,5",3126703,20,11,0,3,2
44928,2023,1,2,2,3,116,262,4304606,49,4,1,1,1
44928,2023,1,2,2,2,277,110,4104204,67,15,1,7,3
44928,2023,1,2,2,3,116,67,4104006,67,15,0,11,4
44928,2023,1,2,2,3,104,140,2512507,20,11,1,2,2
44928,2023,1,2,2,3,101,"48,2",3555406,1,11,1,3,2
44928,2023,1,2,2,3,101,48,2600054,46,2,0,2,2
44928,2023,1,2,2,3,50,"165,6",3170107,67,12,1,2,2
44928,2023,1,2,2,3,316,89,1507409,2,9,0,4,2
44928,2023,1,2,2,2,101,"154,9",4213500,16,15,1,4,3
44928,2023,1,2,2,3,262,112,3205069,20,11,0,2,2
44928,2023,1,2,2,3,277,33,4116208,78,9,0,4,2
44928,2023,1,2,2,3,40,97,3301702,4,4,0,2,1
44928,2023,1,2,2,3,386,346,1712009,67,20,1,1,1
44928,2023,1,2,2,3,153,"695,8",1703867,67,20,0,1,1
44928,2023,1,2,2,3,116,198,3304144,16,12,0,5,2
44928,2023,1,2,2,3,290,"440,9",2929255,9,4,0,3,1
44928,2023,1,2,2,3,116,"275,8",3168606,20,11,1,2,2
44928,2023,1,2,2,3,277,25,4116208,67,12,0,6,2
44928,2023,1,2,2,3,40,"801,3",3136702,64,3,0,1,1
44928,2023,1,2,2,4,242,851,2903201,67,10,0,6,2
44928,2023,1,2,2,3,40,355,3125705,1,11,0,2,2
44928,2023,1,2,2,4,101,400,3302007,60,2,1,2,2
44928,2023,1,2,2,4,465,7,3305554,28,18,1,2,1
44928,2023,1,2,2,4,101,"168,5",2910800,11,7,1,5,2
44928,2023,1,2,2,4,101,39,3555406,67,2,0,2,2
44928,2023,1,2,2,4,376,624,4125506,2,2,0,2,2
44928,2023,1,2,2,3,282,"227,5",4209300,18,7,0,5,2
44928,2023,1,2,2,3,101,130,4202008,52,9,1,2,2
44928,2023,1,2,2,4,116,237,4313409,52,9,1,3,3
44928,2023,1,2,2,3,493,"14,2",3302502,4,3,0,2,1
44928,2023,1,2,2,4,158,531,4118501,1,11,1,2,2
44928,2023,1,2,2,4,153,"505,3",5201405,1,12,0,2,2
44928,2023,1,2,2,4,153,"593,3",5217104,15,20,0,6,1
44928,2023,1,2,2,4,262,"444,8",3145208,67,20,1,1,1
44928,2023,1,2,2,4,376,174,4115200,17,11,1,4,2
44928,2023,1,2,2,4,101,503,3300100,1,7,0,3,2
44928,2023,1,2,2,3,267,"415,1",5005400,28,20,0,5,2
44928,2023,1,2,2,4,20,51,5300108,49,20,0,1,1
44928,2023,1,2,2,4,480,"71,2",4307005,49,20,1,1,1
44928,2023,1,2,2,4,116,282,3515004,11,20,0,1,1
44928,2023,1,2,2,4,293,"347,3",4317103,9,1,0,3,1
44928,2023,1,2,2,4,116,"409,5",3127701,1,11,1,2,2
44928,2023,1,2,2,4,101,415,3302601,1,11,0,2,2
44928,2023,1,2,2,4,40,"661,8",3113206,15,20,0,2,1
44929,2023,1,3,3,1,101,287,3201308,18,21,1,1,1
44928,2023,1,2,2,4,101,"289,5",4207304,56,4,0,1,1
44929,2023,1,3,3,1,376,"290,6",4115754,48,2,1,2,2
44929,2023,1,3,3,1,277,72,4125506,83,12,0,2,2
44929,2023,1,3,3,1,116,179,3518305,11,4,0,11,4
44929,2023,1,3,3,1,277,585,2303501,18,7,1,7,2
44929,2023,1,3,3,1,285,"126,6",4322509,83,20,0,1,1
44929,2023,1,3,3,1,116,276,3515004,35,2,1,3,2
44929,2023,1,3,3,1,316,"35,5",1506500,35,2,1,3,2
44929,2023,1,3,3,1,470,"66,7",4207502,83,20,1,1,1
44929,2023,1,3,3,2,230,"65,3",2515005,83,20,0,1,1
44929,2023,1,3,3,2,282,19,4211900,44,10,0,2,2
44929,2023,1,3,3,2,101,92,2507507,11,9,1,2,2
44929,2023,1,3,3,2,101,146,4208302,78,9,1,2,2
44929,2023,1,3,3,2,101,"149,7",4208302,16,12,1,2,2
44929,2023,1,3,3,2,40,92,5206206,11,11,0,7,2
44929,2023,1,3,3,2,116,120,4106902,11,4,1,9,2
44929,2023,1,3,3,2,392,81,4314407,28,21,0,2,1
44929,2023,1,3,3,2,163,"260,1",5003702,67,21,1,2,1
44929,2023,1,3,3,1,364,"202,5",1100189,16,12,1,2,2
44929,2023,1,3,3,2,428,176,2611101,41,20,0,2,1
44929,2023,1,3,3,2,376,"438,8",4127502,83,21,0,2,1
44929,2023,1,3,3,2,392,297,4319604,1,11,0,2,2
44928,2023,1,2,2,4,230,"6,5",2503209,80,4,1,1,1
44929,2023,1,3,3,2,116,"2,9",2304400,52,9,1,2,2
44929,2023,1,3,3,2,364,269,5104807,67,12,1,2,2
44929,2023,1,3,3,2,116,109,3301702,35,2,1,2,2
44929,2023,1,3,3,2,343,"388,5",2203909,3,21,1,1,1
44929,2023,1,3,3,1,364,60,1100304,13,20,0,5,1
44929,2023,1,3,3,2,10,328,1507607,13,21,0,3,1
44929,2023,1,3,3,2,101,318,3303302,52,9,1,2,2
44929,2023,1,3,3,2,381,"639,3",3159902,18,20,0,3,1
44929,2023,1,3,3,2,116,226,3518800,1,12,1,2,2
44929,2023,1,3,3,2,40,"602,1",3118007,1,11,1,3,2
44929,2023,1,3,3,2,262,"65,7",3203346,80,7,0,7,3
44929,2023,1,3,3,2,232,135,2604106,11,20,1,2,1
44929,2023,1,3,3,2,324,539,2901106,67,12,1,6,2
44929,2023,1,3,3,2,405,2,2408003,16,15,1,4,4
44929,2023,1,3,3,2,386,"215,4",4321469,1,11,0,6,2
44929,2023,1,3,3,2,20,87,2928901,67,20,0,5,1
44929,2023,1,3,3,2,101,"275,8",4207304,67,4,1,1,1
44929,2023,1,3,3,2,316,1,2211001,16,12,1,2,2
44929,2023,1,3,3,2,116,425,3526100,13,20,0,2,1
44929,2023,1,3,3,2,282,"222,8",4209300,33,7,1,4,2
44929,2023,1,3,3,2,364,709,1100205,52,9,1,2,2
44929,2023,1,3,3,2,116,"211,3",4122305,1,7,1,3,2
44929,2023,1,3,3,2,116,"89,1",3531605,67,20,0,3,1
44929,2023,1,3,3,3,101,472,3300100,1,11,1,2,2
44929,2023,1,3,3,2,324,547,2901106,52,9,0,1,1
44929,2023,1,3,3,3,280,129,4215000,11,12,0,2,2
44929,2023,1,3,3,3,101,"74,7",2611606,9,1,1,2,1
44929,2023,1,3,3,3,356,49,3302205,63,20,0,4,1
44929,2023,1,3,3,3,290,"24,8",4317608,13,21,0,2,1
44929,2023,1,3,3,3,230,125,2512754,13,20,0,3,1
44929,2023,1,3,3,3,20,239,2307635,1,11,1,2,2
44929,2023,1,3,3,2,116,117,3554102,16,15,0,8,4
44929,2023,1,3,3,2,376,374,4117305,67,9,0,2,2
44929,2023,1,3,3,2,364,346,1100122,28,21,0,1,1
44929,2023,1,3,3,3,70,42,5101803,67,20,0,4,1
44929,2023,1,3,3,3,381,"521,7",3109006,15,20,0,1,1
44929,2023,1,3,3,2,101,323,3303302,16,15,0,4,3
44929,2023,1,3,3,3,101,"92,5",2804805,9,12,1,7,3
44929,2023,1,3,3,3,101,"48,2",2600054,29,4,0,2,1
44929,2023,1,3,3,3,116,184,3546801,18,4,0,4,1
44929,2023,1,3,3,3,116,499,3509254,67,3,0,2,1
44929,2023,1,3,3,3,470,"122,7",4206900,82,9,1,3,3
44929,2023,1,3,3,3,20,"378,7",2303709,1,11,1,2,2
44929,2023,1,3,3,3,381,478,3118601,16,15,1,4,3
44929,2023,1,3,3,3,101,248,4212304,11,12,0,2,2
44929,2023,1,3,3,2,163,643,5106224,67,12,0,4,2
44929,2023,1,3,3,2,110,241,2923100,63,20,0,5,1
44929,2023,1,3,3,3,116,213,3518800,52,12,1,2,2
44929,2023,1,3,3,3,101,142,4202008,11,21,1,1,1
44929,2023,1,3,3,3,282,"50,6",4200606,83,10,0,2,2
44929,2023,1,3,3,3,365,"17,4",3143302,16,20,0,6,3
44929,2023,1,3,3,3,163,"109,2",4206603,83,20,0,3,1
44929,2023,1,3,3,3,101,36,3201605,80,7,0,6,2
44929,2023,1,3,3,3,319,64,1100205,52,9,0,3,2
44929,2023,1,3,3,3,116,431,3542602,18,20,0,2,2
44929,2023,1,3,3,3,369,87,4106407,52,9,1,3,2
44929,2023,1,3,3,3,101,296,3304904,11,12,0,2,2
44929,2023,1,3,3,3,376,175,4115200,67,12,1,3,2
44929,2023,1,3,3,3,156,819,1600501,67,12,1,2,2
44929,2023,1,3,3,3,101,75,2403608,16,12,1,2,2
44929,2023,1,3,3,3,101,145,4208302,78,9,1,3,2
44929,2023,1,3,3,3,101,486,3300100,75,2,0,3,2
44929,2023,1,3,3,3,304,"102,5",2400208,9,1,0,1,1
44929,2023,1,3,3,3,230,"13,4",2503209,1,2,1,2,2
44929,2023,1,3,3,2,101,318,3304904,13,21,1,2,1
44929,2023,1,3,3,3,282,382,4206702,18,20,0,4,1
44929,2023,1,3,3,4,101,99,3301009,13,21,0,1,1
44929,2023,1,3,3,4,104,"138,5",2512507,67,21,1,1,1
44929,2023,1,3,3,3,364,13,1100304,1,9,1,2,2
44929,2023,1,3,3,3,101,710,2910727,1,11,0,7,2
44929,2023,1,3,3,4,369,154,4113700,17,11,1,2,2
44929,2023,1,3,3,4,476,"129,2",4106902,52,9,1,2,2
44929,2023,1,3,3,3,101,"297,5",2932903,67,20,0,1,1
44929,2023,1,3,3,4,392,"644,4",4309506,80,9,0,4,2
44929,2023,1,3,3,4,277,133,4102307,67,15,0,10,3
44929,2023,1,3,3,4,153,202,5221601,1,11,1,3,3
44929,2023,1,3,3,3,40,"29,9",3300225,67,20,0,2,1
44929,2023,1,3,3,4,101,436,4217709,11,11,1,2,2
44929,2023,1,3,3,4,40,15,3147006,9,1,0,4,1
44929,2023,1,3,3,4,386,"346,1",1712009,7,21,1,1,1
44929,2023,1,3,3,3,407,"155,5",1707702,35,12,0,2,2
44929,2023,1,3,3,3,101,292,3301900,28,18,1,2,1
44929,2023,1,3,3,4,226,20,1713809,11,1,0,6,2
44929,2023,1,3,3,4,476,245,4113205,15,3,0,1,1
44929,2023,1,3,3,4,101,"271,5",4207304,16,12,1,1,1
44930,2023,1,4,4,1,40,38,3300225,67,20,0,1,1
44929,2023,1,3,3,3,163,653,1503606,15,20,0,2,1
44930,2023,1,4,4,2,116,"254,6",4320008,16,12,0,2,2
44930,2023,1,4,4,1,163,1036,5106422,11,12,1,3,2
44930,2023,1,4,4,2,101,"285,1",3201308,1,11,0,2,2
44930,2023,1,4,4,2,101,70,3301009,61,2,1,2,2
44929,2023,1,3,3,2,116,618,2917607,67,3,0,2,1
44930,2023,1,4,4,1,277,726,4108304,83,20,1,4,1
44929,2023,1,3,3,4,116,178,3141702,11,12,0,2,2
44930,2023,1,4,4,2,280,"128,5",4215000,20,11,1,2,2
44930,2023,1,4,4,2,232,16,2607901,1,9,0,3,3
44929,2023,1,3,3,4,101,409,3302007,11,12,0,3,2
44930,2023,1,4,4,2,101,116,4208203,49,4,0,1,1
44930,2023,1,4,4,2,101,70,3301009,67,12,0,2,2
44930,2023,1,4,4,2,408,99,2613701,18,20,0,2,2
44930,2023,1,4,4,2,277,193,4117701,49,20,0,5,1
44930,2023,1,4,4,2,471,"171,3",4315701,1,11,0,3,2
44930,2023,1,4,4,1,364,537,1100403,16,12,0,6,2
44930,2023,1,4,4,2,101,"202,6",4216602,11,9,1,2,2
44930,2023,1,4,4,2,153,"191,5",3517000,67,20,0,1,1
44930,2023,1,4,4,2,408,"92,5",2613701,61,20,0,1,1
44930,2023,1,4,4,2,364,690,1100809,80,7,0,2,2
44930,2023,1,4,4,2,101,109,4212502,67,20,0,1,1
44930,2023,1,4,4,2,116,270,4314902,80,7,0,2,2
44930,2023,1,4,4,2,101,41,4209102,13,21,1,1,1
44930,2023,1,4,4,2,101,35,4209102,4,20,0,1,1
44929,2023,1,3,3,1,376,336,4117305,11,4,0,1,1
44930,2023,1,4,4,2,381,"778,4",3110905,15,20,0,4,1
44930,2023,1,4,4,2,376,335,4117305,11,7,0,8,3
44930,2023,1,4,4,2,20,134,5207907,52,11,0,6,2
44930,2023,1,4,4,2,282,"455,6",4213401,83,4,0,5,1
44930,2023,1,4,4,2,116,124,4107652,67,12,0,5,2
44930,2023,1,4,4,2,376,324,4117305,11,20,0,1,1
44930,2023,1,4,4,2,116,326,3526209,15,3,0,1,1
44930,2023,1,4,4,3,101,"270,3",3205002,78,9,1,2,2
44930,2023,1,4,4,2,423,"196,1",2607505,52,9,0,4,2
44930,2023,1,4,4,3,116,"702,9",3143906,33,21,1,2,2
44930,2023,1,4,4,3,381,68,3528502,15,3,1,1,1
44930,2023,1,4,4,3,381,"837,4",3164407,11,4,0,1,1
44930,2023,1,4,4,2,316,305,2605707,67,12,0,7,3
44930,2023,1,4,4,2,101,291,3301900,67,15,0,3,3
44930,2023,1,4,4,3,116,417,2910800,19,4,1,2,1
44930,2023,1,4,4,3,290,84,1703826,11,12,0,2,2
44930,2023,1,4,4,2,381,"686,7",3138203,11,4,0,2,1
44930,2023,1,4,4,3,101,153,4213500,11,21,0,3,2
44930,2023,1,4,4,3,101,150,4208302,11,12,0,2,2
44930,2023,1,4,4,3,470,"12,7",4211306,13,20,0,4,1
44930,2023,1,4,4,2,101,78,3301009,82,11,0,4,2
44930,2023,1,4,4,2,381,86,3550308,11,12,1,2,2
44927,2023,1,1,1,1,40,468,3167202,83,20,0,1,1
44930,2023,1,4,4,3,156,820,1600501,1,11,1,3,2
44930,2023,1,4,4,3,60,72,5200100,83,20,0,2,1
44930,2023,1,4,4,2,40,353,3125705,15,20,0,1,1
44930,2023,1,4,4,3,386,"354,1",4307807,52,12,0,7,3
44927,2023,1,1,1,1,116,67,3305802,83,20,1,1,1
44930,2023,1,4,4,3,116,51,4104006,15,20,0,1,1
44930,2023,1,4,4,3,230,30,2507507,67,20,0,2,2
44930,2023,1,4,4,3,40,559,3144805,83,20,0,2,1
44930,2023,1,4,4,3,493,76,3305554,67,20,1,2,1
44930,2023,1,4,4,2,364,515,1100023,1,11,1,4,2
44930,2023,1,4,4,3,222,"3,9",2304400,67,9,1,2,2
44930,2023,1,4,4,3,471,"173,1",4315701,16,15,1,3,3
44930,2023,1,4,4,3,304,"306,4",2403251,52,9,1,2,2
44930,2023,1,4,4,3,287,330,4319802,80,10,1,4,2
44930,2023,1,4,4,3,262,39,3139409,52,7,1,2,2
44930,2023,1,4,4,3,324,547,2901106,13,20,0,1,1
44930,2023,1,4,4,2,101,558,2902252,13,3,0,1,1
44930,2023,1,4,4,3,40,10,5221858,1,11,1,2,2
44930,2023,1,4,4,3,280,"88,2",4204509,6,20,0,1,1
44930,2023,1,4,4,3,304,"39,9",2301109,1,11,0,2,2
44930,2023,1,4,4,3,104,"113,9",2508307,82,7,1,2,2
44930,2023,1,4,4,3,101,45,3555406,1,11,1,2,2
44930,2023,1,4,4,3,50,176,3170107,11,12,1,5,2
44930,2023,1,4,4,3,364,424,1100114,33,11,1,2,2
44930,2023,1,4,4,3,392,351,2409332,11,11,1,2,2
44930,2023,1,4,4,3,40,"531,5",3118601,16,12,1,3,3
44930,2023,1,4,4,3,116,661,2918001,13,11,0,6,2
44930,2023,1,4,4,3,116,"713,3",3143906,21,20,0,1,1
44930,2023,1,4,4,4,116,12,4104006,15,20,0,2,1
44930,2023,1,4,4,4,210,12,1600303,20,7,0,3,2
44930,2023,1,4,4,4,101,"48,8",3555406,1,11,1,2,2
44930,2023,1,4,4,3,40,"616,8",3118007,82,11,1,2,2
44930,2023,1,4,4,4,116,"270,4",3552809,67,21,1,1,1
44930,2023,1,4,4,3,116,"525,9",4314407,33,11,0,2,2
44930,2023,1,4,4,4,80,14,5300108,16,12,1,3,2
44930,2023,1,4,4,4,40,123,3301702,28,21,1,2,1
44930,2023,1,4,4,3,116,122,3302502,13,20,0,1,1
44930,2023,1,4,4,4,116,217,3518800,28,18,1,2,1
44930,2023,1,4,4,4,101,37,3201605,49,11,0,2,2
44930,2023,1,4,4,2,101,"46,3",3555406,1,11,1,2,2
44930,2023,1,4,4,4,282,"603,2",2704609,49,3,0,2,1
44930,2023,1,4,4,4,468,"102,3",4321907,80,7,1,2,2
44930,2023,1,4,4,4,116,43,4104006,67,3,0,3,1
44930,2023,1,4,4,4,116,213,3518800,67,9,1,3,2
44930,2023,1,4,4,4,465,12,3305554,20,7,1,2,2
44930,2023,1,4,4,3,163,750,5107925,11,12,1,1,1
44930,2023,1,4,4,4,116,273,3552809,61,2,1,2,2
44930,2023,1,4,4,4,163,839,5107909,20,7,1,2,2
44930,2023,1,4,4,4,364,"346,9",1100122,49,12,1,2,2
44930,2023,1,4,4,3,174,393,5106182,4,3,0,2,1
44930,2023,1,4,4,3,163,227,5107602,83,3,0,3,1
44931,2023,1,5,5,1,262,"800,9",3170107,9,1,1,2,1
44931,2023,1,5,5,1,381,328,3144706,1,11,1,2,2
44931,2023,1,5,5,1,364,124,1200401,11,20,1,1,1
44931,2023,1,5,5,1,282,"109,2",4200705,80,7,0,5,2
44931,2023,1,5,5,1,277,"4,3",4118204,83,4,1,1,1
44931,2023,1,5,5,2,101,295,3201308,67,4,1,1,1
44931,2023,1,5,5,2,101,68,2611606,52,9,0,3,2
44931,2023,1,5,5,1,163,297,4115853,80,7,0,7,3
44931,2023,1,5,5,1,470,"91,9",4201703,83,20,0,1,1
44931,2023,1,5,5,2,116,421,2910800,20,4,1,1,1
44931,2023,1,5,5,2,101,"127,5",4208203,16,12,0,2,2
44931,2023,1,5,5,2,116,249,4318705,67,21,1,2,1
44930,2023,1,4,4,4,60,353,2401305,18,20,0,1,1
44931,2023,1,5,5,2,101,"412,5",3302007,83,4,1,2,2
44931,2023,1,5,5,2,40,553,3144805,13,4,1,3,1
44931,2023,1,5,5,2,316,8,2211001,1,11,1,2,2
44931,2023,1,5,5,2,316,"257,8",2109908,1,11,0,3,2
44931,2023,1,5,5,2,101,"107,5",2806701,11,4,0,1,1
44931,2023,1,5,5,2,262,157,#N/D,80,7,0,9,3
44931,2023,1,5,5,2,469,15,4108304,33,11,0,2,2
44931,2023,1,5,5,2,70,16,5300108,11,20,0,1,1
44931,2023,1,5,5,2,280,6,4216206,2,9,1,2,2