id_data,ano,mes,dia,id_dia_semana,periodo,br,km,id_municipio,id_causa_acidente,id_tipo_acidente,id_uso_solo,pessoas,veiculos
44931,2023,1,5,5,2,435,82,1100064,11,20,0,2,1
44931,2023,1,5,5,2,493,111,3305554,11,20,0,1,1
44931,2023,1,5,5,2,101,65,4201307,16,12,0,3,2
44931,2023,1,5,5,2,324,0,2910800,33,9,1,2,2
44931,2023,1,5,5,2,101,"184,9",4202305,11,21,1,1,1
44931,2023,1,5,5,2,101,398,3302007,67,12,1,2,2
44931,2023,1,5,5,2,116,541,3159357,9,1,0,1,1
44931,2023,1,5,5,3,40,"122,9",3136306,67,21,0,2,2
44931,2023,1,5,5,3,381,69,3528502,67,21,0,3,1
44931,2023,1,5,5,2,116,282,3300407,11,4,0,1,1
44931,2023,1,5,5,3,60,"0,1",5300108,51,20,0,1,1
44931,2023,1,5,5,2,470,"2,2",4211306,11,12,0,2,2
44931,2023,1,5,5,3,316,"70,5",1502400,13,20,0,2,1
44931,2023,1,5,5,3,40,469,3167202,13,4,0,2,1
44931,2023,1,5,5,3,153,"583,6",5218391,83,20,0,1,1
44931,2023,1,5,5,3,101,"47,2",3555406,11,15,0,4,3
44931,2023,1,5,5,3,101,"43,5",2606804,16,12,0,2,2
44931,2023,1,5,5,2,40,5,3300951,28,18,0,1,1
44931,2023,1,5,5,3,373,"178,3",4119905,80,7,1,2,2
44931,2023,1,5,5,3,116,246,4318705,16,9,1,3,2
44931,2023,1,5,5,3,101,67,3204906,16,9,1,3,2
44931,2023,1,5,5,3,40,"30,2",5212501,28,20,0,2,1
44931,2023,1,5,5,3,230,507,2503704,1,11,0,2,2
44931,2023,1,5,5,3,163,980,1506807,28,18,0,1,1
44931,2023,1,5,5,2,116,"495,8",2925956,67,11,1,2,2
44931,2023,1,5,5,3,101,212,4211900,16,12,1,3,2
44931,2023,1,5,5,3,369,247,2502300,82,12,0,2,2
44931,2023,1,5,5,3,471,"647,4",4317301,13,9,0,4,2
44931,2023,1,5,5,2,153,125,3515301,1,7,0,5,2
44931,2023,1,5,5,3,116,2,2933307,5,21,1,2,1
44931,2023,1,5,5,3,116,98,4125506,67,9,1,2,2
44931,2023,1,5,5,3,101,47,3555406,20,11,1,2,2
44931,2023,1,5,5,3,470,177,4322806,1,11,1,2,2
44931,2023,1,5,5,3,135,427,2206605,11,20,0,5,1
44931,2023,1,5,5,3,153,"68,4",3549805,64,21,1,1,1
44931,2023,1,5,5,3,40,59,3303906,15,9,0,2,2
44931,2023,1,5,5,3,116,235,3304003,4,4,1,2,1
44931,2023,1,5,5,3,153,"71,8",3549805,67,21,1,1,1
44931,2023,1,5,5,3,476,145,4106902,52,9,1,3,2
44931,2023,1,5,5,3,101,174,2910800,1,12,0,3,2
44931,2023,1,5,5,2,230,693,1500602,11,20,0,1,1
44931,2023,1,5,5,3,163,826,5107909,67,9,1,3,2
44931,2023,1,5,5,3,135,308,2203107,52,9,0,3,2
44931,2023,1,5,5,3,424,11,2601201,80,10,0,6,2
44931,2023,1,5,5,4,101,68,2611606,52,9,1,3,2
44931,2023,1,5,5,4,277,725,4108304,49,20,1,1,1
44931,2023,1,5,5,4,153,108,2512200,11,20,1,4,1
44931,2023,1,5,5,4,40,521,3118601,9,1,0,2,1
44931,2023,1,5,5,3,324,353,2906873,1,7,1,2,2
44931,2023,1,5,5,4,101,123,3205010,49,21,0,1,1
44931,2023,1,5,5,4,471,176,4315701,1,11,1,2,2
44931,2023,1,5,5,4,101,"138,3",2401206,1,11,0,2,2
44931,2023,1,5,5,4,262,"362,5",3136652,18,21,1,1,1
44931,2023,1,5,5,4,101,"61,4",2611606,67,12,1,3,2
44931,2023,1,5,5,4,470,60,4202404,48,2,1,2,2
44931,2023,1,5,5,4,324,537,2901106,1,9,1,2,2
44931,2023,1,5,5,4,373,"206,8",4110508,16,12,0,9,2
44931,2023,1,5,5,4,381,487,3106705,11,11,1,2,2
44931,2023,1,5,5,4,101,131,4202008,1,11,0,3,2
44931,2023,1,5,5,4,153,"33,9",4124103,49,20,0,1,1
44931,2023,1,5,5,4,101,51,3555406,52,9,1,2,2
44931,2023,1,5,5,4,280,20,4201307,82,10,1,3,2
44931,2023,1,5,5,4,101,334,4218707,1,12,1,2,2
44932,2023,1,6,6,1,116,227,3550308,11,12,1,2,2
44932,2023,1,6,6,1,101,81,4202107,28,20,0,1,1
44932,2023,1,6,6,1,153,358,5211800,33,11,0,3,2
44931,2023,1,5,5,4,222,83,2208403,9,1,0,1,1
44932,2023,1,6,6,1,369,"143,7",4113700,83,20,0,1,1
44931,2023,1,5,5,4,386,"436,5",2207959,35,2,0,2,2
44932,2023,1,6,6,1,381,492,3106705,49,4,1,1,1
44932,2023,1,6,6,1,101,523,3300100,28,18,0,1,1
44932,2023,1,6,6,2,116,"703,5",3143906,20,11,1,2,2
44932,2023,1,6,6,2,428,"187,6",2611101,61,2,1,2,2
44932,2023,1,6,6,2,80,16,5300108,1,9,0,2,2
44932,2023,1,6,6,2,381,521,3109006,83,3,0,2,2
44932,2023,1,6,6,2,262,"354,6",3106705,11,20,1,1,1
44932,2023,1,6,6,1,364,133,1200401,67,2,1,2,2
44927,2023,1,1,1,2,101,355,2911204,16,12,1,2,2
44932,2023,1,6,6,2,285,34,4218103,1,11,0,3,2
44932,2023,1,6,6,2,392,307,4319604,49,9,0,2,2
44932,2023,1,6,6,2,428,188,2611101,52,9,1,2,2
44932,2023,1,6,6,2,470,250,4204806,67,3,1,4,1
44932,2023,1,6,6,2,116,207,3305554,52,12,0,2,2
44932,2023,1,6,6,2,70,29,5205513,4,20,0,1,1
44932,2023,1,6,6,2,386,192,4317756,28,18,1,1,1
44932,2023,1,6,6,2,101,267,3205002,78,9,1,2,2
44932,2023,1,6,6,2,393,"2,5",3201209,9,1,1,1,1
44932,2023,1,6,6,2,101,487,3300100,4,7,0,2,2
44932,2023,1,6,6,2,116,"64,8",4120804,52,21,1,2,1
44932,2023,1,6,6,2,356,"266,7",3143906,1,11,1,2,2
44932,2023,1,6,6,2,116,930,2910404,67,12,0,4,2
44932,2023,1,6,6,2,232,"97,4",2601904,2,10,1,2,2
44932,2023,1,6,6,2,369,"146,9",4113700,67,12,1,2,2
44932,2023,1,6,6,2,101,502,3300100,83,4,1,1,1
44932,2023,1,6,6,2,282,388,4209003,20,11,1,4,2
44932,2023,1,6,6,2,116,184,3546801,16,15,0,5,4
44932,2023,1,6,6,2,116,521,3509254,67,20,0,1,1
44932,2023,1,6,6,2,290,86,4314902,52,4,0,1,1
44932,2023,1,6,6,3,324,524,2910800,61,2,1,2,2
44932,2023,1,6,6,2,40,"527,6",3118601,13,20,1,2,1
44932,2023,1,6,6,2,365,269,3136306,67,7,0,8,2
44932,2023,1,6,6,2,10,332,2100055,82,7,0,5,2
44927,2023,1,1,1,4,376,92,4118402,16,15,0,8,3
44932,2023,1,6,6,3,110,47,2408003,11,11,1,3,3
44932,2023,1,6,6,2,364,491,1100023,67,12,0,3,2
44932,2023,1,6,6,2,242,537,2923209,1,11,0,6,2
44932,2023,1,6,6,3,50,"40,8",3103504,9,4,1,2,1
44932,2023,1,6,6,3,282,"502,6",4219507,33,11,1,2,2
44932,2023,1,6,6,3,324,568,2929503,18,20,0,2,1
44932,2023,1,6,6,3,101,78,2110203,11,12,0,3,2
44932,2023,1,6,6,3,101,53,2510907,11,12,1,2,2
44932,2023,1,6,6,3,364,182,5211909,15,20,0,4,1
44932,2023,1,6,6,3,101,"142,1",4208302,28,21,1,1,1
44932,2023,1,6,6,2,10,295,2103257,1,11,0,6,2
44932,2023,1,6,6,3,364,"383,9",1100155,1,11,1,2,2
44932,2023,1,6,6,3,230,2,2503209,49,11,1,2,2
44932,2023,1,6,6,3,381,613,3145604,15,20,0,1,1
44932,2023,1,6,6,3,101,206,4216602,78,12,1,2,2
44932,2023,1,6,6,3,163,"62,5",5107602,15,20,0,6,2
44932,2023,1,6,6,3,324,613,2927408,16,12,1,2,2
44932,2023,1,6,6,3,251,"383,3",3127800,16,12,0,3,2
44932,2023,1,6,6,3,405,1,2408003,11,12,1,2,2
44932,2023,1,6,6,2,365,464,3148103,16,12,0,4,2
44932,2023,1,6,6,3,406,168,2312403,11,9,1,2,2
44932,2023,1,6,6,3,101,66,3204906,9,1,1,1,1
44932,2023,1,6,6,3,476,139,4106902,11,12,1,5,2
44932,2023,1,6,6,3,40,1,5221858,52,12,1,3,3
44932,2023,1,6,6,3,153,494,1716109,1,7,1,2,2
44932,2023,1,6,6,3,40,525,3118601,61,2,0,2,2
44932,2023,1,6,6,3,70,7,5200258,67,12,1,2,2
44932,2023,1,6,6,3,50,68,3170206,63,9,1,2,2
44932,2023,1,6,6,3,101,18,3301009,4,20,0,7,2
44932,2023,1,6,6,3,153,506,5201405,16,12,1,2,2
44932,2023,1,6,6,3,101,"318,1",4212650,16,15,1,3,3
44932,2023,1,6,6,3,232,43,2616407,1,11,0,2,2
44932,2023,1,6,6,3,40,"285,2",3169356,67,20,0,4,2
44932,2023,1,6,6,4,158,333,2409332,67,12,1,2,2
44932,2023,1,6,6,4,116,45,4104006,67,20,0,2,1
44932,2023,1,6,6,4,40,1,5221858,52,9,1,2,2
44932,2023,1,6,6,3,101,"334,6",4218707,16,12,1,2,2
44932,2023,1,6,6,4,101,"51,2",2600054,29,21,1,1,1
44932,2023,1,6,6,4,101,207,4216602,11,12,0,2,2
44932,2023,1,6,6,3,470,120,4206900,1,10,0,2,2
44932,2023,1,6,6,4,235,"3,8",2804805,80,7,1,2,2
44932,2023,1,6,6,4,101,"150,6",4208302,67,21,1,2,2
44932,2023,1,6,6,3,408,"85,1",2610608,18,20,0,1,1
44932,2023,1,6,6,4,50,177,3170107,63,21,1,2,1
44932,2023,1,6,6,4,174,"510,6",1400100,48,2,1,2,2
44932,2023,1,6,6,3,364,"196,8",5211909,1,9,1,2,2
44932,2023,1,6,6,3,470,118,4206900,20,9,0,2,2
44932,2023,1,6,6,3,222,40,2303709,67,11,1,3,2
44932,2023,1,6,6,4,418,"94,6",2923001,9,1,0,1,1
44932,2023,1,6,6,4,116,214,3518800,25,4,1,1,1
44932,2023,1,6,6,4,20,25,5300108,61,2,0,2,2
44932,2023,1,6,6,4,232,"208,6",2610905,20,10,0,2,2
44932,2023,1,6,6,4,232,251,2601201,9,1,1,2,1
44932,2023,1,6,6,3,116,"167,2",3146305,67,20,0,1,1
44932,2023,1,6,6,3,364,127,1200401,20,9,1,2,2
44932,2023,1,6,6,4,101,509,3300100,52,7,0,2,2
44932,2023,1,6,6,3,364,32,5216304,16,12,0,4,2
44932,2023,1,6,6,4,435,88,1100064,52,11,1,2,2
44932,2023,1,6,6,4,101,"78,3",2611606,35,2,1,2,2
44932,2023,1,6,6,4,153,676,5216007,67,20,0,1,1
44932,2023,1,6,6,4,40,124,3301702,11,4,1,2,1
44932,2023,1,6,6,4,364,711,1100205,11,20,1,2,1
44933,2023,1,7,7,1,153,145,1702109,1,11,1,4,2
44933,2023,1,7,7,1,101,"47,4",3555406,83,7,1,4,3
44932,2023,1,6,6,4,116,"22,7",4322509,82,10,0,6,2
44933,2023,1,7,7,1,153,234,1705508,52,3,0,5,1
44933,2023,1,7,7,1,40,"790,7",3136702,67,12,0,2,2
44932,2023,1,6,6,3,415,24,2913606,82,7,1,5,3
44933,2023,1,7,7,1,424,"90,3",2606002,49,20,0,1,1
44933,2023,1,7,7,1,101,293,3201308,76,4,1,3,1
44933,2023,1,7,7,1,226,68,2410306,80,7,0,4,3
44933,2023,1,7,7,1,60,32,5200308,33,11,1,2,2
44933,2023,1,7,7,1,116,144,3549904,67,3,0,1,1
44933,2023,1,7,7,1,376,17,4115200,11,20,1,2,2
44933,2023,1,7,7,1,316,"231,6",2700409,25,12,0,4,2
44933,2023,1,7,7,1,470,175,4213708,83,7,1,3,2
44933,2023,1,7,7,1,116,2,4314902,49,4,0,1,1
44933,2023,1,7,7,1,262,"422,5",3147105,15,20,1,3,1
44933,2023,1,7,7,1,163,"264,7",5003702,18,20,1,1,1
44933,2023,1,7,7,1,70,"53,8",5205513,55,12,0,2,2
44933,2023,1,7,7,1,101,"332,8",4218707,11,21,1,2,1
44932,2023,1,6,6,4,116,648,3125952,52,11,0,2,2
44933,2023,1,7,7,1,158,68,5006309,82,21,0,2,1
44933,2023,1,7,7,1,101,"90,3",2804805,2,11,1,3,2
44933,2023,1,7,7,2,101,257,3205002,13,4,1,1,1
44933,2023,1,7,7,1,304,"45,1",2408003,67,20,1,1,1
44932,2023,1,6,6,4,376,675,4109609,44,20,0,1,1
44933,2023,1,7,7,2,101,"67,5",3204906,33,11,0,2,2
44933,2023,1,7,7,2,116,267,4304606,67,12,1,2,2
44933,2023,1,7,7,2,70,"7,3",5300108,67,20,1,2,1
44933,2023,1,7,7,2,282,21,4211900,48,4,0,1,1
44933,2023,1,7,7,1,470,337,4203600,83,20,0,1,1
44933,2023,1,7,7,2,153,"641,8",2308906,49,20,0,1,1
44933,2023,1,7,7,2,376,161,4115200,11,20,0,1,1
44933,2023,1,7,7,2,163,"123,7",4121406,48,20,0,1,1
44933,2023,1,7,7,2,376,628,4125506,11,20,0,1,1
44933,2023,1,7,7,2,101,"224,9",4211900,67,12,0,3,2
44933,2023,1,7,7,2,290,"13,1",4317608,83,20,0,4,1
44933,2023,1,7,7,1,70,"712,2",5102504,18,20,0,1,1
44933,2023,1,7,7,2,101,"225,3",4211900,16,12,0,3,2
44933,2023,1,7,7,2,101,191,2704005,1,11,0,2,2
44933,2023,1,7,7,2,116,138,3549904,11,12,0,2,2
44933,2023,1,7,7,2,285,454,4310207,16,12,0,6,2
44928,2023,1,2,2,4,116,777,2925006,1,11,1,5,2
44933,2023,1,7,7,2,116,305,3132701,82,20,0,1,1
44933,2023,1,7,7,2,230,135,2504009,83,20,0,1,1
44933,2023,1,7,7,2,50,"151,5",3170107,67,20,0,1,1
44933,2023,1,7,7,2,280,"289,8",4107850,1,11,1,4,2
44933,2023,1,7,7,2,222,"337,8",2105153,20,11,1,8,3
44933,2023,1,7,7,2,101,"216,9",4211900,67,15,1,7,5
44933,2023,1,7,7,2,277,475,4117057,49,20,0,1,1
44932,2023,1,6,6,4,163,1034,5106422,82,11,0,2,2
44933,2023,1,7,7,2,230,19,2507507,67,2,1,2,2
44933,2023,1,7,7,2,116,143,4305108,28,12,1,2,2
44933,2023,1,7,7,2,101,310,3304904,16,15,1,8,6
44933,2023,1,7,7,2,230,17,2507507,11,12,1,3,3
44933,2023,1,7,7,2,414,245,5214606,11,12,0,10,2
44933,2023,1,7,7,2,262,591,5005608,9,1,0,2,1
44933,2023,1,7,7,2,282,"54,9",4200606,64,20,0,2,1
44933,2023,1,7,7,2,116,13,4105805,67,12,1,2,2
44933,2023,1,7,7,2,386,"241,3",2516102,49,20,0,1,1
44933,2023,1,7,7,3,70,"2,6",5200258,13,21,0,2,2
44933,2023,1,7,7,3,356,160,3305000,16,12,1,3,3
44933,2023,1,7,7,2,40,151,3136306,83,20,0,3,1
44933,2023,1,7,7,3,386,"221,6",4321469,80,7,0,3,2
44933,2023,1,7,7,3,163,485,2401305,11,21,0,1,1
44933,2023,1,7,7,3,116,638,3122009,16,12,0,3,2
44933,2023,1,7,7,3,70,"188,4",4108502,11,20,0,1,1
44933,2023,1,7,7,3,101,117,4208203,33,11,0,3,2
44933,2023,1,7,7,3,116,"911,1",2910404,1,11,0,2,2
44933,2023,1,7,7,2,101,273,3305752,64,20,1,1,1
44933,2023,1,7,7,3,280,162,4210100,18,20,0,1,1
44933,2023,1,7,7,2,262,548,3138807,13,20,0,3,1
44933,2023,1,7,7,3,470,163,4313300,11,10,0,3,2
44933,2023,1,7,7,3,386,367,4308078,1,11,0,2,2
44933,2023,1,7,7,3,50,"78,8",3170206,11,20,1,1,1
44933,2023,1,7,7,3,116,"211,2",4122305,49,12,1,2,2
44933,2023,1,7,7,3,282,259,4216800,83,21,0,2,1
44933,2023,1,7,7,3,116,222,4306403,1,11,0,6,2
44933,2023,1,7,7,3,470,"49,1",4202404,11,20,0,1,1
44933,2023,1,7,7,3,116,"94,2",3305802,83,7,0,2,2
44933,2023,1,7,7,3,101,86,4202107,16,12,1,3,2
44933,2023,1,7,7,3,376,"21,3",5003801,67,20,0,6,2
44933,2023,1,7,7,3,101,"638,1",2916302,18,20,0,5,1
44933,2023,1,7,7,3,135,56,2101251,49,3,0,1,1
44933,2023,1,7,7,3,330,"813,1",2918308,80,7,1,2,2
44933,2023,1,7,7,3,277,"687,5",4125704,16,12,1,3,3
44933,2023,1,7,7,3,101,120,4208203,49,12,1,2,2
44933,2023,1,7,7,3,101,"271,9",4207304,38,20,0,3,1
44933,2023,1,7,7,3,476,"130,8",4106902,67,12,1,5,2
44933,2023,1,7,7,3,343,"495,1",2200509,28,21,0,1,1
44933,2023,1,7,7,4,116,318,3302254,49,20,0,2,1
44933,2023,1,7,7,3,153,"59,8",4207809,33,11,0,4,2
44933,2023,1,7,7,4,324,513,2910800,49,11,1,2,2
44933,2023,1,7,7,4,153,394,1718709,80,10,0,6,2
44933,2023,1,7,7,3,423,87,2702405,20,11,0,4,2
44933,2023,1,7,7,3,262,69,3203346,28,7,0,3,2
44933,2023,1,7,7,4,116,"527,8",4304663,28,21,1,2,1
44933,2023,1,7,7,4,428,"173,8",2611101,82,7,0,5,2
44933,2023,1,7,7,4,70,"36,4",5205513,80,7,0,2,2
44933,2023,1,7,7,4,158,"533,1",4118501,67,12,0,3,3
44933,2023,1,7,7,4,405,"158,7",2410504,52,11,0,3,2
44933,2023,1,7,7,3,343,592,2203909,82,9,1,3,3
44933,2023,1,7,7,4,316,87,2708006,9,1,0,1,1
44933,2023,1,7,7,4,262,355,3106705,11,4,0,1,1
44933,2023,1,7,7,4,101,50,3555406,49,11,1,3,2
44933,2023,1,7,7,4,104,"103,1",2515104,16,12,0,5,2
44933,2023,1,7,7,4,116,"721,5",3143906,15,20,0,2,1
44933,2023,1,7,7,4,232,5,2611606,11,12,0,2,2
44933,2023,1,7,7,4,101,144,3203205,2,9,1,7,4
44933,2023,1,7,7,4,392,67,4314407,1,11,1,3,2
44933,2023,1,7,7,4,116,411,4306056,28,20,0,1,1
44933,2023,1,7,7,4,101,"302,8",2112803,52,9,1,3,2
44933,2023,1,7,7,4,304,"112,7",2400208,9,1,0,3,1
44933,2023,1,7,7,4,262,813,3170107,67,20,0,1,1
44933,2023,1,7,7,4,282,83,4200705,21,20,0,1,1
44933,2023,1,7,7,4,101,70,2611606,1,2,1,2,2
44933,2023,1,7,7,4,376,588,4106902,61,2,1,2,2
44933,2023,1,7,7,4,101,"430,3",3200706,67,20,0,1,1
44933,2023,1,7,7,4,373,"251,6",4108957,1,11,0,3,2
44933,2023,1,7,7,4,116,213,3518800,67,21,0,2,1
44933,2023,1,7,7,4,381,"890,8",3110608,11,20,0,2,1
44933,2023,1,7,7,4,70,535,2211407,49,12,0,2,2
44933,2023,1,7,7,4,116,235,4313409,67,4,1,1,1
44933,2023,1,7,7,4,277,"39,5",4116208,11,9,0,8,8
44933,2023,1,7,7,4,235,"41,3",2401107,49,7,0,8,2
44933,2023,1,7,7,4,153,172,1702109,48,2,0,2,2
44933,2023,1,7,7,4,163,75,5004601,83,21,0,3,3
44933,2023,1,7,7,4,101,148,4208302,11,12,1,2,2
44933,2023,1,7,7,4,50,71,3170206,63,21,1,1,1
44933,2023,1,7,7,4,153,"46,5",4307005,49,7,1,3,2
44933,2023,1,7,7,4,174,4,5106752,1,11,1,3,2
44934,2023,1,8,1,1,101,"232,7",4211900,82,9,0,3,2
44934,2023,1,8,1,1,116,6,4104006,67,12,1,2,2
44934,2023,1,8,1,1,262,360,3106705,18,20,0,1,1
44934,2023,1,8,1,1,116,547,2308302,1,11,1,3,2
44933,2023,1,7,7,4,364,"240,2",1100049,83,4,1,6,2
44933,2023,1,7,7,4,364,690,1100205,67,20,0,2,1
44934,2023,1,8,1,1,101,417,3302601,67,3,0,1,1
44934,2023,1,8,1,1,480,129,4204202,83,20,0,1,1
44934,2023,1,8,1,1,40,"508,4",3154606,49,4,1,1,1
44934,2023,1,8,1,1,116,"581,1",3139409,11,20,0,1,1
44933,2023,1,7,7,4,153,239,3127008,49,11,1,3,2
44934,2023,1,8,1,1,40,"547,8",3144805,16,12,0,2,2
44934,2023,1,8,1,1,277,"665,3",4115804,11,12,0,6,2
44933,2023,1,7,7,4,40,139,5206206,18,10,0,3,3
44934,2023,1,8,1,1,101,"165,7",3203205,49,20,0,1,1
44934,2023,1,8,1,1,116,184,3303500,46,2,1,2,2
44934,2023,1,8,1,1,407,512,2207777,18,7,0,3,2
44934,2023,1,8,1,1,101,"485,5",3300100,83,4,1,4,1
44934,2023,1,8,1,1,101,184,3200607,49,20,0,1,1
44934,2023,1,8,1,1,343,"210,3",2202406,80,7,0,5,2
44934,2023,1,8,1,1,316,250,2511509,1,12,0,2,2
44933,2023,1,7,7,3,101,200,2708808,1,11,1,4,2
44934,2023,1,8,1,1,386,"303,9",4315131,11,20,0,2,1
44934,2023,1,8,1,2,135,194,2903201,67,12,0,1,1
44934,2023,1,8,1,1,163,"680,9",5007406,1,11,1,15,2
44934,2023,1,8,1,2,60,"11,3",5300108,1,11,0,2,2
44934,2023,1,8,1,1,101,"273,1",4207304,44,12,0,2,2
44934,2023,1,8,1,2,470,"54,6",4202404,11,4,0,1,1
44934,2023,1,8,1,1,163,"69,5",4217204,11,4,1,1,1
44934,2023,1,8,1,2,101,62,4201307,67,4,1,1,1
44934,2023,1,8,1,2,280,237,4203808,67,20,0,3,1
44934,2023,1,8,1,2,101,322,3303302,67,21,1,1,1
44934,2023,1,8,1,1,408,85,2610608,83,20,0,1,1
44934,2023,1,8,1,2,10,248,2105302,11,12,1,5,2
44934,2023,1,8,1,2,116,45,4104006,67,3,0,4,1
44934,2023,1,8,1,2,101,"283,1",3201308,67,4,1,1,1
44934,2023,1,8,1,1,293,"122,6",4314506,67,20,0,1,1
44933,2023,1,7,7,4,262,453,3145208,49,11,0,6,2
44934,2023,1,8,1,2,101,78,2611606,72,9,1,3,2
44934,2023,1,8,1,2,376,616,4125506,1,4,0,1,1
44934,2023,1,8,1,2,282,"192,5",4209300,83,20,0,4,1
44934,2023,1,8,1,1,393,162,3306008,13,20,0,1,1
44934,2023,1,8,1,2,40,"824,9",3167509,67,4,0,2,1
44934,2023,1,8,1,1,101,848,2933257,80,7,0,2,2
44934,2023,1,8,1,2,70,316,2918506,49,21,1,1,1
44930,2023,1,4,4,3,267,481,2307106,11,21,1,1,1
44934,2023,1,8,1,2,158,"480,8",4316402,67,21,0,2,1
44934,2023,1,8,1,2,116,223,4306403,52,9,0,3,3
44934,2023,1,8,1,2,414,"334,6",5205513,16,12,0,2,2
44934,2023,1,8,1,2,242,823,2903201,4,20,0,5,1
44931,2023,1,5,5,1,40,"379,7",3120904,1,11,0,2,2
44934,2023,1,8,1,2,381,"50,4",3504107,52,4,1,2,1
44934,2023,1,8,1,2,101,"66,3",2403608,1,11,0,3,2
44934,2023,1,8,1,2,70,"31,7",5205513,55,15,0,3,3
44934,2023,1,8,1,2,101,"211,7",4211900,16,12,1,4,3
44934,2023,1,8,1,2,392,"126,2",4304507,11,20,0,1,1
44934,2023,1,8,1,2,232,403,2613909,52,9,0,7,2
44934,2023,1,8,1,2,101,"212,8",4211900,16,12,1,4,4
44934,2023,1,8,1,2,50,285,5205109,67,20,0,3,1
44934,2023,1,8,1,2,50,270,5205109,15,20,0,2,1
44934,2023,1,8,1,2,116,527,3113404,82,9,1,2,2
44934,2023,1,8,1,2,392,31,4315602,1,11,0,3,2
44934,2023,1,8,1,2,381,339,3106002,83,21,1,1,1
44934,2023,1,8,1,2,280,"258,7",4203808,82,7,0,6,3
44934,2023,1,8,1,2,369,367,4104303,1,11,0,3,2
44934,2023,1,8,1,2,116,"252,6",4320008,13,21,1,2,1
44934,2023,1,8,1,2,316,"24,6",2601102,1,11,1,2,2
44934,2023,1,8,1,2,163,"145,8",3546900,83,20,0,2,1
44934,2023,1,8,1,2,402,34,2101103,28,18,0,2,1
44934,2023,1,8,1,2,369,"387,5",4114005,33,11,0,3,2
44928,2023,1,2,2,3,365,"543,1",3156403,18,20,0,4,1
44934,2023,1,8,1,3,230,16,2507507,28,21,1,2,1
44934,2023,1,8,1,2,324,582,2906501,78,21,0,2,1
44934,2023,1,8,1,3,324,"601,8",2930709,45,12,0,8,3
44934,2023,1,8,1,3,476,"145,1",4101804,52,9,1,4,2
44934,2023,1,8,1,3,101,"290,7",3201308,83,7,1,3,2
44934,2023,1,8,1,3,80,0,5215603,21,21,0,2,1
44934,2023,1,8,1,3,280,"241,5",4203808,44,20,0,2,1
44934,2023,1,8,1,3,40,"712,7",3105608,64,4,0,3,1
44934,2023,1,8,1,3,316,145,2706307,1,2,1,3,2
44934,2023,1,8,1,3,101,310,3205200,52,12,0,3,2
44934,2023,1,8,1,2,242,364,2919306,63,12,0,6,3
44934,2023,1,8,1,3,153,"83,4",4204301,80,11,0,2,2
44934,2023,1,8,1,3,101,96,2408102,80,7,1,3,2
44934,2023,1,8,1,2,174,120,5105622,11,18,0,1,1
44934,2023,1,8,1,3,116,"341,8",3529906,52,9,0,2,1
44934,2023,1,8,1,3,158,"507,7",4106506,67,20,0,2,1
44934,2023,1,8,1,3,376,86,4118402,67,20,0,1,1
44934,2023,1,8,1,2,470,"135,3",4214805,83,21,1,1,1
44934,2023,1,8,1,3,369,141,4109807,16,12,1,2,2
44934,2023,1,8,1,3,116,560,3505401,4,21,0,1,1
44934,2023,1,8,1,3,376,"182,8",4126256,44,21,1,2,2
44934,2023,1,8,1,3,277,577,2303501,16,12,0,2,2
44934,2023,1,8,1,3,267,"411,5",5005400,28,20,0,2,1
44934,2023,1,8,1,3,232,360,2605608,11,20,0,4,1
44934,2023,1,8,1,3,101,145,4208302,11,12,0,3,2
44934,2023,1,8,1,3,280,"125,9",4215000,1,11,1,2,2
44934,2023,1,8,1,3,40,"128,3",5206206,4,3,0,2,1
44934,2023,1,8,1,2,493,14,3301850,29,9,0,3,2
44934,2023,1,8,1,3,101,108,2403251,67,21,1,1,1
44934,2023,1,8,1,3,153,192,5221601,13,20,0,1,1
44934,2023,1,8,1,3,40,"787,4",3136702,67,4,0,3,1
44934,2023,1,8,1,3,101,249,3205002,16,12,0,3,3
44934,2023,1,8,1,1,282,418,3170602,67,3,1,1,1
44934,2023,1,8,1,3,381,341,3106002,83,20,0,3,1
44934,2023,1,8,1,3,101,325,3303302,11,12,1,2,2
44934,2023,1,8,1,3,267,"477,2",5004106,16,9,1,3,2
44934,2023,1,8,1,3,267,305,5007208,67,3,0,3,1
44934,2023,1,8,1,3,381,"67,8",3528502,11,4,1,1,1
44934,2023,1,8,1,3,70,10,5300108,49,11,1,2,2
44934,2023,1,8,1,4,101,322,3303302,16,15,0,3,3
44934,2023,1,8,1,3,116,239,4313409,11,15,1,9,4
44934,2023,1,8,1,3,116,95,3301850,83,3,0,4,1
44934,2023,1,8,1,4,476,120,4105805,2,10,0,2,2
44934,2023,1,8,1,4,101,122,3205010,67,20,0,2,1
44934,2023,1,8,1,3,40,43,3303906,15,20,0,4,1
44934,2023,1,8,1,3,153,"394,1",5217302,49,7,0,4,2
44934,2023,1,8,1,4,285,"293,1",4314100,1,11,1,4,2
44934,2023,1,8,1,3,381,558,3132206,4,4,0,2,1
44934,2023,1,8,1,4,280,128,4215000,1,11,0,5,2
44934,2023,1,8,1,4,101,146,4208302,67,21,1,2,1
44934,2023,1,8,1,4,101,"264,8",4212304,49,20,1,2,1
44934,2023,1,8,1,4,163,"256,7",5003702,80,7,1,2,2
44934,2023,1,8,1,4,116,"278,8",3515004,15,3,1,1,1
44934,2023,1,8,1,4,428,"187,2",2611101,48,2,1,2,2
44934,2023,1,8,1,4,116,274,3552809,67,4,0,1,1
44934,2023,1,8,1,4,277,"23,9",4116208,52,9,0,2,2
44934,2023,1,8,1,4,50,"98,2",5206206,13,12,0,2,2
44934,2023,1,8,1,4,116,122,3302502,13,20,0,1,1
44934,2023,1,8,1,4,290,96,4314902,52,12,1,1,1
44934,2023,1,8,1,4,163,283,4114609,80,11,1,2,2
44934,2023,1,8,1,4,116,190,3303500,15,12,0,2,2
44931,2023,1,5,5,3,101,"265,2",4212304,82,9,1,4,3