id_data,ano,mes,dia,id_dia_semana,periodo,br,km,id_municipio,id_causa_acidente,id_tipo_acidente,id_uso_solo,pessoas,veiculos
44934,2023,1,8,1,4,354,726,3152600,64,20,0,1,1
44934,2023,1,8,1,4,40,617,3118007,15,7,1,2,2
44934,2023,1,8,1,4,407,425,2208007,80,10,1,2,2
44934,2023,1,8,1,1,282,363,4205209,67,3,0,1,1
44934,2023,1,8,1,4,50,180,3170107,11,4,1,1,1
44934,2023,1,8,1,4,116,321,3526209,16,12,1,2,2
44934,2023,1,8,1,3,50,178,3170107,83,12,1,3,2
44934,2023,1,8,1,4,423,94,2606002,80,7,1,2,2
44934,2023,1,8,1,4,116,225,3518800,28,18,1,1,1
44934,2023,1,8,1,4,376,652,4127601,67,3,0,5,1
44934,2023,1,8,1,4,428,"81,9",2612604,9,1,0,1,1
44934,2023,1,8,1,3,60,"114,2",5208400,67,21,0,1,1
44934,2023,1,8,1,4,381,519,3130101,64,4,0,2,1
44934,2023,1,8,1,4,101,"484,8",3300100,80,7,0,3,2
44934,2023,1,8,1,4,101,54,3201605,49,21,0,1,1
44934,2023,1,8,1,4,50,123,3170107,11,20,0,2,1
44935,2023,1,9,2,1,381,59,3504107,67,20,1,1,1
44934,2023,1,8,1,4,101,51,4321436,49,20,1,1,1
44934,2023,1,8,1,4,10,429,4117602,11,4,1,1,1
44935,2023,1,9,2,1,277,701,4125704,83,4,0,1,1
44934,2023,1,8,1,4,101,314,4209409,67,20,0,1,1
44934,2023,1,8,1,4,163,"148,3",3546900,57,20,0,1,1
44935,2023,1,9,2,1,101,"118,9",4208203,28,18,0,1,1
44935,2023,1,9,2,1,277,"722,3",4108304,33,11,0,2,2
44935,2023,1,9,2,1,230,87,2506400,49,21,0,3,2
44934,2023,1,8,1,4,364,262,5105200,13,20,0,2,1
44935,2023,1,9,2,1,324,"442,7",2926301,49,7,0,3,3
44935,2023,1,9,2,1,101,"124,2",2412203,49,4,1,1,1
44935,2023,1,9,2,1,101,120,4208203,80,7,1,2,2
44934,2023,1,8,1,4,116,"653,7",3125952,60,2,1,3,2
44935,2023,1,9,2,1,158,578,3100609,12,12,0,48,2
44935,2023,1,9,2,1,364,214,5107602,80,11,0,2,2
44935,2023,1,9,2,1,468,"98,6",4321907,9,20,0,1,1
44935,2023,1,9,2,1,277,248,4110706,11,20,0,2,1
44934,2023,1,8,1,4,381,513,3130101,11,20,1,1,1
44934,2023,1,8,1,2,230,346,2111607,16,12,0,3,2
44935,2023,1,9,2,1,230,494,2109502,67,4,0,3,1
44935,2023,1,9,2,1,365,"632,8",3142809,56,4,0,1,1
44935,2023,1,9,2,2,163,823,5007935,67,20,0,2,1
44934,2023,1,8,1,4,101,71,2910503,80,7,0,3,2
44935,2023,1,9,2,2,116,120,4106902,67,9,1,2,2
44934,2023,1,8,1,3,174,898,1302603,67,15,0,10,3
44934,2023,1,8,1,4,116,526,3113404,11,2,1,2,2
44935,2023,1,9,2,2,316,"63,4",1502400,82,9,1,5,2
44934,2023,1,8,1,4,101,"124,7",3301405,9,1,0,2,1
44934,2023,1,8,1,4,407,200,2905503,27,12,0,3,2
44935,2023,1,9,2,2,277,134,4102307,1,12,0,3,2
44935,2023,1,9,2,2,116,"10,5",2304400,1,11,1,2,2
44935,2023,1,9,2,2,40,"6,2",5221858,16,12,1,2,2
44935,2023,1,9,2,2,101,"293,4",3201308,16,12,1,2,2
44935,2023,1,9,2,2,369,165,4103701,1,11,1,2,2
44935,2023,1,9,2,1,101,387,3304557,15,21,1,1,1
44935,2023,1,9,2,2,40,459,3167202,58,2,0,2,2
44935,2023,1,9,2,2,101,205,4216602,52,9,1,2,2
44935,2023,1,9,2,2,230,23,2507507,52,9,1,5,2
44935,2023,1,9,2,2,104,"53,8",2604106,11,2,0,2,2
44935,2023,1,9,2,2,146,"401,2",3128709,83,20,0,1,1
44933,2023,1,7,7,4,324,533,2910800,49,12,0,2,2
44935,2023,1,9,2,2,230,417,2512101,1,11,0,3,2
44935,2023,1,9,2,2,356,75,3302056,20,11,0,2,2
44935,2023,1,9,2,2,101,"41,5",2606804,16,12,1,3,2
44935,2023,1,9,2,2,116,516,3509254,83,7,0,1,1
44935,2023,1,9,2,2,153,518,5201405,9,1,1,2,1
44935,2023,1,9,2,2,364,775,1100205,4,10,0,4,2
44935,2023,1,9,2,2,226,"111,4",2411205,82,12,1,2,2
44935,2023,1,9,2,2,277,127,4104204,67,4,0,2,1
44935,2023,1,9,2,2,110,150,2926608,48,4,0,2,2
44935,2023,1,9,2,2,40,77,3303906,15,20,0,4,1
44935,2023,1,9,2,2,116,"230,5",3550308,67,12,1,2,2
44935,2023,1,9,2,2,290,"8,6",4313508,18,20,0,6,1
44935,2023,1,9,2,2,116,155,4114302,83,12,0,7,2
44935,2023,1,9,2,2,381,"924,4",3110509,83,4,0,5,1
44935,2023,1,9,2,2,116,"257,5",4307708,67,12,1,4,2
44935,2023,1,9,2,2,116,"257,5",4307708,67,12,1,3,2
44935,2023,1,9,2,2,251,38,5300108,82,10,0,5,2
44935,2023,1,9,2,2,40,73,3303906,51,20,0,1,1
44935,2023,1,9,2,2,101,84,2501807,16,15,0,5,5
44935,2023,1,9,2,2,471,"661,9",4317301,67,12,0,2,2
44935,2023,1,9,2,2,153,"97,2",4112306,51,20,0,1,1
44935,2023,1,9,2,2,163,749,5107925,15,12,0,3,2
44935,2023,1,9,2,2,277,"645,2",4105300,51,20,0,1,1
44935,2023,1,9,2,2,381,"924,5",3110509,15,4,0,3,2
44935,2023,1,9,2,2,290,149,4306767,16,12,0,7,2
44935,2023,1,9,2,2,364,"240,5",1100049,52,11,1,2,2
44935,2023,1,9,2,2,285,"54,9",2201903,67,20,0,2,1
44935,2023,1,9,2,2,232,290,2614105,18,7,0,4,2
44935,2023,1,9,2,3,101,334,4218707,11,12,1,2,2
44935,2023,1,9,2,3,50,"173,2",5204805,15,20,0,2,1
44935,2023,1,9,2,2,101,"368,8",4207007,80,20,0,4,2
44935,2023,1,9,2,3,163,668,5007406,11,20,0,1,1
44935,2023,1,9,2,3,40,70,5212501,83,20,0,2,1
44935,2023,1,9,2,3,101,"262,2",3304300,11,12,1,2,1
44935,2023,1,9,2,3,381,"924,4",3110509,64,4,0,1,1
44935,2023,1,9,2,2,101,"327,1",4203956,16,12,1,3,2
44935,2023,1,9,2,3,324,572,2929503,14,20,0,1,1
44935,2023,1,9,2,3,116,187,3303500,51,3,0,2,2
44935,2023,1,9,2,3,101,86,2607901,11,12,1,7,3
44935,2023,1,9,2,3,386,133,4126256,1,11,1,3,2
44935,2023,1,9,2,3,10,"2,1",1502939,16,12,0,4,2
44935,2023,1,9,2,3,116,512,3509254,13,20,0,6,1
44935,2023,1,9,2,3,116,512,3509254,4,21,0,2,1
44935,2023,1,9,2,2,251,470,3126703,15,20,0,4,1
44935,2023,1,9,2,3,101,"291,3",3201308,13,21,1,2,1
44935,2023,1,9,2,3,285,"335,1",4304705,7,21,0,1,1
44935,2023,1,9,2,3,369,419,4112959,15,20,0,4,1
44935,2023,1,9,2,3,116,"5,8",4104006,52,9,1,2,2
44935,2023,1,9,2,3,459,"98,8",3152501,83,4,1,1,1
44935,2023,1,9,2,2,282,563,4211405,49,20,0,1,1
44935,2023,1,9,2,3,470,"37,9",4205902,72,9,1,2,2
44935,2023,1,9,2,3,101,297,3301900,1,9,1,2,2
44935,2023,1,9,2,3,364,"332,2",5107800,15,20,0,2,1
44935,2023,1,9,2,3,277,"83,5",4106902,67,9,1,4,2
44935,2023,1,9,2,3,101,72,2611606,35,2,1,3,3
44935,2023,1,9,2,3,101,"135,2",4202008,35,2,1,2,2
44935,2023,1,9,2,3,116,815,2933307,16,12,1,1,1
44935,2023,1,9,2,3,316,0,2211001,67,11,1,2,2
44935,2023,1,9,2,3,280,292,4107850,33,11,1,2,2
44935,2023,1,9,2,4,101,462,4212254,28,18,0,4,1
44935,2023,1,9,2,3,280,210,4218301,1,11,0,4,3
44935,2023,1,9,2,3,116,41,2305233,1,11,1,3,2
44935,2023,1,9,2,4,20,"8,4",5300108,16,12,1,2,2
44935,2023,1,9,2,3,381,"489,4",3106705,52,12,1,2,2
44935,2023,1,9,2,4,101,103,2403251,16,21,0,1,1
44935,2023,1,9,2,3,364,647,1100809,1,10,0,4,2
44935,2023,1,9,2,4,280,"54,5",4206504,67,12,1,3,2
44935,2023,1,9,2,4,277,103,4104204,67,12,0,3,2
44935,2023,1,9,2,4,101,"126,9",2503001,61,2,1,2,2
44935,2023,1,9,2,3,153,"71,7",5218003,1,11,0,3,3
44935,2023,1,9,2,4,470,237,4304804,11,4,0,1,1
44935,2023,1,9,2,3,135,483,2206605,38,20,0,3,1
44935,2023,1,9,2,4,116,424,3101805,67,12,0,2,2
44935,2023,1,9,2,4,470,"59,9",4202404,20,11,1,2,2
44935,2023,1,9,2,3,381,"89,9",3518800,11,12,0,2,2
44935,2023,1,9,2,3,153,643,2308906,49,3,0,3,1
44935,2023,1,9,2,4,381,"897,8",3110608,29,20,1,2,1
44935,2023,1,9,2,4,393,278,3300308,60,2,1,2,2
44935,2023,1,9,2,3,373,458,#N/D,83,12,0,3,2
44935,2023,1,9,2,4,101,276,4207304,82,9,1,2,2
44935,2023,1,9,2,4,381,492,3106705,29,21,1,2,2
44935,2023,1,9,2,4,40,518,3154606,52,9,1,2,2
44935,2023,1,9,2,4,277,"359,5",4109401,82,20,0,4,1
44935,2023,1,9,2,3,435,129,1100056,11,12,0,2,2
44935,2023,1,9,2,4,116,115,4106902,67,4,1,1,1
44935,2023,1,9,2,4,101,293,2932903,56,4,0,1,1
44935,2023,1,9,2,4,116,512,3509254,83,4,0,1,1
44935,2023,1,9,2,4,423,95,2702405,11,12,1,4,2
44935,2023,1,9,2,4,285,"96,8",4322509,60,2,0,3,2
44936,2023,1,10,3,1,232,144,2613107,9,1,0,2,1
44935,2023,1,9,2,4,101,402,3302007,11,20,0,1,1
44935,2023,1,9,2,4,101,67,3301009,16,12,0,2,2
44936,2023,1,10,3,1,80,49,5215603,9,1,0,2,1
44935,2023,1,9,2,4,40,145,3136306,11,20,0,1,1
44936,2023,1,10,3,1,369,145,4113700,18,12,0,2,2
44935,2023,1,9,2,4,146,"477,9",3105301,49,10,0,2,2
44936,2023,1,10,3,1,101,124,3301405,67,9,0,2,2
44935,2023,1,9,2,3,365,482,3148103,7,20,0,1,1
44936,2023,1,10,3,2,381,"942,5",3125101,11,12,0,6,2
44936,2023,1,10,3,2,101,135,4202008,1,11,0,2,2
44936,2023,1,10,3,1,116,460,2928802,28,18,1,1,1
44936,2023,1,10,3,2,101,"357,2",4215455,11,20,1,1,1
44936,2023,1,10,3,2,116,110,3554102,11,21,1,1,1
44936,2023,1,10,3,2,381,"495,9",3106705,52,12,1,2,2
44936,2023,1,10,3,2,116,245,4318705,78,12,1,2,2
44936,2023,1,10,3,2,364,709,1100205,16,12,1,2,2
44936,2023,1,10,3,2,364,3,3151602,67,20,1,1,1
44936,2023,1,10,3,2,101,187,2929305,80,7,0,4,2
44936,2023,1,10,3,2,116,"526,7",3113404,29,12,1,2,2
44936,2023,1,10,3,2,226,70,1722081,1,11,0,4,3
44932,2023,1,6,6,3,163,831,5107909,1,11,1,2,2
44936,2023,1,10,3,2,116,238,4313409,1,9,1,2,2
44936,2023,1,10,3,2,116,"72,2",3531605,11,12,0,3,2
44936,2023,1,10,3,2,158,"2,2",5101803,20,11,1,4,2
44936,2023,1,10,3,2,412,"29,6",1400100,67,20,0,2,1
44936,2023,1,10,3,2,469,"19,9",4108304,33,11,0,2,2
44936,2023,1,10,3,2,101,363,3200409,80,7,0,11,3
44936,2023,1,10,3,2,230,125,1504208,1,11,1,2,2
44936,2023,1,10,3,2,158,324,2409332,67,12,1,2,2
44936,2023,1,10,3,2,116,11,2933307,83,12,1,2,2
44936,2023,1,10,3,2,135,306,2203107,67,20,0,3,1
44936,2023,1,10,3,2,163,681,5007406,1,11,1,3,2
44936,2023,1,10,3,2,20,"18,8",5300108,33,11,1,3,3
44936,2023,1,10,3,2,163,"68,4",4217204,67,12,1,2,2
44936,2023,1,10,3,2,101,"135,4",4202008,49,4,0,1,1
44936,2023,1,10,3,2,158,344,2409332,16,12,0,7,2
44936,2023,1,10,3,2,428,156,2611101,13,3,0,5,1
44936,2023,1,10,3,3,381,478,3118601,7,12,1,2,2
44936,2023,1,10,3,2,230,121,1504208,1,11,1,2,2
44936,2023,1,10,3,3,381,"777,5",3110905,13,21,0,1,1
44936,2023,1,10,3,2,101,"296,2",4207304,14,4,0,3,2
44936,2023,1,10,3,3,116,229,3550308,67,12,1,2,2
44936,2023,1,10,3,2,242,687,2909703,4,20,0,5,1
44936,2023,1,10,3,2,316,"187,5",2709004,80,7,0,2,2
44936,2023,1,10,3,3,324,536,2910800,52,21,0,1,1
44936,2023,1,10,3,2,116,882,2933307,15,20,0,3,1
44936,2023,1,10,3,3,101,"137,1",4202008,67,9,1,3,3
44936,2023,1,10,3,3,470,33,4205902,52,9,0,2,2
44936,2023,1,10,3,3,116,214,3518800,52,12,0,5,3
44936,2023,1,10,3,3,104,"103,2",2515104,18,4,0,5,2
44936,2023,1,10,3,3,60,237,5209952,4,20,0,1,1
44936,2023,1,10,3,3,448,22,4314902,11,4,1,1,1
44936,2023,1,10,3,3,277,28,4116208,78,9,0,3,2
44936,2023,1,10,3,3,101,95,2408102,52,9,1,3,2
44936,2023,1,10,3,3,153,"630,4",2308906,15,20,0,1,1
44936,2023,1,10,3,3,158,"418,1",2929255,18,10,0,3,3
44936,2023,1,10,3,3,101,"212,3",4211900,67,12,1,2,2
44936,2023,1,10,3,3,163,"342,1",5007208,15,21,0,1,1
44936,2023,1,10,3,3,410,2,2926608,21,20,0,1,1
44936,2023,1,10,3,3,101,"205,5",4216602,52,12,1,2,2
44936,2023,1,10,3,3,277,"470,3",4117057,11,15,0,4,3
44936,2023,1,10,3,3,364,701,1100205,16,12,0,2,2
44936,2023,1,10,3,3,116,180,3303500,83,12,1,4,3
44936,2023,1,10,3,3,277,27,4116208,61,2,0,2,2
44936,2023,1,10,3,3,50,268,5205109,83,20,0,2,1
44936,2023,1,10,3,3,153,506,5201405,67,9,1,2,2
44936,2023,1,10,3,4,116,519,4314407,28,18,1,1,1
44936,2023,1,10,3,3,282,410,4105003,1,11,1,2,2
44936,2023,1,10,3,4,101,72,2611606,82,9,1,2,2
44936,2023,1,10,3,4,101,415,3302601,25,11,0,2,2
44936,2023,1,10,3,4,277,"591,9",2303501,82,12,1,2,2
44936,2023,1,10,3,2,116,"195,9",3113008,63,12,0,5,2
44936,2023,1,10,3,4,290,86,4314902,11,12,1,2,2
44936,2023,1,10,3,4,230,"157,9",2504009,60,2,0,3,2
44936,2023,1,10,3,4,101,"80,3",2408102,28,18,1,1,1
44936,2023,1,10,3,3,277,355,4109401,82,10,0,3,2
44936,2023,1,10,3,4,116,119,4106902,16,7,0,1,1
44936,2023,1,10,3,4,40,"544,5",3144805,63,21,1,1,1
44936,2023,1,10,3,4,381,"719,3",3113909,28,2,0,3,2
44936,2023,1,10,3,4,153,344,1709302,1,12,0,3,3
44936,2023,1,10,3,3,30,417,#N/D,63,20,0,1,1
44936,2023,1,10,3,3,116,"561,8",3505401,64,20,0,1,1
44937,2023,1,11,4,1,487,124,4127908,9,1,0,3,1
44937,2023,1,11,4,1,116,"35,6",3508603,56,4,0,2,1
44937,2023,1,11,4,1,50,179,3170107,67,4,0,1,1
44937,2023,1,11,4,1,319,"63,8",1100205,33,11,1,2,2
44936,2023,1,10,3,4,365,"625,8",3170206,52,12,1,2,2
44937,2023,1,11,4,2,101,124,2503001,11,20,0,1,1
44937,2023,1,11,4,2,116,6,2304400,16,9,1,3,3
44937,2023,1,11,4,2,232,"82,1",2606408,67,12,1,2,2
44937,2023,1,11,4,2,40,514,3154606,52,9,0,2,2
44937,2023,1,11,4,2,428,"189,9",2611101,16,9,1,2,2
44932,2023,1,6,6,3,267,"439,2",5004106,83,20,0,3,2
44937,2023,1,11,4,2,470,246,4204806,67,9,1,2,2
44937,2023,1,11,4,2,230,"158,2",2504009,20,11,0,2,2
44937,2023,1,11,4,2,101,91,2607901,16,12,0,3,2
44937,2023,1,11,4,2,40,122,3301702,16,12,1,2,2
44937,2023,1,11,4,2,153,62,3549805,78,21,1,1,1
44937,2023,1,11,4,2,101,"17,5",2606200,11,2,0,4,2
44937,2023,1,11,4,2,381,20,3507605,11,21,0,1,1
44937,2023,1,11,4,2,364,136,1200401,16,12,0,2,2
44937,2023,1,11,4,2,101,50,3555406,1,11,0,2,2
44937,2023,1,11,4,2,153,500,5208707,11,11,1,2,2
44937,2023,1,11,4,2,101,323,3303302,16,12,1,2,2
44937,2023,1,11,4,2,116,"274,4",3552809,44,12,1,5,3
44937,2023,1,11,4,2,101,206,4216602,11,12,0,3,2
44935,2023,1,9,2,4,414,247,5214606,80,7,0,8,2
44937,2023,1,11,4,2,381,"484,9",3106705,16,12,1,2,2
44937,2023,1,11,4,2,381,359,3136207,78,11,0,2,2
44937,2023,1,11,4,2,364,587,5103502,16,12,0,3,3
44937,2023,1,11,4,2,40,6,5221858,4,20,1,6,1
44937,2023,1,11,4,2,381,816,3113602,15,20,0,2,1
44937,2023,1,11,4,2,101,93,2804805,1,12,1,6,2
44937,2023,1,11,4,2,376,440,4127502,83,4,0,1,1
44937,2023,1,11,4,2,424,"7,2",2601201,1,11,0,2,2
44937,2023,1,11,4,2,110,43,2927606,82,7,0,5,2
44937,2023,1,11,4,2,365,541,3156403,1,11,0,2,2
44937,2023,1,11,4,3,116,216,3518800,78,9,1,2,2
44937,2023,1,11,4,2,153,593,4301602,18,20,0,5,1
44937,2023,1,11,4,3,364,204,5107602,67,12,1,2,2
44937,2023,1,11,4,3,459,"22,7",3527207,20,12,1,2,2
44937,2023,1,11,4,3,267,269,3101201,83,20,0,4,1
44937,2023,1,11,4,3,20,3,5300108,15,12,1,3,2
44937,2023,1,11,4,3,386,"215,1",4321469,11,12,0,2,2
44937,2023,1,11,4,3,392,"81,7",4314407,11,20,0,2,1
44937,2023,1,11,4,3,364,351,5107800,67,20,0,3,1
44937,2023,1,11,4,3,40,"457,5",3109907,83,20,0,1,1
44937,2023,1,11,4,3,101,"233,9",4211900,11,12,0,3,2
44937,2023,1,11,4,3,116,145,3549904,11,20,0,1,1
44937,2023,1,11,4,3,101,46,2910503,13,20,0,5,1
44937,2023,1,11,4,3,116,"279,6",3515004,82,9,1,2,2
44937,2023,1,11,4,3,101,294,3301900,52,9,1,3,2
44937,2023,1,11,4,3,60,27,5300108,11,20,0,5,1
44937,2023,1,11,4,2,285,462,4310207,9,1,0,2,1
44937,2023,1,11,4,3,376,"304,5",4115754,64,20,0,2,1
44937,2023,1,11,4,3,386,"347,5",1712009,35,2,1,2,2
44937,2023,1,11,4,3,493,96,3305554,64,4,0,1,1
44937,2023,1,11,4,3,70,14,5300108,52,15,1,3,3
44937,2023,1,11,4,3,116,"245,3",4209300,16,12,0,2,2
44937,2023,1,11,4,3,101,"84,5",2607901,16,12,0,2,2
44937,2023,1,11,4,3,153,"200,2",5221601,1,11,1,2,2
44937,2023,1,11,4,3,101,"54,5",4209102,67,12,0,2,2
44937,2023,1,11,4,2,222,189,2312908,15,7,0,3,2
44937,2023,1,11,4,4,324,605,2930709,28,18,1,1,1
44937,2023,1,11,4,2,282,438,4207809,28,18,0,1,1
44937,2023,1,11,4,3,10,137,2109007,52,9,0,4,2
44937,2023,1,11,4,3,316,143,2702553,52,7,1,2,2
44937,2023,1,11,4,3,381,"554,5",3132206,67,20,0,1,1
44937,2023,1,11,4,4,277,5,4108304,33,11,1,2,2
44937,2023,1,11,4,4,364,710,1100205,16,15,1,3,3
44937,2023,1,11,4,3,101,74,2611606,6,21,0,3,3
44937,2023,1,11,4,3,40,72,3303906,67,4,0,1,1
44933,2023,1,7,7,3,222,"87,5",2313757,20,11,0,2,2
44937,2023,1,11,4,4,101,95,2408102,49,9,1,3,2
44937,2023,1,11,4,4,376,181,4115200,11,9,1,2,2
44937,2023,1,11,4,3,116,512,3509254,67,20,0,4,2
44937,2023,1,11,4,4,101,96,2806701,7,21,0,1,1
44937,2023,1,11,4,4,101,350,2931608,49,7,0,4,3
44937,2023,1,11,4,4,381,64,3528502,49,9,0,2,2
44937,2023,1,11,4,4,153,426,5201108,12,20,0,1,1
44937,2023,1,11,4,4,116,150,3549904,52,21,1,2,1
44937,2023,1,11,4,3,40,93,3301702,67,3,0,3,1
44937,2023,1,11,4,3,153,265,1705508,28,21,0,4,1
44937,2023,1,11,4,4,20,197,5218300,18,12,0,8,2
44937,2023,1,11,4,4,282,277,4216800,67,20,0,3,2
44937,2023,1,11,4,4,116,154,3549904,35,2,0,2,2
44937,2023,1,11,4,4,40,21,5212501,18,20,1,4,1
44937,2023,1,11,4,4,116,120,3508504,18,20,0,2,1
44937,2023,1,11,4,3,70,"552,2",5106109,15,20,0,2,1
44938,2023,1,12,5,1,60,163,5208707,80,7,1,2,2
44937,2023,1,11,4,4,470,"33,4",4205902,11,12,0,3,2
44937,2023,1,11,4,3,116,"162,8",2906824,82,7,0,4,2
44937,2023,1,11,4,4,364,203,5107602,28,12,1,2,2
44938,2023,1,12,5,1,20,45,5300108,49,20,0,1,1
44937,2023,1,11,4,4,40,120,3136306,9,1,0,2,1
44938,2023,1,12,5,1,50,180,3170107,48,4,0,1,1
44938,2023,1,12,5,1,369,391,4114005,83,20,0,4,1
44938,2023,1,12,5,1,480,"68,1",4307005,80,7,0,2,2
44938,2023,1,12,5,1,316,"7,6",2211001,9,1,1,1,1
44938,2023,1,12,5,1,101,421,4216404,52,20,0,1,1
44938,2023,1,12,5,1,116,146,3549904,67,4,0,3,2
44938,2023,1,12,5,1,116,"771,4",2925006,9,1,0,1,1
44938,2023,1,12,5,1,101,"107,8",2500601,33,11,0,2,2
44938,2023,1,12,5,2,381,768,3110905,18,20,0,2,1
44938,2023,1,12,5,2,158,"589,9",3100609,18,20,0,1,1
44938,2023,1,12,5,2,40,799,3136702,64,21,1,1,1
44938,2023,1,12,5,2,101,182,4202305,49,3,0,2,1
44938,2023,1,12,5,2,158,"537,7",4118501,20,11,0,2,2
44938,2023,1,12,5,2,230,"82,8",2503803,83,3,0,1,1
44938,2023,1,12,5,2,470,"58,6",4202404,1,9,1,2,2
44938,2023,1,12,5,1,230,472,2516201,11,12,0,2,2
44938,2023,1,12,5,2,116,"122,3",4106902,28,21,1,2,1
44938,2023,1,12,5,2,110,"49,2",2408003,52,11,1,2,2
44938,2023,1,12,5,2,153,501,5208707,16,12,1,2,2
44938,2023,1,12,5,1,70,620,5106505,18,3,0,1,1
44937,2023,1,11,4,3,116,171,3304557,11,12,0,3,2
44938,2023,1,12,5,2,304,301,2407104,52,12,1,2,2
44929,2023,1,3,3,2,101,153,4208302,78,12,1,2,2
44938,2023,1,12,5,2,469,15,4108304,1,11,1,2,2
44938,2023,1,12,5,2,364,126,1200401,33,11,1,2,2
44938,2023,1,12,5,2,20,"133,3",5207907,16,15,0,6,3
44938,2023,1,12,5,2,277,"48,5",4116208,78,9,0,1,1
44938,2023,1,12,5,2,386,"182,3",4304705,57,15,1,4,3
44938,2023,1,12,5,2,476,124,4106902,67,4,1,1,1
44938,2023,1,12,5,2,80,19,5300108,25,9,1,2,2
44938,2023,1,12,5,2,110,242,2923100,11,11,1,3,2
44938,2023,1,12,5,2,381,"932,4",3125101,83,4,0,1,1
44938,2023,1,12,5,2,262,"727,4",5003207,4,7,0,3,2
44938,2023,1,12,5,2,402,71,2205706,9,1,0,1,1
44938,2023,1,12,5,2,373,476,4106506,72,11,0,6,2
44938,2023,1,12,5,2,101,70,3301009,83,3,0,1,1
44938,2023,1,12,5,2,101,"72,8",2611606,67,12,1,2,2
44938,2023,1,12,5,2,101,151,4208302,16,12,1,2,2
44938,2023,1,12,5,2,101,428,3302601,33,11,1,2,2
44938,2023,1,12,5,2,40,111,3301702,29,21,1,2,1
44938,2023,1,12,5,2,277,95,4106902,67,12,1,4,2
44938,2023,1,12,5,2,470,"149,7",4200309,2,9,0,2,2
44938,2023,1,12,5,2,369,"444,5",4128005,83,20,0,3,1
44938,2023,1,12,5,2,381,"905,2",3110608,52,4,0,5,1
44938,2023,1,12,5,3,381,499,3106705,11,15,0,7,5
44938,2023,1,12,5,3,376,304,4115754,11,20,0,5,1
44938,2023,1,12,5,3,135,165,2903201,67,21,0,4,2
44938,2023,1,12,5,3,101,"47,1",3555406,11,21,1,1,1
44938,2023,1,12,5,3,285,"483,6",4306932,49,20,0,1,1
44938,2023,1,12,5,3,116,140,3301702,28,4,0,1,1
44938,2023,1,12,5,3,101,52,2510907,52,12,0,3,2
44938,2023,1,12,5,3,376,"309,8",4117305,11,20,0,1,1
44938,2023,1,12,5,3,435,86,1100064,33,11,1,2,2
44938,2023,1,12,5,3,493,120,3302007,63,12,1,4,2
44938,2023,1,12,5,3,262,36,3201902,82,9,0,4,2
44938,2023,1,12,5,3,316,"50,4",1502400,11,20,0,4,1
44938,2023,1,12,5,3,116,102,4125506,67,12,0,1,1
44938,2023,1,12,5,3,101,329,3303302,11,12,0,2,2
44938,2023,1,12,5,3,10,429,4117602,67,12,1,2,2
44938,2023,1,12,5,3,407,126,2930105,2,9,1,2,2
44938,2023,1,12,5,3,101,97,2408102,16,12,1,2,2
44928,2023,1,2,2,2,60,"436,6",5007901,11,20,0,2,1
44938,2023,1,12,5,3,343,"4,5",2211001,67,12,1,2,2
44938,2023,1,12,5,3,282,"624,4",4207759,67,12,0,2,2
44938,2023,1,12,5,3,376,"186,1",4114807,11,3,1,1,1
44938,2023,1,12,5,2,116,393,3127701,83,20,0,4,1
44938,2023,1,12,5,3,101,107,2403251,16,12,1,3,2
44938,2023,1,12,5,3,472,573,4322400,56,4,1,2,2
44938,2023,1,12,5,2,101,363,3200409,64,3,0,1,1
44938,2023,1,12,5,3,116,146,4305108,1,11,1,2,2
44938,2023,1,12,5,3,156,812,1600501,63,20,0,2,1
44938,2023,1,12,5,3,116,766,3138401,67,11,1,3,3
44938,2023,1,12,5,3,476,202,4113205,15,7,0,5,2
44938,2023,1,12,5,4,60,16,5300108,49,9,0,6,2
44938,2023,1,12,5,4,101,97,2408102,16,12,1,2,2
44938,2023,1,12,5,3,116,"267,9",3300407,67,4,0,1,1
44938,2023,1,12,5,2,381,225,3106309,83,10,0,3,3
44938,2023,1,12,5,3,101,222,2909802,11,12,0,3,2
44938,2023,1,12,5,3,116,328,3302254,4,4,0,4,1
44938,2023,1,12,5,4,101,330,3304557,28,12,1,3,2
44938,2023,1,12,5,3,470,4,4211306,33,11,1,2,2
44938,2023,1,12,5,3,101,"681,4",2915304,1,11,0,3,2
44938,2023,1,12,5,3,156,375,1600238,15,20,0,3,1
44938,2023,1,12,5,4,101,47,3301009,1,9,1,2,2
44938,2023,1,12,5,4,40,524,3118601,56,21,1,1,1
44938,2023,1,12,5,4,386,364,4308078,13,20,0,1,1
44938,2023,1,12,5,4,369,"31,7",4103602,80,7,0,3,2
44938,2023,1,12,5,4,116,"135,5",3549904,67,21,1,2,1
44938,2023,1,12,5,4,476,140,4106902,35,2,1,2,2
44938,2023,1,12,5,4,116,1,3301207,20,11,1,2,2
44938,2023,1,12,5,4,101,385,3304557,28,18,1,1,1
44938,2023,1,12,5,2,163,"80,7",3128204,16,12,0,2,2
44928,2023,1,2,2,3,40,510,3154606,11,9,0,4,2
44938,2023,1,12,5,4,116,192,3546801,28,18,0,1,1
44938,2023,1,12,5,4,493,19,3301850,16,12,1,6,2
44938,2023,1,12,5,4,135,185,2111508,16,12,1,2,2
44939,2023,1,13,6,1,364,709,1100205,67,21,1,1,1
44938,2023,1,12,5,4,101,"439,6",2932200,11,20,0,4,1
44938,2023,1,12,5,4,415,"47,8",2914802,1,11,1,2,2
44939,2023,1,13,6,2,282,"1,9",4216602,11,21,1,2,1