id_data,ano,mes,dia,id_dia_semana,periodo,br,km,id_municipio,id_causa_acidente,id_tipo_acidente,id_uso_solo,pessoas,veiculos
44942,2023,1,16,2,2,381,478,3118601,11,12,1,2,2
44942,2023,1,16,2,2,60,"4,7",5300108,11,20,1,1,1
44942,2023,1,16,2,2,104,89,2512705,16,12,0,2,2
44942,2023,1,16,2,2,324,"523,1",2910800,44,12,0,3,2
44941,2023,1,15,1,1,364,713,1100205,67,9,1,3,2
44942,2023,1,16,2,2,277,724,4108304,80,7,1,3,2
44942,2023,1,16,2,2,116,"355,1",2413508,28,20,1,3,1
44942,2023,1,16,2,2,324,561,2929503,52,21,0,1,1
44942,2023,1,16,2,2,40,"105,3",5206206,18,20,0,4,1
44942,2023,1,16,2,2,20,"173,7",5200803,9,12,0,8,3
44942,2023,1,16,2,2,101,235,#N/D,4,3,0,3,1
44942,2023,1,16,2,2,277,"586,1",2303501,33,11,0,3,2
44942,2023,1,16,2,2,290,92,4314902,1,12,0,5,2
44942,2023,1,16,2,2,80,10,5300108,14,4,0,2,2
44942,2023,1,16,2,2,101,235,#N/D,16,12,0,4,2
44942,2023,1,16,2,2,359,528,5005202,83,7,0,5,3
44942,2023,1,16,2,2,470,"96,1",4201257,1,11,1,2,2
44942,2023,1,16,2,2,470,206,4302105,11,20,1,1,1
44940,2023,1,14,7,4,282,"542,2",4204202,83,10,0,2,2
44942,2023,1,16,2,3,101,"209,6",4216602,16,15,1,4,4
44942,2023,1,16,2,3,356,"50,9",3302205,11,12,0,5,2
44942,2023,1,16,2,2,232,"409,9",2613909,2,11,1,2,2
44942,2023,1,16,2,2,101,430,3302601,16,12,0,2,2
44942,2023,1,16,2,2,304,237,2410900,11,21,0,2,1
44942,2023,1,16,2,3,146,"490,5",3151800,38,20,0,1,1
44930,2023,1,4,4,2,20,"1,2",5208004,67,11,0,3,2
44942,2023,1,16,2,3,287,249,2409332,33,11,1,3,3
44929,2023,1,3,3,3,277,"451,4",4113304,33,11,0,2,2
44942,2023,1,16,2,3,470,"294,9",4203600,18,20,0,1,1
44937,2023,1,11,4,2,135,7,2111300,11,11,1,2,2
44927,2023,1,1,1,1,153,263,5214861,49,12,1,4,2
44942,2023,1,16,2,3,101,235,4211900,16,12,0,2,2
44942,2023,1,16,2,3,471,174,4315701,33,11,0,2,2
44937,2023,1,11,4,1,365,300,3161700,67,7,0,8,2
44942,2023,1,16,2,3,101,68,2110203,67,20,0,5,1
44942,2023,1,16,2,3,230,15,2507507,11,9,1,3,2
44942,2023,1,16,2,3,101,80,2408102,1,11,1,2,2
44942,2023,1,16,2,3,324,"519,5",2910800,67,11,1,3,2
44942,2023,1,16,2,3,40,"551,7",3144805,11,12,1,6,4
44942,2023,1,16,2,3,153,57,3549805,15,20,0,1,1
44942,2023,1,16,2,3,101,"297,8",2112803,16,12,1,3,3
44942,2023,1,16,2,3,101,283,3301900,52,9,1,2,2
44942,2023,1,16,2,3,364,320,5102678,13,20,0,1,1
44942,2023,1,16,2,3,304,32,2408003,52,9,0,2,2
44928,2023,1,2,2,2,376,646,4127601,11,12,0,2,2
44942,2023,1,16,2,3,158,334,2409332,67,20,0,1,1
44942,2023,1,16,2,3,381,88,3518800,52,9,1,2,2
44942,2023,1,16,2,3,101,"716,8",2910727,56,7,1,2,2
44942,2023,1,16,2,3,116,224,3518800,52,11,1,5,3
44942,2023,1,16,2,3,101,409,4201406,1,11,1,2,2
44942,2023,1,16,2,3,116,230,3518800,67,9,0,3,2
44942,2023,1,16,2,3,116,"138,8",3152170,33,11,0,3,2
44942,2023,1,16,2,3,222,2,2304400,16,12,1,3,2
44942,2023,1,16,2,3,364,430,1100114,33,11,0,2,2
44942,2023,1,16,2,4,222,"2,3",2304400,11,12,1,3,3
44942,2023,1,16,2,3,101,42,4209102,1,2,1,2,2
44942,2023,1,16,2,3,393,106,1507755,1,10,1,2,2
44942,2023,1,16,2,4,235,"52,6",2506905,48,2,1,2,2
44942,2023,1,16,2,3,153,138,1702109,16,12,1,2,2
44942,2023,1,16,2,4,412,"17,3",1400100,11,20,0,1,1
44942,2023,1,16,2,4,40,"497,7",3124104,48,2,0,2,2
44942,2023,1,16,2,4,405,6,2408003,25,12,0,3,2
44942,2023,1,16,2,4,70,"1,3",5200258,11,12,0,3,2
44942,2023,1,16,2,3,282,411,4105003,15,20,0,5,1
44942,2023,1,16,2,3,405,"34,3",2500700,1,11,1,2,2
44942,2023,1,16,2,3,282,220,4209300,11,12,1,2,2
44942,2023,1,16,2,4,116,152,3549904,13,21,0,2,1
44942,2023,1,16,2,4,280,126,4215000,11,12,1,2,2
44942,2023,1,16,2,4,153,615,2308906,18,20,0,5,1
44942,2023,1,16,2,4,230,85,2501807,11,20,1,4,1
44942,2023,1,16,2,4,376,168,4115200,13,21,0,1,1
44942,2023,1,16,2,3,277,"514,3",4109302,13,20,0,1,1
44942,2023,1,16,2,4,101,"747,5",2914653,80,7,0,5,2
44942,2023,1,16,2,3,470,"176,9",4213708,1,11,1,2,2
44942,2023,1,16,2,4,262,33,3201902,67,4,0,1,1
44942,2023,1,16,2,3,343,"548,6",2204105,9,1,0,2,1
44942,2023,1,16,2,4,110,7,2924009,9,1,0,6,1
44942,2023,1,16,2,4,116,"553,5",3157252,11,20,0,1,1
44943,2023,1,17,3,1,116,117,4106902,67,9,1,3,2
44942,2023,1,16,2,4,285,569,4318903,1,11,0,2,2
44943,2023,1,17,3,1,153,213,5221601,18,20,0,16,1
44943,2023,1,17,3,1,101,"121,7",4208203,11,21,1,1,1
44943,2023,1,17,3,1,116,15,2304400,52,9,1,2,2
44943,2023,1,17,3,1,235,4,2804805,52,21,0,2,1
44943,2023,1,17,3,2,381,"893,7",3110608,11,20,0,5,1
44943,2023,1,17,3,2,381,484,3106705,67,12,1,2,2
44943,2023,1,17,3,2,476,141,4106902,78,9,1,2,2
44943,2023,1,17,3,2,101,152,2404200,18,3,0,1,1
44943,2023,1,17,3,2,163,6,2922102,11,4,0,1,1
44943,2023,1,17,3,2,290,95,4314902,11,15,1,3,3
44943,2023,1,17,3,2,381,"482,1",3106705,16,12,1,2,2
44943,2023,1,17,3,2,222,"3,1",2304400,16,12,1,2,2
44943,2023,1,17,3,2,470,3,4211306,11,12,1,2,2
44943,2023,1,17,3,2,316,"12,1",2211001,83,4,0,2,1
44943,2023,1,17,3,2,163,159,4113452,52,9,0,2,2
44943,2023,1,17,3,2,116,703,3143906,1,11,1,4,2
44943,2023,1,17,3,2,116,186,3303500,11,9,1,2,2
44940,2023,1,14,7,3,470,8,4211306,49,10,0,5,2
44943,2023,1,17,3,2,408,104,2607901,67,15,1,2,2
44931,2023,1,5,5,3,20,"136,8",2313302,29,12,0,3,2
44943,2023,1,17,3,2,262,484,3106705,67,15,1,6,4
44943,2023,1,17,3,2,393,"0,5",3201209,1,11,1,3,2
44940,2023,1,14,7,1,116,182,3303500,28,18,0,1,1
44943,2023,1,17,3,2,304,"47,8",2408003,1,12,1,2,2
44943,2023,1,17,3,1,163,1005,5108055,9,1,0,1,1
44943,2023,1,17,3,2,30,1,2904605,16,7,0,14,4
44943,2023,1,17,3,3,116,505,2302503,16,12,1,3,2
44943,2023,1,17,3,3,324,616,2927408,28,18,1,1,1
44943,2023,1,17,3,2,470,59,4202404,29,20,1,1,1
44943,2023,1,17,3,2,101,68,2611606,64,12,1,3,2
44943,2023,1,17,3,3,316,552,2103000,28,18,1,5,1
44943,2023,1,17,3,2,101,"412,5",4201406,67,12,1,2,2
44943,2023,1,17,3,3,401,1,1400100,52,9,1,2,2
44943,2023,1,17,3,2,262,"454,8",3145208,67,21,0,1,1
44943,2023,1,17,3,3,40,"43,4",3147006,67,11,0,2,2
44943,2023,1,17,3,3,316,"66,5",2615607,9,1,0,1,1
44943,2023,1,17,3,2,101,325,3303302,67,21,1,2,2
44943,2023,1,17,3,3,324,543,2901106,82,12,1,3,2
44943,2023,1,17,3,3,163,"807,4",5107909,82,20,0,1,1
44943,2023,1,17,3,3,116,209,4122305,56,4,1,1,1
44943,2023,1,17,3,3,60,384,5218805,67,12,1,6,2
44943,2023,1,17,3,3,324,407,2922730,80,7,0,2,2
44943,2023,1,17,3,3,242,572,2913200,15,20,0,1,1
44943,2023,1,17,3,3,101,74,2611606,11,12,1,4,2
44943,2023,1,17,3,3,393,"7,8",3201209,11,7,0,8,2
44943,2023,1,17,3,3,101,58,2611606,64,21,0,1,1
44943,2023,1,17,3,3,116,309,3304201,33,11,1,2,2
44943,2023,1,17,3,3,369,"148,8",4113700,35,2,1,2,2
44943,2023,1,17,3,3,262,"30,3",3154150,80,7,0,2,2
44943,2023,1,17,3,3,116,"39,3",4104006,11,3,0,3,1
44943,2023,1,17,3,3,101,193,4202305,83,11,1,2,2
44943,2023,1,17,3,3,222,132,2306306,51,20,0,3,1
44943,2023,1,17,3,3,280,"237,5",4203808,83,20,0,1,1
44943,2023,1,17,3,3,116,"112,1",3554102,1,11,1,2,2
44943,2023,1,17,3,3,230,"304,6",2203909,67,20,0,1,1
44943,2023,1,17,3,3,101,73,2312403,1,11,0,2,2
44943,2023,1,17,3,2,480,"129,2",4204202,61,2,1,2,2
44943,2023,1,17,3,3,116,"210,9",4122305,33,11,1,2,2
44943,2023,1,17,3,3,20,"17,5",2909307,16,12,0,3,3
44943,2023,1,17,3,3,470,"165,5",4323309,67,20,0,1,1
44943,2023,1,17,3,3,116,"26,5",3552007,67,4,0,1,1
44943,2023,1,17,3,3,364,"236,5",1100049,1,11,1,2,2
44943,2023,1,17,3,3,393,281,3306305,11,12,1,5,3
44943,2023,1,17,3,4,470,"54,1",4202404,20,11,1,2,2
44943,2023,1,17,3,3,101,"281,3",4207304,11,4,0,2,2
44943,2023,1,17,3,4,365,753,3134202,56,4,1,1,1
44943,2023,1,17,3,2,463,111,5006606,35,2,1,2,2
44943,2023,1,17,3,3,262,"148,8",3202454,15,10,0,3,2
44943,2023,1,17,3,4,116,"114,2",3133303,61,2,1,2,2
44943,2023,1,17,3,4,101,60,3204906,1,11,0,4,2
44943,2023,1,17,3,4,110,"45,3",2408003,11,21,1,1,1
44943,2023,1,17,3,4,343,347,2211001,1,2,1,2,2
44943,2023,1,17,3,4,153,506,5201405,67,4,1,1,1
44943,2023,1,17,3,4,101,"53,7",2510907,1,2,0,2,2
44943,2023,1,17,3,4,101,"53,7",2510907,16,12,0,2,2
44943,2023,1,17,3,4,232,81,2606408,49,11,1,2,2
44931,2023,1,5,5,3,262,124,3154903,63,12,0,3,2
44943,2023,1,17,3,4,116,116,4106902,61,2,1,2,2
44943,2023,1,17,3,4,116,"129,4",3508504,67,12,1,2,2
44943,2023,1,17,3,4,116,312,3549953,11,12,0,2,2
44943,2023,1,17,3,4,316,420,2108454,60,2,0,2,2
44943,2023,1,17,3,4,262,"40,1",3139409,63,21,0,1,1
44943,2023,1,17,3,4,285,585,4318903,11,3,0,4,1
44943,2023,1,17,3,4,116,274,3552809,67,12,1,3,2
44943,2023,1,17,3,4,116,"534,5",3159357,56,4,0,1,1
44944,2023,1,18,4,1,40,"508,6",3154606,67,21,1,2,1
44944,2023,1,18,4,1,116,"433,1",2910800,28,18,0,5,1
44944,2023,1,18,4,1,116,"425,1",4306056,49,10,0,4,2
44943,2023,1,17,3,4,101,98,2900702,41,20,0,5,1
44943,2023,1,17,3,4,153,"308,9",5218607,11,3,0,1,1
44944,2023,1,18,4,1,101,189,2908200,18,20,0,1,1
44944,2023,1,18,4,1,153,485,1716109,28,20,0,1,1
44944,2023,1,18,4,1,428,190,2611101,49,12,1,3,2
44944,2023,1,18,4,1,50,169,3170107,57,20,1,5,1
44944,2023,1,18,4,2,381,"69,4",3528502,67,3,0,3,1
44943,2023,1,17,3,4,101,"61,7",2611606,18,21,1,2,1
44944,2023,1,18,4,2,381,"482,6",3106705,16,12,1,2,2
44944,2023,1,18,4,2,101,157,4213500,83,4,0,3,1
44944,2023,1,18,4,2,116,435,3542602,41,20,0,1,1
44943,2023,1,17,3,2,324,1,2910800,80,7,1,2,2
44944,2023,1,18,4,1,423,72,2608305,60,2,1,3,2
44944,2023,1,18,4,1,316,"517,4",2103000,4,10,0,2,2
44944,2023,1,18,4,2,116,398,3529906,67,3,0,3,1
44944,2023,1,18,4,2,319,62,1100205,33,11,1,2,2
44944,2023,1,18,4,2,101,70,2611606,60,2,1,2,2
44944,2023,1,18,4,2,116,"826,9",2933307,20,11,1,2,2
44944,2023,1,18,4,2,135,32,2111300,18,7,1,3,1
44944,2023,1,18,4,2,343,2,2211001,1,12,1,3,2
44944,2023,1,18,4,1,116,120,3301702,52,12,1,2,2
44930,2023,1,4,4,2,277,506,4109302,2,11,0,7,2
44944,2023,1,18,4,2,116,"418,3",3526100,13,20,0,2,1
44944,2023,1,18,4,2,364,398,5103403,11,9,1,1,1
44943,2023,1,17,3,4,163,1043,5105606,11,20,1,1,1
44944,2023,1,18,4,2,343,"338,5",2211001,1,11,1,3,2
44944,2023,1,18,4,2,304,46,2301109,33,11,1,3,2
44944,2023,1,18,4,2,101,"214,3",4211900,16,12,1,3,2
44939,2023,1,13,6,4,280,234,4203808,1,11,1,2,2
44944,2023,1,18,4,2,101,43,2606804,11,12,1,2,2
44944,2023,1,18,4,2,242,229,2914703,2,10,1,2,2
44944,2023,1,18,4,2,364,715,1100205,1,9,1,4,1
44944,2023,1,18,4,2,110,176,2926608,80,21,0,3,3
44944,2023,1,18,4,2,230,"111,9",2506806,83,20,0,4,1
44944,2023,1,18,4,2,262,"443,4",3145208,11,12,1,3,2
44944,2023,1,18,4,2,101,"205,9",4216602,78,12,1,3,3
44944,2023,1,18,4,2,381,"653,7",3159902,52,9,0,5,2
44942,2023,1,16,2,3,480,130,4204202,80,7,1,2,2
44928,2023,1,2,2,2,226,"205,7",2109106,49,7,0,7,2
44944,2023,1,18,4,3,376,306,4115754,21,20,0,2,1
44944,2023,1,18,4,3,428,"187,6",2611101,52,9,1,2,2
44944,2023,1,18,4,2,101,"12,1",2606200,15,3,0,1,1
44944,2023,1,18,4,3,101,43,2508901,83,20,0,1,1
44944,2023,1,18,4,3,40,80,3303906,51,20,1,2,1
44944,2023,1,18,4,3,40,121,3301702,52,12,1,4,3
44944,2023,1,18,4,3,459,"99,6",3152501,51,20,0,1,1
44944,2023,1,18,4,3,364,193,5211909,15,21,0,1,1
44944,2023,1,18,4,3,324,536,2908507,67,12,1,3,2
44944,2023,1,18,4,3,251,"522,3",3143302,80,7,0,3,2
44944,2023,1,18,4,3,356,174,3305000,1,7,0,2,2
44944,2023,1,18,4,3,386,"349,4",1712009,67,12,1,4,2
44944,2023,1,18,4,3,70,"7,9",5101803,2,11,1,2,2
44944,2023,1,18,4,3,282,16,4211900,78,11,1,2,2
44944,2023,1,18,4,3,60,365,5218805,4,20,0,3,1
44944,2023,1,18,4,3,290,85,4314902,52,11,1,2,2
44944,2023,1,18,4,3,367,23,2925303,72,11,0,2,2
44944,2023,1,18,4,2,349,1018,2909307,11,3,0,5,1
44944,2023,1,18,4,3,343,309,2200400,11,12,1,2,2
44944,2023,1,18,4,3,262,375,5008008,67,12,0,3,3
44944,2023,1,18,4,3,381,"449,7",3156700,67,12,1,2,2
44944,2023,1,18,4,3,40,114,3301702,67,4,1,2,1
44944,2023,1,18,4,3,235,"349,8",2918407,67,2,1,2,2
44944,2023,1,18,4,3,101,96,2408102,67,12,1,2,2
44944,2023,1,18,4,3,414,"430,9",5200100,82,9,0,3,2
44942,2023,1,16,2,2,101,"70,9",3301009,67,12,1,2,2
44944,2023,1,18,4,4,381,"497,4",3106705,36,15,1,4,3
44944,2023,1,18,4,3,376,162,4115200,11,20,1,1,1
44944,2023,1,18,4,4,101,"76,8",2611606,9,1,1,2,1
44944,2023,1,18,4,3,343,262,2202208,9,1,0,1,1
44944,2023,1,18,4,4,343,189,2208403,16,12,1,2,2
44944,2023,1,18,4,3,101,534,2929354,15,20,0,4,1
44936,2023,1,10,3,3,308,151,1502202,1,11,1,2,2
44944,2023,1,18,4,4,285,569,4318903,67,2,0,3,2
44944,2023,1,18,4,4,282,"0,4",4205407,83,4,0,1,1
44944,2023,1,18,4,4,232,102,2601904,64,21,1,2,2
44944,2023,1,18,4,4,392,"626,1",4320578,35,2,0,2,2
44944,2023,1,18,4,4,262,148,5000203,60,2,0,3,2
44944,2023,1,18,4,4,381,783,3110905,28,18,0,1,1
44944,2023,1,18,4,4,101,127,4208203,83,20,0,4,1
44944,2023,1,18,4,4,262,"488,6",5000708,35,2,1,2,2
44944,2023,1,18,4,4,116,497,3130903,49,4,0,2,1
44945,2023,1,19,5,1,364,237,1100049,60,2,1,3,2
44944,2023,1,18,4,4,174,"698,4",1400456,83,20,0,2,1
44945,2023,1,19,5,1,101,"90,9",4202107,16,12,1,3,2
44944,2023,1,18,4,3,135,594,2202901,1,11,1,4,2
44945,2023,1,19,5,1,101,209,4216602,52,11,1,2,2
44945,2023,1,19,5,1,116,"230,5",3550308,1,9,1,3,2
44945,2023,1,19,5,1,101,100,4212809,83,20,1,1,1
44945,2023,1,19,5,1,101,217,4211900,64,20,1,1,1
44944,2023,1,18,4,3,60,326,5200134,28,20,0,5,2
44945,2023,1,19,5,2,153,"435,9",5201108,28,21,0,1,1
44944,2023,1,18,4,3,101,66,3204906,11,21,1,1,1
44945,2023,1,19,5,1,324,567,2929503,18,20,0,5,1
44945,2023,1,19,5,2,40,"516,8",3154606,67,12,1,3,2
44945,2023,1,19,5,1,381,"412,7",1101435,18,4,0,1,1
44945,2023,1,19,5,2,101,126,4202008,67,12,1,2,2
44944,2023,1,18,4,3,381,33,3504107,16,12,0,2,2
44941,2023,1,15,1,4,101,296,3301900,1,2,1,2,2
44945,2023,1,19,5,2,101,75,4201307,83,15,1,5,3
44945,2023,1,19,5,2,101,65,4201307,67,20,0,1,1
44945,2023,1,19,5,2,60,200,5209200,11,12,0,2,2
44945,2023,1,19,5,2,280,29,4201307,1,11,0,2,2
44945,2023,1,19,5,2,101,"293,5",3201308,11,4,1,1,1
44945,2023,1,19,5,2,116,160,3524402,78,12,0,2,2
44945,2023,1,19,5,2,116,"311,5",3304201,28,21,1,1,1
44945,2023,1,19,5,2,101,"79,7",2607901,52,9,1,3,2
44945,2023,1,19,5,2,101,"160,1",3203205,1,10,0,2,2
44945,2023,1,19,5,2,435,123,1100056,52,9,0,2,2
44945,2023,1,19,5,2,153,"64,9",3549805,29,21,1,1,1
44945,2023,1,19,5,2,116,"122,5",4106902,52,9,1,3,3
44945,2023,1,19,5,2,101,"120,8",4208203,11,12,0,4,4
44945,2023,1,19,5,2,116,"123,1",4106902,11,9,0,2,2
44945,2023,1,19,5,2,381,"478,5",3118601,78,9,1,3,3
44945,2023,1,19,5,2,282,48,4200606,78,10,0,2,2
44945,2023,1,19,5,2,116,112,3554102,52,9,1,1,1
44945,2023,1,19,5,2,493,2,3301900,52,3,1,1,1
44945,2023,1,19,5,2,101,70,2611606,52,9,0,3,2
44945,2023,1,19,5,2,153,178,1702109,67,20,0,1,1
44945,2023,1,19,5,2,282,538,4204202,1,11,0,2,2
44945,2023,1,19,5,2,277,723,4108304,33,11,1,3,2
44935,2023,1,9,2,1,40,466,3167202,15,20,1,1,1
44945,2023,1,19,5,2,116,320,3302254,80,7,0,2,2
44945,2023,1,19,5,2,40,0,5300108,16,12,1,3,2
44945,2023,1,19,5,2,101,"215,5",4211900,80,11,0,2,2
44945,2023,1,19,5,2,280,"31,1",4201307,82,11,1,2,2
44945,2023,1,19,5,2,101,322,3303302,11,21,1,1,1
44945,2023,1,19,5,2,470,207,4302105,20,11,0,8,2
44935,2023,1,9,2,3,230,400,2512101,1,11,0,12,2
44945,2023,1,19,5,2,262,"35,6",3139409,29,11,1,2,2
44945,2023,1,19,5,2,407,477,2205201,52,20,0,1,1
44945,2023,1,19,5,3,101,473,3300100,2,2,1,2,2
44945,2023,1,19,5,3,60,"76,2",5200100,18,20,0,2,1
44940,2023,1,14,7,2,381,340,3106002,18,11,0,6,2
44945,2023,1,19,5,3,324,622,2927408,28,20,0,2,1
44945,2023,1,19,5,2,381,762,3110905,29,21,0,1,1
44928,2023,1,2,2,3,153,"558,2",5218391,64,12,0,3,2
44945,2023,1,19,5,2,210,2,1600303,57,15,1,3,3
44945,2023,1,19,5,2,116,312,3132701,11,4,0,2,1
44945,2023,1,19,5,3,101,116,4208203,52,9,0,4,2
44945,2023,1,19,5,3,232,126,2604106,9,12,1,5,2
44929,2023,1,3,3,3,163,254,3169109,13,21,0,1,1
44945,2023,1,19,5,3,101,83,2607901,20,11,1,3,2
44945,2023,1,19,5,3,470,"224,9",4308607,33,11,1,2,2
44945,2023,1,19,5,3,104,"100,5",2515104,82,10,0,3,2
44945,2023,1,19,5,3,116,"543,6",3157252,83,20,0,4,1
44945,2023,1,19,5,3,381,"75,9",3550308,83,4,0,2,1
44945,2023,1,19,5,3,277,19,4116208,1,11,0,6,2
44945,2023,1,19,5,3,226,"124,9",2411205,67,7,0,2,2
44945,2023,1,19,5,3,101,272,3304300,83,15,0,7,3
44945,2023,1,19,5,3,343,"0,3",2211001,16,12,1,3,2
44945,2023,1,19,5,2,324,514,2910800,67,9,1,2,2
44945,2023,1,19,5,3,116,3,2304400,11,12,1,3,2
44945,2023,1,19,5,3,369,161,4103701,52,9,1,2,2
44945,2023,1,19,5,3,262,142,5000203,11,9,0,4,2
44945,2023,1,19,5,3,222,"1,5",2304400,16,12,1,2,2
44945,2023,1,19,5,3,101,199,4216602,80,11,1,2,2
44945,2023,1,19,5,1,452,"193,3",5211503,83,20,0,1,1
44945,2023,1,19,5,3,414,"387,5",5205802,28,21,0,1,1
44945,2023,1,19,5,3,116,219,3518800,16,12,1,3,2
44945,2023,1,19,5,3,116,707,2920403,83,20,0,3,1
44945,2023,1,19,5,3,158,326,2409332,78,9,1,3,2
44945,2023,1,19,5,3,343,"9,4",2207702,1,9,1,2,2
44945,2023,1,19,5,3,381,"857,5",3152501,83,21,0,1,1
44945,2023,1,19,5,4,262,150,3202454,28,18,0,1,1
44945,2023,1,19,5,3,101,"104,9",4212502,78,9,0,2,2
44945,2023,1,19,5,3,101,"62,3",2611606,52,9,1,7,2
44945,2023,1,19,5,1,163,320,1505031,83,9,0,1,1
44945,2023,1,19,5,4,40,551,3144805,67,15,1,5,4
44945,2023,1,19,5,4,116,279,3515004,16,12,0,2,2
44945,2023,1,19,5,4,101,319,3303302,78,9,0,3,3
44945,2023,1,19,5,4,280,79,4204509,48,4,1,1,1
44945,2023,1,19,5,4,472,623,4301875,67,20,0,1,1
44945,2023,1,19,5,4,222,664,2100055,49,9,1,5,2
44945,2023,1,19,5,4,277,722,4108304,83,20,1,1,1
44945,2023,1,19,5,4,101,576,3303807,1,7,0,2,2
44945,2023,1,19,5,3,376,172,4115200,10,2,1,2,2
44945,2023,1,19,5,4,116,"216,1",4312476,49,4,1,1,1
44945,2023,1,19,5,4,392,337,2409332,28,18,0,1,1
44945,2023,1,19,5,4,101,127,4208203,11,21,0,1,1
44945,2023,1,19,5,4,470,"193,9",4311304,2,7,0,5,2
44945,2023,1,19,5,2,232,547,2403251,1,7,0,2,2
44945,2023,1,19,5,4,230,"392,5",2101400,67,20,0,2,1
44945,2023,1,19,5,4,163,620,5007695,67,21,1,2,1
44945,2023,1,19,5,4,116,245,4318705,67,11,1,3,2
44945,2023,1,19,5,4,101,48,2600054,1,11,1,2,2
44945,2023,1,19,5,4,116,119,4319000,49,20,0,2,2
44945,2023,1,19,5,4,101,109,2403251,83,7,1,2,1
44945,2023,1,19,5,4,262,"607,6",5005608,9,20,0,5,1
44945,2023,1,19,5,2,40,113,3301702,28,18,1,1,1
44945,2023,1,19,5,4,304,"295,8",2407104,80,7,0,2,2
44946,2023,1,20,6,1,153,559,5217104,11,20,0,1,1
44945,2023,1,19,5,4,101,"199,8",4216602,1,11,1,2,2
44945,2023,1,19,5,4,40,"82,6",3147006,80,7,0,7,2
44945,2023,1,19,5,4,425,99,1100338,67,11,1,2,2
44946,2023,1,20,6,1,470,"189,1",4322806,67,20,0,1,1
44945,2023,1,19,5,4,116,516,3509254,67,3,0,3,1
44946,2023,1,20,6,1,251,"492,5",3126703,15,20,0,22,1
44946,2023,1,20,6,1,343,"310,7",2200400,11,20,1,1,1
44946,2023,1,20,6,1,116,229,3550308,61,2,1,3,2
44946,2023,1,20,6,2,376,168,4115200,11,20,0,1,1
44946,2023,1,20,6,1,60,373,5218805,11,20,1,1,1
44945,2023,1,19,5,4,471,"188,3",4315701,9,1,0,3,1
44946,2023,1,20,6,1,101,210,4216602,4,4,1,2,1
44946,2023,1,20,6,1,101,92,4202107,28,20,1,2,1
44946,2023,1,20,6,1,116,"251,9",3304003,61,2,1,3,3
44940,2023,1,14,7,4,116,"0,2",4314902,67,12,1,2,2
44935,2023,1,9,2,2,316,27,2203305,67,11,0,7,3
44946,2023,1,20,6,2,282,"17,1",4215703,11,9,1,3,2
44946,2023,1,20,6,2,381,488,3106705,11,12,0,3,2
44946,2023,1,20,6,2,277,"575,7",2303501,11,4,0,1,1
44946,2023,1,20,6,2,381,487,3106705,83,4,1,1,1
44946,2023,1,20,6,2,163,330,5007208,11,20,0,1,1
44946,2023,1,20,6,2,153,73,3549805,67,12,0,3,2
44946,2023,1,20,6,2,262,"497,1",3142403,83,20,0,1,1
44946,2023,1,20,6,2,20,9,5300108,1,11,1,2,2
44946,2023,1,20,6,2,232,518,2612208,1,11,0,3,2
44946,2023,1,20,6,2,10,437,4117602,13,21,1,2,1
44946,2023,1,20,6,2,101,158,4213500,1,11,0,2,2
44946,2023,1,20,6,2,493,120,3302007,16,12,0,4,2
44946,2023,1,20,6,2,472,"183,9",4317905,80,7,0,2,2
44946,2023,1,20,6,2,101,"68,1",2611606,16,12,1,2,2
44946,2023,1,20,6,2,304,226,2410900,49,21,0,1,1
44946,2023,1,20,6,2,381,"742,8",3169307,52,9,0,5,2
44946,2023,1,20,6,2,381,"482,6",3118601,11,9,1,3,2
44946,2023,1,20,6,2,116,217,3518800,52,9,0,2,2
44946,2023,1,20,6,2,222,675,2100055,33,11,1,2,2
44946,2023,1,20,6,2,101,"57,9",4201307,67,20,0,2,1
44946,2023,1,20,6,2,101,410,3302007,78,11,1,9,3
44946,2023,1,20,6,2,10,431,4117602,1,12,1,4,2
44945,2023,1,19,5,4,405,"168,4",#N/D,67,20,0,1,1
44946,2023,1,20,6,2,116,5,2304400,51,20,0,1,1
44946,2023,1,20,6,2,101,114,2511509,83,20,0,1,1
44946,2023,1,20,6,2,376,681,4109609,11,3,0,2,1
44946,2023,1,20,6,2,101,25,2804300,64,4,0,4,1
44946,2023,1,20,6,2,163,1046,5105606,70,11,0,4,2
44946,2023,1,20,6,3,287,385,4317400,9,1,0,3,1
44946,2023,1,20,6,2,116,177,3305109,18,11,1,2,2
44946,2023,1,20,6,2,381,"923,5",3110509,67,4,0,1,1
44946,2023,1,20,6,3,230,23,2507507,11,21,1,1,1
44946,2023,1,20,6,3,101,507,2914802,80,7,1,2,2
44946,2023,1,20,6,2,101,485,3300100,1,11,1,2,2
44946,2023,1,20,6,2,40,513,3154606,11,12,1,3,2
44946,2023,1,20,6,3,262,35,3139409,16,2,1,2,2
44946,2023,1,20,6,3,222,4,2303709,16,12,1,2,2
44946,2023,1,20,6,3,101,307,3304904,11,12,1,2,2
44946,2023,1,20,6,3,373,"175,5",4119905,83,4,1,1,1
44946,2023,1,20,6,2,101,227,2707503,15,20,0,2,1
44946,2023,1,20,6,3,101,"206,3",4205407,78,15,0,3,3
44946,2023,1,20,6,2,116,208,2910701,11,20,0,6,1
44946,2023,1,20,6,3,20,"296,8",2302800,15,4,0,2,1
44946,2023,1,20,6,2,282,155,4202602,16,12,0,3,2
44946,2023,1,20,6,3,101,71,3204906,2,9,0,2,2