id_data,ano,mes,dia,id_dia_semana,periodo,br,km,id_municipio,id_causa_acidente,id_tipo_acidente,id_uso_solo,pessoas,veiculos
44946,2023,1,20,6,3,116,314,3304201,28,4,0,1,1
44946,2023,1,20,6,3,381,480,3118601,83,21,1,1,1
44946,2023,1,20,6,2,232,113,2601904,35,2,1,2,2
44946,2023,1,20,6,3,101,"203,3",4216602,1,9,1,2,2
44946,2023,1,20,6,3,101,"72,2",2611606,1,11,1,3,2
44930,2023,1,4,4,4,101,"123,4",4208203,11,12,0,3,2
44946,2023,1,20,6,3,116,235,3304003,11,12,0,5,3
44946,2023,1,20,6,3,468,"100,1",4321907,33,11,1,2,2
44946,2023,1,20,6,3,153,284,5214861,2,7,0,2,2
44946,2023,1,20,6,3,282,547,4211454,1,9,0,3,2
44946,2023,1,20,6,3,30,"362,3",2904605,1,11,0,4,2
44946,2023,1,20,6,3,116,"242,6",4318705,11,15,1,4,3
44946,2023,1,20,6,3,381,"489,9",3106705,11,12,1,5,2
44946,2023,1,20,6,3,101,87,4202107,67,12,1,2,2
44946,2023,1,20,6,3,104,114,2508307,11,12,1,3,2
44946,2023,1,20,6,3,101,148,2404200,49,11,1,3,2
44946,2023,1,20,6,3,476,136,4106902,67,9,1,3,2
44946,2023,1,20,6,3,277,1,4108304,1,12,1,3,3
44946,2023,1,20,6,3,40,91,3303906,11,20,0,4,1
44946,2023,1,20,6,2,381,"209,2",3144359,82,9,0,2,2
44946,2023,1,20,6,3,153,"502,1",5208707,16,12,1,3,2
44946,2023,1,20,6,3,40,96,5206206,1,20,0,4,1
44946,2023,1,20,6,3,290,418,2929255,80,11,0,2,2
44946,2023,1,20,6,3,50,175,3170107,19,3,1,1,1
44948,2023,1,22,1,2,101,"103,2",2511509,1,12,0,5,3
44948,2023,1,22,1,4,101,275,3305752,67,3,1,1,1
44949,2023,1,23,2,1,386,304,4315131,11,4,0,1,1
44948,2023,1,22,1,2,60,170,5208707,83,20,0,1,1
44948,2023,1,22,1,3,116,859,2933307,49,11,0,3,2
44948,2023,1,22,1,4,316,"165,6",2706307,52,10,0,2,2
44947,2023,1,21,7,2,285,"272,2",4312138,80,7,1,3,2
44948,2023,1,22,1,2,116,81,3305802,67,7,0,4,3
44948,2023,1,22,1,2,392,"672,5",4316477,49,20,0,1,1
44948,2023,1,22,1,3,101,43,3204906,49,12,0,4,2
44948,2023,1,22,1,3,316,177,1501402,11,11,1,6,2
44948,2023,1,22,1,3,277,"269,3",4120606,67,20,0,4,1
44948,2023,1,22,1,2,262,658,5005608,67,12,0,4,2
44948,2023,1,22,1,4,101,278,3305752,11,12,0,2,2
44948,2023,1,22,1,4,324,"520,6",2910800,60,2,0,2,2
44948,2023,1,22,1,2,101,"235,6",4211900,28,4,0,2,1
44947,2023,1,21,7,2,101,"203,4",3203130,18,4,0,3,1
44946,2023,1,20,6,4,423,50,2608800,80,7,0,3,2
44948,2023,1,22,1,3,153,436,5201108,49,20,1,1,1
44948,2023,1,22,1,3,364,275,5104807,16,12,1,1,1
44948,2023,1,22,1,1,386,"327,2",4312054,80,7,0,4,3
44948,2023,1,22,1,1,365,"139,8",3170800,83,3,0,4,1
44948,2023,1,22,1,3,316,555,2103000,49,20,1,1,1
44948,2023,1,22,1,3,476,119,4105805,16,12,1,3,3
44949,2023,1,23,2,2,290,116,4306767,67,12,0,9,3
44948,2023,1,22,1,3,290,"721,5",4322400,49,21,1,2,1
44948,2023,1,22,1,3,101,"375,5",4207007,11,21,0,2,1
44948,2023,1,22,1,1,158,"329,4",2409332,80,7,1,3,2
44948,2023,1,22,1,3,70,311,2918506,51,21,1,1,1
44948,2023,1,22,1,4,364,"196,5",1100189,49,4,1,1,1
44948,2023,1,22,1,3,101,"371,9",3202603,67,4,0,1,1
44949,2023,1,23,2,1,381,"481,3",3106705,67,12,1,2,2
44948,2023,1,22,1,3,158,284,5008305,11,20,0,1,1
44949,2023,1,23,2,2,101,133,4202008,67,12,1,2,2
44948,2023,1,22,1,4,230,631,1500602,49,20,1,1,1
44949,2023,1,23,2,2,116,152,4305108,52,9,1,2,2
44948,2023,1,22,1,4,40,108,3301702,11,2,1,3,2
44948,2023,1,22,1,3,232,"90,1",2612000,1,9,0,2,2
44946,2023,1,20,6,3,470,2,4211306,52,11,1,2,2
44948,2023,1,22,1,2,101,"54,4",2801504,3,3,0,5,1
44949,2023,1,23,2,1,116,"8,3",4210100,65,4,1,1,1
44948,2023,1,22,1,3,116,"629,7",4301305,28,21,0,2,1
44948,2023,1,22,1,1,60,187,5209200,9,1,1,1,1
44947,2023,1,21,7,1,343,478,2200608,63,20,0,2,1
44948,2023,1,22,1,4,40,107,3136306,15,20,0,1,1
44948,2023,1,22,1,3,364,"498,6",5104906,15,20,0,3,1
44947,2023,1,21,7,4,386,"36,6",4308508,67,12,0,2,2
44948,2023,1,22,1,3,163,93,1502202,16,12,0,2,2
44949,2023,1,23,2,2,40,516,3154606,16,9,1,6,2
44948,2023,1,22,1,2,50,174,3170107,67,21,0,2,1
44948,2023,1,22,1,3,407,1,2918407,16,9,1,4,2
44948,2023,1,22,1,3,116,189,3303500,78,12,1,2,2
44949,2023,1,23,2,1,116,172,3305109,67,4,1,1,1
44947,2023,1,21,7,1,285,"495,8",4306932,11,4,0,1,1
44948,2023,1,22,1,1,287,400,4317400,9,1,1,3,1
44948,2023,1,22,1,2,163,116,1502202,18,20,0,2,1
44948,2023,1,22,1,2,428,"176,1",2611101,11,3,0,1,1
44948,2023,1,22,1,2,116,140,3301702,61,2,0,2,2
44948,2023,1,22,1,4,116,187,3303500,52,12,1,2,2
44948,2023,1,22,1,2,116,301,3304201,67,4,0,1,1
44947,2023,1,21,7,2,40,"26,4",3147006,82,7,0,7,3
44947,2023,1,21,7,3,285,585,4318903,4,20,0,5,1
44949,2023,1,23,2,2,304,"118,7",2404853,1,11,0,2,2
44948,2023,1,22,1,1,386,"161,7",4300471,11,20,0,4,2
44945,2023,1,19,5,4,101,313,3304904,11,12,1,2,2
44946,2023,1,20,6,4,101,117,4208203,78,9,0,2,2
44949,2023,1,23,2,2,116,281,3300407,1,11,1,2,2
44946,2023,1,20,6,4,493,18,3301850,18,20,1,1,1
44947,2023,1,21,7,2,101,"213,1",4211900,11,12,1,2,2
44947,2023,1,21,7,2,40,120,3301702,67,3,1,3,1
44949,2023,1,23,2,2,232,380,2603405,82,9,0,4,2
44947,2023,1,21,7,4,163,20,4124400,49,7,0,3,2
44948,2023,1,22,1,2,116,282,3522208,16,12,0,3,2
44947,2023,1,21,7,2,304,299,2407104,52,20,0,1,1
44948,2023,1,22,1,2,101,"580,1",3303807,67,9,0,2,2
44948,2023,1,22,1,4,116,297,3522208,33,11,0,3,2
44948,2023,1,22,1,4,376,"628,5",4125506,67,20,0,1,1
44947,2023,1,21,7,2,381,346,3106002,4,20,0,2,1
44947,2023,1,21,7,3,101,189,3304524,64,20,0,4,1
44947,2023,1,21,7,3,282,"533,2",4204350,7,20,0,1,1
44946,2023,1,20,6,4,104,41,2701100,16,12,0,4,3
44947,2023,1,21,7,2,435,"123,5",1100056,82,9,1,3,2
44949,2023,1,23,2,2,40,4,5300108,16,12,1,2,2
44949,2023,1,23,2,2,116,258,4307708,52,9,1,2,2
44947,2023,1,21,7,1,116,238,4313409,49,9,1,3,2
44948,2023,1,22,1,3,277,"478,4",4117057,51,7,0,7,3
44947,2023,1,21,7,1,40,"15,3",3147006,9,1,0,10,3
44947,2023,1,21,7,4,262,"531,8",3138807,83,20,0,2,1
44948,2023,1,22,1,1,285,"372,5",4316436,49,10,0,2,2
44948,2023,1,22,1,1,476,277,4125605,60,2,1,2,2
44948,2023,1,22,1,1,70,12,5300108,28,4,0,1,1
44947,2023,1,21,7,3,423,"91,3",2606002,49,12,1,5,2
44947,2023,1,21,7,3,104,"195,5",2500536,80,7,0,3,2
44948,2023,1,22,1,3,116,216,3518800,67,20,0,2,1
44948,2023,1,22,1,2,230,334,2510808,11,12,0,2,2
44949,2023,1,23,2,2,364,376,5107800,11,20,0,1,1
44946,2023,1,20,6,4,135,3,2111300,67,12,1,3,2
44946,2023,1,20,6,4,381,"838,8",3164407,18,20,0,2,1
44946,2023,1,20,6,4,116,189,3303500,67,21,1,2,1
44948,2023,1,22,1,1,163,641,5106224,49,12,0,2,2
44949,2023,1,23,2,2,373,177,4119905,60,2,1,2,2
44947,2023,1,21,7,4,364,"403,4",1100155,16,12,0,4,2
44947,2023,1,21,7,3,381,482,3106705,63,21,1,2,1
44949,2023,1,23,2,2,330,"795,8",2918001,83,15,0,5,3
44949,2023,1,23,2,2,101,502,3300100,2,12,0,3,2
44949,2023,1,23,2,2,101,108,4212502,16,12,0,2,2
44946,2023,1,20,6,3,364,"226,7",1100049,67,7,0,2,2
44949,2023,1,23,2,2,116,233,2925907,33,11,0,2,2
44949,2023,1,23,2,2,40,6,5300108,11,12,1,1,1
44947,2023,1,21,7,3,101,"74,8",2110203,67,21,0,2,2
44948,2023,1,22,1,3,116,303,3549953,11,20,0,3,1
44946,2023,1,20,6,4,153,79,3504602,60,2,0,3,3
44947,2023,1,21,7,3,116,37,3305802,1,11,0,4,2
44947,2023,1,21,7,4,470,240,4304804,80,10,0,2,2
44949,2023,1,23,2,2,158,535,4118501,1,11,1,3,2
44947,2023,1,21,7,4,101,78,2611606,11,12,1,3,2
44947,2023,1,21,7,2,381,"844,2",3164407,52,21,0,5,2
44949,2023,1,23,2,2,116,42,2612208,2,11,0,3,2
44949,2023,1,23,2,2,381,906,3110608,83,4,0,1,1
44947,2023,1,21,7,4,222,126,2201507,80,10,1,3,2
44949,2023,1,23,2,2,381,449,3156700,67,12,1,2,2
44947,2023,1,21,7,3,226,11,2407104,48,11,1,4,3
44930,2023,1,4,4,3,163,339,1505031,80,20,0,4,1
44949,2023,1,23,2,2,277,156,4120101,15,20,0,3,1
44949,2023,1,23,2,2,230,"405,4",2512101,1,9,1,3,2
44949,2023,1,23,2,3,40,12,5212501,16,11,1,2,2
44947,2023,1,21,7,3,101,"67,2",2611606,67,12,1,3,2
44949,2023,1,23,2,2,277,"179,2",4117701,67,20,0,4,1
44948,2023,1,22,1,1,101,287,3201308,16,12,0,2,2
44949,2023,1,23,2,2,282,4,4216602,61,2,1,3,2
44948,2023,1,22,1,3,10,250,2105302,49,2,0,2,2
44947,2023,1,21,7,2,101,50,3204906,82,20,0,2,1
44946,2023,1,20,6,3,101,"122,6",4208203,78,12,1,2,2
44947,2023,1,21,7,2,414,439,5201108,1,11,1,2,2
44947,2023,1,21,7,3,381,"491,9",3106705,63,21,1,1,1
44947,2023,1,21,7,3,101,29,3201605,83,20,0,1,1
44933,2023,1,7,7,4,476,"131,8",4106902,17,2,1,2,2
44947,2023,1,21,7,2,424,"88,1",2606002,52,12,1,3,2
44947,2023,1,21,7,2,40,78,3303906,15,3,0,4,1
44949,2023,1,23,2,3,381,69,3528502,83,4,0,2,1
44947,2023,1,21,7,3,40,81,3303906,13,20,0,4,1
44949,2023,1,23,2,3,262,175,3161007,63,3,0,2,1
44949,2023,1,23,2,2,101,154,4213500,13,21,0,2,1
44946,2023,1,20,6,4,10,434,4117602,67,12,1,3,2
44949,2023,1,23,2,2,267,"506,5",2307106,67,20,0,3,1
44948,2023,1,22,1,4,316,57,1502400,11,4,1,1,1
44949,2023,1,23,2,3,101,82,4202107,28,21,0,2,1
44949,2023,1,23,2,3,101,"293,5",3201308,11,12,1,3,2
44946,2023,1,20,6,4,116,561,3505401,67,3,0,1,1
44949,2023,1,23,2,3,392,80,4314407,83,20,0,5,5
44949,2023,1,23,2,3,405,"164,1",2410504,1,11,0,2,2
44947,2023,1,21,7,2,230,"148,7",2504009,1,11,1,3,2
44948,2023,1,22,1,2,210,2,1600303,49,11,1,2,2
44947,2023,1,21,7,2,277,"101,5",4106902,52,9,0,2,2
44949,2023,1,23,2,3,101,117,4208203,11,9,0,2,2
44948,2023,1,22,1,4,101,385,4207007,30,20,0,1,1
44949,2023,1,23,2,3,116,9,4104006,16,12,0,2,2
44947,2023,1,21,7,4,116,"148,9",4305108,49,11,1,4,2
44949,2023,1,23,2,3,146,"408,2",3128709,83,20,0,3,1
44949,2023,1,23,2,1,116,"139,4",3549904,11,4,1,1,1
44949,2023,1,23,2,2,20,"212,4",2302404,57,21,0,1,1
44947,2023,1,21,7,4,153,359,5211800,49,20,0,1,1
44948,2023,1,22,1,1,364,113,5201454,11,20,0,1,1
44949,2023,1,23,2,3,222,221,2312908,9,4,0,2,1
44949,2023,1,23,2,3,40,105,3301702,78,11,1,2,2
44949,2023,1,23,2,3,116,10,4104006,64,3,0,2,1
44948,2023,1,22,1,1,230,218,2516102,11,20,0,1,1
44947,2023,1,21,7,3,232,149,2613107,13,20,0,1,1
44949,2023,1,23,2,2,262,548,3138807,28,18,0,1,1
44946,2023,1,20,6,4,316,7,2211001,52,9,1,2,2
44949,2023,1,23,2,3,369,149,4113700,17,11,1,2,2
44949,2023,1,23,2,3,116,216,3518800,78,12,1,2,2
44949,2023,1,23,2,3,101,151,4208302,52,9,1,2,2
44949,2023,1,23,2,3,101,217,4211900,16,12,1,3,3
44948,2023,1,22,1,1,364,"60,7",5204102,49,20,0,1,1
44948,2023,1,22,1,1,376,334,4117305,83,4,0,1,1
44949,2023,1,23,2,3,80,117,5222302,82,20,0,1,1
44949,2023,1,23,2,3,287,396,4317400,1,11,1,2,2
44947,2023,1,21,7,2,40,"84,6",5206206,83,12,0,4,2
44949,2023,1,23,2,3,381,"707,3",3144607,83,20,0,1,1
44949,2023,1,23,2,3,277,586,2303501,20,11,1,2,2
44948,2023,1,22,1,3,262,365,2401305,20,7,1,4,3
44949,2023,1,23,2,3,376,5,4114203,20,11,1,2,2
44949,2023,1,23,2,3,163,"56,1",5104609,4,20,0,2,1
44949,2023,1,23,2,3,153,414,5201108,9,1,0,2,1
44949,2023,1,23,2,3,101,76,2110203,16,12,0,2,2
44947,2023,1,21,7,3,381,266,3168705,67,12,0,2,2
44949,2023,1,23,2,3,101,562,3303807,1,11,0,5,2
44949,2023,1,23,2,4,277,"589,2",2303501,33,7,1,2,2
44946,2023,1,20,6,4,153,"503,7",5208707,67,4,0,1,1
44949,2023,1,23,2,2,174,176,5106828,82,20,0,5,1
44948,2023,1,22,1,3,316,"3,8",2211001,16,9,1,3,2
44949,2023,1,23,2,4,70,8,5300108,16,12,0,3,2
44949,2023,1,23,2,4,50,97,5206206,1,11,1,2,2
44949,2023,1,23,2,4,316,5,2211001,61,2,1,2,2
44949,2023,1,23,2,4,101,120,4208203,49,9,1,2,2
44947,2023,1,21,7,3,116,271,3300407,4,20,1,4,1
44949,2023,1,23,2,4,116,145,4114302,67,20,0,1,1
44947,2023,1,21,7,2,116,249,4318705,67,3,1,1,1
44949,2023,1,23,2,4,401,1,1400100,82,9,1,2,2
44947,2023,1,21,7,2,381,"795,2",3162005,4,20,0,2,1
44949,2023,1,23,2,4,116,114,3302502,15,3,1,1,1
44949,2023,1,23,2,4,40,522,3118601,83,9,0,3,2
44949,2023,1,23,2,4,116,448,3542602,11,20,0,1,1
44947,2023,1,21,7,4,116,245,4318705,1,11,1,2,2
44942,2023,1,16,2,2,495,2,3305802,82,11,1,3,3
44949,2023,1,23,2,4,290,"574,5",4300406,11,20,1,5,1
44949,2023,1,23,2,4,101,"1,5",4321501,67,9,1,2,2
44949,2023,1,23,2,4,40,21,5212501,1,9,1,3,2
44949,2023,1,23,2,3,470,"138,5",4214805,67,21,1,1,1
44949,2023,1,23,2,4,50,"172,6",3170107,15,21,0,1,1
44947,2023,1,21,7,1,470,"3,8",4211306,33,11,1,4,2
44949,2023,1,23,2,4,40,29,3306008,56,20,1,1,1
44949,2023,1,23,2,4,277,"3,5",4118204,11,9,1,3,3
44945,2023,1,19,5,3,428,186,2611101,52,9,1,2,2
44949,2023,1,23,2,4,101,140,4202008,13,20,0,2,1
44950,2023,1,24,3,1,116,"180,7",3113008,49,4,0,2,1
44949,2023,1,23,2,4,116,143,3301702,52,9,0,2,1
44949,2023,1,23,2,4,259,"37,1",3201506,82,9,0,2,2
44945,2023,1,19,5,4,428,189,2611101,16,15,1,3,3
44946,2023,1,20,6,3,116,267,4304606,1,9,1,2,2
44946,2023,1,20,6,4,290,93,4314902,52,9,1,1,1
44950,2023,1,24,3,1,470,171,4213708,67,9,0,1,1
44950,2023,1,24,3,2,116,124,4107652,78,9,1,2,2
44950,2023,1,24,3,2,50,"22,5",3103504,71,20,0,1,1
44950,2023,1,24,3,2,163,283,4114609,1,11,0,2,2
44946,2023,1,20,6,4,222,"1,8",2304400,1,11,1,2,2
44950,2023,1,24,3,2,381,"599,8",3114501,4,4,0,1,1
44946,2023,1,20,6,4,232,"82,8",2606408,9,20,0,3,1
44950,2023,1,24,3,2,116,"220,1",3518800,67,11,1,2,2
44947,2023,1,21,7,1,101,445,3302601,49,7,0,3,2
44946,2023,1,20,6,3,101,"64,8",2611606,52,9,1,5,3
44947,2023,1,21,7,2,304,295,2407104,52,21,1,2,1
44946,2023,1,20,6,3,101,61,2611606,28,12,1,3,2
44946,2023,1,20,6,4,101,203,4216602,52,9,1,3,2
44950,2023,1,24,3,2,280,"3,2",4216206,20,11,0,2,2
44950,2023,1,24,3,1,110,379,2907509,67,20,0,3,1
44947,2023,1,21,7,1,277,"587,7",2303501,57,11,1,2,2
44950,2023,1,24,3,2,60,"9,4",5300108,44,12,0,3,2
44946,2023,1,20,6,4,277,"340,5",4109401,67,12,1,2,2
44946,2023,1,20,6,4,365,677,3142809,67,20,0,3,1
44950,2023,1,24,3,2,116,"412,8",2910800,11,9,1,2,2
44950,2023,1,24,3,2,116,461,3524600,83,21,0,1,1
44950,2023,1,24,3,2,470,"67,6",4207502,33,11,0,2,2
44946,2023,1,20,6,4,101,88,2804805,83,20,0,1,1
44950,2023,1,24,3,2,101,357,4215455,1,11,0,2,2
44950,2023,1,24,3,2,116,207,3518800,11,15,1,3,3
44946,2023,1,20,6,3,376,"180,9",4115200,16,21,1,1,1
44947,2023,1,21,7,3,316,"223,8",2211308,18,20,0,1,1
44947,2023,1,21,7,1,376,"35,4",4117107,80,7,0,4,2
44950,2023,1,24,3,2,381,"54,3",3528502,13,21,0,1,1
44950,2023,1,24,3,2,101,135,3203205,16,15,0,3,3
44950,2023,1,24,3,2,101,"111,9",3301009,21,3,0,15,2
44947,2023,1,21,7,1,101,215,4211900,11,12,1,2,2
44948,2023,1,22,1,2,116,"95,5",3538006,67,12,0,2,2
44950,2023,1,24,3,2,101,127,4208203,16,12,0,2,2
44946,2023,1,20,6,3,116,812,3101508,83,20,0,5,1
44946,2023,1,20,6,3,277,"714,7",4108304,67,12,0,3,2
44946,2023,1,20,6,4,60,89,5201108,1,21,1,2,1
44947,2023,1,21,7,1,101,"89,3",4202107,67,3,1,1,1
44950,2023,1,24,3,2,230,407,2101400,1,11,1,2,2
44946,2023,1,20,6,4,163,786,5108501,49,20,0,2,1
44947,2023,1,21,7,2,381,82,3550308,67,12,1,2,2
44946,2023,1,20,6,4,40,7,5221858,67,9,1,2,2
44950,2023,1,24,3,2,369,150,4113700,67,12,0,3,3
44949,2023,1,23,2,4,40,"119,7",3301702,67,3,1,1,1
44946,2023,1,20,6,4,364,"199,7",1100189,49,4,1,1,1
44946,2023,1,20,6,4,262,386,5008008,65,2,0,1,1
44947,2023,1,21,7,2,163,"486,4",2401305,67,3,0,2,1
44946,2023,1,20,6,4,101,"189,6",4202305,52,12,0,2,2
44950,2023,1,24,3,2,101,488,3300100,62,21,0,1,1
44947,2023,1,21,7,1,163,329,5007208,14,18,0,1,1
44947,2023,1,21,7,1,364,131,1200401,11,20,1,1,1
44947,2023,1,21,7,3,116,"236,1",4313409,4,20,1,1,1
44946,2023,1,20,6,4,376,"58,5",5004007,67,20,0,1,1
44946,2023,1,20,6,3,158,329,2409332,33,11,1,4,3
44931,2023,1,5,5,2,101,"258,5",3205002,35,2,1,3,2
44947,2023,1,21,7,2,381,358,3136207,49,20,1,1,1
44947,2023,1,21,7,4,135,6,2111300,64,20,1,2,1
44947,2023,1,21,7,1,101,218,3301306,64,3,1,1,1
44948,2023,1,22,1,3,116,"40,2",3508603,11,4,0,1,1
44950,2023,1,24,3,2,104,"135,9",2512507,16,12,1,2,2
44946,2023,1,20,6,3,101,87,3301009,21,3,0,2,1
44950,2023,1,24,3,2,381,4,3106705,67,15,1,3,3
44950,2023,1,24,3,2,163,135,4104600,67,20,0,1,1
44948,2023,1,22,1,1,158,327,2409332,49,20,1,2,1
44950,2023,1,24,3,2,10,432,4117602,28,4,0,1,1
44950,2023,1,24,3,2,364,198,1100189,52,9,1,3,3
44946,2023,1,20,6,4,101,252,4212304,11,12,1,4,2
44950,2023,1,24,3,2,267,"152,2",3138609,83,20,0,5,1
44950,2023,1,24,3,2,282,108,4200705,11,12,0,2,2
44947,2023,1,21,7,3,101,"223,8",3202207,11,12,0,2,2
44947,2023,1,21,7,4,163,"39,3",4124400,80,7,0,3,2
44950,2023,1,24,3,2,232,"77,9",2606408,83,11,1,2,2
44950,2023,1,24,3,3,280,"54,8",4206504,1,2,1,2,2
44950,2023,1,24,3,3,153,47,4307005,1,11,1,3,2
44947,2023,1,21,7,3,101,"214,4",4211900,52,9,1,3,2
44948,2023,1,22,1,2,262,"437,1",3145208,83,4,0,6,1
44950,2023,1,24,3,3,290,"68,7",4309209,16,21,1,2,1
44950,2023,1,24,3,3,116,"152,7",4305108,20,11,0,2,2
44950,2023,1,24,3,3,40,558,3144805,83,20,0,1,1
44947,2023,1,21,7,2,101,46,3555406,78,2,1,2,2
44950,2023,1,24,3,2,174,"16,2",1100304,20,11,1,5,2
44946,2023,1,20,6,3,10,"304,1",2100055,11,21,0,1,1
44950,2023,1,24,3,2,324,579,2906501,67,20,0,5,1
44947,2023,1,21,7,1,104,"29,4",2615409,52,10,1,2,2
44949,2023,1,23,2,1,428,73,2612604,4,3,0,4,1
44950,2023,1,24,3,3,116,124,4107652,16,12,0,6,2
44950,2023,1,24,3,2,210,"73,5",1600535,15,3,0,5,1
44950,2023,1,24,3,3,459,"106,3",3152501,33,9,1,3,2
44948,2023,1,22,1,1,101,34,3555406,18,12,0,2,2
44946,2023,1,20,6,4,116,54,3527207,67,20,0,3,2
44946,2023,1,20,6,3,116,148,3549904,16,12,0,4,3
44950,2023,1,24,3,3,50,182,3170107,83,21,0,1,1
44950,2023,1,24,3,2,101,297,4209409,16,12,1,2,2
44950,2023,1,24,3,3,101,65,3204906,67,12,1,4,2
44950,2023,1,24,3,3,116,119,4106902,11,4,1,1,1
44950,2023,1,24,3,3,381,456,3106200,33,11,1,2,2
44950,2023,1,24,3,3,101,111,4211306,1,9,1,2,2
44950,2023,1,24,3,3,153,41,3534005,67,4,0,3,1
44948,2023,1,22,1,3,153,"187,6",5221601,83,11,0,11,3
44950,2023,1,24,3,3,262,"471,8",3107406,16,12,0,5,2
44950,2023,1,24,3,3,135,8,2111300,16,12,1,1,1
44950,2023,1,24,3,3,424,"77,6",2606002,82,21,0,2,2
44950,2023,1,24,3,3,376,671,4109609,67,21,0,1,1
44950,2023,1,24,3,3,116,204,3304144,15,20,0,1,1
44950,2023,1,24,3,3,153,20,4111803,33,11,0,6,2
44950,2023,1,24,3,3,101,94,2507507,11,21,0,1,1
44932,2023,1,6,6,2,316,63,1502400,16,12,1,4,2
44950,2023,1,24,3,3,101,94,2408102,52,9,1,2,2
44946,2023,1,20,6,4,50,174,3170107,80,7,1,2,2
44950,2023,1,24,3,3,280,"25,9",4201307,1,11,0,2,2
44950,2023,1,24,3,3,153,133,1702109,9,1,1,1,1
44950,2023,1,24,3,3,158,324,2409332,11,12,1,2,2
44950,2023,1,24,3,3,359,524,5003207,67,20,0,1,1
44950,2023,1,24,3,3,40,"29,6",3306008,83,4,0,1,1
44950,2023,1,24,3,3,386,350,4307807,28,21,1,1,1
44947,2023,1,21,7,2,40,"731,8",3145703,16,12,0,2,2
44950,2023,1,24,3,3,101,"200,8",4202305,11,12,1,2,2
44950,2023,1,24,3,4,116,"227,1",3550308,11,9,1,2,2
44950,2023,1,24,3,3,101,493,3300100,15,20,0,4,1
44950,2023,1,24,3,3,101,"409,3",4201406,1,21,1,2,2
44950,2023,1,24,3,4,381,532,3133709,63,4,0,4,1
44950,2023,1,24,3,4,101,40,2606804,10,2,1,2,2
44950,2023,1,24,3,3,308,152,1502202,1,21,0,2,2
44950,2023,1,24,3,3,116,"489,6",3130903,67,7,0,3,2
44950,2023,1,24,3,4,116,426,3526100,20,11,0,2,2
44947,2023,1,21,7,4,267,"188,2",3145406,35,2,0,5,2
44950,2023,1,24,3,4,470,58,4202404,80,7,1,3,2
44948,2023,1,22,1,4,392,"51,5",4315602,67,12,0,8,3
44950,2023,1,24,3,4,50,138,5210109,67,20,0,3,1
44950,2023,1,24,3,4,381,794,3162005,15,20,0,3,1
44950,2023,1,24,3,4,40,"794,6",3136702,15,20,0,1,1
44947,2023,1,21,7,1,470,211,4302105,67,20,0,1,1
44948,2023,1,22,1,2,116,203,4213302,49,4,0,1,1
44950,2023,1,24,3,4,277,83,4106902,16,12,1,2,2
44951,2023,1,25,4,1,277,114,4104204,67,12,1,2,2
44950,2023,1,24,3,4,471,"148,6",4316808,33,11,1,2,2
44951,2023,1,25,4,1,40,121,3301702,49,20,1,1,1
44951,2023,1,25,4,1,101,124,4208203,9,1,0,1,1
44951,2023,1,25,4,1,101,435,3302601,67,20,0,2,1
44951,2023,1,25,4,1,60,"86,8",5201108,9,1,0,2,1
44930,2023,1,4,4,3,101,79,4201307,13,12,0,3,3
44946,2023,1,20,6,4,110,168,2926608,67,20,0,1,1
44951,2023,1,25,4,1,386,125,4126256,67,20,0,4,1
44951,2023,1,25,4,1,222,212,2304350,83,20,0,3,1
44951,2023,1,25,4,1,364,"199,4",1100189,48,2,1,3,2
44951,2023,1,25,4,1,280,79,4204509,1,12,0,2,2
44946,2023,1,20,6,4,101,"232,5",3202207,80,10,0,4,2
44951,2023,1,25,4,2,381,"497,2",3106705,83,12,1,2,2
44951,2023,1,25,4,1,40,"51,4",3303906,11,9,1,3,3
44942,2023,1,16,2,4,116,32,3513405,65,18,0,1,1
44947,2023,1,21,7,2,153,65,3549805,67,20,1,2,1
44947,2023,1,21,7,3,153,72,3549805,16,12,0,2,2
44947,2023,1,21,7,2,101,201,4216602,16,12,0,3,2
44946,2023,1,20,6,3,116,"148,2",3549904,78,9,1,4,3
44947,2023,1,21,7,2,116,292,3168606,82,20,0,5,2
44947,2023,1,21,7,3,163,176,4113452,4,20,1,2,1
44948,2023,1,22,1,1,101,340,4218707,16,12,1,2,2
44951,2023,1,25,4,2,277,76,4125506,52,9,1,3,2
44948,2023,1,22,1,1,101,377,4207007,18,20,0,1,1
44951,2023,1,25,4,2,235,47,2506905,16,12,0,2,2
44948,2023,1,22,1,1,60,130,5208707,16,12,1,2,2
44951,2023,1,25,4,2,116,520,4314407,33,11,1,2,2
44947,2023,1,21,7,3,116,"537,8",4304663,11,21,0,1,1
44947,2023,1,21,7,4,376,178,4115200,67,21,1,1,1
44947,2023,1,21,7,4,277,"36,4",4116208,67,12,0,2,2
44947,2023,1,21,7,2,262,380,3136652,83,20,0,1,1
44951,2023,1,25,4,2,101,"267,2",3205002,61,2,1,3,3
44948,2023,1,22,1,1,381,59,3528502,11,20,0,1,1
44951,2023,1,25,4,2,282,"182,8",4202438,67,12,0,2,2
44951,2023,1,25,4,2,101,"436,4",4217709,28,21,0,2,1
44947,2023,1,21,7,4,290,94,4314902,67,4,1,2,1
44947,2023,1,21,7,2,116,"534,9",3159357,51,4,0,1,1
44947,2023,1,21,7,3,424,"16,8",2610806,80,7,1,3,2