id_data,ano,mes,dia,id_dia_semana,periodo,br,km,id_municipio,id_causa_acidente,id_tipo_acidente,id_uso_solo,pessoas,veiculos
44947,2023,1,21,7,2,158,327,2409332,11,12,1,3,2
44947,2023,1,21,7,4,116,67,4104006,9,1,1,1,1
44951,2023,1,25,4,2,116,136,3549904,11,12,0,2,2
44951,2023,1,25,4,2,230,157,2504009,2,11,1,2,2
44951,2023,1,25,4,2,116,80,3305802,1,2,1,2,2
44951,2023,1,25,4,2,116,703,3143906,33,11,1,7,2
44947,2023,1,21,7,2,40,656,3120409,83,4,0,2,1
44947,2023,1,21,7,3,381,37,3504107,61,2,0,4,2
44951,2023,1,25,4,2,116,2,4210100,67,12,1,2,2
44947,2023,1,21,7,2,376,"507,6",4119905,11,3,0,2,1
44951,2023,1,25,4,2,40,11,5212501,11,2,1,2,2
44947,2023,1,21,7,2,101,198,4202305,16,12,1,3,2
44947,2023,1,21,7,3,101,"284,8",4207304,14,2,0,2,2
44951,2023,1,25,4,2,101,73,2611606,11,4,1,1,1
44947,2023,1,21,7,2,381,"646,2",3159902,15,4,0,10,3
44947,2023,1,21,7,3,364,204,1100189,11,9,1,2,2
44947,2023,1,21,7,3,101,148,4208302,1,12,1,2,2
44939,2023,1,13,6,3,116,176,3305109,11,9,1,2,2
44948,2023,1,22,1,1,101,"385,9",4207007,18,20,0,1,1
44943,2023,1,17,3,2,101,"416,5",4201406,33,7,1,2,2
44951,2023,1,25,4,2,418,114,2922003,11,3,0,3,1
44951,2023,1,25,4,2,101,"49,6",2600054,5,21,1,1,1
44951,2023,1,25,4,2,470,35,4205902,16,11,0,3,2
44951,2023,1,25,4,2,304,96,2408102,11,9,0,2,2
44951,2023,1,25,4,2,50,"33,9",3103504,15,20,0,1,1
44948,2023,1,22,1,4,40,527,3118601,16,12,1,2,2
44951,2023,1,25,4,2,116,376,3171501,2,11,0,2,2
44947,2023,1,21,7,2,163,285,4114609,20,11,1,2,2
44947,2023,1,21,7,4,364,596,1101104,82,7,0,9,2
44951,2023,1,25,4,2,116,826,2933307,1,9,1,3,2
44951,2023,1,25,4,2,285,298,4314100,1,11,1,3,2
44948,2023,1,22,1,1,70,280,5107040,18,20,1,3,1
44951,2023,1,25,4,2,401,1,1400100,11,9,1,2,2
44951,2023,1,25,4,2,101,"75,7",2611606,16,12,1,2,2
44951,2023,1,25,4,2,101,214,4211900,49,12,0,2,2
44951,2023,1,25,4,2,116,"5,5",4210100,33,11,1,5,3
44951,2023,1,25,4,2,381,"545,9",3133709,49,12,0,2,2
44951,2023,1,25,4,2,101,105,4212502,11,21,0,2,1
44947,2023,1,21,7,3,40,785,3136702,67,4,0,4,1
44951,2023,1,25,4,2,40,119,3301702,19,7,1,2,2
44948,2023,1,22,1,2,369,"144,9",4113700,83,20,1,1,1
44947,2023,1,21,7,3,116,229,3518800,67,12,0,5,2
44947,2023,1,21,7,4,101,144,3203205,73,11,1,3,2
44940,2023,1,14,7,3,361,36,2504207,49,3,0,1,1
44948,2023,1,22,1,1,153,352,4121505,49,20,0,2,1
44951,2023,1,25,4,3,381,"491,8",3106705,11,21,1,1,1
44951,2023,1,25,4,2,60,110,5208400,66,9,0,3,2
44951,2023,1,25,4,3,470,147,4214805,67,11,1,3,2
44951,2023,1,25,4,2,376,170,5006200,13,21,1,1,1
44947,2023,1,21,7,2,262,76,3201902,83,10,0,5,3
44951,2023,1,25,4,3,116,17,2304400,1,9,1,2,2
44947,2023,1,21,7,4,262,144,3202454,83,20,0,1,1
44951,2023,1,25,4,2,60,"113,2",5221197,28,20,0,2,1
44951,2023,1,25,4,3,101,"111,2",2500601,28,21,0,2,1
44951,2023,1,25,4,2,116,"397,2",3127701,63,9,0,5,2
44951,2023,1,25,4,3,285,496,4306932,49,21,0,2,1
44951,2023,1,25,4,2,101,119,4208203,52,9,0,2,2
44951,2023,1,25,4,3,101,96,2408102,16,15,1,4,4
44951,2023,1,25,4,3,10,432,4117602,67,12,0,3,2
44951,2023,1,25,4,3,476,163,4101804,44,12,0,5,3
44947,2023,1,21,7,4,470,161,4313300,11,20,0,1,1
44947,2023,1,21,7,4,116,121,4106902,13,21,0,2,1
44948,2023,1,22,1,3,101,297,3301900,20,9,1,3,2
44951,2023,1,25,4,3,230,74,2515971,16,12,0,2,2
44951,2023,1,25,4,3,365,611,3170206,67,9,1,2,2
44947,2023,1,21,7,3,101,145,3203205,80,11,1,2,2
44947,2023,1,21,7,4,101,152,2802106,25,11,1,3,2
44947,2023,1,21,7,4,70,29,5205513,11,20,0,1,1
44951,2023,1,25,4,3,381,604,3145604,83,9,0,4,2
44951,2023,1,25,4,3,381,"510,7",3162922,61,2,0,1,1
44951,2023,1,25,4,3,116,212,3518800,67,12,1,2,2
44951,2023,1,25,4,3,381,356,3136207,20,7,1,2,2
44950,2023,1,24,3,2,101,405,4210407,52,9,0,2,2
44947,2023,1,21,7,3,293,21,4304663,11,9,0,3,2
44951,2023,1,25,4,3,369,"143,4",4113700,16,12,1,2,2
44951,2023,1,25,4,3,50,"278,6",5205109,10,2,1,3,2
44947,2023,1,21,7,3,116,212,3518800,83,11,1,5,2
44951,2023,1,25,4,3,60,396,5218805,64,20,1,1,1
44951,2023,1,25,4,3,20,"214,6",5218300,1,11,1,5,2
44951,2023,1,25,4,3,101,425,3302601,11,9,0,2,2
44947,2023,1,21,7,2,40,78,3303906,83,3,0,3,1
44948,2023,1,22,1,4,262,94,3201902,33,11,0,2,2
44951,2023,1,25,4,3,158,335,2409332,33,11,1,3,2
44951,2023,1,25,4,3,101,7,2606200,2,12,1,5,2
44951,2023,1,25,4,3,101,329,4218707,11,12,0,2,2
44951,2023,1,25,4,3,376,"175,4",4115200,52,9,1,2,2
44951,2023,1,25,4,3,116,14,4105805,16,12,1,2,2
44947,2023,1,21,7,2,277,0,4108304,1,9,1,2,2
44951,2023,1,25,4,3,222,"205,9",2304350,83,4,0,2,1
44948,2023,1,22,1,1,470,"57,9",4202404,49,11,1,2,2
44951,2023,1,25,4,3,230,"135,1",2504009,11,20,0,4,1
44951,2023,1,25,4,3,153,497,5208707,1,12,1,2,2
44951,2023,1,25,4,4,116,16,2304400,67,4,1,1,1
44947,2023,1,21,7,3,470,"54,3",4202404,33,11,1,3,2
44951,2023,1,25,4,3,470,"54,8",4202404,1,11,1,2,2
44948,2023,1,22,1,1,101,44,2508901,18,4,0,1,1
44951,2023,1,25,4,3,280,58,4206504,72,12,1,3,2
44951,2023,1,25,4,4,116,"248,2",4318705,16,12,1,3,3
44951,2023,1,25,4,4,277,100,4106902,11,12,0,6,4
44947,2023,1,21,7,4,381,420,3110004,25,20,0,1,1
44951,2023,1,25,4,4,407,"113,9",2611101,28,18,0,2,1
44951,2023,1,25,4,3,416,17,2702108,80,7,1,3,2
44948,2023,1,22,1,3,101,"48,4",2600054,16,12,1,2,2
44947,2023,1,21,7,3,101,471,3300100,16,12,0,1,1
44951,2023,1,25,4,4,101,107,2403251,2,11,1,2,2
44951,2023,1,25,4,4,101,"45,4",3555406,1,12,1,2,2
44951,2023,1,25,4,4,116,410,3127701,1,12,0,3,2
44951,2023,1,25,4,4,369,507,2303501,13,20,0,2,1
44951,2023,1,25,4,4,230,"158,8",2504009,1,11,1,2,2
44951,2023,1,25,4,3,364,569,1100403,63,12,0,3,2
44929,2023,1,3,3,3,343,"238,5",2202711,9,1,0,3,2
44949,2023,1,23,2,1,230,1113,1503606,11,21,0,1,1
44951,2023,1,25,4,4,230,15,2507507,51,20,1,1,1
44951,2023,1,25,4,4,470,218,4302105,67,20,0,2,1
44951,2023,1,25,4,4,116,"272,7",3168606,49,21,0,1,1
44951,2023,1,25,4,4,381,"3,2",3106705,13,21,0,1,1
44951,2023,1,25,4,4,163,9,4102604,49,7,1,2,2
44951,2023,1,25,4,3,101,381,3304557,61,2,0,2,2
44951,2023,1,25,4,4,381,"642,7",3159902,49,3,0,1,1
44951,2023,1,25,4,3,116,138,3301702,28,18,1,1,1
44951,2023,1,25,4,3,116,585,2914208,13,3,0,4,1
44952,2023,1,26,5,1,40,122,3301702,35,2,0,3,2
44952,2023,1,26,5,1,116,676,2918001,67,12,0,2,2
44952,2023,1,26,5,1,101,129,4202008,1,21,0,1,1
44951,2023,1,25,4,3,101,322,3303302,52,9,1,2,2
44952,2023,1,26,5,1,101,150,4208302,67,15,1,9,5
44952,2023,1,26,5,1,70,2,5200258,5,12,1,5,2
44948,2023,1,22,1,3,101,323,3303302,28,12,1,3,2
44948,2023,1,22,1,2,493,1,3301900,2,7,0,3,2
44952,2023,1,26,5,1,101,"405,6",4201406,49,4,0,1,1
44952,2023,1,26,5,2,277,74,4125506,9,20,1,3,3
44952,2023,1,26,5,2,101,476,3300100,60,2,1,2,2
44948,2023,1,22,1,3,277,"520,5",4109302,20,9,0,2,2
44952,2023,1,26,5,2,230,"26,9",2507507,67,12,1,2,2
44948,2023,1,22,1,3,364,698,1100205,16,12,1,4,2
44952,2023,1,26,5,2,116,308,3304201,11,12,0,2,2
44952,2023,1,26,5,2,376,250,4101408,80,7,0,3,3
44952,2023,1,26,5,2,369,160,4103701,16,12,1,3,3
44948,2023,1,22,1,2,376,300,4115754,83,9,0,2,2
44948,2023,1,22,1,1,110,243,2923100,46,1,1,2,1
44952,2023,1,26,5,2,319,63,1100205,17,11,1,3,2
44952,2023,1,26,5,2,376,"218,5",4112108,33,11,0,3,2
44948,2023,1,22,1,4,104,29,2615409,80,7,1,4,2
44952,2023,1,26,5,2,40,"5,8",5300108,67,12,1,2,2
44952,2023,1,26,5,2,116,17,4106902,67,10,1,2,2
44948,2023,1,22,1,2,40,553,3144805,83,20,1,2,1
44952,2023,1,26,5,2,101,309,3304904,1,12,1,2,2
44952,2023,1,26,5,2,101,51,3555406,1,11,1,2,2
44948,2023,1,22,1,4,101,315,3304904,16,12,1,2,1
44952,2023,1,26,5,2,414,411,5200100,1,11,1,2,2
44952,2023,1,26,5,2,116,227,3550308,1,12,0,2,2
44952,2023,1,26,5,2,392,"5,8",4315602,29,3,0,1,1
44952,2023,1,26,5,2,392,"5,4",4315602,6,21,0,1,1
44949,2023,1,23,2,1,163,372,5006002,28,21,0,2,1
44952,2023,1,26,5,2,40,50,3301702,67,3,0,1,1
44952,2023,1,26,5,2,386,"274,5",4308300,67,21,0,1,1
44946,2023,1,20,6,4,20,"18,8",5208004,36,11,0,2,2
44948,2023,1,22,1,4,280,55,4206504,49,12,0,2,2
44948,2023,1,22,1,1,116,"852,3",2925105,1,11,1,2,2
44948,2023,1,22,1,2,277,4,4118204,72,11,1,2,2
44952,2023,1,26,5,2,116,"205,9",4122305,83,21,0,1,1
44952,2023,1,26,5,2,232,119,2604106,52,4,0,4,1
44952,2023,1,26,5,2,153,537,2305209,4,20,0,3,1
44952,2023,1,26,5,2,153,675,1709500,20,7,1,2,2
44952,2023,1,26,5,2,116,146,3549904,28,20,0,1,1
44948,2023,1,22,1,2,232,"9,1",2607901,52,9,1,2,2
44952,2023,1,26,5,2,116,"412,4",3127701,33,11,1,3,2
44937,2023,1,11,4,3,364,"424,4",1100114,16,12,1,3,2
44952,2023,1,26,5,2,116,477,2308302,1,11,0,2,2
44946,2023,1,20,6,3,10,281,2105302,1,9,0,6,2
44952,2023,1,26,5,2,232,335,2605103,11,20,0,2,1
44948,2023,1,22,1,2,277,726,4108304,67,20,0,2,1
44952,2023,1,26,5,2,392,"7,8",4315602,2,21,1,3,2
44952,2023,1,26,5,2,101,396,4210407,16,12,0,2,2
44952,2023,1,26,5,2,230,8,2503209,11,4,1,3,2
44952,2023,1,26,5,2,146,484,3151800,11,20,0,2,2
44952,2023,1,26,5,3,381,"486,3",3106705,16,12,1,2,2
44952,2023,1,26,5,3,116,242,4318705,67,21,1,1,1
44949,2023,1,23,2,1,101,290,3301900,9,1,0,3,2
44952,2023,1,26,5,2,50,"267,7",5205109,11,20,0,1,1
44952,2023,1,26,5,2,116,"348,1",3110806,80,7,0,6,2
44947,2023,1,21,7,2,101,490,2915502,33,11,0,6,2
44952,2023,1,26,5,3,280,"57,2",4206504,78,7,1,2,2
44952,2023,1,26,5,2,425,144,1100106,33,11,1,2,2
44952,2023,1,26,5,2,40,"177,3",3136306,4,20,0,2,1
44948,2023,1,22,1,2,230,"91,6",2506400,28,20,0,1,1
44948,2023,1,22,1,3,101,105,2900702,82,7,0,2,2
44948,2023,1,22,1,3,101,69,2611606,11,20,1,2,1
44952,2023,1,26,5,2,101,505,3300100,67,12,1,2,2
44948,2023,1,22,1,3,277,"123,5",4104204,1,11,0,3,2
44949,2023,1,23,2,1,116,262,4304606,49,9,1,2,2
44952,2023,1,26,5,3,232,"104,6",2601904,16,12,0,2,2
44948,2023,1,22,1,4,101,321,3303302,1,12,0,1,1
44952,2023,1,26,5,3,60,138,5208707,1,11,1,2,2
44952,2023,1,26,5,2,365,173,3109402,67,20,0,1,1
44948,2023,1,22,1,3,376,"176,1",4115200,1,9,1,2,2
44952,2023,1,26,5,3,381,"490,5",3106705,36,12,1,2,2
44948,2023,1,22,1,4,10,"128,7",2104057,1,11,1,7,3
44952,2023,1,26,5,3,392,265,4302808,4,20,0,2,1
44952,2023,1,26,5,3,101,83,2501807,11,12,1,5,3
44952,2023,1,26,5,3,470,66,4207502,1,11,0,2,2
44952,2023,1,26,5,3,116,230,3550308,11,12,1,3,2
44952,2023,1,26,5,3,40,91,3303906,11,21,0,1,1
44952,2023,1,26,5,3,101,"19,9",2414407,52,7,0,7,2
44952,2023,1,26,5,2,407,"578,3",2200053,67,20,0,2,1
44949,2023,1,23,2,4,101,200,2922300,9,1,0,1,1
44952,2023,1,26,5,3,101,89,2507507,16,12,1,3,3
44952,2023,1,26,5,3,101,"106,5",4212502,16,12,0,2,2
44952,2023,1,26,5,3,135,7,2111300,28,18,1,1,1
44952,2023,1,26,5,3,116,314,3304201,1,11,1,3,3
44952,2023,1,26,5,3,153,128,1722081,16,12,1,2,2
44952,2023,1,26,5,2,70,578,5106109,15,20,0,2,1
44952,2023,1,26,5,3,101,166,4218004,28,18,0,1,1
44952,2023,1,26,5,3,101,147,4208302,1,11,0,2,2
44952,2023,1,26,5,4,262,365,3136652,13,20,0,1,1
44952,2023,1,26,5,3,70,52,5205513,13,20,0,1,1
44952,2023,1,26,5,3,316,55,1502400,67,12,0,4,3
44952,2023,1,26,5,3,222,30,2303709,10,2,1,2,2
44952,2023,1,26,5,3,369,149,4113700,16,15,1,4,3
44952,2023,1,26,5,4,101,155,4213500,67,21,0,1,1
44952,2023,1,26,5,3,232,132,2604106,52,9,1,3,2
44948,2023,1,22,1,4,101,44,3555406,20,7,1,2,2
44952,2023,1,26,5,3,101,"364,7",4215455,28,18,0,1,1
44952,2023,1,26,5,3,50,"123,1",3170107,11,20,0,3,1
44952,2023,1,26,5,4,153,137,1702109,1,11,0,2,2
44952,2023,1,26,5,4,101,49,2600054,61,2,0,2,2
44952,2023,1,26,5,4,153,107,5219605,67,20,0,2,1
44952,2023,1,26,5,3,158,784,5101803,13,20,0,7,1
44952,2023,1,26,5,3,116,585,3139409,1,11,1,2,2
44952,2023,1,26,5,4,20,9,5300108,67,12,1,3,3
44952,2023,1,26,5,2,101,50,3555406,82,11,1,3,2
44952,2023,1,26,5,4,232,"109,7",2601904,12,4,0,2,1
44952,2023,1,26,5,4,406,"169,9",2312403,1,12,1,2,2
44952,2023,1,26,5,4,158,"537,9",4118501,51,20,0,2,2
44952,2023,1,26,5,3,50,"148,8",3170107,67,20,0,4,1
44952,2023,1,26,5,4,343,339,2211001,52,9,0,1,1
44952,2023,1,26,5,4,116,77,3305802,10,2,1,3,2
44952,2023,1,26,5,4,316,95,2201408,35,2,0,2,2
44941,2023,1,15,1,3,153,254,1705508,52,9,0,7,4
44952,2023,1,26,5,3,285,"20,4",4318622,1,12,0,2,2
44952,2023,1,26,5,4,376,138,5004700,67,4,0,1,1
44952,2023,1,26,5,4,470,"23,5",4207106,52,9,1,2,2
44948,2023,1,22,1,3,364,122,1200401,16,12,1,2,2
44952,2023,1,26,5,3,330,803,2932309,49,20,0,3,2
44952,2023,1,26,5,3,365,620,3170206,52,9,0,2,2
44952,2023,1,26,5,4,393,"167,2",3306008,82,9,1,4,3
44952,2023,1,26,5,4,493,13,3301850,46,2,0,2,2
44952,2023,1,26,5,4,381,"833,3",3164407,63,4,0,2,1
44948,2023,1,22,1,3,101,148,4208302,67,12,1,3,2
44953,2023,1,27,6,1,232,"118,3",2601904,49,3,0,1,1
44953,2023,1,27,6,1,267,303,5007208,11,12,0,2,2
44953,2023,1,27,6,1,101,573,3303807,9,1,0,2,1
44953,2023,1,27,6,1,116,214,3518800,18,4,0,1,1
44948,2023,1,22,1,2,290,60,4309209,67,9,0,3,2
44952,2023,1,26,5,4,116,"573,9",3139409,83,20,0,1,1
44953,2023,1,27,6,1,386,327,4312054,11,4,0,1,1
44953,2023,1,27,6,1,101,141,4202008,49,4,0,1,1
44953,2023,1,27,6,1,116,225,3518800,61,2,0,2,2
44953,2023,1,27,6,1,232,"8,4",2611606,56,4,1,1,1
44953,2023,1,27,6,1,101,59,3301009,17,11,1,2,2
44953,2023,1,27,6,1,101,"22,1",2606200,1,9,0,2,2
44953,2023,1,27,6,1,116,216,3518800,1,9,1,2,2
44953,2023,1,27,6,1,116,156,3549904,16,21,0,2,2
44953,2023,1,27,6,2,101,507,2914802,10,2,1,1,1
44953,2023,1,27,6,1,101,85,2408102,11,12,1,2,2
44953,2023,1,27,6,2,163,183,4113452,48,20,0,1,1
44953,2023,1,27,6,1,364,"175,7",5211909,25,12,0,4,2
44952,2023,1,26,5,4,70,4,5101803,35,2,0,3,2
44953,2023,1,27,6,1,163,"255,2",5003702,7,21,1,1,1
44953,2023,1,27,6,2,101,305,3304904,11,1,1,2,1
44953,2023,1,27,6,2,116,"11,9",2933307,9,1,1,2,1
44953,2023,1,27,6,2,424,103,2704708,80,7,0,4,2
44953,2023,1,27,6,2,116,4,3518800,72,9,0,2,2
44953,2023,1,27,6,2,153,"27,8",3533007,1,11,0,3,2
44952,2023,1,26,5,4,364,"142,4",2409605,49,10,0,3,2
44953,2023,1,27,6,1,262,802,3170107,18,20,1,1,1
44953,2023,1,27,6,2,230,152,2504009,16,9,1,2,2
44953,2023,1,27,6,2,101,203,4216602,52,9,1,3,2
44953,2023,1,27,6,2,116,"103,6",4306767,16,12,0,3,2
44953,2023,1,27,6,2,277,74,4125506,11,12,1,2,2
44952,2023,1,26,5,2,381,86,3550308,56,21,1,1,1
44933,2023,1,7,7,4,222,587,2102036,25,20,0,4,2
44953,2023,1,27,6,2,235,"32,9",2401107,16,12,1,3,3
44953,2023,1,27,6,2,101,210,4216602,52,9,1,2,2
44953,2023,1,27,6,2,101,133,4202008,28,18,1,1,1
44953,2023,1,27,6,2,116,206,3503901,67,9,1,1,1
44953,2023,1,27,6,2,324,6,2910800,67,15,1,4,3
44953,2023,1,27,6,2,20,"67,8",5208004,16,12,0,4,2
44953,2023,1,27,6,2,277,722,4108304,52,9,1,2,2
44953,2023,1,27,6,2,70,585,5106109,4,20,0,4,1
44953,2023,1,27,6,2,101,212,4211900,13,21,1,1,1
44952,2023,1,26,5,3,361,"39,2",2504207,9,1,0,2,1
44953,2023,1,27,6,2,101,213,4211900,33,2,0,2,2
44953,2023,1,27,6,2,369,"91,5",4106407,67,21,0,2,2
44953,2023,1,27,6,2,116,"138,7",3549904,11,21,0,1,1
44953,2023,1,27,6,2,70,524,2211407,1,11,1,2,2
44953,2023,1,27,6,2,116,"16,7",2306256,11,12,1,3,2
44940,2023,1,14,7,3,163,484,2401305,1,11,1,2,2
44953,2023,1,27,6,2,163,"78,6",4217204,33,11,0,3,3
44953,2023,1,27,6,2,153,564,5218391,4,20,0,2,1
44953,2023,1,27,6,2,280,164,4210100,49,4,0,1,1
44953,2023,1,27,6,3,116,107,3554102,28,21,0,2,1
44953,2023,1,27,6,3,470,70,4207502,11,12,0,2,2
44953,2023,1,27,6,2,222,"333,9",2313401,80,7,0,4,2
44953,2023,1,27,6,3,101,111,4208203,52,9,1,2,2
44948,2023,1,22,1,1,369,130,4112702,83,4,0,2,1
44953,2023,1,27,6,3,116,"81,4",3305802,13,20,0,1,1
44953,2023,1,27,6,2,280,"83,9",4204509,18,4,0,1,1
44953,2023,1,27,6,3,101,"4,1",2805703,11,4,0,1,1
44930,2023,1,4,4,2,116,115,4106902,1,4,0,1,1
44953,2023,1,27,6,3,386,"277,4",4318465,11,20,0,4,1
44953,2023,1,27,6,3,277,"179,2",4117701,56,14,0,5,3
44953,2023,1,27,6,3,20,"1,2",5300108,52,12,1,4,2
44934,2023,1,8,1,1,316,215,2104651,52,7,0,2,2
44953,2023,1,27,6,3,116,186,3303500,11,15,1,4,3
44953,2023,1,27,6,3,101,269,3205002,78,9,1,2,2
44942,2023,1,16,2,1,163,608,5007695,80,10,0,2,2
44953,2023,1,27,6,3,381,"37,2",3504107,1,9,1,3,2
44953,2023,1,27,6,3,40,"616,5",3118007,15,20,0,1,1
44953,2023,1,27,6,2,116,174,3305109,52,12,0,2,2
44953,2023,1,27,6,3,282,"1,5",4205407,11,12,1,2,2
44937,2023,1,11,4,2,163,1081,5104104,16,12,0,2,2
44953,2023,1,27,6,3,277,"592,7",2303501,28,3,1,1,1
44953,2023,1,27,6,3,116,16,2304285,51,20,1,1,1
44953,2023,1,27,6,3,163,"405,8",5006002,11,12,0,2,2
44953,2023,1,27,6,3,110,"292,7",2913705,83,12,0,5,2
44953,2023,1,27,6,3,30,"298,8",2918753,18,20,0,3,1
44953,2023,1,27,6,3,163,"70,7",4217204,16,12,1,2,2
44953,2023,1,27,6,3,101,"40,2",3555406,49,12,0,3,2
44953,2023,1,27,6,3,153,"149,2",3111408,15,20,0,2,1
44953,2023,1,27,6,3,101,207,4216602,16,12,1,8,6
44953,2023,1,27,6,3,493,82,3302270,67,3,0,4,1
44953,2023,1,27,6,3,386,"342,5",1712009,1,11,0,2,2
44953,2023,1,27,6,4,50,177,3170107,52,20,1,1,1
44953,2023,1,27,6,3,262,"177,8",3161007,63,21,0,1,1
44953,2023,1,27,6,4,104,64,2604106,1,11,1,3,2
44953,2023,1,27,6,3,101,143,4208302,78,9,1,3,2
44953,2023,1,27,6,3,101,262,4212304,11,20,0,1,1
44953,2023,1,27,6,4,116,2,4314902,16,15,1,3,3
44953,2023,1,27,6,3,101,278,4207304,82,9,0,2,2
44953,2023,1,27,6,4,50,"299,8",5206602,83,4,0,2,1
44953,2023,1,27,6,4,235,12,2804805,9,1,0,2,1
44953,2023,1,27,6,3,393,285,3306305,12,12,1,2,2
44943,2023,1,17,3,3,330,847,2913903,52,11,0,4,2
44953,2023,1,27,6,4,222,"38,1",2303709,9,1,0,1,1
44953,2023,1,27,6,4,153,517,2305209,13,21,0,2,1
44953,2023,1,27,6,4,381,"534,5",3133709,2,2,1,4,2
44953,2023,1,27,6,4,472,538,4322400,9,1,1,2,2
44953,2023,1,27,6,3,393,285,3306305,51,4,1,1,1
44953,2023,1,27,6,4,373,"183,3",4119905,1,11,0,10,2
44953,2023,1,27,6,4,116,459,2928802,1,11,1,2,2
44953,2023,1,27,6,3,116,"494,5",2925956,35,2,1,2,2
44953,2023,1,27,6,3,493,19,3302502,67,11,1,2,2
44953,2023,1,27,6,3,476,176,4106209,30,20,0,1,1
44953,2023,1,27,6,4,101,"199,3",4216602,1,11,1,2,2
44953,2023,1,27,6,4,101,51,3555406,20,11,1,3,2
44953,2023,1,27,6,4,116,244,4209300,80,7,0,4,2
44953,2023,1,27,6,4,272,"559,5",3517406,80,10,0,3,2
44953,2023,1,27,6,4,101,215,4211900,60,2,1,3,2
44953,2023,1,27,6,4,101,220,4211900,48,2,1,3,3
44953,2023,1,27,6,4,282,"560,9",4211454,80,7,0,2,2
44953,2023,1,27,6,4,316,65,2609907,80,7,0,4,2
44953,2023,1,27,6,4,267,"161,8",3138609,49,7,0,7,3
44953,2023,1,27,6,4,116,23,1507755,25,2,0,3,2
44953,2023,1,27,6,4,230,"357,5",2111607,25,12,0,3,2
44953,2023,1,27,6,4,20,10,5300108,48,12,1,2,2
44954,2023,1,28,7,1,101,232,4211900,49,4,0,1,1
44954,2023,1,28,7,1,470,"56,1",4202404,78,9,1,5,3
44954,2023,1,28,7,1,101,120,4208203,67,7,0,2,2
44954,2023,1,28,7,1,101,103,2403251,49,3,1,1,1
44954,2023,1,28,7,1,50,"2,8",3170206,49,20,0,1,1
44954,2023,1,28,7,1,116,132,3302502,11,3,1,2,1
44953,2023,1,27,6,4,101,"433,8",4217709,52,9,1,2,2
44954,2023,1,28,7,1,101,214,4211900,49,4,1,1,1
44954,2023,1,28,7,1,101,578,3303807,49,20,0,1,1
44954,2023,1,28,7,1,343,"284,1",2202208,9,1,0,3,2
44954,2023,1,28,7,1,230,44,2922508,28,20,0,3,2
44954,2023,1,28,7,2,242,685,2922250,44,20,1,4,2
44954,2023,1,28,7,1,376,73,4108908,11,9,0,2,2
44954,2023,1,28,7,2,373,178,4119905,1,11,1,4,3
44954,2023,1,28,7,1,101,160,4218004,18,20,1,1,1
44954,2023,1,28,7,1,470,141,4214805,83,4,1,2,1
44954,2023,1,28,7,2,369,"435,2",4128005,33,11,0,4,2
44954,2023,1,28,7,2,101,160,4218004,11,20,1,1,1
44954,2023,1,28,7,2,232,8,2611606,52,9,1,2,2
44934,2023,1,8,1,2,101,"302,6",3304904,11,3,0,2,1
44954,2023,1,28,7,2,386,312,4312054,11,3,0,3,1
44954,2023,1,28,7,2,386,103,4318457,11,20,0,3,1
44954,2023,1,28,7,2,232,403,2613909,9,1,0,2,1
44954,2023,1,28,7,2,392,"121,4",4304507,44,20,0,1,1
44953,2023,1,27,6,4,116,197,3304144,67,20,1,1,1
44954,2023,1,28,7,2,101,323,3303302,16,15,1,3,3
44954,2023,1,28,7,2,381,803,3162005,18,20,0,5,1
44954,2023,1,28,7,2,101,"35,1",3555406,1,11,0,6,2
44954,2023,1,28,7,2,280,"58,7",4206504,67,12,1,2,2
44954,2023,1,28,7,2,316,4,2211001,11,4,1,1,1
44954,2023,1,28,7,2,376,500,4119905,33,11,1,2,2
44954,2023,1,28,7,2,232,"9,2",2611606,16,12,1,6,2
44954,2023,1,28,7,2,101,"267,7",3205002,78,12,1,2,2
44947,2023,1,21,7,1,316,551,2103000,16,12,1,2,2
44954,2023,1,28,7,1,230,"159,6",2504009,49,20,1,1,1
44954,2023,1,28,7,2,116,279,3515004,67,9,1,2,2
44949,2023,1,23,2,3,230,"26,5",2507507,11,12,1,5,2
44954,2023,1,28,7,1,262,"486,5",5000708,13,4,0,2,2
44954,2023,1,28,7,2,101,"118,8",4208203,16,12,1,3,3
44954,2023,1,28,7,2,232,"173,2",2601706,13,20,0,3,1
44954,2023,1,28,7,2,232,532,2615201,18,20,0,3,1
44954,2023,1,28,7,2,101,149,4208302,52,12,1,2,2
44954,2023,1,28,7,2,101,41,4209102,16,12,1,5,4
44954,2023,1,28,7,2,40,27,3147006,67,20,0,1,1
44954,2023,1,28,7,2,381,451,3156700,20,7,1,2,2
44954,2023,1,28,7,2,101,285,3201308,72,11,1,2,2
44954,2023,1,28,7,2,101,"49,5",2508901,18,20,0,1,1
44954,2023,1,28,7,3,40,"638,8",3118304,4,20,0,1,1
44954,2023,1,28,7,2,476,"290,5",4125605,83,3,0,1,1
44954,2023,1,28,7,3,381,791,3162005,83,20,0,4,1
44954,2023,1,28,7,2,153,363,4122008,11,20,0,1,1
44947,2023,1,21,7,2,40,"4,9",5221858,11,12,1,2,2
44954,2023,1,28,7,2,468,"84,5",4304002,1,11,0,4,2
44954,2023,1,28,7,3,376,526,4119905,49,12,0,2,2
44954,2023,1,28,7,3,406,"18,3",2407203,28,20,0,5,1
44954,2023,1,28,7,2,101,40,4209102,48,4,1,3,1