id_data,ano,mes,dia,id_dia_semana,periodo,br,km,id_municipio,id_causa_acidente,id_tipo_acidente,id_uso_solo,pessoas,veiculos
44954,2023,1,28,7,3,70,11,5300108,4,20,1,3,1
44954,2023,1,28,7,2,116,"305,2",4203253,16,12,0,6,2
44954,2023,1,28,7,2,285,"254,8",4308854,51,20,0,1,1
44954,2023,1,28,7,3,116,138,3549904,52,9,1,3,2
44954,2023,1,28,7,2,470,"3,8",4211306,1,11,1,2,2
44954,2023,1,28,7,3,290,44,4309050,18,20,0,3,1
44938,2023,1,12,5,3,163,68,4217204,1,11,0,2,2
44954,2023,1,28,7,3,101,"202,1",4216602,52,9,1,3,2
44954,2023,1,28,7,2,116,535,2310605,80,7,0,3,2
44954,2023,1,28,7,3,60,"464,9",5211909,67,20,0,5,1
44954,2023,1,28,7,3,230,25,2507507,11,21,1,1,1
44954,2023,1,28,7,2,316,"398,7",2100436,16,12,1,8,3
44954,2023,1,28,7,3,101,144,4208302,16,9,1,5,4
44954,2023,1,28,7,3,412,108,2516300,11,11,1,2,2
44953,2023,1,27,6,4,282,526,4219705,28,4,0,2,2
44954,2023,1,28,7,3,262,158,3202454,16,12,0,3,2
44954,2023,1,28,7,3,101,"101,4",2403251,11,12,1,3,3
44954,2023,1,28,7,3,116,245,4318705,67,12,1,5,2
44954,2023,1,28,7,3,369,239,4112108,64,21,0,1,1
44954,2023,1,28,7,3,50,175,3170107,67,12,0,3,2
44954,2023,1,28,7,3,153,"416,7",5217302,13,20,0,2,1
44954,2023,1,28,7,3,40,1,3300951,83,3,0,5,1
44954,2023,1,28,7,3,386,416,4312401,30,4,0,2,1
44954,2023,1,28,7,3,116,138,3301702,5,21,1,1,1
44954,2023,1,28,7,3,262,"448,3",3145208,16,12,1,4,2
44954,2023,1,28,7,3,343,345,2211001,20,11,1,2,2
44954,2023,1,28,7,3,386,"233,3",2516102,13,21,0,2,1
44954,2023,1,28,7,3,376,270,4114906,49,4,0,1,1
44954,2023,1,28,7,3,452,47,5218805,33,11,0,4,2
44954,2023,1,28,7,3,381,"505,5",3106705,83,4,1,3,1
44954,2023,1,28,7,3,476,116,4105805,16,12,1,2,2
44954,2023,1,28,7,3,116,209,3518800,49,12,1,4,2
44954,2023,1,28,7,3,277,"591,9",2303501,16,12,1,3,2
44954,2023,1,28,7,3,424,"104,9",2602407,2,9,0,3,2
44954,2023,1,28,7,3,277,"46,7",4116208,52,9,0,3,2
44954,2023,1,28,7,3,50,"180,2",5204805,11,4,0,1,1
44954,2023,1,28,7,3,381,73,3550308,67,4,0,1,1
44948,2023,1,22,1,3,386,435,2207959,33,11,0,3,2
44954,2023,1,28,7,2,174,411,1400282,16,12,0,2,2
44954,2023,1,28,7,3,465,12,3305554,52,10,1,2,2
44954,2023,1,28,7,3,116,207,3518800,83,7,1,1,1
44954,2023,1,28,7,3,10,432,4117602,11,12,0,3,2
44954,2023,1,28,7,3,70,349,5102678,49,7,0,4,2
44954,2023,1,28,7,3,262,"294,9",2401305,11,4,0,1,1
44954,2023,1,28,7,3,381,70,3528502,11,4,0,3,2
44942,2023,1,16,2,3,30,385,2904605,1,11,0,2,2
44954,2023,1,28,7,3,287,338,4319802,4,20,0,5,1
44954,2023,1,28,7,3,116,338,3304201,4,20,0,1,1
44954,2023,1,28,7,4,343,1,2211001,11,9,1,2,2
44954,2023,1,28,7,4,60,449,5211909,11,20,0,1,1
44954,2023,1,28,7,4,232,410,2613909,67,12,0,3,3
44954,2023,1,28,7,4,101,"51,8",3555406,78,7,1,5,2
44954,2023,1,28,7,4,101,"86,4",2507507,10,2,1,2,2
44954,2023,1,28,7,4,428,"140,7",2611101,20,11,1,2,2
44954,2023,1,28,7,3,423,135,2604106,11,4,0,2,1
44954,2023,1,28,7,4,101,264,3205002,52,9,1,3,2
44954,2023,1,28,7,4,101,266,3205002,16,12,1,3,2
44954,2023,1,28,7,4,101,"68,8",2611606,61,2,1,2,2
44954,2023,1,28,7,4,470,"57,8",4202404,1,11,1,2,2
44954,2023,1,28,7,3,493,92,3305554,15,20,1,4,1
44954,2023,1,28,7,4,116,247,4318705,67,12,1,5,4
44954,2023,1,28,7,4,101,"292,7",3201308,49,20,1,1,1
44954,2023,1,28,7,3,343,"438,8",2205540,11,12,0,2,2
44954,2023,1,28,7,4,101,"206,7",4216602,67,12,1,5,2
44947,2023,1,21,7,1,415,56,2914802,83,20,0,2,1
44954,2023,1,28,7,4,376,4,4101408,33,11,1,2,2
44954,2023,1,28,7,4,60,"12,4",5300108,83,15,1,7,3
44954,2023,1,28,7,4,381,491,3106705,11,12,1,3,2
44954,2023,1,28,7,4,101,"105,9",4212502,67,21,0,1,1
44954,2023,1,28,7,4,101,148,4208302,60,2,1,2,2
44954,2023,1,28,7,4,282,225,4209300,49,7,1,2,2
44954,2023,1,28,7,4,343,268,2202208,11,7,1,2,2
44954,2023,1,28,7,3,116,"3,2",3541901,15,3,0,2,1
44954,2023,1,28,7,4,40,111,3301702,67,21,1,2,2
44954,2023,1,28,7,4,287,"282,5",4319406,67,21,1,2,1
44954,2023,1,28,7,4,364,58,5204102,11,20,0,1,1
44954,2023,1,28,7,3,277,164,4117701,11,20,0,1,1
44954,2023,1,28,7,4,364,1,1200013,9,1,0,2,1
44954,2023,1,28,7,4,116,329,3302254,16,9,0,2,2
44954,2023,1,28,7,4,116,"17,6",4322509,49,20,0,1,1
44954,2023,1,28,7,4,343,7,2207702,49,20,1,1,1
44954,2023,1,28,7,3,116,316,3302254,67,7,0,2,2
44954,2023,1,28,7,4,40,5,5221858,1,9,1,2,2
44954,2023,1,28,7,4,40,517,3154606,83,4,0,2,1
44954,2023,1,28,7,4,230,16,2507507,1,12,1,4,4
44954,2023,1,28,7,4,262,"34,3",3139409,12,4,1,1,1
44954,2023,1,28,7,4,163,847,5107909,11,20,0,1,1
44955,2023,1,29,1,1,101,202,4216602,49,4,1,1,1
44955,2023,1,29,1,1,101,233,3202207,28,21,0,2,1
44955,2023,1,29,1,1,116,81,4119509,49,9,0,2,2
44954,2023,1,28,7,4,116,56,3518404,67,15,0,9,3
44955,2023,1,29,1,1,282,16,4211900,61,2,0,2,2
44955,2023,1,29,1,1,116,122,4106902,67,11,1,4,2
44954,2023,1,28,7,4,174,4,5106752,20,7,1,2,2
44954,2023,1,28,7,4,174,277,5106752,46,12,0,2,2
44955,2023,1,29,1,1,470,"10,5",4211306,80,7,0,2,2
44955,2023,1,29,1,1,277,"94,7",4106902,83,4,1,1,1
44955,2023,1,29,1,1,381,"521,3",3109006,83,20,0,2,1
44955,2023,1,29,1,1,116,441,3542602,9,1,0,1,1
44955,2023,1,29,1,1,40,"661,3",3113206,83,21,0,1,1
44955,2023,1,29,1,1,232,24,2609402,18,20,0,2,1
44955,2023,1,29,1,1,407,564,2207801,83,21,0,1,1
44955,2023,1,29,1,1,386,"154,8",4300471,67,21,0,1,1
44955,2023,1,29,1,1,101,881,2931350,9,1,0,1,1
44955,2023,1,29,1,1,116,154,3549904,49,12,1,6,2
44955,2023,1,29,1,1,40,"2,3",5221858,67,2,0,2,2
44955,2023,1,29,1,1,285,"422,6",4313904,49,7,0,4,2
44955,2023,1,29,1,1,262,"812,5",3170107,49,4,1,1,1
44955,2023,1,29,1,1,277,"20,9",4116208,83,20,0,1,1
44955,2023,1,29,1,1,364,137,1200401,15,4,1,3,2
44955,2023,1,29,1,2,116,354,3529906,67,4,0,1,1
44955,2023,1,29,1,1,10,353,1506609,11,12,1,3,2
44955,2023,1,29,1,2,40,492,3124104,11,20,0,1,1
44948,2023,1,22,1,4,367,27,2925303,49,11,1,4,2
44955,2023,1,29,1,2,262,103,3160108,49,20,0,1,1
44955,2023,1,29,1,2,381,"525,5",3109006,83,12,0,6,2
44955,2023,1,29,1,1,156,820,1600501,11,4,1,1,1
44947,2023,1,21,7,2,101,288,4207304,33,11,1,2,2
44955,2023,1,29,1,2,376,674,4109609,49,4,0,1,1
44947,2023,1,21,7,3,282,102,4200705,11,12,0,2,2
44947,2023,1,21,7,3,101,"278,8",4207304,52,12,1,2,2
44955,2023,1,29,1,2,101,271,3304300,18,20,0,1,1
44955,2023,1,29,1,2,101,24,4209102,49,4,0,3,1
44955,2023,1,29,1,1,60,460,5211909,18,20,0,2,1
44955,2023,1,29,1,2,116,1,4104006,67,4,1,1,1
44955,2023,1,29,1,2,290,13,4317608,83,12,0,4,2
44946,2023,1,20,6,4,116,79,3305802,1,11,1,3,2
44955,2023,1,29,1,1,230,615,1301704,80,7,1,2,2
44947,2023,1,21,7,3,262,"142,8",3203700,52,7,0,3,2
44955,2023,1,29,1,2,262,"366,6",3136652,67,9,0,2,2
44955,2023,1,29,1,1,393,"284,7",3306305,15,4,1,3,1
44955,2023,1,29,1,2,364,497,1100023,49,20,0,1,1
44947,2023,1,21,7,2,101,116,4208203,83,12,1,3,3
44927,2023,1,1,1,3,282,"467,9",4213401,67,12,0,8,4
44955,2023,1,29,1,1,40,87,3303906,28,20,0,59,1
44955,2023,1,29,1,2,163,"818,9",5107909,13,21,1,2,1
44955,2023,1,29,1,2,470,"219,6",4302105,83,21,0,1,1
44955,2023,1,29,1,2,251,"520,6",3143302,56,4,0,1,1
44955,2023,1,29,1,2,277,53,4125506,18,20,0,1,1
44955,2023,1,29,1,2,364,84,5204102,49,12,0,2,2
44955,2023,1,29,1,2,101,138,4202008,1,11,1,2,2
44955,2023,1,29,1,2,101,534,3303807,1,11,1,3,2
44955,2023,1,29,1,2,110,2,2924009,21,20,1,2,1
44955,2023,1,29,1,2,401,6,1400175,11,4,1,1,1
44955,2023,1,29,1,2,116,24,2612208,72,20,0,1,1
44955,2023,1,29,1,2,50,133,3170107,56,12,0,3,2
44955,2023,1,29,1,2,116,"110,9",3554102,67,21,1,1,1
44948,2023,1,22,1,2,174,935,1302603,15,20,0,2,1
44955,2023,1,29,1,2,277,42,4116208,7,21,0,1,1
44955,2023,1,29,1,3,277,56,4125506,2,11,0,6,2
44955,2023,1,29,1,3,116,"315,5",3549953,61,2,0,2,2
44955,2023,1,29,1,3,476,"114,9",4105805,33,11,0,4,2
44955,2023,1,29,1,3,101,144,4208302,52,12,0,2,2
44955,2023,1,29,1,3,365,"457,8",3148103,16,12,0,3,2
44955,2023,1,29,1,3,230,304,2514909,13,20,0,1,1
44955,2023,1,29,1,3,116,"14,5",2304400,11,21,1,2,1
44947,2023,1,21,7,4,392,"199,9",4317004,49,7,0,3,2
44955,2023,1,29,1,2,101,300,2112803,11,4,1,1,1
44955,2023,1,29,1,3,381,"867,3",3152501,49,4,0,3,1
44948,2023,1,22,1,1,116,"105,4",3554102,49,4,0,2,2
44955,2023,1,29,1,3,104,"62,6",2604106,16,12,1,2,2
44955,2023,1,29,1,2,262,519,3138807,83,20,0,1,1
44955,2023,1,29,1,3,381,"487,3",3106705,11,4,1,3,1
44954,2023,1,28,7,4,364,"4,8",1100304,60,2,0,2,2
44955,2023,1,29,1,3,381,89,3518800,52,9,1,5,4
44955,2023,1,29,1,3,101,"223,5",4211900,33,11,1,3,2
44955,2023,1,29,1,3,364,"284,6",5104807,56,20,0,2,1
44955,2023,1,29,1,3,365,"603,6",3170206,15,20,0,2,2
44955,2023,1,29,1,2,146,"397,7",3128709,83,20,0,1,1
44955,2023,1,29,1,3,101,321,4203956,67,4,0,2,1
44955,2023,1,29,1,3,116,185,3546801,67,12,0,3,2
44955,2023,1,29,1,3,20,156,5200803,83,3,0,2,1
44955,2023,1,29,1,3,101,325,3303302,18,9,0,2,2
44955,2023,1,29,1,3,101,"334,9",3202405,67,21,1,1,1
44955,2023,1,29,1,3,381,937,3125101,67,12,0,3,2
44955,2023,1,29,1,3,381,937,3125101,49,20,0,1,1
44935,2023,1,9,2,3,101,333,4218707,1,9,1,3,3
44955,2023,1,29,1,3,381,558,3132206,15,4,0,1,1
44955,2023,1,29,1,2,116,269,3552809,78,9,1,3,2
44955,2023,1,29,1,3,280,"33,9",4201307,52,10,0,4,3
44955,2023,1,29,1,3,101,"381,1",4207007,83,20,0,4,1
44955,2023,1,29,1,3,381,"821,2",3113602,33,11,0,4,2
44955,2023,1,29,1,2,267,85,3136702,83,20,0,3,1
44955,2023,1,29,1,3,40,"799,2",3136702,83,20,0,5,1
44955,2023,1,29,1,3,365,"699,7",3142809,15,20,0,4,1
44955,2023,1,29,1,3,163,263,5003702,33,12,1,2,2
44955,2023,1,29,1,3,50,"165,5",3170107,7,12,0,5,2
44955,2023,1,29,1,3,116,273,3552809,49,10,1,2,2
44955,2023,1,29,1,3,101,116,2803203,52,9,0,6,3
44955,2023,1,29,1,3,116,276,3515004,9,12,1,4,2
44955,2023,1,29,1,3,304,25,2408003,11,4,0,1,1
44955,2023,1,29,1,3,230,"155,9",2504009,49,11,1,9,2
44955,2023,1,29,1,3,381,232,3106309,11,21,0,1,1
44955,2023,1,29,1,3,280,34,4201307,49,7,0,3,2
44955,2023,1,29,1,3,101,317,4209409,52,12,0,2,2
44955,2023,1,29,1,3,116,5,2304400,16,12,0,2,2
44955,2023,1,29,1,3,153,35,4213401,83,20,0,2,1
44955,2023,1,29,1,3,262,170,5007109,49,20,0,1,1
44955,2023,1,29,1,3,116,70,4104006,15,21,0,1,1
44955,2023,1,29,1,3,116,144,3549904,52,9,1,2,2
44955,2023,1,29,1,3,101,408,4201406,4,20,0,3,1
44955,2023,1,29,1,4,101,116,2803203,11,12,0,2,2
44955,2023,1,29,1,4,242,786,2903201,82,7,0,1,1
44955,2023,1,29,1,4,290,142,4306767,67,7,0,3,2
44955,2023,1,29,1,4,386,"344,5",1712009,49,11,1,4,3
44955,2023,1,29,1,3,262,"422,9",3130200,67,4,0,1,1
44955,2023,1,29,1,4,369,160,4103701,16,12,1,2,2
44955,2023,1,29,1,4,101,"246,3",2707503,67,12,1,5,2
44955,2023,1,29,1,3,376,383,4110078,67,20,0,3,1
44955,2023,1,29,1,3,163,"147,2",3546900,4,20,0,4,1
44955,2023,1,29,1,4,277,12,4118204,78,4,0,2,1
44955,2023,1,29,1,4,367,81,2910727,67,9,1,4,2
44955,2023,1,29,1,3,316,44,1506500,4,20,0,5,1
44955,2023,1,29,1,4,280,"56,8",4206504,16,12,0,2,2
44955,2023,1,29,1,3,364,"16,5",1100304,16,12,1,2,2
44955,2023,1,29,1,4,101,100,3301009,49,4,0,13,5
44955,2023,1,29,1,4,222,4,2303709,1,11,1,2,2
44955,2023,1,29,1,4,277,3,4118204,64,21,1,2,1
44955,2023,1,29,1,4,343,"340,3",2211001,11,21,0,1,1
44955,2023,1,29,1,4,277,722,4108304,49,12,1,5,2
44955,2023,1,29,1,4,116,"256,7",4307708,67,12,1,2,2
44955,2023,1,29,1,4,381,529,3109006,15,3,0,3,1
44955,2023,1,29,1,4,116,"11,7",3541901,67,4,0,4,1
44955,2023,1,29,1,3,381,532,3133709,83,20,0,2,1
44955,2023,1,29,1,4,50,168,3170107,57,4,0,4,1
44955,2023,1,29,1,4,101,"10,2",4311775,1,11,1,3,2
44955,2023,1,29,1,4,423,"28,4",2613107,9,1,0,1,1
44955,2023,1,29,1,4,277,74,4125506,67,4,1,2,1
44955,2023,1,29,1,4,40,278,3169356,67,4,1,2,2
44955,2023,1,29,1,4,116,267,4304606,67,4,1,1,1
44955,2023,1,29,1,3,20,77,2313302,52,11,1,4,2
44955,2023,1,29,1,4,381,"652,3",3159902,56,20,0,1,1
44955,2023,1,29,1,4,40,462,3167202,13,20,0,1,1
44955,2023,1,29,1,4,101,70,2611606,16,12,0,2,2
44955,2023,1,29,1,4,101,139,2802106,67,12,0,2,2
44955,2023,1,29,1,4,376,"1,5",4101408,1,11,0,2,2
44955,2023,1,29,1,4,116,"142,6",3549904,11,4,1,1,1
44955,2023,1,29,1,4,280,118,4215802,11,20,0,1,1
44955,2023,1,29,1,4,376,644,4127601,80,7,0,2,2
44955,2023,1,29,1,4,262,"12,9",3140530,67,4,0,13,1
44955,2023,1,29,1,4,364,240,1100049,49,9,1,4,2
44955,2023,1,29,1,4,163,839,5107909,67,4,1,1,1
44956,2023,1,30,2,1,116,17,2933307,1,11,1,5,2
44955,2023,1,29,1,4,40,119,3301702,52,9,1,3,2
44955,2023,1,29,1,4,364,382,1100155,16,12,0,4,2
44956,2023,1,30,2,1,116,237,4313409,67,4,1,1,1
44955,2023,1,29,1,4,135,13,2111300,67,4,1,2,1
44956,2023,1,30,2,1,364,203,5107602,11,21,1,1,1
44956,2023,1,30,2,1,116,229,3550308,11,15,0,6,5
44956,2023,1,30,2,1,116,18,2304400,83,4,1,1,1
44955,2023,1,29,1,4,163,"543,8",4102406,11,20,0,1,1
44956,2023,1,30,2,1,40,"481,3",3167202,18,12,0,2,2
44956,2023,1,30,2,1,343,47,2202000,9,3,1,3,1
44956,2023,1,30,2,1,101,189,3200607,1,11,0,2,2
44956,2023,1,30,2,1,101,"123,3",4208203,83,12,1,3,3
44956,2023,1,30,2,1,153,"48,8",4124103,11,12,0,2,2
44927,2023,1,1,1,3,116,3,2933307,1,11,0,7,2
44956,2023,1,30,2,2,381,402,3107703,83,20,0,1,1
44956,2023,1,30,2,2,285,"280,3",4312138,80,10,0,3,2
44946,2023,1,20,6,3,277,523,4109302,13,20,0,1,1
44955,2023,1,29,1,4,230,515,1500859,56,4,0,2,2
44956,2023,1,30,2,1,40,0,3300951,64,3,0,4,1
44956,2023,1,30,2,2,153,508,5201405,16,12,1,2,2
44956,2023,1,30,2,2,418,87,2923001,11,12,1,2,2
44954,2023,1,28,7,3,381,453,3156700,20,10,0,2,2
44955,2023,1,29,1,4,405,156,2409407,25,2,1,2,2
44956,2023,1,30,2,2,364,712,1100205,1,11,1,3,2
44955,2023,1,29,1,4,364,1006,1100205,80,7,0,2,2
44956,2023,1,30,2,2,277,80,4106902,67,9,1,2,2
44956,2023,1,30,2,2,376,"645,1",4127601,11,21,0,2,1
44956,2023,1,30,2,2,101,327,4203956,58,12,1,8,4
44956,2023,1,30,2,2,40,"530,9",3106200,11,9,1,2,2
44956,2023,1,30,2,2,101,"134,5",2401206,11,21,0,2,1
44956,2023,1,30,2,2,116,"816,2",2933307,67,21,0,1,1
44956,2023,1,30,2,2,324,621,2927408,16,12,1,5,4
44956,2023,1,30,2,2,104,78,2600302,11,20,0,1,1
44956,2023,1,30,2,2,116,300,3304110,18,12,0,1,1
44956,2023,1,30,2,2,116,38,4322509,1,11,1,4,3
44956,2023,1,30,2,2,222,661,2100055,16,12,0,2,2
44956,2023,1,30,2,2,470,159,4313300,33,11,1,2,2
44956,2023,1,30,2,2,101,"23,5",2606200,4,20,0,2,1
44932,2023,1,6,6,3,60,422,5007901,33,11,1,2,2
44956,2023,1,30,2,2,414,439,5201108,20,9,1,2,2
44956,2023,1,30,2,2,101,"213,1",4211900,11,12,1,2,2
44956,2023,1,30,2,2,101,"46,6",2606804,1,11,1,2,2
44956,2023,1,30,2,2,222,"40,6",2303709,20,12,1,2,2
44956,2023,1,30,2,2,101,"131,5",4202008,82,7,1,4,3
44956,2023,1,30,2,3,101,270,3304300,18,20,1,1,1
44956,2023,1,30,2,2,343,146,2208304,20,11,0,6,2
44956,2023,1,30,2,3,381,357,3136207,1,9,0,4,2
44948,2023,1,22,1,4,364,282,1100254,82,7,0,8,2
44956,2023,1,30,2,3,282,613,4207759,30,4,0,2,2
44956,2023,1,30,2,3,277,"730,6",4108304,28,4,1,1,1
44956,2023,1,30,2,3,153,337,1709302,1,2,1,3,2
44956,2023,1,30,2,3,290,92,4314902,82,21,0,1,1
44956,2023,1,30,2,3,101,"73,5",2611606,1,9,1,3,2
44956,2023,1,30,2,2,262,"582,7",3111507,13,20,0,3,1
44956,2023,1,30,2,3,365,"652,6",3170206,11,4,0,3,2
44956,2023,1,30,2,3,381,816,3113602,67,12,0,9,2
44956,2023,1,30,2,3,10,338,4117602,67,12,1,4,2
44955,2023,1,29,1,4,101,"238,5",3305604,1,2,1,3,2
44956,2023,1,30,2,3,282,"501,3",4219507,33,11,1,2,2
44956,2023,1,30,2,3,153,"270,1",2414803,28,21,0,2,1
44956,2023,1,30,2,3,226,6,2408102,11,4,1,3,2
44956,2023,1,30,2,3,101,45,4209102,83,21,0,1,1
44956,2023,1,30,2,3,20,1,5300108,28,4,1,2,1
44956,2023,1,30,2,3,101,69,2611606,52,9,1,2,2
44956,2023,1,30,2,3,369,172,4122404,20,11,1,3,2
44956,2023,1,30,2,3,324,354,2906873,2,7,1,3,3
44956,2023,1,30,2,2,101,512,3300100,1,2,1,3,2
44956,2023,1,30,2,3,104,"138,5",2512507,1,11,1,2,2
44956,2023,1,30,2,3,116,"13,5",2306256,49,12,1,3,2
44956,2023,1,30,2,3,158,133,4212106,1,11,0,3,2
44956,2023,1,30,2,3,40,"457,7",3109907,83,20,0,26,1
44946,2023,1,20,6,4,70,2,5200258,5,20,1,1,1
44956,2023,1,30,2,3,116,144,3549904,11,21,0,1,1
44956,2023,1,30,2,3,290,"150,6",4301107,67,20,0,1,1
44956,2023,1,30,2,2,163,1048,5105606,16,12,0,2,2
44956,2023,1,30,2,3,101,417,3302601,15,7,0,5,2
44956,2023,1,30,2,3,262,240,5007109,1,11,0,2,2
44956,2023,1,30,2,3,101,"204,8",4216602,78,9,1,1,1
44956,2023,1,30,2,3,232,"5,6",2611606,11,9,1,4,2
44956,2023,1,30,2,3,116,"666,3",3161403,83,21,0,2,1
44956,2023,1,30,2,3,163,"839,5",5107909,1,11,1,2,2
44956,2023,1,30,2,3,101,"70,9",2611606,61,2,1,3,2
44950,2023,1,24,3,1,262,33,5008305,9,1,0,4,1
44956,2023,1,30,2,3,70,"5,8",5200258,1,2,1,2,2
44937,2023,1,11,4,4,135,468,2206605,82,7,0,6,2
44956,2023,1,30,2,4,356,149,3301009,1,11,1,2,2
44956,2023,1,30,2,2,232,508,2612208,1,11,1,6,2
44956,2023,1,30,2,3,277,"434,5",4128658,4,20,0,3,1
44956,2023,1,30,2,3,101,58,2110203,49,11,0,2,2
44956,2023,1,30,2,4,393,"251,4",3300308,52,11,1,2,2
44956,2023,1,30,2,4,40,102,3301702,11,2,1,2,2
44956,2023,1,30,2,3,316,"255,1",2511509,20,11,0,2,2
44956,2023,1,30,2,3,40,"33,8",3300225,83,4,0,1,1
44956,2023,1,30,2,4,316,"304,1",2208007,67,2,1,2,2
44956,2023,1,30,2,4,153,"502,6",4302808,67,11,0,5,2
44956,2023,1,30,2,3,343,85,2202000,83,4,0,1,1
44956,2023,1,30,2,4,343,"48,6",2202000,11,12,1,2,2
44956,2023,1,30,2,3,50,"158,4",5204805,18,20,0,2,1
44956,2023,1,30,2,4,50,168,3170107,11,4,0,2,1
44956,2023,1,30,2,2,40,517,3118601,63,4,0,2,1
44956,2023,1,30,2,4,282,"147,1",4202602,28,18,0,2,1
44956,2023,1,30,2,3,349,826,#N/D,67,12,0,6,2
44956,2023,1,30,2,4,153,438,5201108,48,2,1,2,2
44956,2023,1,30,2,4,116,252,4320008,9,1,1,3,2
44956,2023,1,30,2,4,324,"555,5",2901106,67,20,0,2,1
44956,2023,1,30,2,4,116,140,3549904,49,15,0,7,5
44956,2023,1,30,2,4,20,12,5300108,49,12,0,2,2
44956,2023,1,30,2,4,116,268,4314902,52,9,1,4,3
44956,2023,1,30,2,4,364,393,5103403,67,20,0,3,1
44957,2023,1,31,3,1,110,64,2408003,11,3,0,2,2
44957,2023,1,31,3,1,277,"230,7",4107736,11,20,0,55,1
44957,2023,1,31,3,1,116,282,3515004,83,9,1,2,2
44957,2023,1,31,3,1,101,"74,4",4201307,18,4,0,1,1
44957,2023,1,31,3,1,277,"466,8",4117057,11,20,0,4,1
44957,2023,1,31,3,1,50,"170,8",3170107,67,4,1,1,1
44956,2023,1,30,2,3,476,"7,9",4100202,80,7,0,4,2
44956,2023,1,30,2,3,364,530,1100023,15,11,0,6,3
44957,2023,1,31,3,2,101,210,3202504,33,11,0,2,2
44957,2023,1,31,3,2,304,297,2407104,16,12,0,3,2
44957,2023,1,31,3,2,153,"492,8",1716109,29,21,1,1,1
44957,2023,1,31,3,2,316,"63,2",2704609,16,12,0,6,3
44957,2023,1,31,3,2,153,61,3549805,52,9,0,3,2
44957,2023,1,31,3,1,116,267,2300705,80,20,0,1,1
44957,2023,1,31,3,1,40,"0,4",5300108,64,21,0,2,1
44933,2023,1,7,7,4,116,"145,8",4114302,35,2,0,2,2
44957,2023,1,31,3,2,101,146,4208302,1,11,1,2,2
44957,2023,1,31,3,2,101,319,3303302,52,9,1,3,2
44957,2023,1,31,3,2,40,"6,4",5221858,83,21,1,1,1
44957,2023,1,31,3,2,104,"94,1",#N/D,49,11,1,4,2
44954,2023,1,28,7,3,267,"21,6",5001904,56,4,0,2,2
44957,2023,1,31,3,2,324,530,2910800,16,12,0,2,2
44957,2023,1,31,3,2,381,"490,4",3106705,11,4,0,1,1
44957,2023,1,31,3,2,230,"12,4",2503209,67,4,1,2,1
44957,2023,1,31,3,2,324,582,2906501,67,20,0,3,1
44957,2023,1,31,3,2,251,"442,1",3127800,16,12,0,5,2
44957,2023,1,31,3,2,470,"351,8",4203600,18,20,0,1,1
44957,2023,1,31,3,2,101,"16,7",2801603,15,4,0,2,1
44956,2023,1,30,2,3,163,1035,5105606,67,12,0,2,2
44957,2023,1,31,3,2,116,1,2304400,16,12,1,2,2
44957,2023,1,31,3,2,282,"524,9",4219705,67,20,0,2,1
44950,2023,1,24,3,3,116,"413,5",3127701,16,12,1,2,2
44957,2023,1,31,3,2,116,221,3303609,13,4,0,1,1
44957,2023,1,31,3,3,101,257,3205002,67,9,1,2,2
44957,2023,1,31,3,3,116,223,3518800,52,12,1,2,2
44949,2023,1,23,2,4,20,"218,4",2302404,9,1,0,2,1
44957,2023,1,31,3,2,381,382,3161908,16,9,1,3,2
44957,2023,1,31,3,3,116,"228,9",3550308,67,12,1,2,1
44957,2023,1,31,3,2,470,"282,1",4202875,83,20,0,1,1
44957,2023,1,31,3,3,153,100,4204301,35,2,0,2,2
44957,2023,1,31,3,3,104,"156,7",2501575,12,11,0,2,2
44957,2023,1,31,3,3,116,763,3138401,67,11,1,2,2
44957,2023,1,31,3,3,324,"615,9",2927408,52,15,1,3,3
44957,2023,1,31,3,2,226,"150,2",2403103,52,12,0,5,2
44957,2023,1,31,3,2,376,"311,9",4115754,52,9,0,4,2
44957,2023,1,31,3,3,158,520,2906204,67,10,0,1,1
44957,2023,1,31,3,3,210,0,1600303,16,15,1,3,3
44957,2023,1,31,3,3,373,"180,7",4119905,15,3,0,1,1
44957,2023,1,31,3,1,153,211,3127107,63,20,1,1,1
44957,2023,1,31,3,3,146,"485,4",3151800,15,4,0,2,2
44957,2023,1,31,3,2,277,243,4110706,67,20,1,2,2
44957,2023,1,31,3,3,116,16,2304400,11,12,1,2,2
44957,2023,1,31,3,3,153,371,5219902,16,15,0,9,4
44957,2023,1,31,3,3,101,"54,8",4209102,28,18,0,1,1
44957,2023,1,31,3,3,376,436,4127502,83,20,0,3,1
44957,2023,1,31,3,3,230,15,2507507,67,21,1,1,1
44957,2023,1,31,3,3,135,13,2111300,11,20,1,1,1
44957,2023,1,31,3,3,116,"443,1",2901700,28,20,0,3,1
44957,2023,1,31,3,3,163,"493,7",2401305,11,20,0,4,1
44957,2023,1,31,3,2,70,"372,5",5102678,67,20,0,1,1
44957,2023,1,31,3,3,40,"551,8",3144805,16,12,1,2,2
44957,2023,1,31,3,3,116,121,4106902,11,12,0,2,2
44957,2023,1,31,3,3,290,73,4309209,11,15,1,3,3
44957,2023,1,31,3,2,280,128,4215000,1,2,0,2,2
44957,2023,1,31,3,3,116,273,3552809,11,12,0,2,2
44957,2023,1,31,3,3,101,334,4218707,33,11,1,2,2
44957,2023,1,31,3,3,60,108,5208400,67,12,0,5,2
44957,2023,1,31,3,3,10,257,2105302,11,12,1,2,2