id_data,ano,mes,dia,id_dia_semana,periodo,br,km,id_municipio,id_causa_acidente,id_tipo_acidente,id_uso_solo,pessoas,veiculos
44969,2023,2,12,1,1,316,239,2700409,18,7,0,3,2
44969,2023,2,12,1,1,116,319,3302254,11,12,0,2,2
44969,2023,2,12,1,1,319,63,1100205,17,11,1,3,3
44969,2023,2,12,1,1,472,"186,8",4317905,80,7,0,4,2
44969,2023,2,12,1,2,392,"126,3",4304507,67,20,0,1,1
44969,2023,2,12,1,2,158,327,2409332,67,20,1,1,1
44968,2023,2,11,7,4,174,886,1302603,52,21,0,2,2
44969,2023,2,12,1,2,386,"59,6",4320206,49,20,0,1,1
44965,2023,2,8,4,2,101,284,3301900,11,12,0,4,3
44969,2023,2,12,1,2,135,194,2903201,80,7,0,2,2
44969,2023,2,12,1,2,101,232,4211900,11,12,0,1,1
44969,2023,2,12,1,1,135,76,2110203,80,10,1,3,2
44969,2023,2,12,1,1,470,110,4201257,18,20,0,2,1
44969,2023,2,12,1,2,287,333,4319802,18,20,0,1,1
44968,2023,2,11,7,4,468,"70,6",4304002,1,11,0,7,2
44969,2023,2,12,1,2,393,208,3306206,18,20,0,1,1
44969,2023,2,12,1,2,467,79,3169109,67,20,0,1,1
44969,2023,2,12,1,2,163,"180,6",4124020,11,20,0,1,1
44969,2023,2,12,1,1,153,136,5212808,11,20,0,1,1
44968,2023,2,11,7,4,343,250,2202208,15,20,0,1,1
44969,2023,2,12,1,1,376,"596,2",4106902,11,20,0,2,1
44969,2023,2,12,1,2,290,"59,7",4309209,52,9,0,3,2
44969,2023,2,12,1,2,316,528,2103000,18,20,0,2,1
44969,2023,2,12,1,2,153,513,5201405,11,21,1,1,1
44969,2023,2,12,1,2,101,149,4208302,11,12,1,2,2
44969,2023,2,12,1,2,116,"528,5",4304663,82,9,1,3,2
44969,2023,2,12,1,1,153,511,5201405,2,20,1,1,1
44969,2023,2,12,1,2,40,116,3301702,28,18,0,1,1
44969,2023,2,12,1,1,230,"467,7",2516201,1,12,0,6,2
44969,2023,2,12,1,2,280,"31,9",4201307,83,3,0,1,1
44968,2023,2,11,7,2,476,224,4113205,18,20,0,1,1
44969,2023,2,12,1,1,230,26,2922508,67,1,0,1,1
44969,2023,2,12,1,2,40,"3,9",3300951,15,4,0,3,1
44969,2023,2,12,1,2,470,"323,9",4203600,33,11,0,3,2
44969,2023,2,12,1,1,232,261,2601201,18,20,0,3,1
44940,2023,1,14,7,3,405,112,2413805,29,3,0,5,1
44965,2023,2,8,4,3,277,663,4115804,51,20,0,1,1
44953,2023,1,27,6,3,20,212,2302404,57,12,0,3,2
44969,2023,2,12,1,2,376,497,4119905,52,21,1,2,1
44969,2023,2,12,1,2,116,215,4312476,20,12,0,3,2
44969,2023,2,12,1,2,116,109,3554102,11,20,1,2,1
44969,2023,2,12,1,2,316,"34,2",1506500,49,20,1,2,1
44969,2023,2,12,1,2,364,122,1200401,63,21,0,1,1
44969,2023,2,12,1,2,364,134,1200401,1,11,0,3,2
44969,2023,2,12,1,1,277,"603,7",4124020,83,20,0,1,1
44969,2023,2,12,1,2,70,7,5200258,67,9,0,1,1
44969,2023,2,12,1,2,324,561,2929503,13,21,0,2,1
44969,2023,2,12,1,2,116,"829,7",2933307,49,21,0,1,1
44969,2023,2,12,1,2,116,418,3127701,67,12,0,2,2
44969,2023,2,12,1,3,356,"265,9",3143906,67,21,1,1,1
44969,2023,2,12,1,3,101,270,3205002,52,12,1,3,2
44969,2023,2,12,1,2,470,161,4218608,83,20,1,1,1
44969,2023,2,12,1,2,262,367,2401305,11,12,1,3,2
44969,2023,2,12,1,3,70,400,5213707,52,10,0,5,2
44969,2023,2,12,1,3,116,"741,6",3138005,13,4,0,5,1
44969,2023,2,12,1,3,282,130,4202602,16,12,0,5,2
44969,2023,2,12,1,3,116,237,4313409,52,12,1,4,2
44969,2023,2,12,1,3,230,"167,8",2504009,82,9,0,2,2
44969,2023,2,12,1,3,40,"760,5",3125002,83,11,0,2,2
44969,2023,2,12,1,3,277,127,4102307,16,12,0,4,2
44969,2023,2,12,1,3,101,132,4202008,67,9,0,2,2
44969,2023,2,12,1,3,290,45,4309050,67,20,0,1,1
44969,2023,2,12,1,3,101,28,2804300,18,20,0,1,1
44969,2023,2,12,1,2,101,429,3302601,15,20,0,1,1
44969,2023,2,12,1,3,470,"136,7",4300661,11,20,0,1,1
44969,2023,2,12,1,3,356,26,3302205,1,11,0,4,3
44969,2023,2,12,1,3,116,"203,5",3503901,49,15,1,4,3
44969,2023,2,12,1,3,116,120,3301702,49,4,1,2,1
44969,2023,2,12,1,3,40,"137,5",5206206,13,21,0,2,1
44969,2023,2,12,1,3,470,"68,1",4207502,11,11,0,2,2
44969,2023,2,12,1,3,376,592,4106902,67,20,1,2,1
44969,2023,2,12,1,3,452,43,5219308,11,4,0,2,2
44969,2023,2,12,1,3,487,156,2501005,28,11,0,5,2
44969,2023,2,12,1,3,116,300,4309308,83,9,1,1,1
44969,2023,2,12,1,3,381,487,3106705,16,12,1,3,3
44969,2023,2,12,1,3,104,84,2600302,49,12,0,2,2
44969,2023,2,12,1,3,386,"428,8",2207959,67,20,0,2,2
44969,2023,2,12,1,3,222,"57,2",2312403,16,12,0,3,2
44969,2023,2,12,1,3,230,168,2504009,72,7,1,3,2
44969,2023,2,12,1,3,101,219,3202504,67,9,0,1,1
44969,2023,2,12,1,3,376,379,4110078,52,10,0,4,3
44969,2023,2,12,1,3,116,361,3529906,11,21,0,1,1
44969,2023,2,12,1,3,476,330,4118600,61,2,0,2,2
44969,2023,2,12,1,3,70,"2,4",5200258,67,12,1,2,2
44969,2023,2,12,1,3,470,"253,1",4319356,1,11,0,2,2
44969,2023,2,12,1,3,116,208,3518800,78,9,1,3,2
44969,2023,2,12,1,3,101,316,4212650,52,12,1,3,3
44969,2023,2,12,1,3,386,"353,3",4307807,49,20,1,6,2
44969,2023,2,12,1,3,153,"525,3",2305209,16,12,0,5,2
44969,2023,2,12,1,3,282,"15,6",4211900,1,9,1,4,2
44969,2023,2,12,1,3,222,12,2303709,1,9,0,2,2
44969,2023,2,12,1,3,101,"104,9",4212502,52,12,0,2,2
44969,2023,2,12,1,3,101,"348,9",3200409,2,11,0,3,2
44969,2023,2,12,1,4,101,103,3205010,16,12,0,6,2
44969,2023,2,12,1,4,101,71,3204906,16,15,0,4,3
44969,2023,2,12,1,4,101,485,3300100,76,10,1,3,2
44969,2023,2,12,1,4,277,595,2303501,1,12,0,3,2
44969,2023,2,12,1,3,101,"302,9",2112803,49,4,1,1,1
44969,2023,2,12,1,4,259,58,3201506,1,11,1,2,2
44969,2023,2,12,1,4,116,848,2933307,11,21,0,1,1
44969,2023,2,12,1,4,386,"392,1",2516805,1,11,0,3,2
44969,2023,2,12,1,4,386,"215,5",4321469,49,7,1,4,2
44969,2023,2,12,1,3,251,34,5206206,49,12,0,5,2
44969,2023,2,12,1,4,40,20,5212501,1,11,1,4,2
44969,2023,2,12,1,4,116,"244,5",4318705,11,9,1,2,2
44969,2023,2,12,1,4,376,"348,9",4117305,15,4,0,3,1
44969,2023,2,12,1,4,376,"193,9",4114807,15,21,0,4,4
44969,2023,2,12,1,4,364,693,1100205,11,20,1,1,1
44969,2023,2,12,1,4,116,"151,7",4305108,83,20,1,1,1
44969,2023,2,12,1,4,316,3,2211001,17,11,1,2,2
44969,2023,2,12,1,3,101,153,4208302,11,9,0,2,2
44969,2023,2,12,1,3,116,"137,2",2513158,67,4,0,3,1
44969,2023,2,12,1,4,116,132,3302502,67,4,0,1,1
44969,2023,2,12,1,4,104,"138,5",2512507,67,20,0,2,1
44969,2023,2,12,1,4,280,"58,5",4206504,67,11,1,2,2
44969,2023,2,12,1,3,277,595,2303501,67,4,1,1,1
44969,2023,2,12,1,4,316,"36,1",1506500,35,2,1,5,2
44969,2023,2,12,1,4,101,112,4208203,11,15,0,5,4
44969,2023,2,12,1,4,40,"494,5",3124104,13,20,0,1,1
44969,2023,2,12,1,4,20,8,5300108,49,4,1,5,1
44969,2023,2,12,1,4,280,124,4215000,49,10,0,4,2
44969,2023,2,12,1,4,40,527,3118601,83,12,1,4,2
44969,2023,2,12,1,4,381,"531,1",3133709,15,20,0,2,1
44929,2023,1,3,3,3,50,78,3170206,19,12,0,3,3
44969,2023,2,12,1,3,163,"479,5",2401305,11,12,1,3,2
44969,2023,2,12,1,4,280,25,4201307,16,12,1,2,2
44969,2023,2,12,1,4,392,"351,5",2409332,11,20,1,2,1
44969,2023,2,12,1,4,287,282,4319406,11,20,1,2,1
44969,2023,2,12,1,3,262,7,5008305,49,20,1,1,1
44969,2023,2,12,1,4,116,227,3518800,67,4,0,1,1
44969,2023,2,12,1,4,116,167,4121208,61,2,0,2,2
44969,2023,2,12,1,4,20,15,5300108,56,4,1,1,1
44969,2023,2,12,1,4,316,92,1503200,49,21,0,1,1
44969,2023,2,12,1,3,290,"288,7",4303004,82,9,0,6,2
44969,2023,2,12,1,4,116,"476,4",3122504,49,20,0,2,2
44969,2023,2,12,1,4,369,139,4109807,67,4,0,1,1
44970,2023,2,13,2,1,116,13,2933307,18,4,1,1,1
44969,2023,2,12,1,4,116,170,3305109,25,7,1,3,2
44969,2023,2,12,1,4,101,68,3301009,82,12,1,2,2
44969,2023,2,12,1,4,262,"580,5",3111507,80,7,0,3,2
44969,2023,2,12,1,4,70,521,2211407,11,12,1,4,2
44969,2023,2,12,1,4,304,"32,9",2408003,61,2,1,2,2
44969,2023,2,12,1,4,230,198,1503705,16,12,0,2,2
44970,2023,2,13,2,1,116,289,3522208,11,12,0,2,2
44970,2023,2,13,2,1,381,90,3518800,67,21,1,1,1
44970,2023,2,13,2,1,277,704,4125704,16,12,0,2,2
44970,2023,2,13,2,1,365,769,3134202,11,20,0,2,1
44970,2023,2,13,2,1,116,109,3554102,18,4,1,1,1
44961,2023,2,4,7,2,364,645,1100205,11,3,0,1,1
44970,2023,2,13,2,1,101,332,3304557,11,21,0,1,1
44970,2023,2,13,2,1,423,"10,2",2408508,2,11,0,6,2
44970,2023,2,13,2,1,101,"269,2",3205002,67,9,1,2,2
44969,2023,2,12,1,4,101,15,4205803,1,12,0,6,2
44970,2023,2,13,2,2,101,58,3204906,1,11,0,2,2
44970,2023,2,13,2,2,101,"68,7",2611606,52,9,1,2,2
44969,2023,2,12,1,4,405,152,2409407,80,11,0,2,2
44969,2023,2,12,1,3,282,373,4205209,82,12,0,1,1
44970,2023,2,13,2,1,60,"47,8",5200100,1,11,0,2,2
44970,2023,2,13,2,2,101,197,4202305,78,12,0,2,2
44970,2023,2,13,2,1,392,"14,9",4315602,9,20,0,5,1
44969,2023,2,12,1,4,262,444,3145208,67,20,1,1,1
44969,2023,2,12,1,4,365,627,3170206,60,2,1,3,2
44969,2023,2,12,1,4,381,502,3106705,11,12,0,2,2
44970,2023,2,13,2,2,101,"105,2",2500601,13,4,0,1,1
44970,2023,2,13,2,2,116,"16,2",2306256,16,12,1,2,2
44970,2023,2,13,2,2,153,"61,5",3549805,16,9,1,3,3
44970,2023,2,13,2,2,280,"25,6",4201307,20,11,1,2,2
44970,2023,2,13,2,2,304,"28,6",2408003,13,21,0,2,1
44970,2023,2,13,2,2,262,114,3205069,35,2,0,2,2
44970,2023,2,13,2,2,222,"4,2",2303709,11,15,1,4,4
44970,2023,2,13,2,2,285,294,4314100,1,11,1,4,2
44970,2023,2,13,2,2,163,267,5003702,11,15,0,4,4
44970,2023,2,13,2,2,60,414,5007901,1,11,0,2,2
44970,2023,2,13,2,2,116,230,3550308,52,9,1,2,2
44970,2023,2,13,2,2,40,"7,2",5300108,52,9,1,2,2
44970,2023,2,13,2,2,101,210,4216602,52,9,1,3,2
44970,2023,2,13,2,2,101,94,2504603,11,20,0,1,1
44970,2023,2,13,2,2,116,"132,9",3549904,11,21,1,1,1
44970,2023,2,13,2,2,282,578,3538204,2,11,0,2,2
44970,2023,2,13,2,2,116,109,4106902,16,12,1,2,2
44970,2023,2,13,2,2,267,"581,3",2202505,18,20,0,1,1
44970,2023,2,13,2,2,101,"65,5",3204906,28,12,1,2,2
44970,2023,2,13,2,2,116,230,3550308,52,12,1,1,1
44963,2023,2,6,2,3,319,723,1301704,9,20,0,1,1
44970,2023,2,13,2,2,101,327,3303302,16,15,0,4,4
44970,2023,2,13,2,1,401,64,1400159,67,4,0,6,2
44969,2023,2,12,1,4,101,284,2918803,1,12,0,7,3
44970,2023,2,13,2,2,262,"7,2",3201308,83,9,1,4,3
44970,2023,2,13,2,2,40,109,3301702,67,12,1,3,3
44970,2023,2,13,2,2,40,81,3303906,2,3,0,1,1
44970,2023,2,13,2,2,365,"19,8",3143302,67,4,0,1,1
44970,2023,2,13,2,2,70,1,5101803,11,12,1,3,2
44970,2023,2,13,2,2,290,60,4309209,67,12,0,4,2
44970,2023,2,13,2,2,110,"47,2",2408003,67,15,1,5,4
44970,2023,2,13,2,2,40,501,3124104,28,18,0,1,1
44970,2023,2,13,2,3,20,20,5300108,1,12,1,3,2
44969,2023,2,12,1,4,343,5,2211001,49,12,1,3,3
44951,2023,1,25,4,3,101,191,2908200,1,11,0,2,2
44970,2023,2,13,2,3,101,203,4216602,16,12,1,2,2
44970,2023,2,13,2,3,110,"47,2",2408003,16,12,1,2,2
44970,2023,2,13,2,2,364,51,1100304,67,12,0,4,2
44970,2023,2,13,2,2,412,"76,2",2515500,1,11,1,2,2
44950,2023,1,24,3,4,101,452,3302601,11,20,0,1,1
44970,2023,2,13,2,3,153,443,5201108,16,12,1,2,2
44970,2023,2,13,2,3,376,"251,9",4101408,13,21,0,1,1
44963,2023,2,6,2,2,290,"4,3",4313508,67,12,0,6,2
44970,2023,2,13,2,2,101,291,3301900,29,21,0,1,1
44970,2023,2,13,2,3,369,155,4113700,17,11,1,2,2
44970,2023,2,13,2,3,101,"224,3",4211900,83,9,0,3,3
44970,2023,2,13,2,3,230,"405,4",2101400,1,11,1,3,2
44970,2023,2,13,2,3,101,84,2408102,16,9,1,2,2
44970,2023,2,13,2,3,386,"280,8",4318465,80,10,0,4,2
44970,2023,2,13,2,2,116,188,3303500,52,12,1,1,1
44970,2023,2,13,2,3,101,"526,4",3300100,80,7,0,3,3
44970,2023,2,13,2,3,101,"314,5",3205200,11,20,0,2,1
44970,2023,2,13,2,2,101,"386,4",4207007,20,11,1,2,2
44970,2023,2,13,2,3,470,68,4207502,16,12,1,2,2
44970,2023,2,13,2,3,101,224,4211900,11,2,0,3,2
44970,2023,2,13,2,2,343,212,2202406,67,20,0,1,1
44970,2023,2,13,2,3,101,"206,8",4216602,78,9,1,3,3
44970,2023,2,13,2,3,101,"207,8",4216602,16,12,1,2,2
44970,2023,2,13,2,3,101,356,4215455,67,20,0,5,1
44970,2023,2,13,2,3,381,"71,9",3528502,67,15,0,5,3
44970,2023,2,13,2,3,101,195,4202305,67,21,1,2,1
44970,2023,2,13,2,3,101,"233,3",3202207,13,21,0,2,1
44970,2023,2,13,2,3,158,"525,3",4118501,49,20,0,2,1
44970,2023,2,13,2,3,381,429,3110004,83,7,1,4,2
44970,2023,2,13,2,3,116,216,3305554,52,9,0,2,2
44969,2023,2,12,1,2,116,276,3168606,20,11,1,3,2
44945,2023,1,19,5,3,101,295,3301900,16,21,1,1,1
44970,2023,2,13,2,3,116,431,3542602,28,20,0,4,1
44970,2023,2,13,2,3,470,56,4202404,1,11,1,3,2
44970,2023,2,13,2,3,116,139,3301702,15,4,1,1,1
44970,2023,2,13,2,3,376,"1,2",4101408,15,21,1,2,1
44970,2023,2,13,2,3,135,4,2111300,12,21,1,1,1
44970,2023,2,13,2,3,116,208,4122305,51,20,0,1,1
44970,2023,2,13,2,3,262,374,3136652,83,20,0,1,1
44970,2023,2,13,2,3,101,474,3300100,67,7,1,2,2
44968,2023,2,11,7,3,242,421,2929909,63,20,0,1,1
44970,2023,2,13,2,2,30,"239,5",2911709,83,20,0,1,1
44970,2023,2,13,2,3,230,6,2503209,28,18,1,1,1
44970,2023,2,13,2,3,386,354,4307807,2,11,0,2,2
44970,2023,2,13,2,4,163,9,2922102,11,12,0,3,2
44966,2023,2,9,5,2,116,425,2910800,82,11,1,2,2
44970,2023,2,13,2,4,393,252,3300308,1,12,1,3,2
44970,2023,2,13,2,3,116,"274,2",3552809,67,12,1,2,2
44970,2023,2,13,2,3,101,327,3303302,67,12,0,3,2
44970,2023,2,13,2,4,101,358,3200409,11,12,0,3,2
44970,2023,2,13,2,3,101,"506,5",3300100,28,18,1,2,2
44970,2023,2,13,2,4,101,"122,5",2503001,28,18,0,2,1
44970,2023,2,13,2,4,471,"173,8",4315701,80,10,1,2,2
44970,2023,2,13,2,3,381,"248,9",3158953,1,11,0,2,2
44970,2023,2,13,2,3,386,"34,1",4308508,83,2,1,3,2
44970,2023,2,13,2,4,470,"54,5",4202404,11,12,1,2,2
44970,2023,2,13,2,3,277,"33,2",4116208,13,4,0,1,1
44970,2023,2,13,2,3,70,"6,3",5101803,11,12,1,2,2
44954,2023,1,28,7,3,393,"1,7",3201209,78,7,1,5,3
44970,2023,2,13,2,4,381,90,3550308,67,4,1,1,1
44970,2023,2,13,2,4,101,"268,6",3205002,11,21,1,1,1
44970,2023,2,13,2,4,405,156,2409407,82,7,0,3,2
44970,2023,2,13,2,4,116,"131,1",3508504,61,2,1,2,2
44971,2023,2,14,3,1,20,29,5300108,67,2,0,5,3
44971,2023,2,14,3,1,222,248,2106755,9,1,0,2,1
44971,2023,2,14,3,1,316,313,2208007,51,20,1,2,1
44971,2023,2,14,3,1,70,290,5211008,9,1,0,4,1
44971,2023,2,14,3,2,101,"127,5",4208203,28,21,0,2,1
44971,2023,2,14,3,2,116,221,3518800,67,9,1,2,2
44971,2023,2,14,3,2,101,310,4209409,1,21,0,1,1
44970,2023,2,13,2,4,158,108,4204707,83,20,0,1,1
44971,2023,2,14,3,2,153,"61,1",3549805,52,9,1,3,3
44971,2023,2,14,3,2,101,415,4201406,67,12,1,2,2
44971,2023,2,14,3,2,110,"46,6",2408003,16,12,1,3,2
44971,2023,2,14,3,2,101,88,2507507,67,21,1,1,1
44971,2023,2,14,3,2,153,496,1716109,1,9,1,2,2
44971,2023,2,14,3,2,10,454,4117602,9,1,0,2,1
44971,2023,2,14,3,2,101,94,2408102,2,11,1,1,1
44971,2023,2,14,3,2,427,"96,2",2402006,67,9,0,2,2
44968,2023,2,11,7,4,470,125,4209904,49,11,0,3,2
44971,2023,2,14,3,2,282,"3,2",4205407,52,9,1,3,2
44971,2023,2,14,3,2,364,"203,8",5107602,67,11,1,2,2
44971,2023,2,14,3,2,101,"209,6",4216602,78,12,0,1,1
44971,2023,2,14,3,2,465,1,3305554,1,7,1,3,2
44971,2023,2,14,3,2,60,"93,2",5201108,16,12,0,2,2
44944,2023,1,18,4,3,60,24,5300108,11,9,0,1,1
44971,2023,2,14,3,2,282,"530,9",4204350,16,12,0,2,2
44971,2023,2,14,3,2,40,107,3301702,2,11,1,3,2
44971,2023,2,14,3,1,406,"140,9",2413904,11,21,0,2,2
44947,2023,1,21,7,4,282,"398,6",4209003,67,12,0,2,2
44971,2023,2,14,3,2,277,11,4118204,9,1,1,1,1
44971,2023,2,14,3,2,50,"272,8",5205109,28,20,1,5,1
44971,2023,2,14,3,2,232,"79,2",2606408,33,9,1,3,2
44971,2023,2,14,3,2,40,4,5221858,82,12,1,2,2
44969,2023,2,12,1,2,116,"584,5",3139409,33,11,1,3,2
44971,2023,2,14,3,2,116,409,3127701,1,9,0,6,2
44961,2023,2,4,7,2,116,"183,3",4216057,67,20,0,5,1
44971,2023,2,14,3,2,470,"53,8",4202404,20,11,1,3,2
44971,2023,2,14,3,2,116,3,2304400,16,12,1,3,3
44971,2023,2,14,3,2,153,"404,6",4303004,9,1,1,2,1
44971,2023,2,14,3,2,40,"632,4",3118304,83,12,1,3,2
44971,2023,2,14,3,2,70,701,5102504,82,7,0,4,2
44971,2023,2,14,3,2,101,"310,9",4209409,33,11,1,3,2
44971,2023,2,14,3,2,381,"367,9",3161908,80,7,0,4,2
44971,2023,2,14,3,2,232,128,2604106,83,2,1,2,2
44971,2023,2,14,3,2,343,2,2211001,1,11,1,2,2
44971,2023,2,14,3,2,116,263,4304606,16,9,1,2,2
44969,2023,2,12,1,1,40,44,3147006,67,20,0,1,1
44971,2023,2,14,3,2,405,1,2408003,35,2,1,4,2
44971,2023,2,14,3,2,324,566,2929503,20,11,0,2,2
44971,2023,2,14,3,2,470,"7,7",4211306,2,12,0,2,2
44944,2023,1,18,4,1,116,140,3549904,56,4,0,2,2
44971,2023,2,14,3,2,153,277,5214861,16,12,0,3,2
44971,2023,2,14,3,2,101,97,4212809,1,11,0,2,2
44971,2023,2,14,3,2,116,241,3304003,13,4,0,1,1
44971,2023,2,14,3,2,40,121,3301702,16,12,0,2,1
44959,2023,2,2,5,2,116,248,4318705,2,11,1,2,2
44971,2023,2,14,3,2,101,405,3302007,18,20,0,1,1
44969,2023,2,12,1,1,470,126,4209904,46,20,0,1,1
44971,2023,2,14,3,3,20,"5,7",5208004,52,9,1,5,2
44971,2023,2,14,3,2,282,"246,8",4216800,67,20,0,1,1
44971,2023,2,14,3,2,393,254,3300308,18,7,1,1,1
44935,2023,1,9,2,3,116,111,3302502,80,7,1,3,3
44971,2023,2,14,3,3,101,"88,7",4202107,80,7,1,2,2
44971,2023,2,14,3,3,101,207,4216602,16,9,1,3,2
44971,2023,2,14,3,3,163,"193,3",5002407,72,11,0,5,2
44971,2023,2,14,3,3,386,"227,3",4312427,1,7,0,5,2
44947,2023,1,21,7,4,116,106,3301850,67,7,0,3,2
44971,2023,2,14,3,3,101,65,3301009,20,9,1,2,2
44971,2023,2,14,3,3,101,212,2909802,49,12,1,2,2
44971,2023,2,14,3,3,116,221,3518800,78,9,1,3,3
44971,2023,2,14,3,3,277,"333,9",4109401,67,3,0,5,3
44971,2023,2,14,3,3,158,"117,5",4313706,9,20,0,1,1
44971,2023,2,14,3,3,101,117,4208203,16,9,0,3,2
44971,2023,2,14,3,3,262,"34,8",3139409,67,9,1,2,2
44971,2023,2,14,3,3,70,"400,3",5102678,11,10,0,5,2
44971,2023,2,14,3,3,470,"155,4",4218608,83,10,0,3,3
44971,2023,2,14,3,2,280,56,4206504,1,11,1,2,2
44935,2023,1,9,2,3,101,83,2607901,2,11,1,2,2
44971,2023,2,14,3,3,20,8,5300108,11,12,1,4,4
44971,2023,2,14,3,3,116,516,3509254,83,20,0,3,1
44971,2023,2,14,3,3,381,86,3550308,35,2,1,2,2
44959,2023,2,2,5,4,116,13,4105805,1,9,1,2,2
44971,2023,2,14,3,3,282,"355,2",4203600,67,9,0,2,2
44971,2023,2,14,3,3,101,"206,8",4216602,64,21,0,1,1
44971,2023,2,14,3,3,369,"147,5",4113700,11,12,1,4,4
44971,2023,2,14,3,3,381,"481,5",3118601,16,21,1,1,1
44971,2023,2,14,3,2,116,757,2925105,1,11,1,3,2
44971,2023,2,14,3,3,369,155,4113700,50,12,1,2,2
44971,2023,2,14,3,3,386,42,4320206,82,9,0,3,3
44971,2023,2,14,3,3,158,329,2409332,4,4,1,1,1
44971,2023,2,14,3,4,262,368,3136652,83,9,0,2,2
44971,2023,2,14,3,4,101,"284,2",4207304,5,21,0,1,1
44970,2023,2,13,2,3,101,274,3305752,49,12,1,2,2
44971,2023,2,14,3,4,232,"75,5",2606408,67,12,0,2,2
44971,2023,2,14,3,4,40,80,3303906,15,20,0,1,1
44971,2023,2,14,3,4,116,263,4304606,17,11,1,2,2
44971,2023,2,14,3,4,470,"67,3",4207502,20,7,1,2,2
44971,2023,2,14,3,4,235,172,1721257,67,21,0,2,1
44971,2023,2,14,3,4,316,120,2403251,16,12,0,2,2
44971,2023,2,14,3,4,232,"254,2",2601201,1,12,1,6,2
44971,2023,2,14,3,4,116,"544,2",3157252,1,11,0,3,2
44971,2023,2,14,3,4,153,"433,6",5201108,10,2,1,3,2
44971,2023,2,14,3,4,116,414,3127701,7,21,1,3,2
44971,2023,2,14,3,4,101,"58,2",2611606,67,12,1,3,2
44971,2023,2,14,3,4,40,276,3169356,61,2,1,2,2
44972,2023,2,15,4,1,60,419,5218805,18,21,0,1,1
44972,2023,2,15,4,1,316,35,1506500,80,7,1,2,2
44964,2023,2,7,3,1,463,56,5006606,49,21,0,1,1
44972,2023,2,15,4,1,101,"45,6",3555406,11,4,1,4,1
44972,2023,2,15,4,1,381,"427,8",3110004,11,20,0,1,1
44972,2023,2,15,4,1,381,"523,8",3109006,50,4,0,1,1
44972,2023,2,15,4,2,381,854,3152501,67,20,0,1,1
44972,2023,2,15,4,2,40,2,5221858,11,12,1,5,5
44972,2023,2,15,4,2,70,0,5300108,52,9,0,2,2
44972,2023,2,15,4,2,70,2,5101803,20,12,0,2,2
44972,2023,2,15,4,2,101,73,2804003,82,12,1,2,2
44972,2023,2,15,4,1,101,"60,3",4311775,18,20,0,1,1
44972,2023,2,15,4,2,40,"3,9",5221858,67,12,1,2,2
44972,2023,2,15,4,2,381,486,3106705,67,21,1,1,1
44972,2023,2,15,4,2,324,599,2930709,1,9,0,1,1
44972,2023,2,15,4,2,101,206,2911600,67,12,0,3,2
44972,2023,2,15,4,2,116,"764,9",3138401,1,11,0,2,2
44964,2023,2,7,3,3,316,95,2201408,28,18,1,5,1
44972,2023,2,15,4,2,50,178,3170107,11,12,1,3,3
44972,2023,2,15,4,2,116,28,2612208,72,9,0,2,2
44972,2023,2,15,4,2,282,"567,9",4211405,1,11,1,2,2
44972,2023,2,15,4,2,153,52,4307005,1,11,0,2,2
44972,2023,2,15,4,2,493,55,3301702,11,20,0,2,1
44972,2023,2,15,4,2,282,"2,1",4205407,78,9,1,2,2
44964,2023,2,7,3,3,408,28,2600708,16,12,0,4,2
44972,2023,2,15,4,2,116,229,3550308,52,9,1,5,2
44972,2023,2,15,4,2,101,"79,6",2607901,11,12,1,2,2
44972,2023,2,15,4,2,101,79,2607901,16,12,0,2,2
44972,2023,2,15,4,2,116,270,3552809,1,9,1,3,3
44952,2023,1,26,5,4,70,11,5300108,11,20,1,4,3
44972,2023,2,15,4,2,324,545,2901106,1,11,1,2,2
44967,2023,2,10,6,4,459,60,3131505,1,10,0,2,2
44972,2023,2,15,4,2,319,64,1100205,16,12,1,2,2
44972,2023,2,15,4,2,153,"443,7",5201108,1,12,1,3,2
44972,2023,2,15,4,2,101,200,4216602,11,15,0,4,3
44972,2023,2,15,4,2,116,"119,8",4106902,52,12,0,2,2
44972,2023,2,15,4,2,262,"370,1",5008008,28,20,0,2,1
44972,2023,2,15,4,3,40,521,3118601,28,18,0,1,1
44972,2023,2,15,4,2,277,"336,1",4109401,15,12,0,8,2
44972,2023,2,15,4,3,116,40,4104006,67,4,0,2,1
44972,2023,2,15,4,3,230,153,2504009,1,9,1,3,2
44954,2023,1,28,7,2,280,"151,1",4210100,16,15,0,4,3
44972,2023,2,15,4,3,158,327,2409332,16,12,1,4,2
44972,2023,2,15,4,3,116,48,4104006,13,20,0,4,2
44972,2023,2,15,4,3,101,130,4202008,28,21,1,2,1
44972,2023,2,15,4,3,101,"351,2",3200409,11,20,0,2,1
44960,2023,2,3,6,3,101,250,2908309,20,9,1,2,2
44972,2023,2,15,4,2,251,278,3157005,13,21,0,3,1
44972,2023,2,15,4,3,381,490,3106705,28,12,1,2,2
44972,2023,2,15,4,2,101,300,3304904,11,9,1,2,2
44972,2023,2,15,4,3,101,"136,5",4202008,67,21,1,1,1
44972,2023,2,15,4,3,116,71,3305802,16,15,1,4,3
44972,2023,2,15,4,3,101,"82,6",2501807,78,9,1,4,2
44972,2023,2,15,4,3,316,303,2605707,41,20,0,3,1
44972,2023,2,15,4,3,153,"498,5",5208707,16,9,1,2,2
44972,2023,2,15,4,3,135,40,2101251,11,3,0,1,1
44972,2023,2,15,4,3,415,22,2913606,13,21,0,2,1