id_data,ano,mes,dia,id_dia_semana,periodo,br,km,id_municipio,id_causa_acidente,id_tipo_acidente,id_uso_solo,pessoas,veiculos
44972,2023,2,15,4,3,101,213,4211900,83,9,1,3,2
44972,2023,2,15,4,3,277,34,4116208,67,4,0,2,1
44972,2023,2,15,4,3,101,"215,9",4211900,11,21,0,1,1
44972,2023,2,15,4,3,101,"70,1",3204906,1,11,0,2,2
44972,2023,2,15,4,3,367,29,2925303,33,11,1,3,3
44972,2023,2,15,4,4,101,268,3205002,52,9,1,2,2
44972,2023,2,15,4,3,376,"4,8",4101408,11,12,1,3,3
44972,2023,2,15,4,4,116,"147,3",4305108,67,11,1,3,2
44972,2023,2,15,4,4,480,124,4204202,83,4,1,1,1
44969,2023,2,12,1,1,381,"223,7",3106309,49,4,0,2,1
44964,2023,2,7,3,3,230,190,2207009,67,3,0,2,1
44972,2023,2,15,4,4,116,250,4320008,15,9,1,2,2
44972,2023,2,15,4,3,135,157,2106631,11,20,0,1,1
44972,2023,2,15,4,4,50,137,5210109,9,1,0,2,1
44972,2023,2,15,4,4,40,517,3154606,7,7,1,2,2
44972,2023,2,15,4,4,210,4,1600303,11,12,0,3,2
44972,2023,2,15,4,3,222,"70,9",2312403,67,12,0,3,2
44972,2023,2,15,4,4,116,14,2933307,67,7,0,2,2
44972,2023,2,15,4,4,381,71,3528502,28,18,0,1,1
44972,2023,2,15,4,4,101,"145,9",4208302,11,12,1,3,2
44972,2023,2,15,4,4,101,"47,3",4209102,67,20,1,1,1
44972,2023,2,15,4,4,101,"41,9",3555406,1,9,0,2,2
44972,2023,2,15,4,4,262,"33,8",3139409,63,21,1,2,2
44972,2023,2,15,4,4,101,46,3555406,1,21,1,2,2
44972,2023,2,15,4,4,153,151,5204706,11,10,0,2,1
44972,2023,2,15,4,4,40,503,3124104,56,4,0,2,1
44972,2023,2,15,4,4,101,"201,1",4216602,67,20,0,1,1
44944,2023,1,18,4,4,251,290,3157005,30,21,0,1,1
44972,2023,2,15,4,4,40,567,3131901,28,18,0,1,1
44972,2023,2,15,4,4,364,"237,2",1100049,11,9,1,2,2
44972,2023,2,15,4,4,277,76,4125506,11,20,0,1,1
44931,2023,1,5,5,4,393,270,3300308,15,7,1,4,2
44972,2023,2,15,4,4,153,524,2305209,67,9,0,3,3
44972,2023,2,15,4,4,407,106,2611101,9,1,0,3,1
44972,2023,2,15,4,4,116,"216,5",3518800,67,12,0,2,2
44973,2023,2,16,5,1,376,302,4115754,67,20,0,1,1
44973,2023,2,16,5,1,101,751,2914653,67,3,0,2,1
44972,2023,2,15,4,4,101,43,4209102,80,7,1,2,2
44973,2023,2,16,5,1,163,74,5004601,11,12,0,4,3
44972,2023,2,15,4,4,324,621,2927408,49,4,0,1,1
44973,2023,2,16,5,1,158,329,2409332,9,1,1,1,1
44973,2023,2,16,5,1,304,32,2408003,9,1,1,1,1
44973,2023,2,16,5,1,101,150,4208302,11,12,1,2,2
44973,2023,2,16,5,1,116,"68,5",2500775,35,2,0,2,2
44972,2023,2,15,4,4,40,573,3144805,18,20,0,1,1
44973,2023,2,16,5,1,116,"1,6",4210100,67,2,1,2,2
44973,2023,2,16,5,2,101,202,4216602,16,12,0,3,2
44973,2023,2,16,5,2,376,651,4127601,15,4,0,1,1
44973,2023,2,16,5,1,365,"626,5",3170206,11,20,1,1,1
44973,2023,2,16,5,2,381,481,3118601,11,4,0,1,1
44972,2023,2,15,4,4,116,105,3301850,67,4,0,1,1
44973,2023,2,16,5,2,101,"204,3",4216602,16,12,0,3,3
44973,2023,2,16,5,2,101,117,4208203,78,12,1,2,2
44973,2023,2,16,5,2,116,170,3304557,52,12,0,2,2
44973,2023,2,16,5,2,174,15,1100304,33,11,1,2,2
44972,2023,2,15,4,3,70,278,5107040,83,20,1,1,1
44973,2023,2,16,5,2,476,"154,9",4101804,11,12,1,2,2
44973,2023,2,16,5,2,116,231,4310801,1,11,1,2,2
44973,2023,2,16,5,2,116,230,3550308,78,9,0,1,1
44973,2023,2,16,5,2,101,"306,6",3304904,67,12,1,11,2
44973,2023,2,16,5,2,222,"5,5",2303709,51,21,1,1,1
44973,2023,2,16,5,2,116,176,3305109,11,21,1,1,1
44973,2023,2,16,5,2,116,224,3518800,11,12,1,2,2
44973,2023,2,16,5,2,101,134,4202008,1,11,1,2,2
44973,2023,2,16,5,2,60,"197,5",5209200,83,12,0,2,1
44973,2023,2,16,5,2,277,728,4108304,11,12,1,3,2
44973,2023,2,16,5,2,364,"377,6",1100155,1,11,0,4,2
44973,2023,2,16,5,2,418,87,2923001,61,2,1,4,2
44969,2023,2,12,1,3,116,182,3303500,48,4,1,2,1
44973,2023,2,16,5,2,40,460,3167202,67,12,1,2,2
44949,2023,1,23,2,3,116,173,3305109,52,9,1,2,2
44973,2023,2,16,5,2,381,"874,9",3124500,11,12,0,2,2
44973,2023,2,16,5,2,232,69,#N/D,18,20,0,1,1
44970,2023,2,13,2,2,116,415,3127701,16,12,1,2,2
44973,2023,2,16,5,2,116,14,2304400,16,12,1,2,2
44970,2023,2,13,2,4,101,322,3303302,52,9,0,2,2
44973,2023,2,16,5,2,287,247,2409332,1,11,1,2,2
44973,2023,2,16,5,2,343,15,2207702,1,11,1,2,2
44973,2023,2,16,5,3,405,"1,8",2408003,11,21,1,2,1
44973,2023,2,16,5,2,324,589,2906501,11,3,0,1,1
44968,2023,2,11,7,4,277,"489,5",4117057,83,20,0,4,1
44973,2023,2,16,5,3,116,"762,7",3138401,67,12,0,2,2
44973,2023,2,16,5,3,101,"298,5",4209409,11,15,0,4,3
44973,2023,2,16,5,2,316,"22,5",1501501,67,21,1,2,2
44973,2023,2,16,5,3,20,"179,4",5200803,16,12,1,2,2
44941,2023,1,15,1,4,304,46,2408003,9,1,1,2,1
44973,2023,2,16,5,3,232,123,2604106,4,20,0,2,1
44973,2023,2,16,5,3,424,89,2606002,11,9,1,3,2
44973,2023,2,16,5,3,467,89,2303501,64,20,0,2,1
44973,2023,2,16,5,3,406,"150,4",2402600,33,11,1,2,2
44973,2023,2,16,5,3,493,120,3302007,67,20,0,3,1
44973,2023,2,16,5,3,116,"620,9",2917607,11,20,0,1,1
44973,2023,2,16,5,3,381,75,3528502,83,3,0,2,1
44973,2023,2,16,5,2,116,223,3518800,67,12,1,2,1
44973,2023,2,16,5,3,290,90,4314902,67,12,0,4,2
44973,2023,2,16,5,3,116,216,3518800,67,12,0,4,3
44973,2023,2,16,5,3,116,"458,1",3542602,11,21,0,1,1
44973,2023,2,16,5,3,470,232,4304804,11,12,0,2,2
44973,2023,2,16,5,3,316,"21,9",1501501,1,11,1,3,3
44973,2023,2,16,5,3,470,"63,1",4202404,20,11,0,2,2
44973,2023,2,16,5,3,470,"175,8",4322806,33,11,1,2,2
44973,2023,2,16,5,3,280,239,4203808,4,7,0,3,2
44973,2023,2,16,5,3,381,"635,7",3159902,11,20,0,2,1
44947,2023,1,21,7,1,101,271,3205002,9,1,1,1,1
44973,2023,2,16,5,3,60,"51,3",5006275,67,20,0,3,1
44973,2023,2,16,5,3,101,295,3301900,78,9,0,2,2
44968,2023,2,11,7,4,101,412,3302007,52,12,0,3,2
44973,2023,2,16,5,3,282,2,4205407,52,12,1,2,2
44973,2023,2,16,5,3,364,519,1100023,11,11,1,5,2
44973,2023,2,16,5,3,163,79,3128204,11,21,0,1,1
44973,2023,2,16,5,3,421,3,1100023,28,21,0,2,1
44973,2023,2,16,5,4,70,9,5300108,61,2,1,2,2
44973,2023,2,16,5,3,364,318,1100254,16,12,0,2,2
44973,2023,2,16,5,3,101,504,3300100,1,9,1,2,2
44946,2023,1,20,6,3,116,413,3127701,16,21,1,2,2
44973,2023,2,16,5,4,101,270,3205002,11,9,1,2,2
44973,2023,2,16,5,3,365,245,3136306,13,20,0,2,1
44973,2023,2,16,5,4,459,25,3527207,49,12,1,2,2
44973,2023,2,16,5,4,101,"399,5",3204401,28,7,0,3,2
44973,2023,2,16,5,4,116,217,3518800,64,4,1,3,1
44973,2023,2,16,5,4,116,196,3503901,11,3,0,3,1
44973,2023,2,16,5,3,163,753,5107925,11,12,1,2,2
44973,2023,2,16,5,4,116,4,4210100,82,10,1,4,2
44973,2023,2,16,5,3,282,460,4213401,44,15,0,4,3
44973,2023,2,16,5,4,470,"140,1",4214805,33,11,1,3,2
44973,2023,2,16,5,4,230,2,2503209,11,21,1,1,1
44973,2023,2,16,5,3,101,497,3300100,61,2,0,2,2
44973,2023,2,16,5,4,470,"52,8",4202404,11,12,0,2,2
44973,2023,2,16,5,4,101,"68,2",2705200,83,3,0,1,1
44973,2023,2,16,5,4,116,146,3549904,67,12,1,2,2
44973,2023,2,16,5,4,232,125,2604106,80,7,1,5,2
44973,2023,2,16,5,4,373,212,4110102,80,7,1,7,2
44973,2023,2,16,5,4,153,"53,9",3142809,29,21,0,2,2
44970,2023,2,13,2,1,101,318,3304904,48,4,0,1,1
44973,2023,2,16,5,4,242,433,1708205,83,20,0,1,1
44973,2023,2,16,5,4,116,"535,5",3159357,15,20,0,1,1
44973,2023,2,16,5,4,101,325,3303302,83,12,0,6,2
44973,2023,2,16,5,4,470,56,4202404,67,12,1,5,3
44973,2023,2,16,5,4,277,670,4115804,49,7,0,2,2
44974,2023,2,17,6,1,277,715,4124053,67,20,0,1,1
44974,2023,2,17,6,1,116,146,3549904,11,4,1,1,1
44974,2023,2,17,6,1,376,"173,7",4115200,15,20,1,1,1
44974,2023,2,17,6,1,324,594,2906501,9,1,1,2,1
44974,2023,2,17,6,2,101,112,2412203,16,9,1,2,2
44974,2023,2,17,6,1,365,623,3170206,1,2,1,2,2
44974,2023,2,17,6,2,116,"293,8",3300407,11,9,0,2,2
44974,2023,2,17,6,1,262,"369,9",5008008,28,18,0,3,1
44973,2023,2,16,5,4,163,515,1508050,49,21,0,2,1
44974,2023,2,17,6,2,101,"47,6",3201605,82,4,0,5,1
44974,2023,2,17,6,2,70,4,5101803,1,11,1,3,2
44974,2023,2,17,6,2,101,84,2501807,16,12,1,2,2
44974,2023,2,17,6,2,277,96,4106902,20,11,1,3,2
44974,2023,2,17,6,2,259,53,3201506,11,11,1,2,2
44974,2023,2,17,6,2,116,223,3518800,51,12,1,2,2
44933,2023,1,7,7,4,262,"97,3",3100302,83,2,0,2,2
44973,2023,2,16,5,3,435,85,1100064,67,12,1,2,2
44974,2023,2,17,6,2,116,146,3549904,78,9,1,2,2
44974,2023,2,17,6,2,470,"218,8",4302105,83,20,0,1,1
44974,2023,2,17,6,2,287,393,4317400,33,11,0,5,2
44973,2023,2,16,5,2,116,271,3300407,11,2,1,2,2
44974,2023,2,17,6,2,232,"198,4",2612406,1,11,0,2,2
44974,2023,2,17,6,2,381,676,3149903,67,12,1,3,2
44974,2023,2,17,6,2,235,4,2804805,16,9,1,2,2
44974,2023,2,17,6,2,40,"622,1",3118304,72,11,0,2,2
44974,2023,2,17,6,2,282,"4,3",4205407,16,9,1,2,2
44974,2023,2,17,6,2,40,245,3161700,6,4,0,2,1
44974,2023,2,17,6,2,116,138,3549904,82,9,0,3,2
44974,2023,2,17,6,2,101,344,4218707,11,12,1,5,2
44968,2023,2,11,7,2,30,336,2904605,82,20,0,2,2
44974,2023,2,17,6,2,116,282,3515004,67,4,1,2,1
44974,2023,2,17,6,2,116,"13,5",2304400,2,9,1,1,1
44974,2023,2,17,6,2,101,88,2507507,13,21,1,2,1
44970,2023,2,13,2,3,467,81,3169109,1,11,0,3,2
44974,2023,2,17,6,2,20,21,5300108,13,12,1,7,4
44966,2023,2,9,5,4,116,78,3305802,1,7,0,3,3
44974,2023,2,17,6,2,222,"63,4",2312403,1,11,1,2,2
44974,2023,2,17,6,2,116,445,3542602,52,9,1,3,2
44954,2023,1,28,7,3,262,"120,5",3154903,1,11,0,3,2
44974,2023,2,17,6,2,116,"140,7",2513158,83,10,1,2,2
44974,2023,2,17,6,2,101,328,4203956,11,12,0,7,2
44974,2023,2,17,6,2,101,61,3204906,11,12,1,2,2
44974,2023,2,17,6,2,101,"95,3",4202107,78,9,0,2,2
44974,2023,2,17,6,2,262,106,3205069,1,11,1,2,2
44974,2023,2,17,6,2,101,93,4202107,78,2,0,3,3
44974,2023,2,17,6,2,381,"636,5",3159902,6,4,0,4,1
44974,2023,2,17,6,2,50,274,5205109,72,9,0,3,2
44974,2023,2,17,6,2,381,61,3528502,21,4,0,1,1
44974,2023,2,17,6,2,116,442,3542602,11,12,0,3,2
44974,2023,2,17,6,2,364,711,1100205,1,12,1,2,2
44974,2023,2,17,6,2,116,442,3542602,67,20,1,5,2
44974,2023,2,17,6,2,116,440,3542602,67,12,1,4,2
44974,2023,2,17,6,2,101,142,4202008,11,9,0,2,1
44974,2023,2,17,6,2,304,55,2301109,2,11,1,3,2
44974,2023,2,17,6,2,163,742,5107925,67,20,0,1,1
44974,2023,2,17,6,2,101,109,2500601,1,11,1,3,2
44968,2023,2,11,7,3,364,343,1100122,67,12,1,3,2
44974,2023,2,17,6,3,101,474,3300100,80,7,0,2,2
44974,2023,2,17,6,3,381,609,3145604,83,20,0,2,1
44974,2023,2,17,6,3,70,"0,5",5300108,13,3,1,2,1
44974,2023,2,17,6,3,116,412,3127701,33,11,1,2,2
44974,2023,2,17,6,2,116,"499,7",3130903,1,11,1,2,2
44974,2023,2,17,6,3,262,"29,4",3201902,52,12,0,3,2
44974,2023,2,17,6,2,364,343,1100122,11,21,1,1,1
44974,2023,2,17,6,2,153,31,5218003,4,20,0,2,1
44974,2023,2,17,6,3,116,43,4104006,67,21,0,1,1
44974,2023,2,17,6,3,222,165,2306108,15,20,0,4,1
44974,2023,2,17,6,3,104,92,2600302,11,7,0,4,3
44950,2023,1,24,3,3,319,64,1100205,35,2,1,3,3
44974,2023,2,17,6,3,101,259,3205002,28,9,0,2,2
44974,2023,2,17,6,3,116,44,4104006,15,20,0,1,1
44974,2023,2,17,6,3,277,168,4117701,67,3,1,3,1
44974,2023,2,17,6,3,101,267,3205002,67,9,1,2,2
44974,2023,2,17,6,3,163,"78,5",5107602,4,20,0,1,1
44974,2023,2,17,6,3,40,"625,7",3118304,11,21,0,1,1
44974,2023,2,17,6,3,381,902,3110608,44,21,0,1,1
44974,2023,2,17,6,3,101,474,3300100,82,9,0,2,2
44974,2023,2,17,6,3,116,417,3526100,67,4,0,5,1
44974,2023,2,17,6,3,101,"332,9",4218707,16,12,1,2,2
44974,2023,2,17,6,3,280,"289,9",4107850,33,11,1,7,2
44974,2023,2,17,6,3,343,12,2207702,52,9,1,2,2
44974,2023,2,17,6,2,230,1124,1503606,67,20,0,1,1
44974,2023,2,17,6,3,158,"439,9",4316402,11,20,0,1,1
44974,2023,2,17,6,2,116,277,2931905,1,11,1,2,2
44974,2023,2,17,6,3,381,330,3144706,11,12,1,3,3
44974,2023,2,17,6,2,354,10,3304201,67,21,0,2,1
44974,2023,2,17,6,2,324,598,2930709,67,12,0,3,2
44974,2023,2,17,6,3,259,8,3203130,67,12,0,3,2
44974,2023,2,17,6,3,232,"9,6",2607901,16,12,1,2,2
44974,2023,2,17,6,3,282,"20,2",4211900,78,9,1,2,2
44974,2023,2,17,6,3,262,"17,5",3154150,11,20,0,2,1
44974,2023,2,17,6,3,365,"47,5",3116506,64,7,0,4,2
44974,2023,2,17,6,3,277,730,4108304,49,12,0,2,2
44974,2023,2,17,6,3,60,306,5200134,4,20,0,1,1
44974,2023,2,17,6,3,40,794,3136702,15,3,0,1,1
44974,2023,2,17,6,4,101,"81,6",2607901,1,11,0,3,2
44974,2023,2,17,6,3,369,"25,9",4103602,80,7,0,4,2
44974,2023,2,17,6,2,381,"923,5",3110509,11,21,0,1,1
44974,2023,2,17,6,3,324,559,2929503,16,15,0,3,3
44974,2023,2,17,6,4,280,"2,7",4216206,1,11,0,2,2
44974,2023,2,17,6,3,277,"471,1",4117057,1,11,1,4,2
44974,2023,2,17,6,4,290,47,4309050,67,20,0,2,1
44974,2023,2,17,6,3,163,487,2401305,80,7,1,2,2
44974,2023,2,17,6,4,280,15,4216206,67,12,1,2,2
44974,2023,2,17,6,4,316,"63,9",1502400,11,12,1,6,2
44974,2023,2,17,6,4,153,361,1700200,11,15,0,4,3
44974,2023,2,17,6,4,116,186,3303500,51,12,1,2,1
44974,2023,2,17,6,4,40,510,3154606,16,9,1,2,2
44974,2023,2,17,6,4,277,591,2303501,49,11,0,3,2
44974,2023,2,17,6,4,437,"1,7",2408003,80,7,0,3,2
44974,2023,2,17,6,4,376,"137,5",5004700,80,10,0,3,2
44974,2023,2,17,6,4,101,"42,4",3555406,11,4,0,1,1
44974,2023,2,17,6,4,116,"148,1",4305108,83,4,1,1,1
44974,2023,2,17,6,4,40,6,5221858,11,12,0,2,2
44974,2023,2,17,6,4,381,"183,1",3127701,49,7,0,4,3
44974,2023,2,17,6,4,116,"698,6",3143906,60,2,1,3,2
44975,2023,2,18,7,1,381,50,3528502,16,12,1,2,2
44974,2023,2,17,6,4,101,120,2708600,83,3,0,2,1
44974,2023,2,17,6,3,101,59,3301009,1,11,1,2,2
44975,2023,2,18,7,1,369,"170,1",4122404,67,20,1,1,1
44974,2023,2,17,6,4,381,727,3113909,11,3,0,2,1
44974,2023,2,17,6,4,116,296,3522208,46,15,1,8,4
44975,2023,2,18,7,1,101,52,2510907,2,11,1,3,2
44975,2023,2,18,7,1,153,"73,6",3549805,83,12,0,4,2
44975,2023,2,18,7,1,280,57,4206504,49,20,1,1,1
44975,2023,2,18,7,1,101,153,4213500,67,9,0,2,2
44974,2023,2,17,6,4,135,"608,6",2202901,80,7,0,3,2
44975,2023,2,18,7,1,101,196,3301306,11,20,0,2,1
44975,2023,2,18,7,1,101,"128,8",4202008,11,9,1,1,1
44975,2023,2,18,7,1,116,"511,7",3509254,67,3,0,2,1
44975,2023,2,18,7,1,116,174,3305109,16,12,1,2,2
44975,2023,2,18,7,1,116,229,3550308,61,2,1,2,2
44975,2023,2,18,7,1,80,165,5222302,15,20,0,1,1
44975,2023,2,18,7,1,101,110,4212502,28,21,0,2,1
44975,2023,2,18,7,1,116,"399,4",3529906,11,20,0,2,1
44975,2023,2,18,7,1,101,"404,5",4201406,16,12,0,2,2
44975,2023,2,18,7,1,282,"496,4",4219507,83,20,0,2,1
44975,2023,2,18,7,1,476,"145,1",4106902,67,20,1,1,1
44975,2023,2,18,7,1,153,"27,5",2906105,11,21,0,1,1
44975,2023,2,18,7,1,414,"403,4",5200100,13,20,0,1,1
44975,2023,2,18,7,1,116,121,3508504,67,4,0,1,1
44975,2023,2,18,7,1,392,"6,4",4315602,67,21,1,1,1
44975,2023,2,18,7,1,40,"672,4",3113206,11,20,0,3,1
44975,2023,2,18,7,2,376,"5,5",4114203,1,11,1,2,2
44975,2023,2,18,7,1,210,0,1600303,11,20,1,1,1
44975,2023,2,18,7,1,135,127,2106755,67,20,1,1,1
44975,2023,2,18,7,1,101,189,3200607,9,4,0,2,1
44970,2023,2,13,2,3,365,682,3142809,83,21,0,1,1
44975,2023,2,18,7,1,364,399,5103403,49,12,1,4,2
44975,2023,2,18,7,2,381,"498,5",3106705,83,12,0,5,2
44975,2023,2,18,7,2,116,108,4125506,78,9,0,3,3
44975,2023,2,18,7,2,20,16,5300108,64,12,1,4,3
44975,2023,2,18,7,1,495,26,3303906,83,4,0,5,1
44975,2023,2,18,7,2,116,161,3524402,11,12,1,4,3
44975,2023,2,18,7,2,232,298,2614105,11,20,0,4,1
44975,2023,2,18,7,1,434,"2,7",2516904,80,7,0,3,2
44975,2023,2,18,7,2,101,255,3205002,1,11,1,3,2
44975,2023,2,18,7,2,40,120,3301702,10,2,1,3,2
44975,2023,2,18,7,2,50,112,3170107,18,20,0,1,1
44975,2023,2,18,7,2,316,"2,3",1500800,65,12,1,2,2
44975,2023,2,18,7,2,153,137,1702109,52,9,1,3,2
44975,2023,2,18,7,2,116,"50,9",4104006,83,4,0,2,1
44975,2023,2,18,7,1,40,"733,7",3160702,67,20,0,1,1
44975,2023,2,18,7,2,104,63,2604106,1,11,1,2,2
44975,2023,2,18,7,1,116,196,3304144,18,12,1,2,2
44975,2023,2,18,7,2,285,"294,6",4314100,16,12,0,2,2
44975,2023,2,18,7,2,222,"207,3",2304350,13,20,0,1,1
44975,2023,2,18,7,2,101,300,3304904,11,2,1,2,2
44975,2023,2,18,7,1,343,650,2205300,11,12,0,3,2
44975,2023,2,18,7,2,251,23,5300108,80,7,0,3,2
44975,2023,2,18,7,2,104,140,2512507,5,21,1,2,1
44975,2023,2,18,7,2,101,"337,5",3202405,1,11,0,5,2
44975,2023,2,18,7,2,20,44,5208004,44,12,0,8,2
44975,2023,2,18,7,2,277,28,4116208,19,20,1,4,1
44975,2023,2,18,7,2,381,337,3144706,2,11,0,5,2
44975,2023,2,18,7,2,101,304,3304904,78,11,1,2,2
44975,2023,2,18,7,2,101,"215,4",4211900,11,12,1,7,3
44975,2023,2,18,7,2,381,"498,8",3106705,78,12,1,2,2
44928,2023,1,2,2,2,116,184,3303500,78,9,0,2,2
44975,2023,2,18,7,2,376,450,4127502,67,20,0,2,1
44975,2023,2,18,7,2,495,2,3305802,67,21,1,1,1
44975,2023,2,18,7,2,230,32,2501807,11,12,1,2,2
44975,2023,2,18,7,2,101,878,2931350,2,9,1,2,2
44975,2023,2,18,7,2,110,390,2929503,67,20,0,2,2
44975,2023,2,18,7,2,101,104,3301009,67,20,0,4,1
44975,2023,2,18,7,2,369,"149,6",4113700,35,2,0,2,2
44975,2023,2,18,7,2,101,"402,2",3202801,2,11,0,5,2
44975,2023,2,18,7,2,381,"881,2",3124500,11,12,0,4,2
44975,2023,2,18,7,2,393,223,3306206,52,11,0,3,2
44975,2023,2,18,7,2,135,175,2903201,67,9,0,3,2
44975,2023,2,18,7,2,381,352,3136207,67,21,0,1,1
44975,2023,2,18,7,2,282,"520,2",4219705,11,20,0,1,1
44975,2023,2,18,7,2,232,"489,9",2616100,82,7,0,6,2
44975,2023,2,18,7,2,101,262,2928703,11,11,1,4,2
44975,2023,2,18,7,3,153,"578,9",5218391,83,20,0,2,1
44975,2023,2,18,7,2,101,118,4208203,16,12,0,3,2
44975,2023,2,18,7,2,40,122,3301702,16,12,0,5,4
44975,2023,2,18,7,2,50,"145,9",5210109,18,3,0,4,1
44975,2023,2,18,7,2,10,150,1505502,63,12,0,4,2
44975,2023,2,18,7,2,381,"660,8",3159902,11,21,0,2,1
44975,2023,2,18,7,2,101,423,3302601,67,12,0,4,2
44975,2023,2,18,7,3,262,"381,7",3140704,29,20,0,2,1
44975,2023,2,18,7,3,101,"205,2",4216602,67,12,1,2,2
44975,2023,2,18,7,2,163,782,5107925,63,20,0,1,1
44975,2023,2,18,7,3,40,"385,6",3120904,11,20,0,1,1
44975,2023,2,18,7,3,163,52,4120358,49,20,0,1,1
44975,2023,2,18,7,3,290,75,4309209,6,21,0,2,1
44975,2023,2,18,7,3,101,127,3205010,16,12,1,5,2
44975,2023,2,18,7,3,251,517,3143302,11,20,0,3,2
44975,2023,2,18,7,3,319,57,1100205,2,11,1,1,1
44975,2023,2,18,7,3,40,117,3301702,83,20,1,2,2
44975,2023,2,18,7,3,50,169,3170107,82,9,0,2,2
44975,2023,2,18,7,3,153,35,5218003,67,20,0,1,1
44975,2023,2,18,7,3,40,554,3144805,67,12,1,2,2
44963,2023,2,6,2,3,110,398,2929503,3,20,0,1,1
44975,2023,2,18,7,3,230,613,1303304,11,12,0,2,2
44975,2023,2,18,7,3,235,"45,3",2506905,49,11,0,2,2
44975,2023,2,18,7,3,407,121,2930105,41,20,0,3,1
44975,2023,2,18,7,3,116,86,3531605,28,4,0,1,1
44975,2023,2,18,7,2,60,427,5218805,67,4,0,4,1
44975,2023,2,18,7,3,364,254,5105200,63,12,0,3,2
44975,2023,2,18,7,3,226,4,2408102,20,21,1,2,1
44975,2023,2,18,7,3,40,"524,9",3118601,67,12,1,5,4
44975,2023,2,18,7,3,381,492,3106705,11,21,1,2,1
44975,2023,2,18,7,3,277,183,4117701,15,20,0,1,1
44975,2023,2,18,7,3,153,97,4204301,1,11,1,5,3
44975,2023,2,18,7,3,163,456,2401305,83,21,0,2,1
44975,2023,2,18,7,3,408,"86,5",2610608,1,11,0,2,2
44975,2023,2,18,7,3,153,100,4204301,67,12,1,3,2
44975,2023,2,18,7,3,10,458,4117602,67,20,0,4,1
44975,2023,2,18,7,3,101,52,3555406,16,12,1,7,2
44975,2023,2,18,7,3,364,205,1100189,82,7,0,8,2
44975,2023,2,18,7,3,116,147,4305108,67,20,1,2,2
44975,2023,2,18,7,3,101,289,3301900,78,9,0,3,2
44975,2023,2,18,7,4,40,1,5221858,1,2,0,2,2
44975,2023,2,18,7,2,376,648,4127601,67,9,0,3,3
44975,2023,2,18,7,4,493,89,3305554,9,1,0,1,1
44975,2023,2,18,7,3,101,"84,9",2607901,49,7,0,3,2
44975,2023,2,18,7,3,365,"59,3",3116506,83,20,0,4,1
44975,2023,2,18,7,4,40,77,3303906,52,12,0,2,2
44975,2023,2,18,7,3,405,"184,1",2407252,1,11,0,2,2
44975,2023,2,18,7,4,40,84,3303906,83,4,0,4,1
44975,2023,2,18,7,3,343,"92,8",2202539,80,10,0,5,2
44975,2023,2,18,7,4,101,45,3301009,11,21,0,2,1
44975,2023,2,18,7,4,116,541,2308302,82,7,0,11,3
44975,2023,2,18,7,4,116,"114,8",3302502,4,3,0,4,1
44975,2023,2,18,7,3,364,685,1100809,1,11,0,2,2
44975,2023,2,18,7,4,153,"224,1",3127008,18,20,0,1,1
44975,2023,2,18,7,4,316,310,2208007,1,11,1,3,3
44975,2023,2,18,7,2,101,327,2925758,16,12,0,2,2
44975,2023,2,18,7,3,381,"510,7",3162922,83,11,1,2,2
44975,2023,2,18,7,3,153,653,5209101,83,20,0,2,1
44975,2023,2,18,7,4,50,155,3170107,67,20,0,2,1
44975,2023,2,18,7,4,414,"434,1",5201108,80,7,1,7,2
44975,2023,2,18,7,4,10,453,4117602,16,12,1,1,1
44975,2023,2,18,7,4,364,140,1200401,67,20,1,1,1
44975,2023,2,18,7,4,282,"18,6",4211900,11,20,1,1,1
44975,2023,2,18,7,3,116,"65,1",4212205,52,9,0,5,2
44975,2023,2,18,7,4,369,191,4101507,49,4,0,1,1
44975,2023,2,18,7,4,369,147,4113700,11,11,0,3,2
44975,2023,2,18,7,4,40,523,3118601,35,2,1,3,2
44975,2023,2,18,7,4,163,"845,1",5107909,49,21,0,1,1
44975,2023,2,18,7,4,424,20,2610806,1,10,1,2,2
44975,2023,2,18,7,4,282,"575,5",3538204,1,11,0,4,2
44975,2023,2,18,7,4,277,"176,5",4117701,49,7,0,2,2
44975,2023,2,18,7,4,20,178,5200803,11,12,1,2,2
44975,2023,2,18,7,4,60,"6,2",5300108,11,20,1,6,2
44975,2023,2,18,7,4,316,246,2700409,82,7,0,7,2
44975,2023,2,18,7,4,116,"208,8",4122305,80,11,1,2,2
44975,2023,2,18,7,4,116,11,2304400,29,21,1,1,1
44975,2023,2,18,7,4,282,"381,7",4206702,80,7,0,4,3
44975,2023,2,18,7,4,226,"307,2",2101608,52,7,0,4,2
44976,2023,2,19,1,1,40,509,3154606,11,20,1,1,1
44975,2023,2,18,7,4,262,"70,8",3140902,67,4,0,1,1
44976,2023,2,19,1,1,116,122,4106902,11,20,1,1,1
44976,2023,2,19,1,1,116,"9,9",4105805,11,20,1,1,1
44975,2023,2,18,7,4,267,"96,3",#N/D,9,1,0,1,1
44975,2023,2,18,7,4,425,124,1100106,46,9,0,3,3
44976,2023,2,19,1,1,116,222,3518800,50,4,1,2,1
44976,2023,2,19,1,1,428,188,2611101,64,4,1,1,1
44976,2023,2,19,1,1,116,146,3549904,36,12,0,2,2
44976,2023,2,19,1,1,163,922,5104559,67,20,0,36,1