id_data,ano,mes,dia,id_dia_semana,periodo,br,km,id_municipio,id_causa_acidente,id_tipo_acidente,id_uso_solo,pessoas,veiculos
44983,2023,2,26,1,3,101,190,3301306,20,11,0,3,2
44983,2023,2,26,1,3,324,517,2910800,17,11,1,2,2
44983,2023,2,26,1,3,101,72,2408102,82,7,0,3,2
44983,2023,2,26,1,3,222,"4,7",2303709,1,11,1,3,2
44983,2023,2,26,1,3,222,"4,6",2303709,52,9,1,3,2
44983,2023,2,26,1,3,304,"48,9",2301109,52,9,0,3,2
44983,2023,2,26,1,3,116,"588,3",3139409,16,12,1,3,2
44983,2023,2,26,1,3,282,"494,4",4219507,49,12,0,8,2
44983,2023,2,26,1,3,277,33,4116208,83,4,0,1,1
44983,2023,2,26,1,3,290,35,4317608,11,4,0,1,1
44983,2023,2,26,1,3,101,"404,5",4210407,49,12,0,4,2
44983,2023,2,26,1,3,101,339,4218707,67,20,0,1,1
44983,2023,2,26,1,3,40,5,5300108,78,12,1,2,2
44983,2023,2,26,1,3,101,"19,4",3204054,16,12,0,2,2
44983,2023,2,26,1,3,116,52,4322509,83,20,0,1,1
44983,2023,2,26,1,3,101,72,2408102,67,12,0,2,2
44983,2023,2,26,1,3,259,90,3200805,11,12,0,4,3
44983,2023,2,26,1,3,101,"281,7",3205002,16,12,0,3,2
44983,2023,2,26,1,4,376,600,4106902,49,11,1,2,2
44983,2023,2,26,1,3,381,933,3125101,49,4,0,1,1
44983,2023,2,26,1,2,101,331,2925758,52,9,0,15,2
44983,2023,2,26,1,3,316,"54,5",2206407,29,21,0,2,1
44983,2023,2,26,1,4,101,135,2708600,48,11,1,2,2
44983,2023,2,26,1,4,101,"31,9",2606804,9,1,0,3,1
44983,2023,2,26,1,4,381,"935,5",3125101,67,15,1,3,3
44983,2023,2,26,1,4,381,"935,5",3125101,48,15,0,9,3
44983,2023,2,26,1,4,116,8,2612208,80,21,0,1,1
44983,2023,2,26,1,3,153,461,4128203,49,20,0,3,1
44983,2023,2,26,1,3,40,"824,1",3167509,67,20,0,2,1
44983,2023,2,26,1,4,116,37,1507755,20,11,0,6,2
44983,2023,2,26,1,3,280,26,4201307,50,10,0,2,2
44983,2023,2,26,1,4,232,255,2601201,1,12,1,2,2
44983,2023,2,26,1,4,343,306,2200400,1,11,1,2,2
44983,2023,2,26,1,4,116,230,3550308,16,12,1,2,2
44983,2023,2,26,1,3,153,89,2512200,63,21,0,2,1
44983,2023,2,26,1,4,116,218,3518800,16,12,1,1,1
44983,2023,2,26,1,4,381,"713,2",3113909,52,3,0,4,1
44983,2023,2,26,1,4,104,"83,3",2707701,60,2,0,2,2
44983,2023,2,26,1,4,116,172,3305109,11,21,1,1,1
44983,2023,2,26,1,4,10,301,2103257,67,2,1,3,2
44983,2023,2,26,1,4,40,115,3301702,52,20,0,1,1
44983,2023,2,26,1,4,230,"38,7",2307502,72,11,1,2,2
44983,2023,2,26,1,4,232,"99,6",2601904,49,10,1,2,2
44983,2023,2,26,1,2,101,186,4202305,67,21,0,1,1
44983,2023,2,26,1,3,373,"171,9",4119905,67,4,1,1,1
44983,2023,2,26,1,4,60,101,5201108,48,11,1,2,2
44983,2023,2,26,1,4,287,249,2409332,2,11,0,2,2
44983,2023,2,26,1,3,40,142,5206206,11,4,0,2,2
44983,2023,2,26,1,4,361,"21,6",2513802,9,21,0,1,1
44983,2023,2,26,1,4,376,664,4109609,28,18,0,3,1
44983,2023,2,26,1,4,376,"96,2",4118402,28,18,0,2,1
44983,2023,2,26,1,4,50,176,3170107,63,4,1,2,1
44983,2023,2,26,1,4,210,5,1600303,5,4,1,1,1
44983,2023,2,26,1,4,277,80,4106902,11,4,1,1,1
44983,2023,2,26,1,4,408,87,2613701,9,1,0,1,1
44983,2023,2,26,1,4,381,"37,7",3504107,49,9,1,2,2
44983,2023,2,26,1,4,364,"317,8",5218102,60,2,0,6,2
44984,2023,2,27,2,1,251,"39,3",5300108,83,20,0,1,1
44983,2023,2,26,1,4,163,569,5106224,18,20,0,3,1
44984,2023,2,27,2,1,381,"939,6",3125101,65,20,0,2,1
44984,2023,2,27,2,1,116,"55,8",3527207,67,20,0,8,1
44983,2023,2,26,1,3,343,605,2203909,67,20,0,2,2
44984,2023,2,27,2,1,101,434,4217709,80,21,1,1,1
44984,2023,2,27,2,1,304,282,2407104,1,2,0,2,2
44984,2023,2,27,2,1,101,127,2503001,67,21,0,2,1
44984,2023,2,27,2,2,101,"205,7",4216602,78,9,1,3,3
44984,2023,2,27,2,1,324,348,2906873,20,7,0,6,2
44983,2023,2,26,1,3,50,101,5206206,13,20,1,1,1
44984,2023,2,27,2,2,116,16,2304285,11,2,1,3,2
44984,2023,2,27,2,2,101,"269,9",3205002,52,12,0,2,2
44984,2023,2,27,2,1,381,"579,6",3114501,18,20,0,1,1
44984,2023,2,27,2,2,369,133,4109807,33,11,0,2,2
44984,2023,2,27,2,2,277,284,4120606,52,4,0,2,1
44984,2023,2,27,2,2,153,61,3549805,67,12,0,2,2
44984,2023,2,27,2,1,40,117,3301702,9,1,1,1,1
44984,2023,2,27,2,2,101,208,4216602,67,12,1,2,2
44984,2023,2,27,2,2,40,5,5300108,18,11,1,2,2
44984,2023,2,27,2,2,277,"75,5",4125506,67,12,1,4,3
44984,2023,2,27,2,2,277,"725,2",4108304,16,12,1,3,2
44984,2023,2,27,2,2,324,621,2927408,52,9,0,3,2
44984,2023,2,27,2,2,70,0,5200258,52,12,0,2,2
44984,2023,2,27,2,2,101,"316,5",3304904,16,12,1,3,2
44984,2023,2,27,2,2,290,79,4314902,52,21,1,1,1
44984,2023,2,27,2,2,470,"147,9",4214805,1,11,0,2,2
44967,2023,2,10,6,1,163,410,1503606,11,20,1,3,1
44984,2023,2,27,2,2,356,183,3305000,35,2,1,2,2
44984,2023,2,27,2,2,230,23,2507507,52,9,1,3,2
44984,2023,2,27,2,2,153,198,5221601,51,20,0,2,1
44984,2023,2,27,2,2,116,183,3303500,67,15,1,5,5
44984,2023,2,27,2,2,101,207,4216602,16,12,1,2,2
44984,2023,2,27,2,2,40,"2,3",5221858,52,9,1,2,2
44984,2023,2,27,2,1,163,100,1502202,11,4,1,1,1
44984,2023,2,27,2,2,232,408,2613909,80,7,1,2,2
44984,2023,2,27,2,2,153,"393,5",5219902,82,12,0,5,2
44984,2023,2,27,2,2,101,"135,9",2605202,1,12,0,3,3
44984,2023,2,27,2,2,135,3,2111300,35,2,1,3,2
44960,2023,2,3,6,2,324,514,2910800,1,11,1,3,2
44984,2023,2,27,2,2,376,"490,9",4119905,16,12,0,2,2
44984,2023,2,27,2,2,343,549,2204105,15,20,0,2,1
44984,2023,2,27,2,2,40,"516,8",3154606,11,9,1,2,2
44984,2023,2,27,2,2,116,"217,2",4312476,82,10,0,2,2
44984,2023,2,27,2,2,290,167,4302709,1,11,0,2,2
44928,2023,1,2,2,2,10,354,1506609,16,12,1,2,2
44984,2023,2,27,2,2,116,130,3508504,67,3,0,2,1
44984,2023,2,27,2,2,163,1041,5105606,72,11,0,4,3
44984,2023,2,27,2,2,282,572,4211405,67,3,0,2,1
44984,2023,2,27,2,2,163,479,2401305,28,21,1,1,1
44984,2023,2,27,2,2,101,"213,2",4211900,67,12,1,2,2
44983,2023,2,26,1,4,116,448,3123700,11,20,0,1,1
44984,2023,2,27,2,2,101,66,3301009,2,11,1,2,2
44984,2023,2,27,2,2,285,"122,8",4322509,33,11,1,2,2
44984,2023,2,27,2,2,282,"531,5",4204350,1,11,1,5,3
44984,2023,2,27,2,2,135,"3,7",2111300,67,10,1,2,2
44983,2023,2,26,1,4,116,"244,8",2925907,67,20,0,1,1
44984,2023,2,27,2,2,101,219,4211900,1,11,1,2,2
44984,2023,2,27,2,2,365,"425,9",3148004,28,18,0,1,1
44984,2023,2,27,2,2,262,10,5008305,11,21,1,1,1
44961,2023,2,4,7,4,316,224,1508308,67,12,1,5,3
44984,2023,2,27,2,3,101,105,2403251,16,12,1,4,3
44984,2023,2,27,2,3,262,31,3201902,67,7,0,4,3
44933,2023,1,7,7,2,116,319,2902104,80,20,0,1,1
44984,2023,2,27,2,3,376,"0,2",5003702,16,12,0,3,2
44984,2023,2,27,2,3,116,"206,4",4122305,16,12,0,2,2
44961,2023,2,4,7,3,101,215,4211900,49,4,1,1,1
44984,2023,2,27,2,3,277,"597,8",2303501,15,4,1,1,1
44984,2023,2,27,2,3,155,109,1504208,49,12,0,2,2
44984,2023,2,27,2,3,316,"312,9",2208007,67,12,1,2,2
44984,2023,2,27,2,3,101,"214,3",4211900,33,11,0,2,2
44984,2023,2,27,2,3,470,"140,9",4214805,1,12,1,2,2
44984,2023,2,27,2,2,20,106,5207907,56,4,0,2,1
44984,2023,2,27,2,3,40,619,3118304,61,2,1,2,2
44964,2023,2,7,3,4,470,136,4214805,44,12,1,3,2
44975,2023,2,18,7,1,70,0,5106653,52,9,1,3,2
44984,2023,2,27,2,3,163,730,5107925,28,20,0,2,1
44984,2023,2,27,2,2,60,220,5205455,83,20,0,1,1
44984,2023,2,27,2,3,163,"70,8",4217204,33,11,1,2,2
44984,2023,2,27,2,3,116,"483,5",2308302,63,21,0,1,1
44984,2023,2,27,2,3,285,288,4314100,52,11,0,2,2
44984,2023,2,27,2,3,101,"140,9",3203205,60,2,1,2,2
44984,2023,2,27,2,3,262,362,3136652,63,4,1,1,1
44984,2023,2,27,2,3,40,523,3118601,11,4,1,2,1
44984,2023,2,27,2,3,101,"70,8",3204906,1,11,0,2,2
44984,2023,2,27,2,3,364,"338,5",1100122,1,10,1,3,2
44984,2023,2,27,2,4,40,20,5212501,83,7,0,2,2
44984,2023,2,27,2,3,262,356,2401305,6,21,1,2,2
44984,2023,2,27,2,2,101,83,2900702,11,20,0,2,1
44984,2023,2,27,2,4,470,18,4207106,20,11,0,3,2
44984,2023,2,27,2,3,101,"75,3",2611606,11,15,1,5,5
44984,2023,2,27,2,3,101,"389,8",3304557,67,12,1,2,2
44984,2023,2,27,2,4,262,374,5008008,61,2,0,2,2
44984,2023,2,27,2,4,230,"151,7",2504009,56,12,0,3,2
44984,2023,2,27,2,4,20,10,5300108,6,20,1,2,2
44984,2023,2,27,2,4,101,9,4321501,1,7,1,2,2
44984,2023,2,27,2,4,60,3,5300108,67,20,1,1,1
44984,2023,2,27,2,3,101,91,2507507,67,4,1,1,1
44980,2023,2,23,5,2,280,33,4201307,2,9,0,2,2
44984,2023,2,27,2,4,116,310,3304201,11,12,0,2,2
44984,2023,2,27,2,4,116,234,4313409,51,4,1,1,1
44984,2023,2,27,2,4,101,"208,9",4216602,35,2,0,3,2
44984,2023,2,27,2,3,230,499,1500859,82,7,1,2,2
44984,2023,2,27,2,4,101,174,3200607,1,11,0,7,2
44984,2023,2,27,2,4,101,81,3204906,11,3,0,1,1
44984,2023,2,27,2,4,101,144,4208302,67,12,1,2,2
44984,2023,2,27,2,4,101,74,2611606,16,12,1,2,2
44984,2023,2,27,2,4,232,"76,1",2606408,28,3,0,1,1
44984,2023,2,27,2,4,316,"59,5",2615607,1,7,0,2,2
44984,2023,2,27,2,4,40,108,3301702,52,9,1,2,2
44984,2023,2,27,2,4,407,122,2611101,49,9,1,2,2
44984,2023,2,27,2,4,116,"269,5",3552809,51,15,1,4,3
44984,2023,2,27,2,4,101,"202,1",4216602,67,9,1,2,2
44984,2023,2,27,2,3,230,511,2109502,35,2,1,3,2
44985,2023,2,28,3,4,469,"13,6",4108304,1,11,1,2,2
44984,2023,2,27,2,4,163,"264,1",5003702,5,21,1,2,1
44984,2023,2,27,2,4,163,1025,5108055,67,1,0,1,1
44970,2023,2,13,2,3,267,"475,6",5004106,11,11,1,3,2
44984,2023,2,27,2,4,101,"207,5",4216602,67,9,1,1,1
44985,2023,2,28,3,1,381,"646,1",3159902,18,20,0,2,1
44985,2023,2,28,3,1,116,144,4114302,9,1,0,1,1
44985,2023,2,28,3,1,476,"286,3",4125605,80,7,0,2,2
44985,2023,2,28,3,1,290,86,4314902,11,21,1,1,1
44985,2023,2,28,3,1,156,437,1600709,13,20,0,3,1
44985,2023,2,28,3,2,116,133,3549904,11,21,1,1,1
44985,2023,2,28,3,2,40,520,3118601,67,12,1,2,2
44985,2023,2,28,3,2,10,455,4117602,16,12,1,2,2
44985,2023,2,28,3,2,20,"2,5",5300108,21,21,1,2,1
44985,2023,2,28,3,2,277,81,4106902,52,9,1,2,2
44985,2023,2,28,3,2,116,220,3518800,78,9,0,3,3
44985,2023,2,28,3,2,277,"81,9",4106902,78,9,0,2,2
44985,2023,2,28,3,2,287,"248,3",2409332,16,12,1,3,3
44985,2023,2,28,3,2,116,309,4309308,82,7,0,3,2
44985,2023,2,28,3,2,364,13,1100304,11,12,1,2,2
44985,2023,2,28,3,2,40,552,3144805,82,9,1,2,2
44985,2023,2,28,3,2,101,319,3304904,52,9,1,2,2
44985,2023,2,28,3,2,40,628,3118304,16,12,1,2,2
44977,2023,2,20,2,2,101,376,4207007,67,20,1,4,1
44985,2023,2,28,3,2,40,106,3301702,52,7,0,2,2
44985,2023,2,28,3,2,70,"3,5",5101803,16,12,0,2,2
44978,2023,2,21,3,1,365,119,3135605,67,20,0,6,2
44985,2023,2,28,3,2,365,622,3170206,9,21,1,1,1
44985,2023,2,28,3,2,101,"114,1",2803203,11,4,1,5,2
44974,2023,2,17,6,3,230,42,2110203,16,12,0,3,2
44985,2023,2,28,3,2,369,177,4122404,67,20,1,1,1
44985,2023,2,28,3,2,393,280,3300308,80,11,1,2,2
44977,2023,2,20,2,3,376,158,5006200,28,20,0,2,1
44985,2023,2,28,3,2,290,1,4314902,28,12,1,3,2
44985,2023,2,28,3,2,230,"241,5",2507705,1,7,1,2,2
44985,2023,2,28,3,2,101,"221,5",3202504,11,20,1,2,1
44985,2023,2,28,3,2,262,"11,3",3140530,1,11,0,2,2
44985,2023,2,28,3,2,282,"17,5",4211900,33,11,0,2,2
44985,2023,2,28,3,2,101,260,3205002,78,9,1,3,3
44981,2023,2,24,6,2,376,5,4114203,16,12,1,2,2
44985,2023,2,28,3,3,40,747,3160702,1,11,1,2,2
44985,2023,2,28,3,2,262,378,3136652,67,20,0,1,1
44985,2023,2,28,3,2,262,368,3136652,11,11,1,2,2
44985,2023,2,28,3,3,153,700,1703867,16,12,0,2,2
44963,2023,2,6,2,4,101,"45,5",4209102,35,2,1,4,2
44985,2023,2,28,3,2,287,"247,4",2409332,16,12,1,2,2
44985,2023,2,28,3,2,277,484,4117057,83,3,0,1,1
44985,2023,2,28,3,1,232,"6,3",2611606,18,20,0,1,1
44985,2023,2,28,3,2,251,"493,6",3126703,67,3,0,1,1
44974,2023,2,17,6,1,463,89,5006606,64,20,0,1,1
44985,2023,2,28,3,2,222,222,1504208,2,11,0,4,2
44981,2023,2,24,6,3,376,1,4125506,67,12,1,2,2
44985,2023,2,28,3,3,116,311,3304201,9,1,0,1,1
44985,2023,2,28,3,3,40,139,3136306,82,20,0,2,2
44985,2023,2,28,3,3,101,"215,5",4211900,2,11,1,2,2
44985,2023,2,28,3,3,101,110,2500601,11,20,0,1,1
44985,2023,2,28,3,3,153,330,4110706,1,11,1,2,2
44985,2023,2,28,3,2,364,792,1100205,1,11,0,3,2
44985,2023,2,28,3,3,316,203,1506559,11,20,0,2,1
44985,2023,2,28,3,3,386,"270,6",4308300,1,11,1,4,2
44985,2023,2,28,3,3,101,"149,6",4208302,28,21,1,1,1
44985,2023,2,28,3,3,116,59,3518404,67,12,0,2,2
44985,2023,2,28,3,3,116,"267,8",4304606,18,4,1,3,1
44985,2023,2,28,3,3,101,59,3301009,11,15,0,4,3
44985,2023,2,28,3,3,356,61,3302205,11,20,0,1,1
44985,2023,2,28,3,3,101,321,3303302,61,2,1,4,4
44939,2023,1,13,6,4,405,169,2406007,49,7,0,3,2
44977,2023,2,20,2,4,153,12,3103751,11,20,0,3,1
44985,2023,2,28,3,3,101,"200,1",2616506,18,20,0,4,1
44985,2023,2,28,3,3,381,481,3106705,67,9,1,2,2
44985,2023,2,28,3,3,116,310,3304201,67,12,1,5,2
44985,2023,2,28,3,3,386,"373,9",4321303,67,12,0,2,2
44985,2023,2,28,3,3,408,84,2610608,52,9,0,2,2
44985,2023,2,28,3,2,324,517,2910800,16,9,1,3,2
44985,2023,2,28,3,3,493,70,3303500,11,20,0,1,1
44985,2023,2,28,3,3,116,154,3549904,64,21,1,2,2
44985,2023,2,28,3,3,376,599,4106902,52,9,0,2,2
44985,2023,2,28,3,3,343,624,2203909,67,20,0,3,1
44985,2023,2,28,3,3,116,"289,2",3522208,63,21,0,2,1
44985,2023,2,28,3,3,364,"343,1",1100122,33,9,1,2,2
44985,2023,2,28,3,4,116,123,3508504,60,9,1,3,3
44985,2023,2,28,3,4,116,425,2910800,67,12,1,2,2
44985,2023,2,28,3,4,116,17,2306256,52,12,1,3,2
44985,2023,2,28,3,4,101,"49,5",3555406,4,21,1,2,1
44985,2023,2,28,3,4,282,19,4211900,16,12,1,3,2
44985,2023,2,28,3,3,493,19,3302502,34,11,1,2,2
44985,2023,2,28,3,3,101,49,2914802,1,11,1,3,2
44985,2023,2,28,3,4,20,12,5300108,52,9,0,2,2
44985,2023,2,28,3,3,392,28,4315602,67,4,1,2,1
44985,2023,2,28,3,4,316,"229,4",2102002,80,7,1,3,2
44985,2023,2,28,3,3,163,"18,2",2922102,1,11,1,2,2
44985,2023,2,28,3,4,163,316,5007208,11,21,0,1,1
44985,2023,2,28,3,4,163,"198,9",2303501,11,11,0,2,2
44985,2023,2,28,3,4,116,"532,2",3159357,49,21,0,2,1
44948,2023,1,22,1,2,277,336,4109401,49,4,0,4,2
44985,2023,2,28,3,4,101,36,2701704,28,21,0,1,1
44985,2023,2,28,3,4,381,"455,6",3106200,11,7,0,2,2
44985,2023,2,28,3,4,60,"248,5",5209952,5,20,0,3,1
44945,2023,1,19,5,2,101,405,3202801,80,7,0,2,2
44985,2023,2,28,3,3,40,120,3301702,52,4,1,2,2
44985,2023,2,28,3,2,10,"251,5",2105302,1,11,1,2,2
44985,2023,2,28,3,4,470,217,4302105,9,1,1,1,1
44986,2023,3,1,4,1,40,24,5212501,1,11,1,3,2
44985,2023,2,28,3,4,364,695,1100809,52,11,0,3,2
44985,2023,2,28,3,4,104,"129,6",2504009,1,7,0,2,2
44933,2023,1,7,7,1,324,622,2927408,60,2,0,3,2
44985,2023,2,28,3,4,262,120,5000203,80,20,0,2,2
44986,2023,3,1,4,1,40,553,3144805,11,3,1,3,1
44985,2023,2,28,3,2,407,126,2611101,1,11,1,2,2
44985,2023,2,28,3,3,324,410,2922730,82,7,0,3,2
44985,2023,2,28,3,4,116,68,3305802,48,2,0,2,2
44986,2023,3,1,4,1,369,189,4101507,11,20,0,1,1
44970,2023,2,13,2,3,467,80,3169109,67,3,0,4,1
44985,2023,2,28,3,3,393,284,3306305,1,11,0,2,2
44986,2023,3,1,4,2,230,"26,9",2507507,16,21,1,2,1
44986,2023,3,1,4,2,101,117,4208203,67,21,1,1,1
44985,2023,2,28,3,4,163,872,5107909,4,20,0,1,1
44986,2023,3,1,4,2,116,118,4106902,67,12,1,4,2
44986,2023,3,1,4,2,406,"169,2",2312403,51,4,1,1,1
44985,2023,2,28,3,3,364,13,1100304,1,11,1,2,2
44986,2023,3,1,4,2,101,103,2403251,1,12,1,3,3
44986,2023,3,1,4,2,163,485,2401305,52,9,1,2,2
44986,2023,3,1,4,2,116,228,3550308,67,9,1,2,2
44986,2023,3,1,4,2,101,"98,3",2408102,11,12,1,4,3
44986,2023,3,1,4,2,356,75,3302056,11,12,0,2,2
44986,2023,3,1,4,2,101,481,3300100,18,20,0,1,1
44986,2023,3,1,4,2,282,2,4205407,11,9,1,2,2
44986,2023,3,1,4,2,40,"521,3",3118601,11,21,0,1,1
44985,2023,2,28,3,2,367,25,2925303,20,9,1,2,2
44983,2023,2,26,1,3,101,173,3200607,1,11,1,2,2
44986,2023,3,1,4,2,367,84,2910727,1,11,1,2,2
44986,2023,3,1,4,2,230,"290,4",2110005,52,7,1,2,2
44986,2023,3,1,4,2,101,592,2905602,11,20,0,4,1
44958,2023,2,1,4,2,376,176,4115200,52,9,1,3,3
44986,2023,3,1,4,2,101,100,2403251,16,12,1,2,2
44986,2023,3,1,4,2,401,1,1400100,1,11,1,2,2
44984,2023,2,27,2,2,235,470,2907202,9,3,0,1,1
44986,2023,3,1,4,2,282,"511,9",4219507,44,11,0,3,3
44986,2023,3,1,4,2,116,"180,3",3303500,67,12,0,3,3
44986,2023,3,1,4,3,285,"475,2",4305871,11,4,1,1,1
44986,2023,3,1,4,2,476,99,4103107,67,11,0,3,2
44986,2023,3,1,4,2,40,109,3301702,10,2,0,2,2
44964,2023,2,7,3,2,226,"12,9",2407104,82,11,0,3,2
44986,2023,3,1,4,3,101,131,4202008,16,12,0,2,2
44986,2023,3,1,4,2,277,716,4124053,20,20,0,1,1
44983,2023,2,26,1,2,405,157,2410504,9,1,0,1,1
44986,2023,3,1,4,2,70,"315,7",5103601,1,11,0,4,2
44986,2023,3,1,4,3,101,200,4216602,67,4,1,1,1
44971,2023,2,14,3,4,163,"659,9",5007406,9,1,0,1,1
44981,2023,2,24,6,3,470,"167,5",4323309,1,11,1,2,2
44986,2023,3,1,4,3,158,198,4306106,49,4,1,1,1
44986,2023,3,1,4,3,101,307,3304904,44,12,0,2,2
44986,2023,3,1,4,3,50,68,3170206,33,11,1,2,2
44986,2023,3,1,4,3,428,"186,5",2611101,52,9,1,3,2
44986,2023,3,1,4,3,262,"438,5",3145208,80,7,0,2,2
44986,2023,3,1,4,3,116,259,4304606,11,21,1,1,1
44986,2023,3,1,4,3,316,5,2601102,2,9,0,3,2
44986,2023,3,1,4,3,230,18,2507507,16,12,0,2,2
44986,2023,3,1,4,3,262,326,2401305,11,12,1,2,2
44986,2023,3,1,4,3,101,"147,1",3203205,16,12,1,2,2
44986,2023,3,1,4,3,163,70,4217204,1,11,1,2,2
44976,2023,2,19,1,4,376,"38,5",5008404,80,7,0,5,2
44986,2023,3,1,4,3,277,726,4108304,52,9,0,2,2
44986,2023,3,1,4,2,230,464,2516201,16,12,1,2,2
44986,2023,3,1,4,3,101,192,4202305,16,15,1,5,4
44986,2023,3,1,4,3,285,"293,8",4314100,11,9,1,3,2
44986,2023,3,1,4,3,101,455,2932705,11,20,0,2,1
44986,2023,3,1,4,3,376,"171,3",4115200,67,12,1,2,2
44986,2023,3,1,4,3,423,"94,8",2606002,1,9,1,3,2
44986,2023,3,1,4,3,414,406,5200100,13,20,0,2,1
44986,2023,3,1,4,3,493,18,3301850,1,9,1,2,2
44986,2023,3,1,4,3,470,"125,6",4209904,1,7,1,2,2
44986,2023,3,1,4,3,153,212,3127107,1,11,0,4,2
44986,2023,3,1,4,3,110,"49,9",2408003,67,12,1,3,2
44986,2023,3,1,4,2,262,"468,1",5000708,9,1,0,3,1
44986,2023,3,1,4,2,435,123,1100056,17,11,1,2,2
44986,2023,3,1,4,3,262,6,5008305,67,21,1,2,2
44986,2023,3,1,4,4,20,"20,6",5300108,11,20,1,2,1
44986,2023,3,1,4,4,230,"27,7",2507507,83,3,1,1,1
44986,2023,3,1,4,4,153,"437,6",5201108,49,12,0,2,2
44986,2023,3,1,4,4,101,119,2412203,28,18,0,2,1
44985,2023,2,28,3,4,101,294,3301900,67,12,1,2,2
44986,2023,3,1,4,4,50,194,3121258,44,21,0,1,1
44986,2023,3,1,4,4,116,"153,2",3549904,67,21,1,1,1
44986,2023,3,1,4,3,364,425,1100114,1,9,1,2,2
44986,2023,3,1,4,3,381,251,3158953,33,11,1,2,2
44938,2023,1,12,5,2,40,"120,8",3301702,78,12,1,2,2
44986,2023,3,1,4,4,101,64,3204906,49,12,0,3,2
44986,2023,3,1,4,4,116,"54,1",4212205,49,3,1,1,1
44986,2023,3,1,4,4,116,"494,8",3130903,67,20,0,1,1
44986,2023,3,1,4,4,386,43,4320206,11,12,0,2,2
44986,2023,3,1,4,4,116,446,3542602,56,21,1,1,1
44986,2023,3,1,4,4,364,"241,9",1100049,1,11,0,3,2
44986,2023,3,1,4,4,222,31,2209872,28,18,0,1,1
44987,2023,3,2,5,1,116,19,2304285,80,10,1,4,2
44987,2023,3,2,5,1,116,121,4106902,67,4,0,2,1
44987,2023,3,2,5,2,20,"11,7",5300108,78,12,0,2,2
44987,2023,3,2,5,2,101,67,2611606,52,21,1,2,1
44986,2023,3,1,4,3,60,57,5006275,67,21,0,2,1
44986,2023,3,1,4,4,495,27,3303906,67,12,1,2,2
44987,2023,3,2,5,2,153,"495,8",5208707,52,9,1,2,2
44979,2023,2,22,4,4,101,"334,1",4218707,11,2,1,3,2
44987,2023,3,2,5,2,70,16,5300108,67,12,1,2,2
44972,2023,2,15,4,3,277,"5,4",4118204,56,4,1,2,1
44987,2023,3,2,5,2,470,"57,3",4202404,1,11,1,2,2
44987,2023,3,2,5,1,40,"39,4",3300225,48,7,0,2,2
44947,2023,1,21,7,4,101,195,2801702,67,21,0,2,1
44987,2023,3,2,5,2,280,49,4206504,11,12,1,4,2
44987,2023,3,2,5,2,101,"82,7",2607901,52,9,1,3,2
44987,2023,3,2,5,2,135,"1,7",2111300,11,12,1,3,2
44987,2023,3,2,5,2,40,"142,9",3136306,67,21,1,1,1
44987,2023,3,2,5,2,40,547,3144805,11,9,0,2,2
44987,2023,3,2,5,2,415,49,2914802,2,11,1,2,2
44987,2023,3,2,5,2,472,"175,1",4317202,1,11,0,2,2
44987,2023,3,2,5,2,262,"855,4",3171105,9,1,0,2,1
44987,2023,3,2,5,2,101,"141,5",3203205,1,12,1,3,2
44987,2023,3,2,5,2,20,4,5300108,67,12,1,2,2
44987,2023,3,2,5,2,361,"3,7",2510808,1,11,1,2,2
44951,2023,1,25,4,4,116,209,3518800,52,9,1,3,2
44987,2023,3,2,5,2,393,133,1507755,16,12,1,2,2
44987,2023,3,2,5,2,226,1,2408102,52,11,1,3,2
44987,2023,3,2,5,2,262,"20,8",3154150,63,21,0,2,1
44987,2023,3,2,5,2,101,"203,3",4216602,1,9,1,2,2
44987,2023,3,2,5,2,101,112,4208203,52,10,1,4,3
44987,2023,3,2,5,2,393,283,3306305,1,9,0,3,3
44987,2023,3,2,5,2,101,317,3304904,67,12,0,2,2
44987,2023,3,2,5,2,343,"344,5",2211001,1,11,1,2,2
44947,2023,1,21,7,4,101,132,4202008,2,11,1,3,2
44987,2023,3,2,5,3,469,13,4108304,80,9,0,2,2
44987,2023,3,2,5,2,285,"214,3",4304952,51,20,0,1,1
44987,2023,3,2,5,2,262,738,3149804,51,20,0,1,1
44987,2023,3,2,5,3,463,107,5006606,78,12,0,2,2
44987,2023,3,2,5,3,101,886,2931350,11,20,0,1,1
44987,2023,3,2,5,3,324,591,2906501,67,4,1,1,1
44987,2023,3,2,5,2,116,"524,6",3113404,1,11,0,2,2
44987,2023,3,2,5,3,468,104,4321907,33,11,0,2,2
44975,2023,2,18,7,3,60,59,5006275,67,21,0,2,1
44987,2023,3,2,5,3,60,211,5002605,11,10,0,3,2
44986,2023,3,1,4,3,163,"90,7",5107602,67,20,0,1,1
44987,2023,3,2,5,3,293,5,4314407,72,11,0,7,2
44986,2023,3,1,4,3,471,"623,4",4317301,28,18,0,1,1
44987,2023,3,2,5,3,116,269,3552809,11,2,1,2,2
44971,2023,2,14,3,2,101,"19,9",3201605,83,12,0,4,3
44987,2023,3,2,5,3,381,"890,5",3110608,28,18,0,44,1
44987,2023,3,2,5,3,40,"780,7",3136702,64,21,0,2,1
44987,2023,3,2,5,3,262,450,3145208,1,11,0,2,2
44987,2023,3,2,5,3,101,35,3555406,1,11,0,3,2
44987,2023,3,2,5,3,101,"134,4",4202008,1,11,1,2,2
44987,2023,3,2,5,3,386,"38,5",4308508,16,12,0,3,3
44987,2023,3,2,5,3,116,219,3518800,78,9,1,3,2
44987,2023,3,2,5,3,116,180,3303500,11,21,1,1,1
44987,2023,3,2,5,3,365,623,3170206,19,12,1,2,2
44987,2023,3,2,5,3,163,987,1506807,1,11,1,2,2