id_data,ano,mes,dia,id_dia_semana,periodo,br,km,id_municipio,id_causa_acidente,id_tipo_acidente,id_uso_solo,pessoas,veiculos
45008,2023,3,23,5,3,101,"201,4",4216602,78,11,1,3,2
45008,2023,3,23,5,3,50,176,3170107,76,12,1,3,3
45008,2023,3,23,5,3,319,62,1100205,67,12,1,3,2
45008,2023,3,23,5,3,293,379,4317103,20,11,0,3,2
45008,2023,3,23,5,4,116,148,3549904,67,12,1,2,2
45008,2023,3,23,5,3,116,"49,3",3527207,67,4,0,1,1
45005,2023,3,20,2,2,116,184,3303500,20,4,0,2,2
45008,2023,3,23,5,4,381,"493,6",3106705,1,9,1,2,2
45008,2023,3,23,5,3,376,348,4117305,82,10,0,2,2
45008,2023,3,23,5,4,116,702,3143906,33,11,1,4,3
45008,2023,3,23,5,4,356,"266,2",3143906,1,11,1,2,2
45008,2023,3,23,5,3,153,"43,4",4124103,33,11,1,2,2
45008,2023,3,23,5,3,163,90,5107602,83,20,0,1,1
45008,2023,3,23,5,3,470,91,4201703,1,10,0,2,2
45008,2023,3,23,5,4,470,"11,5",4102604,1,11,1,6,2
45008,2023,3,23,5,4,101,"154,8",2611804,28,18,0,1,1
45008,2023,3,23,5,4,419,247,5000708,9,1,0,2,1
45008,2023,3,23,5,4,316,243,2700409,67,11,1,2,2
45008,2023,3,23,5,3,116,"527,9",3113404,1,11,0,3,2
45008,2023,3,23,5,4,163,"0,7",4205001,52,7,1,2,2
45008,2023,3,23,5,4,116,134,3302502,1,9,1,3,2
45008,2023,3,23,5,4,116,"415,6",3127701,7,21,1,1,1
45008,2023,3,23,5,4,163,64,3514809,67,20,0,1,1
45008,2023,3,23,5,4,158,"279,9",4311205,80,7,0,2,2
45008,2023,3,23,5,4,101,211,4211900,28,12,0,2,2
44951,2023,1,25,4,1,392,103,4312450,67,20,0,1,1
45008,2023,3,23,5,4,116,"132,2",4107652,49,20,0,1,1
45009,2023,3,24,6,1,282,"0,5",4205407,67,20,1,1,1
45008,2023,3,23,5,4,101,482,3300100,33,11,1,2,2
45009,2023,3,24,6,1,101,200,4216602,52,12,0,2,2
45009,2023,3,24,6,1,101,479,3300100,11,20,1,1,1
45009,2023,3,24,6,1,116,194,3304144,9,1,1,4,2
45009,2023,3,24,6,1,376,"112,2",5004700,16,12,0,3,2
45009,2023,3,24,6,1,101,190,3301306,9,1,0,5,1
45009,2023,3,24,6,1,304,83,2400208,82,7,0,7,2
45009,2023,3,24,6,2,101,282,3301900,28,18,1,1,1
45009,2023,3,24,6,2,324,620,2927408,11,9,1,2,2
45009,2023,3,24,6,1,364,"119,4",5201454,67,12,0,3,2
45009,2023,3,24,6,2,376,411,4127502,67,12,0,2,2
45009,2023,3,24,6,2,392,"114,9",4304507,11,20,0,1,1
45009,2023,3,24,6,2,235,"4,1",2804805,16,12,0,2,2
45009,2023,3,24,6,2,116,"209,8",3518800,16,12,1,3,2
45009,2023,3,24,6,2,116,342,3529906,2,21,0,2,1
45009,2023,3,24,6,2,153,"35,8",3533007,65,12,0,4,3
45009,2023,3,24,6,1,277,7,4118204,67,20,0,2,2
45009,2023,3,24,6,2,210,5,1600303,52,11,1,3,2
45009,2023,3,24,6,2,153,56,3549805,11,20,0,1,1
45009,2023,3,24,6,2,40,524,3118601,16,12,1,2,2
44978,2023,2,21,3,2,101,51,2510907,83,4,1,3,2
45009,2023,3,24,6,2,101,209,4216602,52,9,1,3,3
45009,2023,3,24,6,2,116,1,2304400,52,9,1,2,2
45009,2023,3,24,6,2,110,2,2924009,5,20,1,1,1
44986,2023,3,1,4,3,20,72,5208004,67,20,0,5,1
45009,2023,3,24,6,2,101,96,2408102,16,15,1,6,6
45009,2023,3,24,6,1,101,"98,7",2806701,28,18,0,1,1
45009,2023,3,24,6,2,235,"51,8",2506905,33,11,1,2,2
45009,2023,3,24,6,2,116,"68,6",3518404,11,12,0,2,2
45009,2023,3,24,6,2,381,15,3507605,67,20,0,3,1
45009,2023,3,24,6,2,393,238,3306206,1,11,0,4,2
45009,2023,3,24,6,2,470,6,4211306,80,7,1,2,2
45008,2023,3,23,5,4,364,688,1100809,28,20,0,1,1
45009,2023,3,24,6,2,153,"17,9",4111803,1,9,1,2,2
45009,2023,3,24,6,2,222,"1,6",2304400,67,12,1,5,5
44985,2023,2,28,3,3,110,133,2907806,21,20,0,6,1
45009,2023,3,24,6,2,101,322,3303302,61,2,0,2,2
45009,2023,3,24,6,2,101,7,2606200,1,9,0,3,2
44999,2023,3,14,3,3,376,47,5008404,44,3,0,3,1
45005,2023,3,20,2,2,101,"158,6",2701407,4,20,0,1,1
45009,2023,3,24,6,2,470,"67,4",4207502,11,12,0,2,2
45001,2023,3,16,5,4,101,174,3200607,67,7,1,3,2
45009,2023,3,24,6,2,280,"68,1",4208906,82,9,0,3,3
45009,2023,3,24,6,2,101,94,2602902,52,9,0,3,2
44996,2023,3,11,7,2,364,"246,1",1100049,63,21,0,1,1
45009,2023,3,24,6,2,101,447,2902401,13,20,0,2,1
45009,2023,3,24,6,3,280,7,4216206,49,12,1,2,2
45009,2023,3,24,6,2,381,"907,6",3110608,16,12,0,4,2
44977,2023,2,20,2,3,316,26,2211001,49,20,0,2,1
45009,2023,3,24,6,2,470,"70,9",4207502,11,11,0,3,2
45009,2023,3,24,6,2,40,136,3136306,82,9,0,3,2
45009,2023,3,24,6,3,60,"65,8",5006275,16,12,0,2,2
45009,2023,3,24,6,3,232,"61,4",2604106,1,11,1,4,2
45009,2023,3,24,6,3,101,200,2708808,33,11,1,3,2
45009,2023,3,24,6,2,158,"248,2",5008305,11,20,0,1,1
45009,2023,3,24,6,3,392,"21,6",4315602,13,3,1,1,1
45009,2023,3,24,6,3,163,811,5107909,67,12,0,2,2
44989,2023,3,4,7,1,101,289,3301900,9,1,1,5,2
45009,2023,3,24,6,2,364,"269,8",5104807,1,11,0,5,2
45009,2023,3,24,6,3,230,"18,4",2507507,11,12,0,2,2
45009,2023,3,24,6,3,230,17,2507507,11,12,1,2,2
45009,2023,3,24,6,3,101,228,3202207,82,2,0,2,2
45009,2023,3,24,6,3,386,351,4307807,13,21,0,1,1
45009,2023,3,24,6,3,116,223,3518800,78,9,1,3,2
45009,2023,3,24,6,2,262,"679,7",5003207,11,20,0,1,1
45009,2023,3,24,6,3,40,495,3124104,67,9,0,2,2
45009,2023,3,24,6,3,116,"174,6",3524402,11,12,0,3,2
45009,2023,3,24,6,3,116,305,3304201,35,2,0,2,2
44973,2023,2,16,5,4,40,527,3118601,7,21,1,1,1
45009,2023,3,24,6,3,101,194,4202305,78,9,0,2,2
45009,2023,3,24,6,3,20,"10,4",5300108,16,12,1,6,2
45009,2023,3,24,6,3,116,218,3518800,78,9,1,4,2
45009,2023,3,24,6,3,376,180,4115200,67,4,1,1,1
45009,2023,3,24,6,3,116,"642,1",3125952,1,11,0,3,2
45009,2023,3,24,6,3,116,"158,1",4305108,50,20,0,1,1
45009,2023,3,24,6,3,101,144,3203205,16,12,1,2,2
45009,2023,3,24,6,3,116,459,2928802,61,2,1,2,2
45009,2023,3,24,6,3,153,62,3549805,16,12,1,2,2
45009,2023,3,24,6,4,158,"565,5",4317103,33,11,1,2,2
45009,2023,3,24,6,3,101,201,4216602,16,12,1,1,1
45009,2023,3,24,6,2,101,309,3304904,78,9,1,2,2
45009,2023,3,24,6,3,116,270,3552809,52,9,0,1,1
45009,2023,3,24,6,3,282,"115,3",4200705,83,20,0,1,1
45009,2023,3,24,6,3,364,139,1200401,11,9,1,2,2
44994,2023,3,9,5,4,116,"8,4",2304400,35,2,1,2,2
45009,2023,3,24,6,4,101,83,2408102,61,2,1,3,2
45009,2023,3,24,6,4,40,"607,7",3118007,1,11,1,2,2
45009,2023,3,24,6,4,101,35,3555406,52,9,0,2,2
45009,2023,3,24,6,4,285,284,4314100,28,20,0,1,1
45009,2023,3,24,6,3,381,"488,1",3106705,52,9,1,2,2
45009,2023,3,24,6,4,342,"125,3",3205010,17,11,1,2,2
45009,2023,3,24,6,4,153,"119,5",3555356,11,11,1,3,2
45009,2023,3,24,6,4,101,205,3203130,1,11,1,2,2
45009,2023,3,24,6,3,104,48,2604106,16,12,0,2,2
45009,2023,3,24,6,4,116,127,4107652,67,12,1,4,3
45003,2023,3,18,7,3,469,"18,6",4108304,1,11,0,3,2
45009,2023,3,24,6,3,407,422,2208007,11,11,1,2,2
45009,2023,3,24,6,3,135,"315,7",2203107,83,21,1,2,1
45009,2023,3,24,6,4,470,"19,8",4207106,67,20,0,3,1
45009,2023,3,24,6,4,40,503,3124104,72,20,1,1,1
45009,2023,3,24,6,4,392,102,4312450,28,21,0,2,1
45009,2023,3,24,6,4,116,363,4320354,46,20,0,2,1
45009,2023,3,24,6,4,40,"485,3",3124104,35,2,1,4,2
45009,2023,3,24,6,4,60,385,5218805,48,2,1,2,2
45009,2023,3,24,6,4,101,"85,9",4202107,67,12,1,2,2
45009,2023,3,24,6,4,101,214,4211900,44,11,1,2,2
45009,2023,3,24,6,4,101,74,4313508,9,20,0,1,1
45009,2023,3,24,6,4,463,103,5006606,78,2,0,2,2
45009,2023,3,24,6,4,116,51,3527207,16,21,0,1,1
45009,2023,3,24,6,4,369,181,4101507,67,4,0,2,1
45009,2023,3,24,6,4,493,20,3302502,67,7,1,2,2
45009,2023,3,24,6,4,401,6,1400175,16,9,1,4,3
45009,2023,3,24,6,4,116,"219,3",4204558,33,11,1,2,2
45009,2023,3,24,6,4,50,236,5205109,11,4,0,1,1
45009,2023,3,24,6,4,282,"388,6",4209003,52,9,0,2,2
45009,2023,3,24,6,4,116,"508,5",4314407,28,4,0,1,1
45009,2023,3,24,6,4,40,"760,1",3125002,67,20,0,1,1
45010,2023,3,25,7,1,392,"714,8",4315107,49,20,0,4,2
45009,2023,3,24,6,4,40,4,5221858,67,9,1,4,2
45010,2023,3,25,7,1,470,62,4202404,11,4,0,1,1
45009,2023,3,24,6,4,116,"187,1",3113008,80,7,0,7,3
45010,2023,3,25,7,1,376,617,4125506,67,9,1,1,1
45010,2023,3,25,7,1,101,156,2908507,9,1,0,1,1
45009,2023,3,24,6,4,392,"2,3",4304663,11,2,1,2,2
45010,2023,3,25,7,1,226,"69,7",2410306,49,12,1,6,2
45009,2023,3,24,6,4,470,"242,9",4204806,67,20,0,1,1
45010,2023,3,25,7,1,158,"85,6",4313706,9,1,0,1,1
45010,2023,3,25,7,1,316,"4,1",2211001,11,4,1,1,1
45010,2023,3,25,7,1,163,156,4113452,18,7,0,5,2
45010,2023,3,25,7,1,459,"26,4",3527207,9,1,0,1,1
45010,2023,3,25,7,1,290,"716,8",4322400,49,20,0,1,1
45010,2023,3,25,7,1,101,205,4216602,49,4,1,1,1
45010,2023,3,25,7,1,158,95,5006309,49,20,1,1,1
45010,2023,3,25,7,1,418,85,2923001,49,7,1,2,2
45010,2023,3,25,7,1,101,99,2408102,83,4,1,1,1
45010,2023,3,25,7,2,282,"2,9",4205407,49,20,1,1,1
45010,2023,3,25,7,1,40,"121,9",3136306,49,4,0,4,1
45010,2023,3,25,7,1,280,"4,4",4216206,1,7,1,2,2
45010,2023,3,25,7,2,470,"66,7",4207502,11,4,0,1,1
45010,2023,3,25,7,2,116,228,3550308,52,12,1,3,3
45010,2023,3,25,7,2,101,"42,5",3555406,67,9,1,2,2
45010,2023,3,25,7,1,116,516,3509254,67,20,0,1,1
45010,2023,3,25,7,2,356,42,3302205,28,18,0,1,1
45010,2023,3,25,7,2,153,43,3115805,19,20,0,3,1
44998,2023,3,13,2,4,423,"95,8",2606002,35,2,1,2,2
45010,2023,3,25,7,2,226,14,2407104,20,12,1,4,3
45010,2023,3,25,7,2,101,286,3301900,28,21,1,2,1
45010,2023,3,25,7,2,101,"252,5",4212304,67,11,1,2,2
45010,2023,3,25,7,2,493,87,3305554,82,12,0,4,2
45010,2023,3,25,7,2,343,4,2211001,16,12,1,3,3
45010,2023,3,25,7,2,40,"12,2",5212501,35,2,1,2,2
45010,2023,3,25,7,2,116,"270,8",3552809,52,21,1,2,2
45010,2023,3,25,7,2,101,"214,3",4211900,33,11,1,2,2
45010,2023,3,25,7,2,101,357,4215455,33,11,0,5,2
45010,2023,3,25,7,2,470,"74,3",4207502,11,11,1,2,2
45010,2023,3,25,7,2,319,63,1100205,52,9,1,3,2
45010,2023,3,25,7,2,316,240,1508308,67,4,0,2,2
45010,2023,3,25,7,2,101,205,4216602,67,21,1,1,1
45010,2023,3,25,7,2,293,"2,1",4314407,1,9,0,2,2
45010,2023,3,25,7,2,158,"108,5",4204707,51,20,0,1,1
45010,2023,3,25,7,2,60,324,2401305,67,3,0,1,1
45010,2023,3,25,7,2,163,828,5107909,10,2,1,2,2
45010,2023,3,25,7,2,10,462,4117602,49,20,0,1,1
45010,2023,3,25,7,2,101,60,3204906,80,7,1,2,2
45010,2023,3,25,7,2,163,981,1506807,82,7,0,2,2
45010,2023,3,25,7,2,381,"483,5",3106705,67,21,1,1,1
45010,2023,3,25,7,2,158,"196,2",4306106,33,11,1,2,2
45010,2023,3,25,7,2,70,"121,3",5217302,33,10,0,3,2
45010,2023,3,25,7,2,116,476,3524600,1,11,1,2,2
45002,2023,3,17,6,4,343,"333,3",2211001,15,4,1,1,1
45010,2023,3,25,7,2,116,"205,5",4314423,67,20,0,1,1
45010,2023,3,25,7,2,146,"405,3",3128709,1,11,0,3,2
45010,2023,3,25,7,2,381,417,1101435,63,9,0,5,1
45010,2023,3,25,7,2,381,856,3152501,16,1,0,5,2
45010,2023,3,25,7,2,110,218,2922904,67,21,0,1,1
45010,2023,3,25,7,3,40,128,3136306,11,20,0,1,1
45010,2023,3,25,7,2,376,33,5008404,11,12,0,2,2
45010,2023,3,25,7,2,101,374,4207007,11,20,1,1,1
45010,2023,3,25,7,2,101,336,4218707,33,11,1,2,2
45010,2023,3,25,7,2,381,"777,9",3110905,11,20,0,2,1
45010,2023,3,25,7,3,381,499,3106705,72,15,0,7,4
45010,2023,3,25,7,3,262,"868,7",3111408,52,20,0,4,2
45010,2023,3,25,7,3,40,2,5221858,1,12,1,2,2
45010,2023,3,25,7,3,101,"97,6",2408102,52,9,1,2,2
45010,2023,3,25,7,3,116,"133,8",2513158,18,20,0,1,1
45010,2023,3,25,7,2,470,9,4211306,1,11,0,2,2
45010,2023,3,25,7,3,110,391,2929503,28,18,0,1,1
45010,2023,3,25,7,3,369,"144,1",4113700,13,20,1,2,1
45010,2023,3,25,7,3,428,"187,3",2611101,35,2,1,2,2
45010,2023,3,25,7,3,232,163,2614709,52,4,1,2,1
45010,2023,3,25,7,3,232,181,2601706,80,7,1,2,2
45010,2023,3,25,7,4,60,174,5200050,49,20,0,1,1
45010,2023,3,25,7,3,381,61,3528502,67,4,0,1,1
45010,2023,3,25,7,3,101,215,3202504,11,20,1,4,2
45010,2023,3,25,7,4,282,37,4200606,80,10,0,2,2
45010,2023,3,25,7,4,101,"239,7",3202207,67,7,0,3,3
45010,2023,3,25,7,3,116,249,4318705,11,4,1,3,1
45010,2023,3,25,7,3,163,"111,8",5107602,49,20,0,3,1
45010,2023,3,25,7,3,277,642,4105300,28,4,0,1,1
45010,2023,3,25,7,3,463,"2,3",5003702,62,20,0,1,1
45010,2023,3,25,7,3,230,8,2503209,52,11,1,3,2
45010,2023,3,25,7,4,158,"194,6",4306106,33,11,0,2,2
45010,2023,3,25,7,3,361,"45,9",2504207,11,21,0,3,1
45010,2023,3,25,7,4,101,46,3555406,11,12,1,2,2
45010,2023,3,25,7,3,226,30,2310803,60,2,1,2,2
45010,2023,3,25,7,3,153,"32,5",3533007,49,9,0,2,2
45010,2023,3,25,7,3,174,217,1400472,64,20,0,4,1
45010,2023,3,25,7,3,40,59,3303906,11,3,1,1,1
45010,2023,3,25,7,3,414,376,5205513,83,20,1,1,1
45010,2023,3,25,7,3,101,"4,7",4321501,11,7,0,2,2
45010,2023,3,25,7,2,343,"305,6",2200400,1,11,1,2,2
45010,2023,3,25,7,4,153,"296,5",3509809,49,12,0,2,2
45010,2023,3,25,7,3,367,135,2915304,67,20,0,1,1
45010,2023,3,25,7,4,116,219,3518800,16,12,1,2,2
45010,2023,3,25,7,4,101,"409,5",3302007,60,2,1,2,2
45010,2023,3,25,7,3,285,"131,4",4322509,11,20,0,3,1
45010,2023,3,25,7,4,116,"251,5",4209300,4,7,0,3,2
45010,2023,3,25,7,3,116,816,2933307,11,21,1,1,1
45010,2023,3,25,7,4,343,"3,7",2211001,16,12,1,2,2
45010,2023,3,25,7,4,101,121,2412203,52,9,0,2,2
45010,2023,3,25,7,4,40,"24,5",5212501,49,20,1,1,1
45010,2023,3,25,7,3,153,64,4207809,80,7,1,2,2
45010,2023,3,25,7,4,40,"98,7",5206206,35,2,1,2,2
45010,2023,3,25,7,4,153,"48,7",4307005,80,10,0,3,3
45010,2023,3,25,7,4,153,319,4110102,11,20,0,3,1
45010,2023,3,25,7,4,277,"0,5",4118204,61,2,1,2,2
45010,2023,3,25,7,4,40,360,3125705,11,20,0,2,1
45010,2023,3,25,7,4,116,296,4309308,16,20,0,2,1
45010,2023,3,25,7,3,381,419,3110004,18,20,0,1,1
45010,2023,3,25,7,3,316,414,2205953,49,11,1,2,2
45010,2023,3,25,7,3,101,104,2403251,82,4,0,2,1
45010,2023,3,25,7,4,470,157,4313300,49,20,0,2,1
45010,2023,3,25,7,4,267,59,3106903,11,10,1,4,2
45010,2023,3,25,7,4,470,65,4207502,49,20,0,1,1
45010,2023,3,25,7,4,101,"446,9",3203403,11,20,0,2,1
45010,2023,3,25,7,4,153,"68,4",4109005,52,11,0,3,2
45010,2023,3,25,7,4,40,"792,5",3136702,67,4,1,1,1
45010,2023,3,25,7,4,10,249,2105302,16,12,1,3,2
45010,2023,3,25,7,4,101,490,3300100,80,7,0,7,2
45010,2023,3,25,7,4,232,"239,6",2601201,11,10,0,3,2
45010,2023,3,25,7,4,116,264,4304606,49,4,1,1,1
45010,2023,3,25,7,4,101,"35,9",3555406,9,1,1,1,1
45010,2023,3,25,7,4,230,42,2307502,63,7,0,3,2
45010,2023,3,25,7,3,40,"690,5",3101631,83,7,0,8,3
45010,2023,3,25,7,4,110,324,2900702,11,20,0,1,1
45010,2023,3,25,7,4,50,177,3170107,83,20,0,1,1
45011,2023,3,26,1,1,407,"123,6",2611101,1,9,1,3,2
45011,2023,3,26,1,1,101,437,3203403,18,20,0,2,1
45010,2023,3,25,7,4,280,73,4208906,11,11,1,2,2
45010,2023,3,25,7,4,343,"306,1",2200400,52,7,1,2,2
45011,2023,3,26,1,1,116,760,3138401,51,21,0,1,1
45011,2023,3,26,1,1,60,96,5201108,16,9,1,2,2
45011,2023,3,26,1,1,101,46,2606804,20,9,1,5,2
45010,2023,3,25,7,3,116,450,3542602,6,21,0,1,1
45011,2023,3,26,1,1,386,"425,1",4312401,11,4,0,1,1
45011,2023,3,26,1,1,324,614,2927408,11,3,0,1,1
45011,2023,3,26,1,1,376,"293,2",4115754,83,20,1,2,1
45011,2023,3,26,1,1,116,9,2304400,16,12,1,2,2
45010,2023,3,25,7,4,369,245,2502300,19,20,0,2,1
45011,2023,3,26,1,1,116,"613,6",4301305,49,20,0,1,1
45011,2023,3,26,1,1,364,"303,7",5213103,80,7,0,2,2
45011,2023,3,26,1,1,60,"38,9",5208707,18,4,1,1,1
45010,2023,3,25,7,3,153,"516,3",5201405,67,12,1,2,2
45011,2023,3,26,1,1,163,837,5107909,67,4,1,1,1
45011,2023,3,26,1,1,290,"38,4",4317608,67,12,0,4,2
45011,2023,3,26,1,1,101,"119,5",2607208,11,4,0,2,1
45011,2023,3,26,1,1,110,49,2408003,11,10,1,2,2
45011,2023,3,26,1,1,80,13,5300108,67,20,0,2,1
45011,2023,3,26,1,1,116,102,4125506,1,4,0,1,1
45011,2023,3,26,1,1,324,516,2910800,49,4,1,1,1
45011,2023,3,26,1,1,230,34,2501807,18,4,1,2,1
45011,2023,3,26,1,1,101,404,3302007,67,4,1,1,1
45011,2023,3,26,1,2,324,"513,9",2910800,1,10,1,2,2
45011,2023,3,26,1,1,386,399,2516805,13,20,0,1,1
45010,2023,3,25,7,4,40,"633,4",3118304,33,11,1,4,2
45011,2023,3,26,1,2,381,934,3125101,11,20,0,1,1
45010,2023,3,25,7,3,226,"132,1",2402105,11,10,0,3,3
45011,2023,3,26,1,2,262,367,3136652,67,20,0,7,1
45010,2023,3,25,7,3,282,528,4204350,67,20,0,1,1
45010,2023,3,25,7,4,116,45,3509957,67,4,0,1,1
45011,2023,3,26,1,1,101,353,2911204,11,2,0,2,2
45011,2023,3,26,1,1,40,"513,3",3154606,18,4,1,1,1
45011,2023,3,26,1,2,116,238,4313409,49,20,1,1,1
44983,2023,2,26,1,4,101,268,3205002,16,12,1,4,2
45011,2023,3,26,1,1,470,232,4304804,67,20,0,1,1
45011,2023,3,26,1,2,376,"513,5",4119905,18,20,0,3,1
45011,2023,3,26,1,1,343,271,2202208,11,20,0,2,1
45010,2023,3,25,7,4,40,"287,3",3169356,56,4,0,1,1
45011,2023,3,26,1,1,153,"50,2",3142809,49,20,0,1,1
45011,2023,3,26,1,1,153,546,1715002,15,20,0,1,1
45011,2023,3,26,1,2,405,63,2401008,11,20,0,2,1
45011,2023,3,26,1,2,304,291,2407104,28,4,0,2,1
45011,2023,3,26,1,2,324,597,2906501,67,20,0,2,1
45011,2023,3,26,1,1,101,452,3302601,67,20,0,1,1
45011,2023,3,26,1,2,277,59,4125506,11,4,0,1,1
45011,2023,3,26,1,2,40,"445,5",3147402,83,20,0,2,1
45011,2023,3,26,1,2,116,187,3546801,67,12,0,2,2
45007,2023,3,22,4,3,381,"483,2",3106705,83,21,0,1,1
45011,2023,3,26,1,2,116,"476,6",2308302,67,20,0,1,1
45011,2023,3,26,1,2,60,"28,7",5300108,52,12,0,4,3
45011,2023,3,26,1,2,101,120,4208203,14,20,1,3,1
45011,2023,3,26,1,2,163,73,5107602,18,3,0,1,1
45011,2023,3,26,1,2,470,"79,9",4207502,67,12,0,2,2
45011,2023,3,26,1,1,116,46,3509957,11,12,0,2,2
45011,2023,3,26,1,2,316,35,1506500,1,11,1,2,2
45011,2023,3,26,1,2,277,603,4124020,83,20,0,1,1
44998,2023,3,13,2,4,116,53,3527207,33,11,1,2,2
45011,2023,3,26,1,2,414,401,5205802,16,9,0,2,2
45011,2023,3,26,1,2,116,"526,9",3113404,2,9,1,2,2
45011,2023,3,26,1,2,414,"343,6",5205513,18,20,0,1,1
45011,2023,3,26,1,2,174,"638,3",1400027,11,7,0,5,2
45011,2023,3,26,1,2,262,385,3140704,11,20,0,4,1
45010,2023,3,25,7,3,414,205,5214606,49,20,0,1,1
45011,2023,3,26,1,2,135,20,2111300,17,11,1,2,2
45011,2023,3,26,1,2,364,705,1100205,49,4,0,1,1
45011,2023,3,26,1,1,381,"23,8",3507605,67,3,0,3,3
45011,2023,3,26,1,2,40,"803,2",3140803,67,4,0,2,1
45011,2023,3,26,1,2,40,"95,2",5206206,35,2,1,2,2
45011,2023,3,26,1,2,101,390,3304557,52,12,0,2,2
45011,2023,3,26,1,2,386,"293,8",4315131,11,12,0,7,2
45011,2023,3,26,1,3,277,94,4106902,49,12,1,4,2
45011,2023,3,26,1,3,373,277,4120606,11,20,0,1,1
45011,2023,3,26,1,3,70,340,2918506,49,21,0,2,1
45011,2023,3,26,1,3,376,"18,3",5003801,67,21,0,1,1
45011,2023,3,26,1,3,262,"762,3",3170107,67,20,0,1,1
45010,2023,3,25,7,3,60,351,5219712,18,20,0,1,1
45011,2023,3,26,1,2,421,51,1101401,1,11,0,3,2
45011,2023,3,26,1,3,282,"475,8",4219101,83,20,0,1,1
45011,2023,3,26,1,3,101,148,4208302,52,9,1,2,2
45011,2023,3,26,1,3,101,"154,4",2611804,67,20,0,1,1
45011,2023,3,26,1,3,153,"11,2",3519808,67,3,0,1,1
45011,2023,3,26,1,2,116,226,3304003,13,4,0,1,1
45011,2023,3,26,1,3,116,174,4305108,11,11,0,2,2
45011,2023,3,26,1,3,101,269,3304300,2,11,1,2,2
45011,2023,3,26,1,3,116,104,3554102,67,12,0,2,2
45011,2023,3,26,1,3,174,519,1400100,83,12,0,5,2
45011,2023,3,26,1,3,287,"274,9",4319406,29,20,0,3,1
45010,2023,3,25,7,2,392,681,4316303,83,20,0,1,1
45011,2023,3,26,1,3,101,"374,2",4207007,52,12,0,2,2
45011,2023,3,26,1,3,116,95,4125506,83,20,0,2,1
45011,2023,3,26,1,3,80,13,5300108,67,20,0,1,1
45011,2023,3,26,1,2,407,0,2918407,28,4,1,1,1
45011,2023,3,26,1,3,381,"483,8",3106705,67,12,1,3,2
45011,2023,3,26,1,3,101,"270,6",3205002,16,15,0,4,3
45011,2023,3,26,1,3,101,45,3555406,11,12,1,3,2
44939,2023,1,13,6,2,230,"23,9",2507507,11,15,1,3,3
45011,2023,3,26,1,3,267,"147,1",3138609,1,11,1,6,2
45011,2023,3,26,1,3,262,"20,5",2112803,11,9,0,2,2
45011,2023,3,26,1,3,101,"205,4",4216602,5,21,0,1,1
45011,2023,3,26,1,3,40,4,5221858,1,9,0,2,2
45011,2023,3,26,1,3,101,144,4208302,16,12,0,3,2
45011,2023,3,26,1,3,101,146,4208302,67,12,1,4,3
45011,2023,3,26,1,3,101,162,2908507,1,9,1,2,2
44987,2023,3,2,5,4,459,"12,6",3110301,49,7,0,2,2
45011,2023,3,26,1,3,230,6,1500602,67,21,1,1,1
45011,2023,3,26,1,3,393,263,3300308,11,20,0,1,1
45011,2023,3,26,1,3,163,74,4217204,16,9,0,3,2
45011,2023,3,26,1,3,101,275,4207304,35,2,0,2,2
45011,2023,3,26,1,3,277,"133,7",4104204,64,4,0,3,1
45011,2023,3,26,1,3,158,333,2409332,33,11,0,2,2
45011,2023,3,26,1,3,277,724,4108304,49,11,1,3,2
45011,2023,3,26,1,2,364,"205,7",5107602,67,12,1,2,2
45011,2023,3,26,1,3,60,"64,7",5006275,67,20,0,1,1
45011,2023,3,26,1,3,101,32,4209102,52,20,0,2,1
45011,2023,3,26,1,4,116,"224,2",3518800,16,4,1,3,2
45011,2023,3,26,1,4,101,94,2504603,18,4,0,1,1
45011,2023,3,26,1,1,470,"4,3",4211306,83,12,1,2,2
45011,2023,3,26,1,4,386,47,4320206,1,11,1,2,2
45011,2023,3,26,1,3,424,41,2616001,67,4,0,1,1
45011,2023,3,26,1,3,101,394,3204401,80,10,0,4,2
45011,2023,3,26,1,4,153,495,5208707,9,1,1,1,1
45011,2023,3,26,1,4,40,"699,3",3105608,56,4,1,1,1
45011,2023,3,26,1,3,163,267,5003702,11,4,1,1,1
45011,2023,3,26,1,4,116,"813,9",2933307,52,9,1,4,2
45011,2023,3,26,1,4,70,"80,3",4108502,67,21,0,1,1
45011,2023,3,26,1,4,242,"453,5",1708205,1,11,1,2,2
45011,2023,3,26,1,4,290,92,4314902,49,4,1,1,1
45011,2023,3,26,1,4,163,835,5107909,16,12,1,7,2
45011,2023,3,26,1,4,101,428,3302601,33,11,0,7,2
45011,2023,3,26,1,4,262,0,3205309,67,12,1,2,2
45011,2023,3,26,1,4,116,"703,1",3143906,1,11,1,3,2
45011,2023,3,26,1,4,262,134,5000203,5,21,0,1,1
45011,2023,3,26,1,4,277,197,4117701,49,20,0,1,1
45011,2023,3,26,1,4,407,494,2207777,9,1,0,1,1
45011,2023,3,26,1,3,174,158,5103957,1,12,0,2,2
45011,2023,3,26,1,4,386,"118,6",4126256,11,20,0,1,1
45011,2023,3,26,1,4,470,216,4302105,1,11,1,2,2
45011,2023,3,26,1,4,470,"94,1",4201257,82,7,0,3,2
45011,2023,3,26,1,4,280,"25,5",4201307,78,9,1,2,2
45011,2023,3,26,1,4,232,"409,8",2613909,67,12,1,3,2
45011,2023,3,26,1,4,469,12,4108304,28,20,1,1,1