id_data,ano,mes,dia,id_dia_semana,periodo,br,km,id_municipio,id_causa_acidente,id_tipo_acidente,id_uso_solo,pessoas,veiculos
45011,2023,3,26,1,4,476,102,4103107,13,21,0,2,2
45011,2023,3,26,1,4,259,58,3201506,1,11,0,3,2
45011,2023,3,26,1,4,116,142,3301702,44,12,1,2,2
45011,2023,3,26,1,4,116,"428,5",2910800,11,12,0,1,1
45011,2023,3,26,1,4,174,24,1400100,11,3,0,2,1
45011,2023,3,26,1,4,304,"276,4",2407104,9,4,0,1,1
45011,2023,3,26,1,4,101,3,2607901,80,7,0,2,2
45011,2023,3,26,1,4,163,"462,2",2401305,2,2,0,2,2
45012,2023,3,27,2,1,277,7,4118204,83,20,1,7,2
45011,2023,3,26,1,4,293,"352,5",4317103,9,1,0,5,2
45012,2023,3,27,2,1,153,316,5218607,18,20,0,1,1
45012,2023,3,27,2,1,116,"255,4",4307708,11,4,1,1,1
45012,2023,3,27,2,1,381,"479,2",3118601,61,2,1,2,2
45012,2023,3,27,2,1,50,94,3170206,49,12,0,1,1
45012,2023,3,27,2,1,10,"7,7",1502939,67,4,0,1,1
45012,2023,3,27,2,1,116,275,3552809,11,4,1,3,2
45011,2023,3,26,1,1,471,"177,4",4315701,18,20,0,1,1
45012,2023,3,27,2,1,290,69,4309209,83,20,1,2,1
45012,2023,3,27,2,1,343,1,2211001,67,4,1,1,1
45012,2023,3,27,2,1,153,"517,3",5201405,52,20,0,1,1
45012,2023,3,27,2,1,381,"500,3",3106705,28,3,1,2,1
45012,2023,3,27,2,1,163,18,5104609,18,20,0,1,1
45012,2023,3,27,2,1,392,"625,4",4320578,67,20,0,3,1
45012,2023,3,27,2,1,116,142,3301702,1,7,0,2,2
45012,2023,3,27,2,1,101,"85,9",2312403,11,4,1,1,1
45012,2023,3,27,2,1,40,123,3301702,52,21,1,1,1
45012,2023,3,27,2,1,282,"489,1",4205308,49,20,0,1,1
45012,2023,3,27,2,1,116,"609,5",2914208,64,11,0,5,2
45012,2023,3,27,2,1,101,"60,3",2611606,52,9,0,2,2
45012,2023,3,27,2,2,40,508,3154606,82,2,1,2,2
45011,2023,3,26,1,4,343,346,2211001,16,12,1,2,2
45012,2023,3,27,2,2,465,22,3304557,16,12,1,2,2
45012,2023,3,27,2,2,376,"600,8",4106902,1,9,0,2,2
45012,2023,3,27,2,1,101,538,2929354,67,7,0,2,2
45012,2023,3,27,2,2,116,"127,6",3508504,83,4,1,1,1
45012,2023,3,27,2,2,101,"69,4",2611606,52,9,1,2,2
45012,2023,3,27,2,2,116,211,3518800,52,9,1,2,2
45012,2023,3,27,2,2,163,"502,1",5004908,18,20,0,2,1
45012,2023,3,27,2,1,392,332,2409332,11,20,0,1,1
45012,2023,3,27,2,2,40,1,5300108,78,12,1,2,2
45012,2023,3,27,2,2,386,"94,7",4316428,33,11,0,2,2
45012,2023,3,27,2,2,40,0,5300108,83,12,1,4,3
45012,2023,3,27,2,2,101,124,4208203,1,12,1,2,2
45012,2023,3,27,2,2,101,159,3203205,1,20,0,2,2
45012,2023,3,27,2,2,116,395,3529906,16,12,1,2,2
44932,2023,1,6,6,3,40,567,3144805,80,7,0,2,2
45012,2023,3,27,2,2,116,"178,3",2311801,33,11,0,8,2
45012,2023,3,27,2,2,343,305,2200400,1,11,0,3,2
45012,2023,3,27,2,2,116,"766,1",3138401,1,11,1,4,2
45011,2023,3,26,1,4,163,993,5108055,11,4,0,1,1
44948,2023,1,22,1,4,40,"822,4",3167509,9,1,0,4,4
45012,2023,3,27,2,2,116,562,3505401,67,3,0,3,1
45011,2023,3,26,1,3,364,1041,1100205,80,7,1,4,2
45012,2023,3,27,2,2,277,83,4106902,67,21,1,1,1
45012,2023,3,27,2,2,101,"362,2",4215455,11,12,0,3,2
45011,2023,3,26,1,3,222,"216,8",2304350,49,9,0,2,2
45012,2023,3,27,2,2,381,69,3528502,11,21,0,2,1
45012,2023,3,27,2,2,101,39,3555406,5,21,0,1,1
45012,2023,3,27,2,2,101,492,3300100,52,12,0,3,2
45012,2023,3,27,2,1,319,63,1100205,11,20,1,1,1
45012,2023,3,27,2,2,101,"204,6",4216602,67,12,0,2,2
45012,2023,3,27,2,2,222,"2,1",2304400,16,12,1,3,2
45012,2023,3,27,2,2,316,"5,8",2211001,35,4,1,3,1
45012,2023,3,27,2,2,101,1,2607901,1,2,1,2,2
45012,2023,3,27,2,2,424,107,2704708,18,20,0,1,1
45012,2023,3,27,2,2,116,"100,9",4125506,11,2,0,2,2
45012,2023,3,27,2,2,153,"109,4",4109708,16,12,1,2,2
45012,2023,3,27,2,2,101,"208,6",4216602,67,12,1,3,3
44945,2023,1,19,5,3,262,16,2112803,80,7,1,2,2
45012,2023,3,27,2,2,116,"126,5",4107652,16,12,1,2,2
45012,2023,3,27,2,2,116,204,3503901,1,12,0,3,2
45012,2023,3,27,2,2,116,"218,4",3518800,67,9,1,2,2
45012,2023,3,27,2,2,470,253,4319356,1,11,1,2,2
45012,2023,3,27,2,2,20,7,5300108,52,20,1,2,1
45012,2023,3,27,2,2,101,73,2611606,16,12,1,2,2
44934,2023,1,8,1,2,364,686,1100809,67,9,0,2,2
44975,2023,2,18,7,1,277,59,4125506,67,12,0,2,2
45012,2023,3,27,2,2,101,298,3301900,29,11,1,2,2
44997,2023,3,12,1,1,10,458,4117602,11,12,0,3,2
45012,2023,3,27,2,2,101,205,3301306,33,11,1,2,2
45005,2023,3,20,2,4,50,"44,7",3103504,67,20,0,2,2
45012,2023,3,27,2,2,153,403,4303004,80,7,0,4,2
45012,2023,3,27,2,2,153,51,3142809,29,4,0,1,1
45012,2023,3,27,2,3,101,"51,5",3555406,1,9,1,2,2
45012,2023,3,27,2,2,101,"149,2",3203205,1,11,0,2,2
45012,2023,3,27,2,3,153,141,1702109,2,11,1,1,1
45012,2023,3,27,2,2,116,"91,7",3538006,11,4,0,1,1
45012,2023,3,27,2,3,40,111,3301702,67,12,0,3,2
45012,2023,3,27,2,2,277,583,2303501,50,9,1,2,2
45012,2023,3,27,2,3,101,107,2900702,11,2,0,3,2
45012,2023,3,27,2,3,277,"718,5",4108304,67,12,0,2,2
45012,2023,3,27,2,3,277,98,4106902,67,3,1,1,1
44930,2023,1,4,4,4,277,364,4109401,16,12,0,3,2
45012,2023,3,27,2,3,101,95,2408102,16,12,1,2,2
45012,2023,3,27,2,3,116,205,3303500,11,12,0,2,2
45012,2023,3,27,2,3,232,29,2609402,67,20,0,1,1
45012,2023,3,27,2,3,290,107,4306767,1,11,1,2,2
45012,2023,3,27,2,3,101,540,3303807,67,21,0,2,1
45012,2023,3,27,2,3,101,212,4211900,11,12,1,2,2
45012,2023,3,27,2,2,60,196,5209200,1,18,0,1,1
45012,2023,3,27,2,2,101,118,2412203,16,12,0,2,2
45012,2023,3,27,2,3,40,513,3154606,52,9,0,2,2
45012,2023,3,27,2,3,101,419,3302601,64,11,0,6,3
45012,2023,3,27,2,3,365,672,3142809,83,20,0,3,1
45010,2023,3,25,7,3,287,298,4319406,15,20,0,1,1
44964,2023,2,7,3,3,376,599,4106902,13,21,1,2,1
45012,2023,3,27,2,3,101,293,3201308,12,21,1,2,1
45012,2023,3,27,2,3,116,163,2311801,33,9,1,3,2
45012,2023,3,27,2,3,101,442,3302601,64,20,0,2,1
45012,2023,3,27,2,3,448,21,4304606,52,9,0,2,2
44970,2023,2,13,2,2,153,672,1709500,1,12,0,3,2
45012,2023,3,27,2,3,470,249,4204806,36,12,1,5,2
45012,2023,3,27,2,3,163,282,4114609,67,20,1,4,2
45012,2023,3,27,2,3,101,"72,9",3301009,35,2,0,4,2
45012,2023,3,27,2,2,435,84,1100064,49,11,1,2,2
45012,2023,3,27,2,3,386,345,1712009,67,21,1,2,1
45012,2023,3,27,2,3,317,86,1200450,11,12,0,4,2
45012,2023,3,27,2,3,153,142,1702109,11,12,1,2,2
45012,2023,3,27,2,3,232,"79,6",2606408,82,7,1,2,2
45012,2023,3,27,2,3,116,148,3549904,52,9,0,2,2
45012,2023,3,27,2,3,459,"23,6",3110301,9,1,0,1,1
45012,2023,3,27,2,3,40,621,3118304,10,2,1,2,2
45012,2023,3,27,2,3,70,"281,5",5107040,82,9,1,4,3
45012,2023,3,27,2,3,343,"2,6",2211001,16,21,1,2,2
45012,2023,3,27,2,3,60,92,5201108,52,11,1,2,2
45012,2023,3,27,2,4,40,"3,2",5300108,52,9,1,2,2
45012,2023,3,27,2,4,101,68,2611606,16,12,1,5,3
44966,2023,2,9,5,2,116,527,3113404,9,21,1,2,2
45012,2023,3,27,2,3,232,"195,8",2612406,52,7,0,5,2
45004,2023,3,19,1,4,476,104,4105805,67,4,0,1,1
45012,2023,3,27,2,3,364,0,5100300,11,7,1,3,2
45012,2023,3,27,2,4,381,44,3504107,12,12,1,2,2
45012,2023,3,27,2,4,364,237,1100049,1,11,1,2,2
44973,2023,2,16,5,2,116,"145,8",3549904,67,12,1,2,2
45012,2023,3,27,2,4,262,"820,1",3170107,11,21,0,1,1
45012,2023,3,27,2,4,470,"115,5",4206900,3,21,0,1,1
45012,2023,3,27,2,4,40,107,3301702,80,7,1,2,2
45012,2023,3,27,2,4,423,"97,9",2606002,9,1,1,1,1
45012,2023,3,27,2,4,40,"524,3",3118601,9,1,1,3,2
45012,2023,3,27,2,3,262,160,5007109,67,3,0,2,1
45012,2023,3,27,2,4,364,580,1101104,51,21,0,1,1
45012,2023,3,27,2,4,116,"36,5",4208104,67,20,0,1,1
45012,2023,3,27,2,4,381,331,3144706,11,4,0,2,1
45012,2023,3,27,2,4,116,"417,7",3127701,51,4,1,1,1
45012,2023,3,27,2,4,116,214,3518800,28,18,1,1,1
45012,2023,3,27,2,4,470,71,4207502,82,7,1,3,2
45012,2023,3,27,2,4,376,40,5008404,9,9,0,1,1
45012,2023,3,27,2,4,361,107,2507002,11,12,0,2,2
45012,2023,3,27,2,4,267,"234,6",5006002,18,20,0,4,1
45013,2023,3,28,3,1,230,127,1504208,11,1,0,1,1
45013,2023,3,28,3,1,101,"50,2",2600054,60,2,1,2,2
45013,2023,3,28,3,1,280,"58,7",4206504,11,2,1,2,2
45013,2023,3,28,3,1,116,224,3518800,11,12,1,2,2
45013,2023,3,28,3,1,364,611,1101104,28,18,0,5,1
45013,2023,3,28,3,2,116,306,4309308,1,11,1,2,2
45013,2023,3,28,3,2,381,493,3106705,11,21,1,1,1
45012,2023,3,27,2,2,376,671,4109609,28,18,0,1,1
45013,2023,3,28,3,2,367,40,2925303,67,12,1,3,2
45013,2023,3,28,3,2,40,"544,6",3106200,11,12,1,2,2
45009,2023,3,24,6,4,267,"40,5",5001904,67,1,0,2,1
45013,2023,3,28,3,2,116,"301,9",4309308,1,11,1,2,2
45013,2023,3,28,3,2,40,56,3303906,52,9,1,2,2
45013,2023,3,28,3,2,232,9,2607901,67,15,0,4,3
45013,2023,3,28,3,2,40,30,3306008,83,4,0,1,1
45010,2023,3,25,7,1,70,7,5101803,1,7,1,2,2
45013,2023,3,28,3,2,282,"376,7",4206702,6,21,0,2,2
45013,2023,3,28,3,2,428,"189,5",2611101,16,12,1,3,2
45013,2023,3,28,3,2,116,248,4318705,78,9,1,6,3
44963,2023,2,6,2,3,316,57,1502400,52,12,1,4,3
45013,2023,3,28,3,2,110,47,2408003,16,12,1,3,2
45013,2023,3,28,3,2,230,"332,3",2510808,18,4,0,2,2
45013,2023,3,28,3,2,465,32,3305554,78,9,1,2,2
45013,2023,3,28,3,2,116,"89,5",4125506,11,12,0,2,2
45013,2023,3,28,3,2,101,82,2607901,67,12,1,2,2
45013,2023,3,28,3,2,116,246,4318705,16,12,1,4,4
45013,2023,3,28,3,2,364,712,1100205,67,12,1,5,2
45013,2023,3,28,3,2,293,1,4314407,11,15,1,3,3
45013,2023,3,28,3,2,40,"769,7",3136702,64,20,0,1,1
45013,2023,3,28,3,2,116,"229,7",3550308,78,12,1,3,2
45013,2023,3,28,3,2,381,"44,8",3504107,16,12,1,3,2
45013,2023,3,28,3,2,381,"58,5",3528502,16,15,0,5,4
45013,2023,3,28,3,2,101,219,3202504,67,4,0,1,1
45013,2023,3,28,3,2,116,252,4320008,11,12,1,3,2
45013,2023,3,28,3,2,280,66,4208906,20,9,0,2,2
45009,2023,3,24,6,3,116,182,3303500,16,12,1,2,2
45013,2023,3,28,3,2,116,198,3503901,11,12,0,2,2
45013,2023,3,28,3,2,101,"48,7",3201605,1,20,0,2,2
44994,2023,3,9,5,3,101,323,3303302,16,15,1,4,3
44985,2023,2,28,3,3,324,612,2927408,78,9,1,2,2
45013,2023,3,28,3,2,465,"4,5",3305554,11,11,1,3,3
45013,2023,3,28,3,2,230,"147,9",2504009,52,11,1,2,2
45013,2023,3,28,3,3,381,59,3528502,28,18,0,1,1
45013,2023,3,28,3,3,470,65,4207502,11,11,0,3,2
45013,2023,3,28,3,3,116,"702,5",3143906,11,11,1,2,2
45013,2023,3,28,3,3,101,42,2606804,52,11,1,3,2
45013,2023,3,28,3,2,116,358,2305407,16,12,0,2,2
45013,2023,3,28,3,3,365,627,3170206,49,4,1,1,1
45013,2023,3,28,3,3,101,69,2611606,16,12,0,2,2
45013,2023,3,28,3,3,101,35,2606804,28,20,0,2,1
45013,2023,3,28,3,3,116,261,4304606,52,9,1,2,2
45013,2023,3,28,3,3,470,245,4301651,1,11,0,2,2
45013,2023,3,28,3,2,101,2,2607901,82,9,1,2,2
45013,2023,3,28,3,3,101,279,3205002,28,20,0,1,1
45014,2023,3,29,4,2,116,223,3518800,52,9,1,2,1
44999,2023,3,14,3,1,116,169,3304557,28,12,1,3,3
45013,2023,3,28,3,2,465,19,3303500,67,9,1,2,2
45013,2023,3,28,3,3,101,44,2606804,1,11,1,4,2
45013,2023,3,28,3,3,222,24,2303709,16,12,0,2,2
45013,2023,3,28,3,3,282,"367,1",4205209,11,3,0,2,1
45013,2023,3,28,3,3,101,78,2607901,16,12,1,2,2
45013,2023,3,28,3,3,230,"35,1",2501807,9,1,1,2,2
45013,2023,3,28,3,3,381,"882,5",3124500,28,18,0,1,1
45013,2023,3,28,3,3,470,"269,5",4318614,67,20,0,1,1
45013,2023,3,28,3,3,116,"167,7",3524402,11,9,0,3,2
45013,2023,3,28,3,3,116,"520,9",3113404,1,11,0,3,2
45013,2023,3,28,3,3,369,148,4113700,51,4,1,2,2
45013,2023,3,28,3,3,369,147,4113700,44,12,1,5,2
45013,2023,3,28,3,3,364,500,1100023,67,20,0,1,1
45013,2023,3,28,3,3,381,"924,5",3133600,15,4,0,1,1
45013,2023,3,28,3,3,262,"448,6",3145208,67,21,0,2,1
45013,2023,3,28,3,3,101,127,4208203,13,21,1,2,1
45013,2023,3,28,3,3,369,"143,2",4113700,1,12,1,2,2
45013,2023,3,28,3,3,174,367,1400209,49,7,1,4,2
45013,2023,3,28,3,3,153,145,1702109,52,9,1,2,2
45013,2023,3,28,3,3,476,144,4106902,1,9,0,2,2
45013,2023,3,28,3,3,20,9,5300108,10,2,1,2,2
45013,2023,3,28,3,3,101,"49,8",3555406,1,11,1,2,2
45013,2023,3,28,3,4,369,136,4109807,1,11,1,2,2
45013,2023,3,28,3,3,262,"326,5",2401305,61,2,1,2,2
45013,2023,3,28,3,4,101,119,2503001,67,4,0,1,1
45013,2023,3,28,3,4,101,"365,6",4215455,60,2,0,2,2
45013,2023,3,28,3,4,40,2,5221858,52,9,1,4,2
45012,2023,3,27,2,4,364,1166,5102686,67,20,0,1,1
45013,2023,3,28,3,3,364,430,1100114,33,11,0,7,2
45013,2023,3,28,3,4,101,267,3304300,28,18,0,1,1
45013,2023,3,28,3,4,408,53,2609501,18,10,0,3,3
45013,2023,3,28,3,2,376,"550,9",4117701,18,20,0,1,1
45013,2023,3,28,3,4,470,"65,9",4207502,44,11,0,2,2
44964,2023,2,7,3,4,343,267,2202208,60,2,1,2,2
45013,2023,3,28,3,4,116,161,3524402,21,7,1,1,1
45013,2023,3,28,3,3,163,7,2922102,67,20,0,3,1
45014,2023,3,29,4,1,304,"48,1",2408003,49,2,1,2,2
45013,2023,3,28,3,4,267,"64,1",3106903,16,12,0,2,2
45014,2023,3,29,4,1,40,"372,8",3120904,18,7,0,54,2
45014,2023,3,29,4,1,40,737,3160702,41,20,0,2,1
45014,2023,3,29,4,1,101,74,2403608,1,11,0,3,2
45014,2023,3,29,4,1,163,"73,4",4217204,33,11,1,2,2
44951,2023,1,25,4,4,406,151,2402600,35,2,1,2,2
45014,2023,3,29,4,2,116,"141,7",3549904,52,9,0,3,2
45014,2023,3,29,4,2,210,8,1600303,16,12,1,1,1
45014,2023,3,29,4,2,101,"215,3",4211900,16,12,1,2,2
45014,2023,3,29,4,2,153,"245,4",1705508,35,2,1,2,2
45014,2023,3,29,4,2,304,31,2408003,13,21,0,2,1
45014,2023,3,29,4,2,280,"160,3",4210100,67,4,0,1,1
45014,2023,3,29,4,2,116,229,3550308,11,9,1,3,2
45014,2023,3,29,4,2,101,415,4201406,33,11,1,2,2
45014,2023,3,29,4,2,381,"483,7",3106705,52,9,1,2,2
45014,2023,3,29,4,2,448,22,4314902,11,12,0,2,2
45014,2023,3,29,4,2,163,727,5003306,1,11,1,3,2
45010,2023,3,25,7,4,101,147,4208302,67,12,1,2,2
44991,2023,3,6,2,3,101,51,3555406,1,11,1,3,2
45014,2023,3,29,4,2,40,121,3301702,1,9,1,2,2
45013,2023,3,28,3,4,101,"282,3",4207304,52,9,0,4,2
45014,2023,3,29,4,2,381,73,3550308,11,4,0,1,1
45014,2023,3,29,4,2,174,15,1100304,1,11,1,2,2
45014,2023,3,29,4,2,101,543,2902252,83,7,0,3,2
45014,2023,3,29,4,2,116,276,3300407,28,11,1,4,3
45014,2023,3,29,4,2,116,305,3549953,67,12,0,2,2
45014,2023,3,29,4,2,101,9,2801603,4,20,0,1,1
45014,2023,3,29,4,2,226,"2,3",2408102,1,11,1,2,2
45014,2023,3,29,4,2,230,122,2512754,1,11,1,2,2
45014,2023,3,29,4,2,101,56,3301009,1,11,0,3,2
45014,2023,3,29,4,2,343,"0,6",2211001,52,4,1,2,1
45014,2023,3,29,4,2,493,"23,5",3302502,16,21,0,3,3
44958,2023,2,1,4,3,101,"2,3",2805703,35,2,0,2,2
45009,2023,3,24,6,2,163,38,3514809,80,12,1,2,2
45014,2023,3,29,4,2,20,391,2303709,83,12,0,3,3
45014,2023,3,29,4,3,101,282,3201308,67,21,1,2,1
45014,2023,3,29,4,2,280,59,4206504,1,11,1,2,2
45014,2023,3,29,4,2,70,524,2211407,1,7,0,2,2
45014,2023,3,29,4,2,364,165,2409605,67,3,0,1,1
45014,2023,3,29,4,3,470,"0,9",4211306,13,21,1,1,1
45014,2023,3,29,4,3,163,508,5004908,67,20,0,1,1
45005,2023,3,20,2,2,262,"683,5",5003207,67,20,0,3,2
45014,2023,3,29,4,2,364,377,1100155,13,21,0,2,1
45014,2023,3,29,4,3,101,"41,8",2606804,64,21,1,2,1
45014,2023,3,29,4,2,101,136,4202008,36,12,1,2,2
45014,2023,3,29,4,3,116,"148,3",4305108,67,4,1,1,1
45014,2023,3,29,4,3,101,"293,7",3301900,78,9,0,3,2
45014,2023,3,29,4,3,452,2,5218805,1,9,1,3,2
45014,2023,3,29,4,3,324,605,2930709,28,18,0,4,1
45014,2023,3,29,4,2,369,239,4112108,16,12,0,3,2
45014,2023,3,29,4,3,116,201,3503901,52,9,1,2,2
44970,2023,2,13,2,2,101,194,4202305,78,9,1,2,2
45014,2023,3,29,4,3,153,185,5221601,20,12,0,5,2
45014,2023,3,29,4,3,153,"61,7",3549805,52,9,1,2,2
45014,2023,3,29,4,3,20,21,5300108,67,2,1,3,2
45014,2023,3,29,4,3,226,385,2413557,80,7,0,2,2
45014,2023,3,29,4,3,282,624,4207759,16,12,0,2,2
45014,2023,3,29,4,3,343,343,2211001,16,12,1,2,2
45014,2023,3,29,4,3,381,925,3133600,83,20,1,1,1
45014,2023,3,29,4,3,116,13,2304400,80,7,1,2,2
45014,2023,3,29,4,3,116,220,3518800,82,12,1,3,3
45014,2023,3,29,4,3,277,"718,5",4108304,60,2,0,2,2
45014,2023,3,29,4,3,101,117,4208203,33,11,1,2,2
45014,2023,3,29,4,3,277,"718,8",4108304,58,12,0,3,2
45014,2023,3,29,4,3,163,251,3169109,13,20,0,2,1
45014,2023,3,29,4,3,116,225,3518800,78,12,0,5,3
45010,2023,3,25,7,1,376,"50,8",5005103,49,12,0,4,2
45014,2023,3,29,4,3,135,4,2111300,67,15,1,4,4
45014,2023,3,29,4,3,110,"47,3",2408003,11,12,1,2,2
45014,2023,3,29,4,3,158,"145,6",4313904,67,10,0,2,2
45014,2023,3,29,4,3,101,98,2408102,52,12,1,2,2
45014,2023,3,29,4,3,60,"14,6",5200308,82,11,0,2,2
45014,2023,3,29,4,3,116,"511,9",3170057,11,21,0,1,1
45014,2023,3,29,4,3,116,103,4125506,33,11,1,6,2
45014,2023,3,29,4,4,70,8,5200258,12,12,1,2,2
44955,2023,1,29,1,2,101,"45,2",2407500,13,21,0,2,1
45014,2023,3,29,4,3,230,110,2506806,28,18,0,2,1
45014,2023,3,29,4,3,452,"0,1",5218805,37,9,1,2,2
45014,2023,3,29,4,4,282,82,4214300,4,3,0,3,1
45014,2023,3,29,4,4,163,"484,4",2401305,33,11,0,3,2
45014,2023,3,29,4,4,116,185,3303500,78,9,1,3,2
45014,2023,3,29,4,4,116,840,2933307,28,21,0,1,1
45014,2023,3,29,4,3,153,"467,3",4120309,64,21,0,1,1
45014,2023,3,29,4,3,163,"134,1",4104600,83,20,0,1,1
45014,2023,3,29,4,4,116,276,3168606,57,21,1,2,1
45014,2023,3,29,4,4,101,879,2931350,20,11,1,2,2
45014,2023,3,29,4,3,116,276,3168606,57,21,1,1,1
45014,2023,3,29,4,3,101,119,4208203,16,12,1,2,2
45014,2023,3,29,4,3,364,512,1100023,1,7,0,2,2
45014,2023,3,29,4,3,287,"355,1",4311106,38,20,0,1,1
45014,2023,3,29,4,3,116,"654,8",3161403,30,12,0,2,2
45014,2023,3,29,4,4,116,184,3546801,49,4,0,2,2
45014,2023,3,29,4,3,101,"323,5",2925758,1,11,0,2,2
45014,2023,3,29,4,4,116,271,3552809,6,11,1,3,2
45014,2023,3,29,4,4,10,354,1506609,2,2,1,3,2
45014,2023,3,29,4,4,230,"167,4",2504009,11,7,0,2,2
45014,2023,3,29,4,4,392,265,4302808,4,4,0,4,1
45014,2023,3,29,4,4,40,124,3301702,67,12,1,12,5
45014,2023,3,29,4,4,80,5,5300108,49,12,0,3,2
45014,2023,3,29,4,4,116,226,3518800,67,12,1,2,2
45014,2023,3,29,4,4,101,904,2912806,82,7,0,1,1
45015,2023,3,30,5,1,50,"87,1",3170206,18,20,0,3,1
45015,2023,3,30,5,1,101,"286,5",3201308,28,18,1,1,1
45015,2023,3,30,5,1,290,114,4306767,11,20,0,2,1
45015,2023,3,30,5,2,101,42,2606804,1,11,1,2,2
45015,2023,3,30,5,1,262,"418,1",3147105,83,3,0,2,1
45015,2023,3,30,5,2,415,58,2914802,11,20,0,3,1
45015,2023,3,30,5,1,364,733,1100205,60,2,0,2,2
45015,2023,3,30,5,1,116,212,3518800,80,7,0,3,3
45015,2023,3,30,5,2,101,"199,6",4216602,78,12,0,2,2
45015,2023,3,30,5,2,277,726,4108304,4,20,0,1,1
45015,2023,3,30,5,2,158,"219,9",4306106,51,20,0,1,1
45015,2023,3,30,5,1,116,212,3518800,16,12,1,3,2
45015,2023,3,30,5,2,316,269,2708907,1,11,1,2,2
45015,2023,3,30,5,2,448,"4,9",4307708,16,15,0,3,3
45015,2023,3,30,5,2,70,523,2211407,1,11,1,2,2
45015,2023,3,30,5,2,101,113,4208203,1,11,0,2,2
45015,2023,3,30,5,2,101,94,2408102,16,12,1,2,2
45015,2023,3,30,5,2,20,4,5300108,52,9,1,2,2
45015,2023,3,30,5,2,476,150,4101804,16,12,0,7,7
45015,2023,3,30,5,2,101,275,3305752,11,2,1,2,2
45015,2023,3,30,5,2,116,110,4106902,83,20,1,1,1
45015,2023,3,30,5,1,230,679,1500602,25,12,0,30,2
45015,2023,3,30,5,2,386,356,4307807,1,11,0,2,2
44979,2023,2,22,4,2,324,"519,9",2910800,16,15,1,2,1
45015,2023,3,30,5,2,262,"478,8",3107406,1,11,0,2,2
45015,2023,3,30,5,2,158,204,4306106,18,20,0,1,1
45015,2023,3,30,5,2,230,14,2503209,1,2,1,4,3
44950,2023,1,24,3,3,282,"115,8",4200705,83,20,0,1,1
45015,2023,3,30,5,2,101,35,4209102,67,4,0,2,1
45015,2023,3,30,5,2,101,66,2910503,9,1,0,2,2
45015,2023,3,30,5,2,104,"2,2",2615003,83,4,0,5,1
45002,2023,3,17,6,4,101,120,3203205,67,12,0,2,2
45015,2023,3,30,5,2,116,138,3301702,52,21,0,2,1
45015,2023,3,30,5,2,116,255,3304003,11,3,0,1,1
45015,2023,3,30,5,2,20,22,5300108,67,20,1,2,1
45015,2023,3,30,5,2,262,"37,5",3139409,28,20,0,2,2
45015,2023,3,30,5,2,101,123,2503001,15,4,0,1,1
45015,2023,3,30,5,3,40,"135,8",3136306,11,21,0,1,1
45015,2023,3,30,5,1,230,673,1500602,67,20,0,2,1
45015,2023,3,30,5,3,116,"246,7",4318705,16,12,1,3,2
45008,2023,3,23,5,1,158,97,5006309,35,12,1,2,2
44972,2023,2,15,4,1,356,108,3301157,11,3,0,1,1
45015,2023,3,30,5,3,324,617,2927408,63,21,1,1,1
45015,2023,3,30,5,3,101,200,4216602,11,12,1,4,2
45015,2023,3,30,5,2,364,13,1100304,67,9,1,2,2
45015,2023,3,30,5,3,282,"5,2",4216602,52,12,1,3,2
45015,2023,3,30,5,3,470,184,4322806,20,11,1,2,2
45015,2023,3,30,5,3,163,"487,5",2401305,1,11,1,3,2
45015,2023,3,30,5,3,230,"54,8",2110203,28,20,0,5,1
44979,2023,2,22,4,2,135,30,2101251,4,3,0,2,1
44939,2023,1,13,6,2,40,52,3303906,52,4,0,3,2
45011,2023,3,26,1,4,101,288,3301900,49,11,0,2,2
45003,2023,3,18,7,4,20,9,5300108,67,12,1,2,2
45015,2023,3,30,5,3,101,"66,5",3204906,16,12,1,2,2
45015,2023,3,30,5,2,158,515,4118501,49,4,0,1,1
45015,2023,3,30,5,3,163,690,5105259,1,11,1,2,2
45015,2023,3,30,5,3,158,"174,1",4314308,1,11,0,4,2
45015,2023,3,30,5,3,101,"139,6",3203205,52,9,0,2,2
45015,2023,3,30,5,3,101,"264,9",3205002,52,9,1,2,2
45015,2023,3,30,5,3,101,200,4216602,1,11,0,2,2
45015,2023,3,30,5,3,110,396,2929503,82,11,1,2,2
45015,2023,3,30,5,3,381,497,3106705,52,9,1,5,2
45015,2023,3,30,5,3,40,628,3118304,11,11,1,2,2
45015,2023,3,30,5,3,101,207,4216602,16,12,1,2,2
45015,2023,3,30,5,3,116,"281,6",3168606,1,11,0,2,2
45015,2023,3,30,5,3,116,276,3168606,67,12,1,2,2
44955,2023,1,29,1,4,364,342,1100122,28,4,0,4,1
45015,2023,3,30,5,3,101,38,4209102,11,4,1,1,1
45015,2023,3,30,5,3,50,104,3170107,67,21,0,1,1
45011,2023,3,26,1,4,470,"51,4",4202404,48,2,1,2,2
44960,2023,2,3,6,1,101,232,4211900,11,4,0,2,1
45015,2023,3,30,5,3,101,426,4217709,28,4,0,2,1
45015,2023,3,30,5,3,101,321,3303302,78,9,1,3,2
45015,2023,3,30,5,3,262,"363,8",3136652,83,15,1,3,3
45015,2023,3,30,5,3,101,"209,1",3301306,15,21,0,1,1
45005,2023,3,20,2,2,135,163,2903201,67,10,0,6,2
45015,2023,3,30,5,3,381,"489,6",3106705,78,9,1,3,2
44994,2023,3,9,5,1,101,209,4216602,52,9,1,3,3
45015,2023,3,30,5,3,101,"415,8",4201406,56,21,1,1,1