id_data,ano,mes,dia,id_dia_semana,periodo,br,km,id_municipio,id_causa_acidente,id_tipo_acidente,id_uso_solo,pessoas,veiculos
45022,2023,4,6,5,3,364,"14,5",1100304,1,9,1,2,2
45022,2023,4,6,5,3,470,74,4207502,1,11,1,4,2
45022,2023,4,6,5,3,101,"33,9",2703809,64,20,0,1,1
45022,2023,4,6,5,3,101,"109,4",4212502,67,20,0,3,2
45022,2023,4,6,5,2,425,114,1100106,52,9,0,3,2
45022,2023,4,6,5,3,101,"21,8",2803807,18,20,0,2,1
45022,2023,4,6,5,3,101,330,3304557,16,11,1,3,3
45022,2023,4,6,5,3,282,"226,6",4209300,11,20,0,2,1
45022,2023,4,6,5,3,60,"230,4",5205455,83,20,0,2,1
45022,2023,4,6,5,3,50,41,3103504,52,12,0,2,2
45022,2023,4,6,5,3,262,354,3106705,28,21,0,2,1
45022,2023,4,6,5,3,408,59,2615508,1,11,1,2,2
45022,2023,4,6,5,3,116,"271,9",3552809,11,12,1,4,2
45022,2023,4,6,5,3,376,616,4125506,16,12,1,2,2
45022,2023,4,6,5,3,230,157,2504009,33,11,0,2,2
45022,2023,4,6,5,3,116,827,2933307,51,4,1,1,1
45022,2023,4,6,5,3,101,49,3555406,67,12,1,2,2
45022,2023,4,6,5,3,101,103,2403251,16,12,0,3,2
45022,2023,4,6,5,3,60,47,5006275,52,11,0,2,2
45022,2023,4,6,5,3,60,344,5219712,1,12,1,3,2
45022,2023,4,6,5,3,101,309,3304904,11,12,0,2,2
45022,2023,4,6,5,3,262,"446,8",3145208,67,11,1,2,2
45022,2023,4,6,5,3,153,"60,1",3549805,67,12,1,2,2
45022,2023,4,6,5,3,101,575,3303807,16,12,0,3,2
45022,2023,4,6,5,3,101,472,3300100,11,2,1,2,2
45022,2023,4,6,5,3,232,"9,6",2607901,5,21,1,2,1
45022,2023,4,6,5,3,116,"147,8",3549904,67,21,1,1,1
45022,2023,4,6,5,3,316,"271,5",2708907,83,20,0,1,1
45022,2023,4,6,5,3,282,"45,7",4200606,80,12,0,2,2
45022,2023,4,6,5,3,267,"8,1",5001904,13,21,0,2,1
45022,2023,4,6,5,3,116,"527,8",3113404,16,12,1,2,2
45022,2023,4,6,5,4,101,311,3304904,11,11,1,2,2
45022,2023,4,6,5,3,232,26,2609402,52,9,0,2,2
45021,2023,4,5,4,4,116,142,2513158,2,11,0,6,2
45022,2023,4,6,5,4,153,"14,7",3519808,11,4,0,1,1
45022,2023,4,6,5,3,40,571,3131901,67,7,0,6,2
45022,2023,4,6,5,4,40,"552,9",3144805,1,2,1,2,2
45022,2023,4,6,5,3,146,"429,1",3144102,83,20,0,1,1
45022,2023,4,6,5,3,277,469,4117057,49,20,0,5,3
45022,2023,4,6,5,4,230,"4,6",2503209,25,20,1,1,1
45007,2023,3,22,4,2,163,"542,6",4102406,1,11,0,3,2
45022,2023,4,6,5,3,343,"216,2",2200400,35,2,0,2,2
45022,2023,4,6,5,4,116,0,4104006,67,4,0,2,1
45022,2023,4,6,5,3,116,"146,6",4305108,67,2,1,3,2
45022,2023,4,6,5,4,290,110,4306767,11,12,1,3,2
45022,2023,4,6,5,4,101,132,4202008,67,12,1,2,2
45022,2023,4,6,5,3,158,536,4118501,16,15,0,5,5
45022,2023,4,6,5,3,364,126,1200401,33,11,0,2,2
45022,2023,4,6,5,4,101,53,4209102,64,3,0,2,1
45022,2023,4,6,5,4,158,231,5007802,9,1,0,4,1
45022,2023,4,6,5,4,242,4,2903201,67,7,0,3,2
45022,2023,4,6,5,4,101,"258,9",3205002,9,1,1,1,1
45022,2023,4,6,5,4,471,"160,9",4315701,82,21,0,1,1
45022,2023,4,6,5,4,376,1,4125506,11,12,1,4,2
45022,2023,4,6,5,4,101,242,4211900,11,4,0,2,1
45022,2023,4,6,5,4,285,569,4318903,1,11,0,3,2
45022,2023,4,6,5,4,101,428,3302601,72,11,0,2,2
45022,2023,4,6,5,4,163,955,5106190,60,2,1,6,2
45022,2023,4,6,5,4,163,"679,1",5007406,60,2,1,3,2
45022,2023,4,6,5,4,277,"586,8",2303501,49,4,0,1,1
45022,2023,4,6,5,4,116,175,3305109,82,11,0,2,2
45022,2023,4,6,5,3,116,222,3303609,35,2,0,3,3
45022,2023,4,6,5,4,101,207,4216602,15,21,1,1,1
45022,2023,4,6,5,4,101,90,4202107,67,11,1,2,2
45022,2023,4,6,5,2,50,176,3170107,13,21,1,1,1
45022,2023,4,6,5,4,230,116,1504208,11,11,1,2,2
45022,2023,4,6,5,4,135,7,2111300,1,2,1,2,2
45022,2023,4,6,5,3,277,729,4108304,52,9,1,2,2
45022,2023,4,6,5,4,324,555,2901106,16,12,0,7,2
45022,2023,4,6,5,4,222,260,2304004,61,2,0,2,2
45022,2023,4,6,5,4,364,387,1100155,16,12,1,3,2
45022,2023,4,6,5,4,376,411,4127502,80,7,1,2,2
45022,2023,4,6,5,4,70,11,5300108,67,20,1,1,1
45022,2023,4,6,5,3,364,556,5107701,9,1,0,1,1
45022,2023,4,6,5,4,110,315,2900702,80,7,0,2,2
45022,2023,4,6,5,4,116,53,4212205,49,7,0,2,2
45023,2023,4,7,6,1,488,2,2500775,11,12,1,2,2
45023,2023,4,7,6,1,324,"539,6",2901106,28,18,0,3,1
45023,2023,4,7,6,1,101,96,4202107,56,9,0,3,2
45023,2023,4,7,6,1,277,"519,5",4109302,83,12,0,4,2
45023,2023,4,7,6,1,101,211,4211900,4,20,0,1,1
45023,2023,4,7,6,1,470,121,4206900,67,10,0,5,3
45023,2023,4,7,6,1,116,"425,1",4306056,16,12,0,2,1
45023,2023,4,7,6,1,369,79,4123907,49,11,0,4,3
45023,2023,4,7,6,1,116,230,3550308,52,12,1,2,2
45023,2023,4,7,6,1,381,284,3135001,67,12,0,4,2
45023,2023,4,7,6,1,101,28,3201605,11,21,0,1,1
45023,2023,4,7,6,1,470,280,4202875,80,7,0,2,2
45023,2023,4,7,6,1,470,70,4207502,4,20,0,3,1
45023,2023,4,7,6,1,282,"408,4",4105003,49,10,1,6,2
45023,2023,4,7,6,1,222,263,2304004,80,7,1,2,2
45023,2023,4,7,6,1,116,"516,6",3509254,64,20,0,2,1
45023,2023,4,7,6,1,470,"209,8",4216057,82,7,0,9,3
45023,2023,4,7,6,1,116,"273,9",3552809,11,12,1,2,2
45023,2023,4,7,6,1,153,660,5209101,49,20,1,1,1
45023,2023,4,7,6,1,101,356,4215455,11,20,1,1,1
45023,2023,4,7,6,2,262,561,3119807,18,20,0,2,1
45023,2023,4,7,6,2,381,"705,7",3138203,83,20,0,2,1
45023,2023,4,7,6,1,116,126,4107652,18,12,1,2,2
45023,2023,4,7,6,1,232,"58,6",2611309,11,20,1,4,2
45023,2023,4,7,6,2,324,623,2927408,11,21,1,1,1
45023,2023,4,7,6,2,60,37,5208707,33,11,1,4,2
45023,2023,4,7,6,2,116,47,4104006,11,3,0,2,1
45023,2023,4,7,6,2,116,"35,1",2305233,16,21,1,3,2
45023,2023,4,7,6,2,163,717,5007406,67,21,0,1,1
45023,2023,4,7,6,2,428,"179,6",2611101,11,3,0,4,1
45023,2023,4,7,6,2,101,"186,1",4202305,67,20,0,3,1
45023,2023,4,7,6,2,116,"150,1",4305108,52,9,1,3,2
45023,2023,4,7,6,2,116,"50,8",4104006,11,4,0,2,1
45023,2023,4,7,6,1,116,63,4104006,11,20,0,1,1
45023,2023,4,7,6,2,101,269,3205002,11,12,1,4,3
45023,2023,4,7,6,2,101,211,4211900,67,20,1,1,1
45023,2023,4,7,6,2,135,7,2111300,1,9,1,2,2
45023,2023,4,7,6,2,376,618,4125506,83,4,0,3,1
44931,2023,1,5,5,2,262,"28,7",3201902,80,7,0,2,2
45023,2023,4,7,6,2,381,"722,5",3113909,83,4,0,2,1
45023,2023,4,7,6,2,101,200,3301306,1,12,0,3,2
45023,2023,4,7,6,2,381,"728,5",3113909,4,20,0,3,1
45023,2023,4,7,6,2,381,"595,4",3114501,18,20,0,4,2
45023,2023,4,7,6,2,110,377,2907509,16,12,0,3,2
45023,2023,4,7,6,2,116,483,2925956,41,21,0,5,1
45023,2023,4,7,6,1,280,10,4216206,11,20,0,1,1
45023,2023,4,7,6,2,60,"79,5",5201108,83,20,0,1,1
45023,2023,4,7,6,2,376,407,4127502,67,20,0,1,1
45020,2023,4,4,3,3,401,1,1400100,1,9,0,4,2
45023,2023,4,7,6,2,101,"270,5",3205002,83,9,1,2,2
45023,2023,4,7,6,2,364,261,5105200,7,20,0,3,1
45023,2023,4,7,6,2,381,"660,4",3159902,11,4,0,3,1
45023,2023,4,7,6,2,40,463,3167202,67,12,0,9,2
45023,2023,4,7,6,2,376,"338,9",4117305,13,7,0,7,2
45023,2023,4,7,6,2,116,143,3549904,16,12,0,10,7
45023,2023,4,7,6,2,316,65,1502400,17,11,1,2,2
45023,2023,4,7,6,2,116,110,3554102,49,9,1,3,2
45023,2023,4,7,6,2,116,7,4104006,83,20,1,2,1
45023,2023,4,7,6,2,282,"0,3",4205407,83,20,1,4,1
45023,2023,4,7,6,2,101,213,4211900,33,11,1,2,2
45023,2023,4,7,6,2,116,500,3509254,67,20,0,3,1
45023,2023,4,7,6,2,116,300,4309308,67,12,1,2,2
45023,2023,4,7,6,2,163,841,5107909,20,12,0,2,2
45023,2023,4,7,6,2,101,"44,6",3555406,16,12,1,2,2
45023,2023,4,7,6,2,470,"122,9",4206900,4,7,0,3,2
45023,2023,4,7,6,2,101,193,4202305,11,20,1,3,1
45023,2023,4,7,6,2,365,656,3170206,49,20,0,2,1
45023,2023,4,7,6,2,116,39,4322509,67,11,1,7,3
45023,2023,4,7,6,2,101,"67,3",2611606,16,15,1,5,5
45023,2023,4,7,6,2,470,54,4202404,1,11,1,2,2
45023,2023,4,7,6,2,116,17,4104006,11,3,0,2,1
45023,2023,4,7,6,2,104,61,2705507,16,12,1,2,2
45023,2023,4,7,6,3,101,142,4208302,15,4,0,3,2
45023,2023,4,7,6,3,101,"190,9",4202305,83,4,1,3,1
45023,2023,4,7,6,2,40,471,3167202,49,20,0,2,2
45023,2023,4,7,6,2,381,315,3144706,83,20,0,3,1
45023,2023,4,7,6,2,381,756,3169307,15,20,0,2,1
45023,2023,4,7,6,3,101,52,3555406,72,11,0,3,2
45023,2023,4,7,6,2,153,490,4108502,2,9,1,2,2
45023,2023,4,7,6,2,60,54,5200100,13,20,0,2,1
45023,2023,4,7,6,3,405,152,2409407,67,9,1,2,2
45023,2023,4,7,6,3,282,6,4216602,64,11,1,2,2
45023,2023,4,7,6,2,262,"594,7",3111507,64,20,0,2,1
45023,2023,4,7,6,3,158,"512,8",4118501,51,4,0,2,2
45012,2023,3,27,2,2,324,516,2910800,1,11,1,2,2
45023,2023,4,7,6,3,447,12,3205200,67,21,1,1,1
45023,2023,4,7,6,3,101,"147,9",4208302,48,12,1,2,2
45023,2023,4,7,6,2,381,"708,3",3144607,83,11,0,2,2
45023,2023,4,7,6,2,282,"53,9",4200606,83,11,0,3,2
45023,2023,4,7,6,2,280,88,4204509,18,11,0,3,2
45023,2023,4,7,6,2,101,"384,4",4207007,18,12,0,2,2
45023,2023,4,7,6,3,381,"510,9",3162922,11,12,1,3,2
45023,2023,4,7,6,3,101,415,4201406,11,12,1,2,2
45023,2023,4,7,6,3,277,97,4106902,61,2,1,2,2
45023,2023,4,7,6,3,262,383,5008008,20,11,1,2,2
45023,2023,4,7,6,2,101,166,2908507,16,12,0,2,2
45023,2023,4,7,6,3,262,"41,5",3201902,1,11,0,2,2
45023,2023,4,7,6,3,381,940,3125101,83,20,0,2,1
45023,2023,4,7,6,3,381,"60,2",3528502,67,21,0,1,1
45023,2023,4,7,6,3,493,0,3301900,20,11,1,2,2
45023,2023,4,7,6,3,364,448,2211407,67,20,0,1,1
45023,2023,4,7,6,3,40,"524,9",3118601,1,12,1,3,2
45023,2023,4,7,6,3,282,"5,8",4216602,18,3,1,2,2
45023,2023,4,7,6,3,101,117,4208203,16,12,1,5,3
45023,2023,4,7,6,3,424,101,2704708,83,12,0,2,2
45023,2023,4,7,6,2,153,149,4128534,18,20,0,2,1
45023,2023,4,7,6,3,116,415,3526100,6,20,0,1,1
45023,2023,4,7,6,3,381,"651,2",3159902,15,20,0,2,1
45023,2023,4,7,6,3,381,"521,1",3109006,83,20,0,3,1
45023,2023,4,7,6,2,282,"273,6",4216800,64,7,0,8,2
45023,2023,4,7,6,3,116,120,4106902,16,12,1,7,6
45023,2023,4,7,6,3,101,542,3303807,15,20,0,1,1
45023,2023,4,7,6,3,381,940,3125101,11,4,0,2,1
45023,2023,4,7,6,3,364,330,5107800,67,20,0,1,1
45023,2023,4,7,6,3,153,594,2308906,63,20,0,5,2
45023,2023,4,7,6,3,376,445,4127502,67,20,0,1,1
45023,2023,4,7,6,3,60,"0,5",5300108,49,11,1,3,2
45023,2023,4,7,6,3,153,"359,8",5211800,49,20,0,1,1
45023,2023,4,7,6,3,116,343,2931509,16,12,0,3,2
45023,2023,4,7,6,3,158,"443,1",4316402,9,20,0,1,1
45023,2023,4,7,6,3,267,"126,2",3136702,83,20,0,1,1
45023,2023,4,7,6,3,116,103,3301850,15,21,0,1,1
45023,2023,4,7,6,3,262,769,3170107,67,20,0,1,1
45023,2023,4,7,6,3,405,61,2403707,15,20,0,1,1
45023,2023,4,7,6,3,230,"19,7",2507507,18,4,1,1,1
45023,2023,4,7,6,4,407,"162,5",1707702,80,7,0,6,2
45023,2023,4,7,6,3,222,"225,7",2312908,11,12,1,3,2
45023,2023,4,7,6,3,232,172,2601706,49,7,0,3,2
45023,2023,4,7,6,4,369,"202,2",4101408,35,2,1,3,2
45023,2023,4,7,6,4,414,"352,5",5205513,49,9,0,2,2
45023,2023,4,7,6,3,174,367,1400209,33,11,1,1,1
45023,2023,4,7,6,3,365,676,3142809,64,20,0,1,1
45023,2023,4,7,6,4,469,12,4108304,11,4,1,1,1
45023,2023,4,7,6,4,277,300,4109401,1,9,0,2,2
45023,2023,4,7,6,4,369,"152,7",4113700,11,9,0,3,2
45023,2023,4,7,6,3,163,259,3169109,49,20,0,1,1
45023,2023,4,7,6,4,116,8,4104006,1,9,1,2,2
45023,2023,4,7,6,4,364,"196,8",1100189,1,11,1,3,2
45023,2023,4,7,6,4,116,8,4104006,16,4,0,1,1
44990,2023,3,5,1,4,116,32,2612208,52,7,0,6,2
45023,2023,4,7,6,4,116,529,4304663,49,15,1,3,3
45023,2023,4,7,6,4,60,12,5200308,11,12,1,1,1
45023,2023,4,7,6,2,381,305,3103009,5,21,0,2,1
45023,2023,4,7,6,4,101,309,3304904,9,1,1,2,2
45023,2023,4,7,6,3,262,518,3138807,2,11,0,5,2
45023,2023,4,7,6,4,158,"391,5",4113304,13,20,0,1,1
45023,2023,4,7,6,4,116,"149,1",4305108,49,11,1,2,2
45023,2023,4,7,6,4,110,401,2929503,80,10,1,6,2
45023,2023,4,7,6,4,101,205,4216602,11,21,0,1,1
45023,2023,4,7,6,4,101,213,4211900,33,11,1,2,2
45023,2023,4,7,6,4,101,"189,8",4202305,83,3,0,3,1
45023,2023,4,7,6,4,101,140,2708600,49,12,1,2,2
45023,2023,4,7,6,4,101,"70,5",3301009,1,11,0,4,3
45023,2023,4,7,6,4,277,"589,2",2303501,49,7,1,8,3
45023,2023,4,7,6,4,135,"2,2",2111300,67,21,1,3,1
45023,2023,4,7,6,4,116,202,3503901,49,4,1,1,1
45023,2023,4,7,6,4,381,73,3550308,11,20,0,2,1
45023,2023,4,7,6,2,376,172,4115200,33,11,1,2,2
45023,2023,4,7,6,4,116,158,3524402,11,11,1,2,2
45023,2023,4,7,6,4,20,21,5300108,49,12,1,4,3
45023,2023,4,7,6,4,101,512,3300100,49,11,1,2,2
45023,2023,4,7,6,4,116,"301,8",3549953,11,12,0,6,2
45023,2023,4,7,6,3,158,724,5101803,9,1,0,2,1
45023,2023,4,7,6,4,304,45,2408003,49,4,0,1,1
45023,2023,4,7,6,4,116,124,4106902,11,4,0,1,1
45024,2023,4,8,7,1,163,668,5007406,11,4,0,1,1
45024,2023,4,8,7,1,116,"227,8",4306403,80,7,1,3,2
45023,2023,4,7,6,4,101,55,2801504,67,20,0,6,1
45023,2023,4,7,6,4,40,121,3301702,67,4,1,1,1
45024,2023,4,8,7,1,116,125,4107652,11,20,1,1,1
45023,2023,4,7,6,4,163,"316,3",5007208,83,20,0,2,1
45024,2023,4,8,7,1,101,85,4202107,36,12,1,3,3
45024,2023,4,8,7,1,116,"142,9",4305108,67,4,0,1,1
45024,2023,4,8,7,1,242,605,2922250,18,21,0,3,1
45024,2023,4,8,7,1,222,"0,9",2304400,11,4,1,1,1
45024,2023,4,8,7,1,116,515,3509254,67,20,0,2,1
45024,2023,4,8,7,1,116,266,3306305,15,4,0,1,1
45024,2023,4,8,7,1,116,"36,7",3508603,67,4,0,4,1
45024,2023,4,8,7,1,101,150,3203205,52,9,1,4,3
45024,2023,4,8,7,2,381,441,3156700,11,20,1,6,1
45024,2023,4,8,7,1,40,109,3301702,64,21,0,1,1
45024,2023,4,8,7,1,153,730,1707652,28,18,0,1,1
45024,2023,4,8,7,2,116,131,3302502,18,20,1,2,1
45020,2023,4,4,3,2,101,316,3304904,16,12,0,2,2
45024,2023,4,8,7,1,116,111,2513158,55,20,0,1,1
45024,2023,4,8,7,2,104,"86,3",2600302,1,11,1,2,2
45024,2023,4,8,7,2,101,1,2607901,1,11,1,2,2
45024,2023,4,8,7,2,101,96,2408102,11,11,1,3,2
45024,2023,4,8,7,2,101,66,3301009,67,21,1,1,1
45024,2023,4,8,7,2,101,80,2607901,15,21,1,1,1
45024,2023,4,8,7,2,116,"562,5",3505401,67,20,0,4,1
45024,2023,4,8,7,2,376,"175,6",4115200,67,12,0,2,2
45024,2023,4,8,7,2,40,83,3303906,83,20,0,1,1
45024,2023,4,8,7,2,365,"13,8",3143302,20,12,0,5,2
45024,2023,4,8,7,2,393,274,3300308,83,20,0,1,1
45024,2023,4,8,7,2,210,86,1600535,13,20,0,4,1
45024,2023,4,8,7,2,101,"416,5",3302601,15,20,0,2,1
45024,2023,4,8,7,2,101,449,3302601,80,7,1,4,2
45024,2023,4,8,7,2,104,"139,5",2512507,67,2,1,3,2
45024,2023,4,8,7,2,101,"355,4",4215455,28,18,0,1,1
45024,2023,4,8,7,2,116,"113,8",4106902,16,12,1,3,2
45024,2023,4,8,7,2,101,489,3300100,16,12,1,2,2
45024,2023,4,8,7,2,469,14,4108304,1,11,1,2,2
45024,2023,4,8,7,2,267,"10,9",3138401,67,20,0,2,1
45024,2023,4,8,7,2,230,11,2503209,15,21,1,2,1
45024,2023,4,8,7,2,116,122,3302502,16,12,0,2,2
45024,2023,4,8,7,2,401,1,1400100,44,9,0,3,3
45024,2023,4,8,7,2,381,358,3136207,1,11,1,6,2
45024,2023,4,8,7,2,40,"10,6",5212501,16,20,1,3,1
45024,2023,4,8,7,2,40,"10,6",5212501,1,12,1,4,2
45024,2023,4,8,7,2,405,"1,6",2516904,11,11,0,5,2
45024,2023,4,8,7,2,116,"149,9",4305108,49,12,1,3,3
45012,2023,3,27,2,2,324,612,2927408,35,2,1,2,2
45024,2023,4,8,7,2,277,725,4108304,44,12,1,7,2
45024,2023,4,8,7,2,116,17,4105805,83,4,1,1,1
45024,2023,4,8,7,2,116,23,2306256,4,4,0,2,1
45024,2023,4,8,7,2,10,"239,4",2105302,16,12,0,2,2
45024,2023,4,8,7,2,101,295,3301900,16,12,1,3,2
45024,2023,4,8,7,2,467,"77,8",3169109,52,20,0,1,1
45024,2023,4,8,7,2,40,"1,4",5221858,52,12,1,4,2
45024,2023,4,8,7,2,277,17,4118204,28,18,0,1,1
45024,2023,4,8,7,2,153,435,5201108,16,12,1,2,2
45024,2023,4,8,7,2,116,191,3303500,13,4,0,2,1
45024,2023,4,8,7,3,101,36,3555406,1,11,1,2,2
45024,2023,4,8,7,2,230,14,2503209,16,12,1,2,2
45024,2023,4,8,7,3,232,20,2609402,4,20,0,2,1
45024,2023,4,8,7,3,101,23,2606200,28,20,0,1,1
45024,2023,4,8,7,3,304,"110,8",2400208,15,4,0,3,1
45024,2023,4,8,7,2,70,399,5103403,2,11,1,3,2
45024,2023,4,8,7,2,242,393,2929909,80,7,0,2,2
45016,2023,3,31,6,3,376,167,4115200,63,21,0,3,2
45024,2023,4,8,7,3,101,196,3301306,83,20,0,5,1
45024,2023,4,8,7,3,101,210,3301306,15,4,0,4,1
45024,2023,4,8,7,2,40,97,3301702,15,20,1,2,1
45024,2023,4,8,7,3,40,576,3131901,83,4,1,2,1
45024,2023,4,8,7,3,381,"446,5",2110005,11,20,0,1,1
45024,2023,4,8,7,3,50,123,5210109,67,20,0,1,1
45024,2023,4,8,7,3,381,77,3528502,67,4,0,1,1
45024,2023,4,8,7,3,116,"326,1",3526209,67,4,1,2,1
45024,2023,4,8,7,3,470,62,4207502,1,11,0,3,2
45024,2023,4,8,7,3,290,"103,5",4306767,12,12,0,5,2
45024,2023,4,8,7,3,101,41,4209102,83,4,0,1,1
45024,2023,4,8,7,3,230,"407,4",2512101,83,2,1,2,2
45024,2023,4,8,7,3,40,38,3300225,67,4,0,2,1
45024,2023,4,8,7,3,40,12,3300951,49,4,0,5,2
45024,2023,4,8,7,2,174,247,5105002,1,11,0,6,3
45024,2023,4,8,7,3,364,"237,5",1100049,1,11,0,2,2
45024,2023,4,8,7,3,101,285,3301900,44,12,1,3,3
45024,2023,4,8,7,3,101,87,3301009,15,4,0,3,1
45024,2023,4,8,7,3,116,"94,8",3301850,11,7,0,2,2
45024,2023,4,8,7,3,393,"249,2",3300308,1,9,1,3,2
45024,2023,4,8,7,3,101,416,3302601,64,20,0,10,3
45024,2023,4,8,7,3,235,49,2506905,1,11,1,2,2
45024,2023,4,8,7,3,116,"672,9",3142106,28,4,1,1,1
45024,2023,4,8,7,3,230,26,2507507,15,2,1,2,2
45024,2023,4,8,7,3,459,86,3117900,2,7,1,2,2
45024,2023,4,8,7,3,290,"4,8",4313508,49,20,0,4,1
45024,2023,4,8,7,3,280,"255,9",4203808,67,4,0,1,1
45024,2023,4,8,7,3,222,"3,9",2303709,20,11,1,2,2
45024,2023,4,8,7,4,222,"3,9",2303709,35,2,1,2,2
45024,2023,4,8,7,3,369,431,4112959,28,21,0,4,2
45024,2023,4,8,7,4,476,111,4105805,83,7,0,4,2
45024,2023,4,8,7,4,470,"218,8",4302105,83,7,0,5,4
45024,2023,4,8,7,4,116,"702,4",3143906,61,2,0,2,2
45024,2023,4,8,7,4,40,"11,8",5212501,61,2,1,2,2
45024,2023,4,8,7,3,40,"629,2",3118304,5,21,1,2,2
45024,2023,4,8,7,4,40,529,3118601,15,15,1,4,3
45024,2023,4,8,7,3,381,"479,4",3118601,11,12,1,2,2
45024,2023,4,8,7,3,304,"54,9",2301109,1,11,1,2,2
45024,2023,4,8,7,4,101,295,3201308,15,21,1,1,1
45024,2023,4,8,7,4,153,176,5204706,67,11,1,6,2
45024,2023,4,8,7,3,364,709,1100205,67,7,0,2,2
45024,2023,4,8,7,3,101,205,4205407,13,20,1,4,1
45024,2023,4,8,7,3,381,"732,4",3113909,67,3,0,1,1
45024,2023,4,8,7,4,280,"229,9",4203808,49,2,0,4,2
45024,2023,4,8,7,3,163,"103,9",4216701,49,20,1,1,1
45024,2023,4,8,7,4,101,169,3302403,82,9,0,2,2
45024,2023,4,8,7,4,381,895,3110608,52,12,0,6,2
45024,2023,4,8,7,4,290,69,4309209,49,20,0,1,1
45024,2023,4,8,7,4,324,"575,5",2929503,11,20,0,1,1
45024,2023,4,8,7,3,230,"99,5",2111102,80,7,0,5,2
45024,2023,4,8,7,3,230,7,2101509,67,20,1,3,1
45024,2023,4,8,7,4,116,"194,9",3304144,11,12,0,3,2
45024,2023,4,8,7,4,116,272,3552809,49,12,1,2,2
45024,2023,4,8,7,4,40,617,3118007,67,20,0,4,1
45024,2023,4,8,7,4,163,53,3514809,60,2,0,2,2
45024,2023,4,8,7,4,158,534,4118501,49,12,0,3,2
45024,2023,4,8,7,4,101,"90,4",2804805,49,20,1,1,1
45024,2023,4,8,7,4,10,253,2105302,82,7,1,3,3
45024,2023,4,8,7,4,428,185,2611101,48,2,1,2,2
45024,2023,4,8,7,3,226,"2,2",2112209,49,4,0,2,2
45024,2023,4,8,7,4,381,839,3164407,13,20,0,1,1
45024,2023,4,8,7,4,116,134,3302502,11,11,1,2,2
45024,2023,4,8,7,4,135,261,2102754,80,7,0,6,2
45024,2023,4,8,7,4,135,187,2903201,16,12,0,3,2
45024,2023,4,8,7,4,116,157,3549904,67,21,1,1,1
45024,2023,4,8,7,4,153,107,4109708,60,2,1,2,2
45024,2023,4,8,7,4,267,"294,7",3104908,80,7,0,4,2
45024,2023,4,8,7,4,428,152,2611101,11,12,0,2,2
45025,2023,4,9,1,1,116,105,3554102,67,12,0,3,2
45025,2023,4,9,1,1,392,68,4314407,49,4,0,1,1
45025,2023,4,9,1,1,101,416,4201406,82,9,1,2,2
45025,2023,4,9,1,1,376,602,4106902,67,20,1,1,1
45025,2023,4,9,1,1,364,1064,1100205,9,21,0,2,1
45025,2023,4,9,1,1,116,98,4125506,49,4,0,1,1
45025,2023,4,9,1,1,40,513,3154606,49,3,0,1,1
45025,2023,4,9,1,1,40,516,3154606,49,20,1,2,1
45025,2023,4,9,1,1,101,"225,8",4211900,49,9,0,3,2
45025,2023,4,9,1,1,116,"557,9",3505401,11,20,0,3,1
45025,2023,4,9,1,1,116,"66,8",3305802,46,4,0,1,1
45025,2023,4,9,1,1,467,"95,8",2303501,49,7,0,3,2
45025,2023,4,9,1,1,116,294,3300407,18,4,0,1,1
45025,2023,4,9,1,1,282,"3,9",4205407,83,12,1,2,2
45025,2023,4,9,1,1,174,"511,5",1400100,67,7,0,2,2
45025,2023,4,9,1,1,146,403,3128709,80,10,0,2,2
45025,2023,4,9,1,1,101,"360,1",4215455,49,20,1,1,1
45025,2023,4,9,1,1,476,119,4105805,67,4,1,1,1
45025,2023,4,9,1,1,101,129,2412203,15,3,0,3,1
45025,2023,4,9,1,1,153,30,5218003,11,20,0,4,1
45024,2023,4,8,7,4,324,"515,9",2910800,52,11,1,4,2
45025,2023,4,9,1,1,101,"402,8",4210407,11,12,0,11,4
45025,2023,4,9,1,2,116,224,3518800,67,4,0,1,1
45025,2023,4,9,1,2,135,"3,9",2111300,11,12,0,2,2
45025,2023,4,9,1,2,381,"907,2",3110608,83,20,0,2,1
45025,2023,4,9,1,2,101,"41,7",4209102,11,3,1,2,1
45025,2023,4,9,1,1,50,55,3170206,49,20,0,1,1
45025,2023,4,9,1,2,163,733,5107925,49,4,0,3,1
45024,2023,4,8,7,4,364,"384,9",1100155,2,10,1,6,3
45025,2023,4,9,1,2,101,75,3301009,67,4,0,1,1
45025,2023,4,9,1,2,222,"215,9",2312908,67,7,0,2,2
45025,2023,4,9,1,2,285,323,4314100,80,7,0,5,2
45025,2023,4,9,1,2,40,10,5212501,49,11,1,4,2
45025,2023,4,9,1,2,282,447,4207809,11,4,0,1,1
45025,2023,4,9,1,2,101,49,4209102,1,9,0,2,1
45025,2023,4,9,1,2,101,205,3301306,64,12,1,3,2
45025,2023,4,9,1,1,153,58,4207809,33,11,0,3,2
45025,2023,4,9,1,2,116,25,4104006,67,3,0,2,1
45025,2023,4,9,1,2,381,"520,9",3109006,21,3,0,5,2
45025,2023,4,9,1,2,285,392,4316709,66,20,0,5,1
45025,2023,4,9,1,1,476,149,4101804,11,20,1,1,1
45025,2023,4,9,1,2,381,504,3106705,52,12,0,6,3
45025,2023,4,9,1,2,101,118,4208203,52,9,0,3,2
45025,2023,4,9,1,2,476,99,4103107,11,7,0,2,2
45025,2023,4,9,1,2,116,504,3509254,67,20,0,2,1
45025,2023,4,9,1,2,381,454,3106200,16,15,1,6,4
45025,2023,4,9,1,2,230,"26,7",2507507,16,12,1,2,2
45025,2023,4,9,1,2,116,234,4313409,16,12,1,2,2
45025,2023,4,9,1,2,101,"206,9",4216602,44,15,1,11,10
45025,2023,4,9,1,2,470,33,4205902,18,12,1,3,2
45025,2023,4,9,1,2,316,621,2112209,18,10,1,2,2
45025,2023,4,9,1,2,280,241,4203808,20,9,0,3,2
45025,2023,4,9,1,2,101,205,2616506,5,20,0,3,1
45025,2023,4,9,1,2,70,16,5300108,1,11,0,2,2