id_data,ano,mes,dia,id_dia_semana,periodo,br,km,id_municipio,id_causa_acidente,id_tipo_acidente,id_uso_solo,pessoas,veiculos
45028,2023,4,12,4,4,101,420,4201406,61,2,0,2,2
45028,2023,4,12,4,4,381,946,3125101,16,12,0,5,2
45028,2023,4,12,4,3,376,334,4117305,1,11,0,3,2
45028,2023,4,12,4,3,116,180,3303500,52,9,1,2,2
45028,2023,4,12,4,3,470,"9,5",4211306,34,4,1,1,1
45028,2023,4,12,4,4,376,"191,9",4114807,1,11,0,4,2
45028,2023,4,12,4,4,116,"394,3",4303509,49,21,0,1,1
45028,2023,4,12,4,4,386,"45,3",4320206,80,7,0,6,2
45028,2023,4,12,4,4,101,168,4218004,11,12,0,2,2
45028,2023,4,12,4,4,376,"616,8",4125506,67,4,0,1,1
45028,2023,4,12,4,4,153,393,1718709,34,12,1,2,2
45028,2023,4,12,4,3,116,"275,9",3168606,62,21,1,1,1
45028,2023,4,12,4,4,369,"4,2",4104303,46,12,0,2,2
45028,2023,4,12,4,3,70,9,5300108,67,20,1,1,1
45028,2023,4,12,4,4,101,"275,9",4207304,67,9,0,2,2
45028,2023,4,12,4,4,40,113,3301702,67,9,1,2,1
44980,2023,2,23,5,4,101,60,2611606,3,21,1,1,1
45028,2023,4,12,4,4,40,467,3167202,1,2,0,2,2
45028,2023,4,12,4,4,163,479,2401305,11,21,1,1,1
45028,2023,4,12,4,3,50,90,3170206,13,3,0,1,1
45028,2023,4,12,4,4,116,"8,1",2933307,9,1,1,1,1
45028,2023,4,12,4,4,470,219,4216057,83,12,0,1,1
45028,2023,4,12,4,4,101,324,4203956,67,21,0,1,1
45028,2023,4,12,4,3,158,90,5006309,11,4,0,1,1
45029,2023,4,13,5,1,153,435,5201108,49,4,1,1,1
45028,2023,4,12,4,4,116,"515,3",3170057,83,3,0,2,2
45029,2023,4,13,5,1,116,336,3526209,83,20,1,1,1
45028,2023,4,12,4,4,267,"113,6",5006200,67,20,0,2,1
45029,2023,4,13,5,1,101,70,2611606,67,3,1,1,1
45029,2023,4,13,5,1,369,"156,9",4113700,49,12,1,5,2
45029,2023,4,13,5,1,324,619,2927408,16,12,0,5,2
45029,2023,4,13,5,1,232,257,2601201,9,1,1,3,1
45026,2023,4,10,2,2,116,"37,3",3508603,51,20,0,1,1
45028,2023,4,12,4,3,470,66,4207502,1,11,0,3,2
45029,2023,4,13,5,2,101,96,2408102,60,2,1,3,3
45029,2023,4,13,5,2,386,345,1712009,35,2,1,2,2
45029,2023,4,13,5,2,70,15,5300108,18,4,1,2,1
45029,2023,4,13,5,2,116,"246,3",4318705,60,2,1,2,2
45029,2023,4,13,5,1,364,207,5107602,67,12,1,2,2
45029,2023,4,13,5,2,158,"529,9",4118501,28,21,0,2,1
45026,2023,4,10,2,1,101,193,4202305,67,20,1,1,1
45029,2023,4,13,5,2,277,"99,9",4106902,52,9,0,4,2
45029,2023,4,13,5,2,476,116,4105805,60,2,1,2,2
45029,2023,4,13,5,2,101,84,2312403,9,1,1,1,1
45029,2023,4,13,5,2,158,"530,6",4118501,78,11,1,2,2
45029,2023,4,13,5,2,364,344,1100122,52,12,1,4,3
45009,2023,3,24,6,4,101,78,2611606,60,2,1,2,2
45029,2023,4,13,5,2,230,23,2507507,78,21,1,1,1
45029,2023,4,13,5,2,285,"253,1",4300059,80,10,0,2,2
45029,2023,4,13,5,2,324,"535,5",2908507,16,15,0,4,4
45029,2023,4,13,5,2,101,"386,7",3204401,16,12,0,4,2
45029,2023,4,13,5,2,369,"449,9",4128005,1,11,1,2,2
45029,2023,4,13,5,2,116,79,3305802,1,21,0,1,1
45029,2023,4,13,5,2,277,345,4109401,1,11,1,3,2
45029,2023,4,13,5,2,101,52,3301009,35,2,0,3,2
45025,2023,4,9,1,4,277,70,4125506,83,20,0,1,1
45029,2023,4,13,5,2,232,"105,6",2601904,28,20,0,4,1
45023,2023,4,7,6,3,415,29,2913606,57,12,0,3,2
45029,2023,4,13,5,2,101,84,2501807,11,15,1,4,3
45029,2023,4,13,5,2,101,"216,2",4211900,52,9,0,5,3
45029,2023,4,13,5,2,40,"55,6",3303906,20,12,1,6,3
45029,2023,4,13,5,2,158,"85,7",4302154,83,20,0,1,1
45020,2023,4,4,3,3,316,141,2403251,11,12,0,2,2
45029,2023,4,13,5,2,381,16,3507605,67,4,0,1,1
45029,2023,4,13,5,2,101,"87,5",2507507,52,9,1,2,2
45029,2023,4,13,5,2,101,817,2915601,83,20,0,4,1
45029,2023,4,13,5,2,153,504,5201405,82,9,1,2,1
45029,2023,4,13,5,2,101,"491,7",3300100,82,10,1,2,2
45029,2023,4,13,5,2,392,352,2409332,1,11,1,2,2
45029,2023,4,13,5,2,110,17,2924009,49,20,0,2,1
44971,2023,2,14,3,2,116,"826,3",2933307,20,11,1,3,2
45029,2023,4,13,5,3,290,92,4314902,11,4,0,1,1
45029,2023,4,13,5,2,153,52,4307005,83,12,0,2,2
45029,2023,4,13,5,3,285,"519,3",4323754,82,9,0,8,3
45029,2023,4,13,5,3,282,1,4205407,51,15,0,5,5
45029,2023,4,13,5,3,153,57,3549805,13,20,1,4,1
45029,2023,4,13,5,2,470,136,4214805,20,7,0,6,2
45029,2023,4,13,5,3,101,159,4213500,78,9,0,2,2
45029,2023,4,13,5,3,324,"514,1",2910800,82,7,1,2,2
45029,2023,4,13,5,3,101,127,4202008,1,12,0,3,2
45029,2023,4,13,5,3,101,"45,6",2606804,49,9,1,2,2
45029,2023,4,13,5,3,230,120,1504208,13,21,1,2,1
44972,2023,2,15,4,3,101,126,3203205,80,7,1,2,2
45029,2023,4,13,5,3,293,12,4304663,1,11,0,2,2
45011,2023,3,26,1,3,376,"369,7",4117305,7,20,1,2,1
45029,2023,4,13,5,3,116,671,3142106,67,20,0,1,1
45029,2023,4,13,5,3,101,294,3201308,11,12,1,3,3
45029,2023,4,13,5,3,163,114,5004601,67,20,0,4,2
45029,2023,4,13,5,3,364,14,1100304,1,11,1,3,2
45005,2023,3,20,2,2,101,261,3205002,16,21,0,2,2
45029,2023,4,13,5,3,101,45,3555406,1,11,1,3,2
45029,2023,4,13,5,3,116,0,4120804,67,2,0,2,2
45029,2023,4,13,5,3,232,51,2616407,52,9,0,2,2
45029,2023,4,13,5,3,153,"436,5",5201108,28,21,1,2,1
45029,2023,4,13,5,3,101,92,2804805,63,21,1,1,1
45029,2023,4,13,5,3,101,507,3300100,49,9,0,2,2
45029,2023,4,13,5,3,116,"36,5",3508603,11,7,0,2,2
45029,2023,4,13,5,3,116,323,3302254,29,12,1,2,2
45029,2023,4,13,5,3,235,"72,8",2802304,33,11,1,2,2
45029,2023,4,13,5,3,116,571,3139409,12,7,0,5,2
45029,2023,4,13,5,3,116,23,2301000,1,11,0,2,2
45012,2023,3,27,2,2,361,27,2513802,16,12,0,2,2
45029,2023,4,13,5,4,116,219,3518800,67,12,1,3,2
45029,2023,4,13,5,3,316,20,2601102,1,11,0,2,2
45029,2023,4,13,5,3,101,98,2408102,16,12,1,2,2
45029,2023,4,13,5,3,369,"153,9",4113700,1,11,1,3,2
45029,2023,4,13,5,4,101,321,3303302,11,9,1,2,2
45029,2023,4,13,5,4,381,491,3106705,11,4,0,2,2
45029,2023,4,13,5,4,232,82,2606408,1,20,1,1,1
45029,2023,4,13,5,4,116,124,3508504,16,15,0,10,5
45029,2023,4,13,5,4,153,"503,7",5208707,67,12,1,2,2
45029,2023,4,13,5,4,40,"4,1",5300108,78,9,0,2,2
45029,2023,4,13,5,3,476,120,4105805,1,9,1,3,2
45029,2023,4,13,5,2,101,412,4201406,11,20,1,1,1
45029,2023,4,13,5,4,101,"119,7",4208203,78,9,1,3,3
45029,2023,4,13,5,4,135,"6,7",2111300,67,2,1,2,2
45029,2023,4,13,5,3,471,"596,2",4317301,16,12,0,3,2
45029,2023,4,13,5,3,50,"183,5",3170107,63,21,1,2,2
45023,2023,4,7,6,3,232,"438,1",2613909,67,3,0,1,1
45029,2023,4,13,5,4,316,"428,5",2108454,9,1,0,1,1
45029,2023,4,13,5,4,116,150,4305108,1,2,1,2,2
45029,2023,4,13,5,3,101,"337,5",3202405,49,21,0,1,1
45029,2023,4,13,5,3,153,"91,3",4204301,67,9,0,3,3
45029,2023,4,13,5,2,116,"275,8",3168606,29,21,1,1,1
45029,2023,4,13,5,4,476,147,4101804,52,9,0,2,2
45029,2023,4,13,5,4,163,593,5106224,11,20,1,1,1
45029,2023,4,13,5,4,373,174,4119905,11,11,1,2,2
45029,2023,4,13,5,4,116,250,4318705,5,4,1,1,1
45030,2023,4,14,6,1,116,7,2304400,80,7,1,2,2
45030,2023,4,14,6,1,277,362,4109401,11,20,0,17,1
45030,2023,4,14,6,1,369,"157,9",4113700,49,20,0,1,1
45030,2023,4,14,6,1,381,861,3152501,67,20,0,1,1
45030,2023,4,14,6,1,376,"215,5",4112108,49,10,0,3,2
45030,2023,4,14,6,1,101,84,2408102,49,9,1,2,2
45029,2023,4,13,5,4,101,339,2931608,60,2,1,2,2
45030,2023,4,14,6,1,116,"269,3",3552809,17,11,1,4,2
45030,2023,4,14,6,2,116,217,3518800,52,12,1,2,2
45030,2023,4,14,6,2,381,"488,6",3106705,2,2,0,2,2
45030,2023,4,14,6,2,415,52,2914802,1,9,1,2,2
45030,2023,4,14,6,2,101,186,4202305,11,20,0,2,1
45030,2023,4,14,6,2,470,143,4214805,33,11,1,3,2
45022,2023,4,6,5,2,101,"114,8",2500601,1,12,0,2,2
45030,2023,4,14,6,2,101,317,3304904,11,12,1,2,2
45030,2023,4,14,6,2,40,3,5300108,78,9,0,2,2
45030,2023,4,14,6,2,101,201,4216602,11,12,0,2,2
45030,2023,4,14,6,2,101,98,2408102,11,12,1,4,4
45030,2023,4,14,6,2,101,109,2403251,52,11,0,3,2
45030,2023,4,14,6,2,101,"190,9",4202305,83,4,1,2,2
45030,2023,4,14,6,2,476,123,4106902,52,9,1,2,2
45030,2023,4,14,6,2,116,196,3304144,13,9,0,2,2
44982,2023,2,25,7,1,364,689,1100809,60,2,0,4,2
45030,2023,4,14,6,2,364,708,1100205,16,12,1,2,2
45030,2023,4,14,6,2,376,"309,7",4117305,64,21,0,1,1
45030,2023,4,14,6,2,381,481,3118601,11,12,1,4,3
45030,2023,4,14,6,2,70,"1,5",5200258,78,12,0,3,2
45030,2023,4,14,6,2,101,"217,4",4211900,83,4,0,1,1
45030,2023,4,14,6,2,20,1,5300108,16,12,1,2,2
45030,2023,4,14,6,2,280,"52,7",4206504,52,9,0,3,2
45030,2023,4,14,6,2,101,264,3205002,67,12,1,3,2
45030,2023,4,14,6,2,116,"145,4",3549904,16,15,1,5,3
45030,2023,4,14,6,2,101,"88,6",4202107,16,12,1,2,2
45030,2023,4,14,6,2,324,537,2901106,1,9,1,2,2
45030,2023,4,14,6,2,232,"414,7",2613909,82,9,1,2,2
45030,2023,4,14,6,2,230,17,2507507,67,12,1,2,2
45030,2023,4,14,6,2,116,"415,8",3526100,11,12,1,4,3
45030,2023,4,14,6,2,277,"167,8",4117701,11,20,1,1,1
45030,2023,4,14,6,2,381,"873,7",3124500,83,20,0,1,1
45030,2023,4,14,6,2,232,119,2604106,44,20,0,2,1
45030,2023,4,14,6,2,277,68,4125506,4,20,1,3,1
45030,2023,4,14,6,2,282,351,4203600,64,21,0,2,1
45030,2023,4,14,6,2,163,"680,9",5007406,67,11,1,3,2
45030,2023,4,14,6,2,101,419,4201406,33,2,1,2,2
45030,2023,4,14,6,2,40,121,3301702,67,21,1,1,1
45030,2023,4,14,6,2,381,"815,3",3113602,15,20,0,1,1
45030,2023,4,14,6,2,163,"252,9",5003702,11,4,0,1,1
45030,2023,4,14,6,3,158,330,2409332,1,11,1,4,2
45030,2023,4,14,6,2,40,15,5212501,48,2,0,2,2
45030,2023,4,14,6,3,153,692,5211503,83,20,0,1,1
45030,2023,4,14,6,3,381,"665,1",3149903,4,20,0,2,1
44932,2023,1,6,6,3,369,140,4109807,9,1,1,1,1
44959,2023,2,2,5,2,425,100,1100106,67,7,1,2,2
45030,2023,4,14,6,3,80,9,5300108,67,11,0,2,2
45030,2023,4,14,6,3,135,"16,1",2111300,67,11,0,2,2
45030,2023,4,14,6,3,101,224,4211900,11,12,0,2,2
45030,2023,4,14,6,3,290,1,4313508,15,20,0,2,1
45028,2023,4,12,4,3,386,"33,9",4308508,1,11,0,2,2
45030,2023,4,14,6,3,116,375,3529906,13,20,0,2,1
45030,2023,4,14,6,3,369,"458,8",4128005,20,11,1,6,3
44934,2023,1,8,1,3,40,"507,9",3154606,67,12,0,4,3
45030,2023,4,14,6,2,470,195,4213708,64,10,0,2,2
45025,2023,4,9,1,2,174,1003,1303536,4,20,0,1,1
45030,2023,4,14,6,2,101,59,3301009,16,12,1,4,2
45030,2023,4,14,6,3,262,"321,8",2401305,67,21,0,1,1
45030,2023,4,14,6,3,40,491,3124104,67,21,0,2,1
45030,2023,4,14,6,3,158,333,2409332,1,11,1,2,2
45030,2023,4,14,6,3,232,"31,9",2609402,67,4,0,1,1
45030,2023,4,14,6,2,282,"673,2",3535705,20,12,0,3,2
45030,2023,4,14,6,3,40,105,3301702,1,11,1,3,2
45030,2023,4,14,6,3,116,257,4307708,20,11,1,2,2
45030,2023,4,14,6,2,282,"237,9",4209300,83,20,0,1,1
45030,2023,4,14,6,3,50,195,3121258,67,20,0,2,1
45030,2023,4,14,6,3,40,19,5212501,64,12,1,2,2
45030,2023,4,14,6,3,376,181,4115200,11,12,1,2,2
45030,2023,4,14,6,3,381,54,3528502,16,12,1,2,2
45030,2023,4,14,6,3,316,110,1506609,1,11,0,3,2
44953,2023,1,27,6,2,116,177,3305109,44,12,0,2,2
45030,2023,4,14,6,3,381,706,3138203,4,20,0,1,1
45030,2023,4,14,6,3,116,"147,3",3549904,11,4,1,1,1
45022,2023,4,6,5,2,101,328,3304557,16,12,1,2,2
45030,2023,4,14,6,3,319,"62,9",1100205,16,12,1,5,2
45030,2023,4,14,6,3,116,"541,5",3505401,67,4,0,2,1
45030,2023,4,14,6,3,116,"765,5",3138401,67,21,1,1,1
45030,2023,4,14,6,3,60,39,5208707,78,9,1,2,2
45030,2023,4,14,6,3,476,"175,9",4106209,1,11,0,2,2
45030,2023,4,14,6,3,324,625,2927408,67,21,1,1,1
45030,2023,4,14,6,3,262,369,3136652,15,4,1,2,1
45030,2023,4,14,6,2,116,259,3304003,52,4,0,1,1
45030,2023,4,14,6,3,101,92,3301009,15,20,0,1,1
45030,2023,4,14,6,3,101,82,3301009,15,21,0,1,1
45030,2023,4,14,6,3,116,95,3301850,83,7,0,6,2
45030,2023,4,14,6,3,356,"266,3",3143906,33,11,1,2,2
45030,2023,4,14,6,3,116,189,3303500,67,12,1,2,2
45030,2023,4,14,6,3,116,239,4313409,16,12,1,2,2
45030,2023,4,14,6,3,110,48,2408003,11,12,1,2,2
45030,2023,4,14,6,3,101,"204,1",3203130,1,11,1,2,2
45030,2023,4,14,6,3,158,335,2409332,33,11,1,5,2
45030,2023,4,14,6,4,116,4,2304400,44,9,0,2,2
45030,2023,4,14,6,3,101,124,2412203,44,12,1,2,2
45030,2023,4,14,6,4,304,289,2407104,16,15,0,4,3
45030,2023,4,14,6,3,324,"623,9",2927408,52,9,0,2,2
45030,2023,4,14,6,3,40,139,3136306,28,20,0,1,1
45030,2023,4,14,6,4,153,"61,6",3549805,52,9,0,2,2
45030,2023,4,14,6,4,116,113,4106902,11,20,1,1,1
45030,2023,4,14,6,4,116,"7,5",2304400,83,11,1,3,2
45030,2023,4,14,6,4,470,109,4206900,82,7,0,2,2
45030,2023,4,14,6,3,153,"42,2",4124103,16,12,1,2,2
45019,2023,4,3,2,3,232,40,2616407,61,2,0,2,2
45030,2023,4,14,6,4,470,"56,2",4202404,67,12,1,3,3
45030,2023,4,14,6,3,40,27,3306008,15,20,0,1,1
45030,2023,4,14,6,4,40,"515,4",3154606,52,21,0,1,1
45030,2023,4,14,6,4,110,175,2926608,1,11,1,3,2
45017,2023,4,1,7,1,101,218,4211900,83,20,0,1,1
45030,2023,4,14,6,3,316,23,1501501,11,21,1,2,1
45030,2023,4,14,6,4,324,616,2927408,1,12,1,7,3
45030,2023,4,14,6,4,101,301,2112803,48,2,0,2,2
44985,2023,2,28,3,3,242,690,2909703,4,20,0,42,1
45030,2023,4,14,6,4,210,"1,3",1600303,44,9,1,2,2
45030,2023,4,14,6,4,20,17,5300108,83,20,1,1,1
45030,2023,4,14,6,4,116,650,4311007,28,18,0,1,1
45030,2023,4,14,6,4,472,"472,8",4310603,80,7,0,2,2
45030,2023,4,14,6,4,381,"15,5",3507605,67,21,0,1,1
45030,2023,4,14,6,4,40,119,3301702,48,2,1,2,2
45030,2023,4,14,6,4,101,88,2507507,9,1,1,1,1
45030,2023,4,14,6,4,376,"679,4",4109609,83,20,0,2,1
45030,2023,4,14,6,4,414,429,5200100,49,20,0,2,1
45030,2023,4,14,6,4,116,"247,6",4318705,83,4,1,4,2
45030,2023,4,14,6,4,280,"221,1",4218301,11,20,0,1,1
45030,2023,4,14,6,4,153,65,4207809,18,7,1,2,2
45030,2023,4,14,6,3,242,"331,5",1716604,57,7,0,2,2
45030,2023,4,14,6,4,470,67,4207502,57,4,1,2,1
45030,2023,4,14,6,4,282,6,4216602,64,20,1,1,1
45031,2023,4,15,7,1,50,"70,6",3170206,60,2,1,3,2
45031,2023,4,15,7,1,470,205,4302105,11,20,0,2,1
45030,2023,4,14,6,4,282,"4,9",4205407,21,4,1,1,1
45031,2023,4,15,7,1,116,242,4318705,1,9,1,2,2
45030,2023,4,14,6,3,364,4,3550902,67,20,0,1,1
45031,2023,4,15,7,1,101,147,3203205,17,11,1,3,2
45031,2023,4,15,7,1,101,"85,8",2507507,11,12,1,2,2
45031,2023,4,15,7,1,101,213,2616506,11,20,1,1,1
45030,2023,4,14,6,2,259,33,3201506,1,11,0,2,2
45031,2023,4,15,7,1,116,247,4318705,11,3,1,2,2
45031,2023,4,15,7,1,262,86,3140902,49,20,0,3,1
45031,2023,4,15,7,1,20,406,2303709,35,2,0,2,2
45031,2023,4,15,7,1,316,"266,5",2708907,11,4,0,1,1
45031,2023,4,15,7,1,116,86,4119509,18,4,0,1,1
45031,2023,4,15,7,1,369,184,4101507,1,11,1,2,2
45031,2023,4,15,7,1,280,299,4213609,67,20,0,1,1
45031,2023,4,15,7,1,163,500,2401305,18,4,0,1,1
45031,2023,4,15,7,1,116,185,3303500,11,4,0,1,1
45031,2023,4,15,7,2,282,3,4205407,67,4,1,1,1
45030,2023,4,14,6,3,282,393,4209003,2,11,0,2,2
45031,2023,4,15,7,1,316,311,2208007,1,11,1,2,2
45031,2023,4,15,7,2,277,36,4116208,64,4,0,3,1
45030,2023,4,14,6,3,116,113,4106902,67,4,0,1,1
45031,2023,4,15,7,2,470,221,4308607,11,12,1,2,2
45031,2023,4,15,7,2,116,269,3552809,16,12,1,4,2
45031,2023,4,15,7,2,60,"436,8",5007901,11,20,0,1,1
45031,2023,4,15,7,2,101,116,3301009,67,3,0,1,1
45031,2023,4,15,7,2,285,294,4314100,20,9,1,2,2
45031,2023,4,15,7,2,50,58,3170206,65,20,0,2,1
45031,2023,4,15,7,2,101,65,2611606,11,20,1,2,1
45031,2023,4,15,7,1,40,"490,1",3124104,11,20,0,1,1
45031,2023,4,15,7,1,116,131,3302502,83,20,0,2,1
45024,2023,4,8,7,1,50,"67,8",3170206,15,21,1,1,1
45031,2023,4,15,7,2,287,402,4317400,1,11,0,4,2
45031,2023,4,15,7,2,232,409,2613909,1,9,1,3,3
45031,2023,4,15,7,2,158,"140,9",4212106,18,10,0,2,2
45031,2023,4,15,7,2,361,21,2513802,20,9,0,4,2
45031,2023,4,15,7,2,163,852,1505650,1,11,0,5,3
45031,2023,4,15,7,2,116,188,3303500,1,9,1,2,2
45031,2023,4,15,7,2,116,540,3159357,67,12,0,3,3
45031,2023,4,15,7,2,116,189,3303500,52,9,1,3,2
45031,2023,4,15,7,2,230,263,2507804,80,10,0,2,2
45031,2023,4,15,7,2,364,137,1200401,33,11,1,4,2
44951,2023,1,25,4,4,40,"771,6",3136702,52,9,0,5,2
45031,2023,4,15,7,2,116,11,2933307,1,9,1,2,2
45031,2023,4,15,7,2,408,61,2604007,82,7,0,3,2
45031,2023,4,15,7,2,116,190,3303500,67,12,1,4,3
45031,2023,4,15,7,3,101,"204,8",3203130,1,11,1,2,2
44988,2023,3,3,6,2,232,"105,7",2601904,18,2,0,3,2
45031,2023,4,15,7,3,262,168,3203007,33,11,1,6,2
45031,2023,4,15,7,3,101,130,3203205,13,21,0,2,1
45031,2023,4,15,7,3,235,"36,5",2401107,83,20,0,1,1
45031,2023,4,15,7,3,101,236,4211900,5,21,1,2,1
45031,2023,4,15,7,3,470,"218,5",4302105,52,9,0,3,2
45031,2023,4,15,7,3,470,219,4302105,67,12,1,2,2
45031,2023,4,15,7,2,393,236,3306206,35,2,1,2,2
45031,2023,4,15,7,3,101,164,4218004,1,11,0,2,2
45031,2023,4,15,7,3,381,"503,7",3106705,49,12,1,5,2
45031,2023,4,15,7,3,280,"239,9",4203808,82,20,0,5,1
45031,2023,4,15,7,3,381,"293,5",3103009,67,12,0,3,2
45031,2023,4,15,7,3,116,252,4320008,16,12,1,3,2
45031,2023,4,15,7,3,235,"14,8",2909208,28,18,0,1,1
45031,2023,4,15,7,3,101,"256,5",3205002,33,11,1,3,2
45031,2023,4,15,7,3,282,605,2704609,28,12,0,2,2
45031,2023,4,15,7,3,101,"70,5",3301009,1,11,0,2,2
45031,2023,4,15,7,3,324,592,2906501,67,20,0,2,1
45031,2023,4,15,7,3,163,182,4124020,83,20,1,1,1
45031,2023,4,15,7,3,381,694,3138203,18,3,0,4,1
45031,2023,4,15,7,3,343,"206,9",2208403,63,20,0,4,1
45031,2023,4,15,7,3,226,303,2400108,63,7,0,2,2
45031,2023,4,15,7,3,80,"24,8",5300108,16,12,1,2,2
45031,2023,4,15,7,3,101,321,3303302,67,9,1,3,2
45031,2023,4,15,7,3,116,11,1507755,83,4,0,1,1
45031,2023,4,15,7,3,116,"134,3",4305108,28,7,0,6,2
45031,2023,4,15,7,3,158,"327,5",2409332,16,15,0,5,3
45031,2023,4,15,7,3,153,67,3142809,70,20,0,1,1
45031,2023,4,15,7,3,101,21,4209102,83,20,0,1,1
45031,2023,4,15,7,3,40,"128,7",3136306,11,12,1,2,2
45031,2023,4,15,7,2,153,204,5221601,82,12,0,5,4
45031,2023,4,15,7,3,290,"129,5",4306767,52,11,0,4,2
45031,2023,4,15,7,3,280,"3,7",4216206,83,11,1,3,2
45031,2023,4,15,7,3,116,"275,8",3515004,78,21,1,1,1
45031,2023,4,15,7,3,463,107,5006606,16,20,0,1,1
45031,2023,4,15,7,3,230,"154,3",2504009,80,7,1,2,2
45031,2023,4,15,7,4,116,"168,1",4121208,46,2,0,2,2
45031,2023,4,15,7,4,116,174,3305109,1,2,1,2,2
45031,2023,4,15,7,3,116,183,4216057,64,20,0,2,1
45018,2023,4,2,1,3,428,17,2603009,60,2,0,4,2
45031,2023,4,15,7,4,101,"55,1",2510907,11,12,0,2,2
45031,2023,4,15,7,4,163,"107,7",4206603,2,7,0,2,2
45031,2023,4,15,7,3,30,244,2911709,80,7,0,2,2
45031,2023,4,15,7,4,153,66,3549805,83,9,1,4,3
45031,2023,4,15,7,3,429,"343,5",1100122,49,21,1,1,1
45031,2023,4,15,7,4,101,59,2611606,16,12,0,3,2
45031,2023,4,15,7,3,101,"100,9",2602902,52,12,0,4,2
45031,2023,4,15,7,4,101,214,4211900,1,11,1,3,2
45031,2023,4,15,7,4,476,116,4105805,11,12,1,2,2
45031,2023,4,15,7,4,324,"513,8",2910800,2,9,1,2,2
45031,2023,4,15,7,3,10,"258,5",2105302,1,11,1,2,2
45031,2023,4,15,7,4,101,"289,1",3201308,83,20,1,1,1
45031,2023,4,15,7,2,367,26,2925303,51,11,1,2,2
45031,2023,4,15,7,4,116,"95,5",4125506,25,12,1,6,2
45031,2023,4,15,7,3,40,"797,5",3136702,67,9,0,9,4
45031,2023,4,15,7,4,116,"30,4",3102704,82,7,0,4,2
45031,2023,4,15,7,4,101,"88,7",2804805,49,9,0,1,1
45031,2023,4,15,7,4,262,21,2112803,1,7,0,4,2
45031,2023,4,15,7,3,135,"0,9",2111300,1,11,1,2,2
45031,2023,4,15,7,4,423,"93,7",2606002,16,12,1,2,2
45031,2023,4,15,7,4,101,"437,5",3302601,1,11,0,5,2
45031,2023,4,15,7,4,116,"567,7",3139409,1,7,0,3,2
45031,2023,4,15,7,4,116,58,4104006,64,3,0,1,1
45031,2023,4,15,7,4,101,309,3304904,60,2,0,3,2
45031,2023,4,15,7,4,135,5,2111300,11,12,1,7,3
45031,2023,4,15,7,4,116,"821,5",2933307,80,7,1,2,2
45031,2023,4,15,7,4,222,"669,8",2100055,36,4,0,2,2
45031,2023,4,15,7,4,222,323,2313401,49,7,0,3,2
45031,2023,4,15,7,4,282,"17,7",4211900,80,11,1,3,2
45031,2023,4,15,7,4,364,382,1100155,52,7,0,4,2
45031,2023,4,15,7,4,101,312,3304904,11,12,1,2,2
45031,2023,4,15,7,3,40,94,3301702,15,4,0,2,2
45031,2023,4,15,7,4,101,271,4207304,11,20,0,1,1
45032,2023,4,16,1,1,60,99,5201108,49,12,1,6,2
45032,2023,4,16,1,1,316,"49,3",1506500,55,20,0,1,1
45031,2023,4,15,7,4,20,"19,2",5208004,18,20,0,2,1
45032,2023,4,16,1,1,222,"194,6",2304350,49,4,0,1,1
45032,2023,4,16,1,1,116,205,3518800,49,20,1,2,1
45031,2023,4,15,7,4,262,"606,9",3111507,13,20,0,3,1
45032,2023,4,16,1,1,376,"409,2",4127502,35,2,0,2,2
45032,2023,4,16,1,1,101,"202,5",4216602,18,20,1,2,1
45032,2023,4,16,1,1,153,534,2305209,18,20,0,2,1
45032,2023,4,16,1,1,376,547,4117701,49,20,0,5,1
45032,2023,4,16,1,1,104,"90,1",2512705,67,21,1,1,1
45031,2023,4,15,7,4,386,378,4321303,28,18,0,1,1
45032,2023,4,16,1,1,282,"404,3",4209003,52,7,0,5,2
45032,2023,4,16,1,1,463,"106,8",5006606,11,4,0,1,1
45032,2023,4,16,1,1,153,496,5208707,49,4,1,1,1
45032,2023,4,16,1,1,414,"390,9",5205802,49,12,0,2,2
45032,2023,4,16,1,1,70,11,5300108,80,7,1,2,2
45032,2023,4,16,1,1,471,192,4313953,33,11,0,4,2
45032,2023,4,16,1,1,376,1,4125506,83,4,0,1,1
45032,2023,4,16,1,1,116,625,3145877,67,20,0,3,1
45032,2023,4,16,1,1,393,"236,9",3306206,1,11,1,4,2
45032,2023,4,16,1,1,230,39,2110203,64,20,0,1,1
45031,2023,4,15,7,3,153,"295,9",5218607,2,20,0,6,2
45031,2023,4,15,7,4,285,"206,6",4311304,80,7,0,10,4
45032,2023,4,16,1,1,386,"335,2",4312054,49,20,0,1,1
45032,2023,4,16,1,1,116,"97,4",4125506,35,2,0,5,4
45032,2023,4,16,1,1,324,620,2927408,83,12,1,3,2
45032,2023,4,16,1,1,40,507,3154606,67,20,1,1,1
45032,2023,4,16,1,1,277,"720,9",4108304,83,20,1,1,1
45032,2023,4,16,1,2,116,"166,5",3524402,58,12,1,2,2
45032,2023,4,16,1,1,230,1,1500602,67,4,1,1,1
45032,2023,4,16,1,2,116,521,4314407,11,4,1,1,1
45032,2023,4,16,1,2,101,481,3300100,49,9,0,3,3
45032,2023,4,16,1,2,101,417,3302601,49,7,0,2,2
45032,2023,4,16,1,2,40,4,5300108,18,20,1,1,1
45032,2023,4,16,1,2,101,48,3555406,72,11,1,5,2
45032,2023,4,16,1,2,70,"17,5",5300108,11,4,1,1,1
45032,2023,4,16,1,2,262,363,3136652,11,20,0,1,1