id_data,ano,mes,dia,id_dia_semana,periodo,br,km,id_municipio,id_causa_acidente,id_tipo_acidente,id_uso_solo,pessoas,veiculos
45032,2023,4,16,1,2,116,256,4307708,11,4,1,5,1
45032,2023,4,16,1,2,282,590,4217303,55,20,0,2,1
45032,2023,4,16,1,2,116,301,4309308,1,11,1,2,2
45004,2023,3,19,1,2,116,219,3518800,18,4,0,1,1
45032,2023,4,16,1,1,116,139,3301702,15,3,1,1,1
45032,2023,4,16,1,2,376,602,4106902,67,4,0,3,1
45032,2023,4,16,1,2,365,267,3136306,80,10,0,9,2
45032,2023,4,16,1,2,50,21,3103504,83,4,0,2,2
45032,2023,4,16,1,2,381,"40,9",3504107,18,20,1,2,1
45032,2023,4,16,1,2,262,380,3136652,67,21,0,1,1
45032,2023,4,16,1,2,153,263,3529005,28,21,0,1,1
45027,2023,4,11,3,3,101,90,2507507,67,9,1,2,2
45032,2023,4,16,1,2,381,293,3103009,11,12,0,2,2
45004,2023,3,19,1,4,101,302,2112803,67,4,1,1,1
45032,2023,4,16,1,2,376,"543,5",4117701,67,1,0,1,1
45032,2023,4,16,1,2,40,"787,3",3136702,13,4,0,4,1
45032,2023,4,16,1,2,116,207,3518800,67,12,1,2,2
45032,2023,4,16,1,2,80,"143,3",2903235,49,20,0,2,1
45032,2023,4,16,1,2,381,72,3550308,28,12,0,2,2
45032,2023,4,16,1,2,116,243,4318705,67,12,1,3,2
45032,2023,4,16,1,2,343,"265,7",2202208,80,11,1,3,2
45032,2023,4,16,1,2,70,29,5205513,16,12,0,3,2
45032,2023,4,16,1,2,381,90,3518800,11,21,0,2,1
45032,2023,4,16,1,2,70,9,5200258,49,11,1,2,2
45032,2023,4,16,1,2,101,301,3304904,16,12,1,3,3
45032,2023,4,16,1,3,158,206,4306106,33,11,0,3,2
45032,2023,4,16,1,3,277,671,4115804,13,20,1,1,1
45032,2023,4,16,1,2,163,"644,5",5007695,11,20,0,3,1
45032,2023,4,16,1,3,153,499,5208707,5,9,1,2,2
45032,2023,4,16,1,3,381,"501,1",3106705,11,9,1,2,2
45032,2023,4,16,1,2,282,620,4205357,15,3,0,4,1
45032,2023,4,16,1,3,116,7,2304400,11,12,1,4,2
45032,2023,4,16,1,3,381,"563,1",3132206,67,20,0,1,1
45032,2023,4,16,1,3,101,"338,2",4218707,11,12,0,2,2
45032,2023,4,16,1,3,50,262,5205109,11,20,0,1,1
45032,2023,4,16,1,3,364,"308,2",1100254,16,12,1,3,2
45032,2023,4,16,1,3,101,"63,6",2611606,20,11,1,3,2
45032,2023,4,16,1,3,364,561,5105903,21,4,0,1,1
45032,2023,4,16,1,3,101,266,3205002,11,2,1,3,2
45032,2023,4,16,1,3,381,385,3106705,13,21,1,1,1
45032,2023,4,16,1,3,101,1,2509305,18,4,0,1,1
45032,2023,4,16,1,2,163,1064,5104104,49,4,1,1,1
45032,2023,4,16,1,3,40,87,3303906,15,4,0,1,1
45032,2023,4,16,1,3,324,554,2901106,13,3,0,3,1
45032,2023,4,16,1,3,381,504,3106705,67,3,1,1,1
45032,2023,4,16,1,3,459,"88,4",3117900,1,11,0,8,3
45032,2023,4,16,1,3,60,89,5201108,64,21,1,2,1
45032,2023,4,16,1,3,381,741,3169307,11,12,0,7,2
45032,2023,4,16,1,3,423,"93,8",2606002,1,11,1,4,2
45032,2023,4,16,1,3,101,158,4213500,67,4,1,2,1
45032,2023,4,16,1,3,230,505,2503704,1,11,1,4,2
45032,2023,4,16,1,3,153,3,3519808,13,21,0,2,1
45032,2023,4,16,1,3,116,103,3301850,18,10,0,4,3
45032,2023,4,16,1,3,235,"3,2",2800308,67,21,1,1,1
45032,2023,4,16,1,3,116,149,4114302,1,11,0,2,2
45032,2023,4,16,1,3,277,"718,3",4124053,4,20,0,1,1
45032,2023,4,16,1,3,101,32,3201605,1,11,1,3,2
45032,2023,4,16,1,3,101,37,4321667,4,4,0,2,1
45032,2023,4,16,1,3,369,155,4113700,60,2,1,5,2
45032,2023,4,16,1,4,40,"24,5",5212501,20,11,0,3,2
45032,2023,4,16,1,3,40,"611,5",3118007,1,20,1,1,1
45032,2023,4,16,1,3,364,71,1200385,63,20,0,4,2
45032,2023,4,16,1,3,10,257,2105302,64,21,1,1,1
45032,2023,4,16,1,3,465,14,3305554,11,2,1,2,2
45032,2023,4,16,1,3,10,257,2105302,49,9,1,2,2
45032,2023,4,16,1,3,153,583,5218391,83,20,0,2,1
45032,2023,4,16,1,4,262,122,3154903,11,21,0,1,1
45032,2023,4,16,1,3,163,529,5004908,67,20,0,2,1
45032,2023,4,16,1,3,376,"81,5",5003454,11,12,0,2,2
45032,2023,4,16,1,2,135,"308,1",2103802,1,11,1,2,2
45032,2023,4,16,1,4,392,"667,2",4305207,11,12,0,3,2
45032,2023,4,16,1,4,116,137,4305108,49,20,0,1,1
45032,2023,4,16,1,4,116,285,3522208,52,9,0,2,2
45032,2023,4,16,1,4,116,91,4125506,83,3,0,2,1
45032,2023,4,16,1,4,163,67,4119004,49,20,0,1,1
45032,2023,4,16,1,4,280,128,4215000,11,4,0,1,1
45032,2023,4,16,1,4,414,439,5201108,2,7,1,4,2
45032,2023,4,16,1,4,405,1,2408003,17,11,1,1,1
45032,2023,4,16,1,4,116,222,3518800,52,9,1,3,2
45032,2023,4,16,1,3,282,"601,9",2704609,11,12,0,4,2
45032,2023,4,16,1,3,251,"508,9",3126703,64,21,0,2,1
45032,2023,4,16,1,4,101,52,2510907,52,3,1,1,1
45032,2023,4,16,1,4,60,"103,4",5208400,16,12,0,5,2
45032,2023,4,16,1,4,381,25,3504107,35,2,1,2,2
45032,2023,4,16,1,4,158,381,4306379,49,20,0,1,1
45032,2023,4,16,1,4,116,194,4213302,67,3,0,1,1
45032,2023,4,16,1,4,285,267,4312138,13,7,0,3,3
45032,2023,4,16,1,4,272,"566,6",3517406,67,12,0,3,2
45032,2023,4,16,1,3,412,"102,3",2516300,67,12,0,2,2
45032,2023,4,16,1,4,101,322,3303302,78,9,1,4,2
45032,2023,4,16,1,4,267,"160,2",3138609,49,20,0,2,1
45032,2023,4,16,1,4,155,342,1504208,11,4,0,2,1
45032,2023,4,16,1,4,104,30,2615409,82,7,1,3,2
45032,2023,4,16,1,4,153,506,5201405,67,12,1,2,2
45032,2023,4,16,1,4,381,"510,8",3162922,11,12,1,2,2
45032,2023,4,16,1,4,158,"537,8",4118501,83,20,0,4,1
45032,2023,4,16,1,4,232,"63,2",2611309,80,7,0,2,2
45032,2023,4,16,1,4,116,"555,9",3139409,13,3,0,1,1
45032,2023,4,16,1,4,277,723,4108304,80,7,1,5,3
45032,2023,4,16,1,4,282,"544,7",4204202,80,7,0,4,3
45032,2023,4,16,1,4,101,191,4202305,49,4,0,3,1
45032,2023,4,16,1,4,101,301,2112803,1,11,1,2,2
45032,2023,4,16,1,4,393,237,3306206,20,11,0,6,2
45032,2023,4,16,1,4,116,241,4318705,60,2,1,6,2
45032,2023,4,16,1,4,40,"519,5",3118601,13,21,1,2,1
45032,2023,4,16,1,4,116,363,4320354,12,20,0,1,1
45032,2023,4,16,1,4,101,"71,9",2611606,64,21,1,2,1
45032,2023,4,16,1,4,116,437,3542602,28,18,0,1,1
45032,2023,4,16,1,4,101,502,2914802,67,12,0,6,2
45032,2023,4,16,1,4,277,"0,1",4118204,67,11,1,2,2
45032,2023,4,16,1,4,116,"412,2",3127701,83,12,1,3,2
45032,2023,4,16,1,4,470,"292,2",4203600,18,7,0,7,2
45032,2023,4,16,1,4,60,"48,8",5200100,18,20,0,1,1
45032,2023,4,16,1,4,40,"44,3",3147006,49,2,1,2,2
45033,2023,4,17,2,1,493,5,3301900,28,18,1,1,1
45032,2023,4,16,1,4,407,226,2906873,60,2,0,2,2
45033,2023,4,17,2,1,101,482,3300100,20,10,1,1,1
45033,2023,4,17,2,1,116,"243,1",4318705,28,18,1,3,1
45032,2023,4,16,1,4,101,208,4216602,49,12,1,2,2
45033,2023,4,17,2,1,40,22,5212501,49,4,1,1,1
45033,2023,4,17,2,1,101,"307,9",4209409,83,4,0,4,1
45032,2023,4,16,1,4,104,"109,6",2508307,16,12,0,4,2
45033,2023,4,17,2,1,386,446,4304606,48,3,1,1,1
45033,2023,4,17,2,1,282,"293,8",3556354,4,3,0,1,1
45032,2023,4,16,1,2,415,22,2913606,18,21,0,1,1
45033,2023,4,17,2,1,304,219,2401909,28,18,0,1,1
45033,2023,4,17,2,1,369,149,4113700,49,4,1,1,1
45033,2023,4,17,2,1,101,"211,5",4211900,49,4,1,1,1
45033,2023,4,17,2,1,470,4,4211306,83,20,1,1,1
45033,2023,4,17,2,2,324,620,2927408,67,12,1,4,2
45033,2023,4,17,2,2,101,208,4216602,78,9,1,2,2
45033,2023,4,17,2,1,116,170,3304557,52,9,1,2,2
45033,2023,4,17,2,1,230,"78,8",2503803,62,21,0,2,1
45033,2023,4,17,2,1,101,133,2611804,11,9,1,3,2
45033,2023,4,17,2,2,376,110,4118402,5,4,1,1,1
45033,2023,4,17,2,2,116,125,4107652,78,9,1,5,4
45033,2023,4,17,2,2,101,134,4202008,67,4,1,2,1
45033,2023,4,17,2,2,230,"21,4",2507507,52,9,1,3,3
45032,2023,4,16,1,4,468,14,4313706,83,20,0,1,1
44985,2023,2,28,3,3,282,17,4211900,1,11,1,2,2
45033,2023,4,17,2,2,104,60,2705507,20,9,1,2,2
45033,2023,4,17,2,2,277,103,4106902,1,9,0,2,2
45033,2023,4,17,2,2,376,594,4106902,11,9,1,2,2
45033,2023,4,17,2,2,101,55,4209102,15,4,0,2,1
45033,2023,4,17,2,2,116,"204,5",3503901,1,9,1,2,2
45033,2023,4,17,2,2,101,140,4202008,16,15,1,3,3
45033,2023,4,17,2,2,116,304,3304201,13,21,0,1,1
45033,2023,4,17,2,2,405,0,2408003,16,9,1,2,2
45033,2023,4,17,2,2,448,15,4304606,11,12,0,2,2
45033,2023,4,17,2,2,116,3,2304400,52,9,1,3,3
45033,2023,4,17,2,2,70,8,5101803,1,11,1,3,3
45033,2023,4,17,2,2,369,"198,6",4101507,11,12,1,2,2
45033,2023,4,17,2,2,101,138,4202008,11,4,0,1,1
45033,2023,4,17,2,1,116,178,3300456,35,2,1,2,2
45033,2023,4,17,2,2,232,508,2612208,49,11,1,3,2
45033,2023,4,17,2,2,230,"38,9",2110203,18,20,0,2,1
45033,2023,4,17,2,2,381,513,3130101,25,11,1,3,2
45033,2023,4,17,2,2,116,26,2301000,80,7,0,2,2
45033,2023,4,17,2,2,116,"91,4",4303673,67,3,0,1,1
45033,2023,4,17,2,2,101,"132,9",4202008,1,9,1,3,2
45033,2023,4,17,2,2,116,222,3518800,67,12,1,2,2
45033,2023,4,17,2,2,277,83,4106902,78,9,0,2,2
45033,2023,4,17,2,2,316,"201,4",2704807,80,7,1,2,2
45033,2023,4,17,2,2,376,"308,8",4117305,15,20,0,1,1
45033,2023,4,17,2,2,116,"145,5",3549904,67,21,1,1,1
45033,2023,4,17,2,2,101,58,4201307,13,4,0,2,1
45033,2023,4,17,2,2,60,137,5208707,51,3,0,1,1
45033,2023,4,17,2,2,116,80,3305802,20,11,1,2,2
45033,2023,4,17,2,2,392,"9,1",4315602,16,12,0,2,2
45003,2023,3,18,7,4,40,794,3136702,13,9,0,3,2
45033,2023,4,17,2,2,101,96,2408102,78,9,1,3,3
44955,2023,1,29,1,4,364,424,1100114,33,11,1,3,2
45026,2023,4,10,2,2,101,115,4208203,2,11,0,2,2
45033,2023,4,17,2,2,116,"527,3",3113404,52,9,1,2,2
45033,2023,4,17,2,2,101,"208,3",2708808,80,11,0,2,2
45033,2023,4,17,2,2,153,"642,9",2308906,11,20,0,1,1
45033,2023,4,17,2,2,230,85,2503803,67,9,0,3,2
45033,2023,4,17,2,2,101,139,2708600,48,20,0,1,1
45033,2023,4,17,2,2,277,585,2303501,13,11,0,2,2
45033,2023,4,17,2,2,262,396,3147105,11,20,0,1,1
45033,2023,4,17,2,3,304,"42,3",2408003,83,12,0,2,2
45033,2023,4,17,2,3,101,194,4202305,16,12,0,4,2
45033,2023,4,17,2,3,116,246,4318705,78,9,1,3,3
45031,2023,4,15,7,1,153,147,1702109,56,4,1,1,1
45033,2023,4,17,2,2,412,109,2516300,51,21,1,1,1
45033,2023,4,17,2,3,230,23,2507507,16,15,1,4,3
45033,2023,4,17,2,2,116,"422,6",3101805,1,11,1,2,2
45033,2023,4,17,2,3,158,"532,5",4118501,11,12,1,2,2
45033,2023,4,17,2,2,116,"411,2",3127701,11,21,1,1,1
45033,2023,4,17,2,3,381,499,3106705,28,21,0,1,1
45033,2023,4,17,2,2,364,80,1100304,16,12,0,6,2
45033,2023,4,17,2,3,40,"509,9",3154606,16,12,0,2,2
45033,2023,4,17,2,3,101,46,2606804,52,11,1,2,2
45033,2023,4,17,2,3,277,542,4109757,5,20,0,2,1
45033,2023,4,17,2,3,324,616,2927408,18,12,1,2,2
45033,2023,4,17,2,3,277,96,4106902,61,2,0,2,2
45033,2023,4,17,2,3,277,"668,5",4115804,19,20,0,2,1
45033,2023,4,17,2,3,369,40,4101101,1,11,0,4,2
44949,2023,1,23,2,2,101,474,2932705,1,12,0,2,2
45033,2023,4,17,2,3,367,"83,5",2910727,83,12,1,2,2
45033,2023,4,17,2,1,282,72,4214300,83,20,0,1,1
45033,2023,4,17,2,3,232,"235,3",2610905,4,4,0,1,1
45033,2023,4,17,2,3,101,70,2611606,83,12,1,2,2
45033,2023,4,17,2,3,40,"619,1",3118007,20,11,1,2,2
45033,2023,4,17,2,3,316,"45,9",1506500,11,20,0,1,1
45033,2023,4,17,2,3,153,380,4113908,1,10,0,3,2
45033,2023,4,17,2,3,116,441,4306056,11,21,0,1,1
45033,2023,4,17,2,3,135,83,2105401,15,20,0,3,1
45033,2023,4,17,2,3,376,"383,6",4110078,83,20,0,2,1
45033,2023,4,17,2,3,70,9,5300108,52,12,1,3,2
45033,2023,4,17,2,3,116,114,3302502,82,10,1,2,2
45033,2023,4,17,2,2,472,"572,3",4322400,1,11,0,2,2
45033,2023,4,17,2,3,101,221,2909802,83,11,1,4,2
45033,2023,4,17,2,3,392,67,4314407,33,11,1,3,3
45033,2023,4,17,2,2,116,128,3302502,11,21,1,1,1
45033,2023,4,17,2,3,116,"23,8",2900207,9,4,0,2,1
45033,2023,4,17,2,3,262,"419,8",3130200,9,1,0,1,1
45033,2023,4,17,2,3,101,340,4218707,5,21,1,1,1
45033,2023,4,17,2,3,424,"92,3",2708907,16,12,0,5,5
45033,2023,4,17,2,3,277,518,4109302,1,11,1,2,2
45033,2023,4,17,2,4,116,"215,2",3518800,11,12,1,1,1
45033,2023,4,17,2,3,174,7,5106752,20,9,1,2,2
45033,2023,4,17,2,4,101,473,3300100,5,21,0,2,1
45033,2023,4,17,2,3,163,"548,3",4102406,11,21,1,1,1
45033,2023,4,17,2,3,232,511,2612208,1,11,1,2,2
45033,2023,4,17,2,4,101,276,3305752,2,7,1,2,2
45033,2023,4,17,2,3,70,278,5107040,49,7,1,3,3
45033,2023,4,17,2,4,308,151,1502202,1,11,1,3,2
45033,2023,4,17,2,4,20,"8,9",5300108,16,12,1,2,2
45033,2023,4,17,2,3,101,151,4208302,1,11,1,2,2
45033,2023,4,17,2,4,316,"12,3",2211001,13,4,1,2,1
45033,2023,4,17,2,3,116,"151,7",4305108,1,11,0,2,2
45033,2023,4,17,2,3,364,"238,6",1100049,63,21,1,1,1
45033,2023,4,17,2,3,364,"238,6",1100049,29,21,1,1,1
45033,2023,4,17,2,4,364,705,1100205,76,9,1,3,2
45033,2023,4,17,2,4,163,"616,2",5007695,1,11,1,2,2
45033,2023,4,17,2,4,262,"316,9",2401305,16,9,0,3,2
45033,2023,4,17,2,4,381,375,3161908,28,20,0,5,1
45033,2023,4,17,2,3,101,570,3303807,15,21,0,1,1
45033,2023,4,17,2,4,116,9,2304400,16,12,1,2,2
45033,2023,4,17,2,4,381,490,3106705,11,21,0,1,1
45033,2023,4,17,2,4,40,110,3301702,11,12,1,2,2
45033,2023,4,17,2,4,470,"58,1",4202404,29,21,1,1,1
45033,2023,4,17,2,4,280,"276,8",4107850,80,7,0,6,3
45033,2023,4,17,2,4,392,"351,5",2409332,52,9,1,7,2
45033,2023,4,17,2,4,280,10,4216206,60,2,1,2,2
45033,2023,4,17,2,4,101,45,3555406,80,7,1,2,2
45033,2023,4,17,2,4,369,132,4109807,1,9,1,2,2
45033,2023,4,17,2,4,376,"177,8",4115200,49,15,1,6,5
45033,2023,4,17,2,4,116,271,3552809,11,12,1,3,2
45033,2023,4,17,2,4,104,53,2604106,11,12,1,2,2
45033,2023,4,17,2,4,50,"108,9",5206206,60,2,0,4,2
45033,2023,4,17,2,4,153,"189,9",5221601,33,11,1,2,2
45034,2023,4,18,3,1,20,"375,4",2303709,80,7,0,2,2
45034,2023,4,18,3,1,153,"508,8",5201405,18,21,1,1,1
45034,2023,4,18,3,1,304,228,2410900,9,7,1,1,1
45034,2023,4,18,3,2,153,510,5201405,61,2,1,2,2
45031,2023,4,15,7,1,101,304,3304904,11,12,0,2,2
44998,2023,3,13,2,3,153,"491,3",5208707,83,4,1,1,1
45034,2023,4,18,3,1,116,34,4104006,13,20,0,1,1
45034,2023,4,18,3,2,135,173,2903201,1,11,1,3,2
45034,2023,4,18,3,2,408,"77,5",2610608,1,9,1,2,2
45034,2023,4,18,3,2,153,24,4111803,11,12,0,5,3
45034,2023,4,18,3,2,101,98,2408102,16,12,1,1,1
45034,2023,4,18,3,2,381,"478,4",3118601,78,12,1,2,2
45009,2023,3,24,6,3,20,363,2307700,16,11,0,4,2
45033,2023,4,17,2,3,70,315,2918506,11,2,1,2,2
45034,2023,4,18,3,2,116,"405,9",3529906,11,20,0,1,1
45034,2023,4,18,3,2,40,97,3301702,9,1,1,1,1
45034,2023,4,18,3,2,386,392,2516805,1,9,0,6,2
45034,2023,4,18,3,2,116,229,3550308,52,12,1,3,2
45034,2023,4,18,3,2,230,2,2503209,80,11,1,2,2
45034,2023,4,18,3,2,386,"34,2",4308508,33,11,1,2,2
45034,2023,4,18,3,2,465,4,3305554,11,9,1,2,2
45034,2023,4,18,3,2,116,142,4114302,67,3,0,1,1
45034,2023,4,18,3,2,101,"114,1",4208203,78,9,1,2,2
45034,2023,4,18,3,2,101,415,3201209,11,12,1,3,2
45033,2023,4,17,2,4,101,145,4208302,61,2,0,2,2
45021,2023,4,5,4,1,369,148,4113700,7,21,1,1,1
45034,2023,4,18,3,2,101,46,2606804,16,12,1,2,2
45034,2023,4,18,3,2,324,517,2910800,67,12,1,2,2
45027,2023,4,11,3,3,369,185,4101507,82,9,1,2,2
45034,2023,4,18,3,2,277,"100,8",4106902,67,12,0,4,2
45034,2023,4,18,3,2,406,"62,3",2405108,33,11,1,1,1
45034,2023,4,18,3,2,104,"63,5",2604106,16,9,1,2,2
45034,2023,4,18,3,2,364,340,1100122,67,12,1,3,2
45023,2023,4,7,6,4,101,311,4209409,2,20,0,4,1
45034,2023,4,18,3,2,101,287,3201308,83,3,1,1,1
45034,2023,4,18,3,2,40,"602,9",3118007,1,11,0,3,2
44945,2023,1,19,5,2,376,187,4114807,9,1,0,1,1
45034,2023,4,18,3,2,356,14,3302205,63,20,0,1,1
45034,2023,4,18,3,2,101,"370,9",4207007,18,20,0,2,1
45034,2023,4,18,3,3,101,"121,6",3205010,82,10,0,2,2
45034,2023,4,18,3,2,493,23,3302502,44,21,0,1,1
45034,2023,4,18,3,2,116,115,4106902,67,21,1,3,2
45034,2023,4,18,3,2,101,257,3205002,67,12,1,2,2
45030,2023,4,14,6,3,262,608,3111507,29,20,0,8,1
45034,2023,4,18,3,3,116,108,3554102,83,4,1,1,1
45034,2023,4,18,3,3,116,228,3550308,67,9,1,2,2
45034,2023,4,18,3,3,230,"463,8",2516201,49,21,1,1,1
45034,2023,4,18,3,3,381,23,3507605,67,15,0,5,3
45034,2023,4,18,3,3,262,393,3147105,67,3,0,2,1
45034,2023,4,18,3,3,316,267,2109908,1,11,1,2,2
45034,2023,4,18,3,2,163,1048,5105606,11,9,0,2,2
44938,2023,1,12,5,2,369,34,4101101,82,21,0,2,2
45034,2023,4,18,3,2,465,4,3305554,35,2,1,2,2
45034,2023,4,18,3,2,364,346,1100122,52,9,1,2,2
45034,2023,4,18,3,2,174,928,1302603,67,21,0,1,1
45026,2023,4,10,2,4,365,0,3143302,11,9,0,3,3
45034,2023,4,18,3,3,376,"471,5",4119905,4,20,0,1,1
45034,2023,4,18,3,3,414,302,5222302,28,20,0,1,1
45034,2023,4,18,3,3,116,511,3509254,67,21,0,1,1
45034,2023,4,18,3,3,116,435,3542602,4,20,0,2,1
45023,2023,4,7,6,2,470,157,4200309,15,7,0,5,2
45034,2023,4,18,3,3,381,368,3161908,1,9,0,3,2
45034,2023,4,18,3,3,116,6,4104006,2,11,1,2,2
45034,2023,4,18,3,3,153,"423,1",5201108,67,20,0,1,1
45034,2023,4,18,3,3,40,78,3303906,83,20,0,1,1
45034,2023,4,18,3,3,476,"155,4",4101804,33,11,1,2,2
45034,2023,4,18,3,3,262,"7,3",5008305,11,12,1,5,2
45034,2023,4,18,3,3,319,58,1100205,60,2,1,2,2
45034,2023,4,18,3,3,101,478,3300100,72,11,0,3,2
45034,2023,4,18,3,3,101,268,3205002,78,9,1,3,3
45034,2023,4,18,3,3,116,"148,8",3549904,16,9,1,3,3
45034,2023,4,18,3,3,116,79,3544301,15,21,0,1,1
45034,2023,4,18,3,3,386,373,4308078,64,20,0,3,1
45034,2023,4,18,3,3,40,5,5221858,16,9,1,2,2
45034,2023,4,18,3,3,20,16,5300108,83,3,0,4,1
45034,2023,4,18,3,4,376,305,4115754,83,20,0,2,1
45034,2023,4,18,3,4,158,316,2409332,80,7,0,3,3
45034,2023,4,18,3,3,427,36,2512101,1,11,1,2,2
45034,2023,4,18,3,3,101,51,3555406,1,11,0,2,2
45034,2023,4,18,3,3,476,99,4103107,67,7,0,3,2
45034,2023,4,18,3,3,10,16,1502939,33,11,1,2,2
45034,2023,4,18,3,3,414,"436,6",5201108,35,2,0,2,2
45034,2023,4,18,3,3,40,92,3303906,11,4,0,2,1
45034,2023,4,18,3,3,230,474,2516201,67,20,0,1,1
45034,2023,4,18,3,4,470,"285,8",4312401,11,12,0,2,2
45034,2023,4,18,3,4,116,"268,3",4304606,38,12,1,3,2
45034,2023,4,18,3,4,116,115,4106902,67,12,1,4,2
45034,2023,4,18,3,4,343,46,2202000,9,1,0,1,1
45034,2023,4,18,3,3,50,185,3170107,11,21,0,1,1
45034,2023,4,18,3,4,381,41,3504107,67,12,1,2,2
45034,2023,4,18,3,4,381,71,3528502,61,2,0,2,2
45034,2023,4,18,3,4,101,"247,9",4212304,9,1,0,6,3
45034,2023,4,18,3,3,290,93,4314902,67,9,0,2,2
45034,2023,4,18,3,3,364,345,1100122,67,11,1,3,3
45034,2023,4,18,3,4,116,"278,5",3515004,64,15,0,3,3
45030,2023,4,14,6,4,280,134,4215000,9,1,0,4,1
45034,2023,4,18,3,3,393,"283,6",3306305,1,11,0,3,2
45034,2023,4,18,3,4,101,"96,7",4202107,67,21,0,1,1
45026,2023,4,10,2,4,476,107,4105805,11,4,0,2,1
45034,2023,4,18,3,4,101,"295,5",3201308,9,1,1,1,1
45034,2023,4,18,3,4,116,173,3305109,11,4,1,1,1
45034,2023,4,18,3,4,356,36,3302205,20,7,1,2,2
45035,2023,4,19,4,1,116,211,3518800,67,4,1,1,1
45034,2023,4,18,3,3,153,349,1700200,67,12,0,2,1
45035,2023,4,19,4,1,116,"90,4",3538006,49,20,0,1,1
45034,2023,4,18,3,4,364,496,1100023,67,21,0,1,1
45035,2023,4,19,4,1,280,231,4203808,67,21,1,1,1
45035,2023,4,19,4,1,116,"78,8",4303673,18,20,0,2,1
45035,2023,4,19,4,1,116,"223,2",3518800,11,12,0,2,2
45035,2023,4,19,4,1,267,"211,7",3107505,80,7,0,10,2
45035,2023,4,19,4,1,153,108,3525706,67,4,1,2,1
45035,2023,4,19,4,1,101,108,2403251,61,2,1,3,2
45035,2023,4,19,4,2,101,"83,4",2312403,52,9,1,2,2
45035,2023,4,19,4,1,116,131,3508504,82,9,1,2,2
45035,2023,4,19,4,1,376,596,4106902,28,18,1,1,1
45035,2023,4,19,4,1,40,"572,7",3131901,28,20,0,1,1
45035,2023,4,19,4,2,101,204,4216602,20,11,1,4,2
45035,2023,4,19,4,1,116,448,2901700,18,20,0,1,1
45035,2023,4,19,4,1,210,"0,7",1600303,52,9,0,2,2
45035,2023,4,19,4,2,40,"43,3",3147006,1,11,1,2,2
45035,2023,4,19,4,2,40,2,5221858,11,12,1,2,2
45035,2023,4,19,4,1,40,"19,1",3306008,9,1,0,1,1
45035,2023,4,19,4,2,153,70,3549805,67,21,1,1,1
45035,2023,4,19,4,2,101,"194,4",4202305,11,21,1,1,1
45035,2023,4,19,4,2,407,126,2930105,16,9,1,2,2
45035,2023,4,19,4,2,70,16,5300108,78,9,0,4,3
45035,2023,4,19,4,2,116,"145,4",3549904,67,20,1,2,1
45035,2023,4,19,4,2,476,153,4101804,16,12,1,2,2
45035,2023,4,19,4,2,381,666,3149903,4,20,0,2,1
45035,2023,4,19,4,1,70,190,4108502,9,1,0,2,1
45035,2023,4,19,4,2,163,70,4217204,1,11,0,2,2
45035,2023,4,19,4,2,407,129,2611101,16,9,1,2,2
45023,2023,4,7,6,2,40,"415,3",3120904,52,9,0,3,2
44971,2023,2,14,3,2,116,405,2910800,28,4,1,1,1
45035,2023,4,19,4,2,101,"64,5",2611606,52,9,1,2,2
45035,2023,4,19,4,2,316,"7,6",2211001,1,11,1,2,2
45035,2023,4,19,4,2,158,737,5101803,16,12,0,2,2
45035,2023,4,19,4,2,101,519,3300100,83,7,0,4,2
45035,2023,4,19,4,2,101,"213,2",4211900,78,9,1,3,3
45035,2023,4,19,4,1,356,163,3305000,83,20,0,1,1
45035,2023,4,19,4,2,101,"94,4",2408102,52,9,1,3,2
45035,2023,4,19,4,2,476,118,4105805,61,2,1,3,2
45035,2023,4,19,4,2,153,"514,3",5201405,33,11,1,3,2
45003,2023,3,18,7,4,222,"160,1",2306108,25,12,0,2,2
45035,2023,4,19,4,2,277,"592,9",2303501,2,11,1,3,2
45035,2023,4,19,4,2,104,"55,5",2604106,18,20,0,1,1
45035,2023,4,19,4,2,70,498,5103403,67,12,0,2,2
45035,2023,4,19,4,2,381,89,3518800,67,9,0,3,2
45035,2023,4,19,4,2,116,7,2304400,67,11,1,2,2
45035,2023,4,19,4,2,101,"176,8",2709152,1,7,1,5,2
45033,2023,4,17,2,4,293,161,4309654,9,1,0,2,1
45035,2023,4,19,4,2,101,"62,9",2611606,36,9,0,2,2
45035,2023,4,19,4,2,267,"28,4",3104403,6,20,0,1,1
45012,2023,3,27,2,3,428,189,2611101,20,11,1,2,2
45035,2023,4,19,4,2,153,"508,5",2305209,67,3,0,2,1
45035,2023,4,19,4,2,20,180,5220686,72,11,1,2,2
45002,2023,3,17,6,3,470,172,4213708,1,11,1,2,2
45035,2023,4,19,4,2,470,67,4207502,16,12,0,5,3
45035,2023,4,19,4,2,376,176,4115200,82,9,1,2,2
45035,2023,4,19,4,2,364,261,5107404,4,20,0,1,1
45035,2023,4,19,4,3,386,"325,9",4312054,1,11,1,3,2
45022,2023,4,6,5,3,101,490,2915502,1,11,0,5,3
45035,2023,4,19,4,3,414,"412,8",5200100,18,20,0,2,1
45035,2023,4,19,4,2,424,"3,9",2601201,67,20,0,1,1
45035,2023,4,19,4,2,262,"38,3",3139409,20,11,1,2,2
45013,2023,3,28,3,4,101,55,3301009,1,11,1,2,2
45035,2023,4,19,4,3,324,"421,5",2910800,52,21,1,1,1
45035,2023,4,19,4,3,316,"84,1",2609907,82,11,1,5,2
45035,2023,4,19,4,2,365,630,3170206,13,4,1,3,1