id_data,ano,mes,dia,id_dia_semana,periodo,br,km,id_municipio,id_causa_acidente,id_tipo_acidente,id_uso_solo,pessoas,veiculos
45035,2023,4,19,4,3,420,261,2922409,80,7,0,3,2
45035,2023,4,19,4,3,40,91,3303906,64,3,0,4,1
45025,2023,4,9,1,4,493,65,3303500,28,18,0,1,1
45035,2023,4,19,4,3,101,143,3203205,1,9,0,2,2
45035,2023,4,19,4,3,116,"539,5",3159357,56,20,0,1,1
45035,2023,4,19,4,3,40,86,3303906,83,4,0,1,1
45035,2023,4,19,4,2,101,54,3301009,11,21,1,2,1
45035,2023,4,19,4,3,163,70,4217204,1,11,0,3,2
45035,2023,4,19,4,3,425,"122,9",1100106,64,20,0,1,1
45035,2023,4,19,4,3,101,269,3205002,28,18,1,1,1
45035,2023,4,19,4,3,116,249,3304003,1,2,0,2,2
45035,2023,4,19,4,3,116,"44,5",4212205,80,7,0,3,2
45035,2023,4,19,4,2,381,86,3550308,67,12,1,3,2
45035,2023,4,19,4,3,40,"92,5",3303906,83,4,0,2,1
45035,2023,4,19,4,3,381,"520,9",3109006,83,20,0,2,1
45028,2023,4,12,4,3,376,"36,8",5008404,57,7,1,3,2
45035,2023,4,19,4,3,282,642,4217204,1,11,0,3,2
45035,2023,4,19,4,3,369,"138,4",4109807,82,11,1,3,2
45035,2023,4,19,4,3,319,95,1100205,80,20,0,3,2
45035,2023,4,19,4,2,101,"266,7",3304300,15,20,1,3,1
45035,2023,4,19,4,3,101,"297,5",2112803,67,12,1,2,2
45035,2023,4,19,4,3,381,"948,2",3125101,52,21,0,1,1
45035,2023,4,19,4,3,262,828,3170107,83,3,0,1,1
45035,2023,4,19,4,3,282,"1,1",4205407,11,21,1,2,2
45035,2023,4,19,4,3,116,302,4309308,1,11,1,2,2
45011,2023,3,26,1,3,262,"17,9",2112803,80,7,1,5,3
45035,2023,4,19,4,3,101,201,4216602,11,21,1,3,2
45035,2023,4,19,4,2,70,"579,6",5106109,83,20,0,5,1
45035,2023,4,19,4,2,376,594,4106902,16,12,1,2,2
45035,2023,4,19,4,3,60,"48,3",5200100,64,20,0,4,3
45035,2023,4,19,4,3,232,"87,3",2606408,67,9,0,3,2
45035,2023,4,19,4,3,116,23,2306256,1,11,1,2,2
45035,2023,4,19,4,3,116,22,2306256,11,12,1,2,2
45035,2023,4,19,4,3,469,"17,3",4108304,12,7,0,2,2
45035,2023,4,19,4,4,101,132,4202008,16,12,0,3,2
44955,2023,1,29,1,2,116,208,3115458,67,11,1,2,2
45035,2023,4,19,4,3,163,"485,3",2401305,1,11,1,3,2
45035,2023,4,19,4,3,262,429,3161809,67,18,0,1,1
45035,2023,4,19,4,3,116,199,3304144,61,2,1,2,2
45035,2023,4,19,4,4,476,147,4106902,1,11,1,2,2
45035,2023,4,19,4,3,316,"33,6",2701605,60,2,0,2,2
45035,2023,4,19,4,4,230,14,2503209,1,9,1,2,2
45035,2023,4,19,4,4,101,87,2507507,5,21,1,1,1
45035,2023,4,19,4,4,386,"407,5",2516805,13,20,0,2,1
45035,2023,4,19,4,3,476,54,4127882,80,10,0,2,2
45035,2023,4,19,4,4,10,257,2105302,20,10,1,4,2
45035,2023,4,19,4,4,101,491,3300100,25,12,0,2,2
45035,2023,4,19,4,3,285,339,4304705,1,11,1,2,2
45035,2023,4,19,4,4,40,696,3105608,9,1,0,1,1
45033,2023,4,17,2,1,101,321,3303302,67,4,1,3,1
45035,2023,4,19,4,4,101,299,4207304,11,4,0,2,1
45035,2023,4,19,4,4,101,"220,8",3202504,16,9,0,2,2
45035,2023,4,19,4,3,280,227,4218301,82,7,0,18,2
45035,2023,4,19,4,4,376,475,4119905,60,2,0,5,2
45035,2023,4,19,4,4,226,"247,1",2406106,35,2,0,2,2
45035,2023,4,19,4,4,116,144,3549904,11,21,1,1,1
45035,2023,4,19,4,3,262,"429,1",3161809,67,4,0,1,1
45035,2023,4,19,4,4,101,"140,3",4202008,9,1,0,2,1
45036,2023,4,20,5,1,101,161,4213500,11,20,0,1,1
45035,2023,4,19,4,4,330,853,2903102,60,2,0,3,2
45036,2023,4,20,5,1,163,"614,8",5007695,1,11,1,2,2
45036,2023,4,20,5,1,70,727,5102504,35,2,0,2,2
45036,2023,4,20,5,2,402,"42,6",2207702,60,2,0,2,2
45036,2023,4,20,5,2,116,"2,5",2304400,67,9,1,2,2
45036,2023,4,20,5,2,101,310,3304904,16,9,1,2,2
45035,2023,4,19,4,4,470,66,4207502,11,21,1,1,1
45036,2023,4,20,5,2,101,267,3205002,28,20,1,1,1
45036,2023,4,20,5,2,116,282,3300407,49,4,1,1,1
45036,2023,4,20,5,2,101,"211,9",4211900,16,12,1,2,2
45036,2023,4,20,5,2,285,375,4316436,30,20,0,2,1
45036,2023,4,20,5,2,40,115,3301702,36,12,0,4,2
45036,2023,4,20,5,2,101,253,4212304,67,11,1,3,2
45036,2023,4,20,5,2,101,"210,3",4216602,67,15,1,4,4
45036,2023,4,20,5,2,80,15,5300108,67,12,0,2,2
45036,2023,4,20,5,2,116,181,3303500,16,12,1,3,3
45036,2023,4,20,5,2,381,491,3106705,52,9,0,2,2
45036,2023,4,20,5,2,316,27,2203305,1,11,0,3,2
45036,2023,4,20,5,2,101,10,2606200,11,12,0,2,2
45036,2023,4,20,5,2,40,120,3301702,16,15,1,3,3
45036,2023,4,20,5,2,277,"586,3",2303501,33,11,1,2,2
45036,2023,4,20,5,2,101,80,2607901,11,9,1,2,2
45026,2023,4,10,2,3,40,63,3147006,83,20,0,1,1
45016,2023,3,31,6,4,277,95,4106902,16,12,1,2,2
45036,2023,4,20,5,2,163,834,5107909,1,11,0,3,2
44968,2023,2,11,7,4,116,"77,3",3544301,67,12,0,2,2
45036,2023,4,20,5,2,60,388,5218805,14,14,1,2,2
45010,2023,3,25,7,2,101,85,2312403,52,12,1,5,3
45036,2023,4,20,5,2,364,424,1100114,33,11,1,3,3
45036,2023,4,20,5,2,153,"24,1",3115805,67,21,0,1,1
45036,2023,4,20,5,2,101,"215,4",4211900,41,11,1,2,2
45036,2023,4,20,5,2,356,76,3302056,20,11,1,2,2
45036,2023,4,20,5,2,262,"37,7",3139409,11,2,1,2,2
45005,2023,3,20,2,3,364,297,5213103,3,9,1,3,2
45028,2023,4,12,4,3,101,"58,8",2510907,11,12,1,2,2
45036,2023,4,20,5,2,158,323,2409332,1,11,1,2,2
45036,2023,4,20,5,2,280,"75,5",4208906,1,11,1,3,3
45036,2023,4,20,5,2,116,"697,8",3143906,13,3,0,2,1
45036,2023,4,20,5,2,262,"479,4",3107406,11,21,0,1,1
45036,2023,4,20,5,3,235,47,2506905,2,12,1,2,2
45036,2023,4,20,5,2,364,710,1100205,2,11,1,2,2
45036,2023,4,20,5,2,470,155,4313300,1,11,0,2,2
45036,2023,4,20,5,2,116,274,3515004,9,1,1,1,1
45036,2023,4,20,5,1,316,31,2203305,9,11,0,1,1
45036,2023,4,20,5,3,376,"2,5",4114203,1,11,1,2,2
45036,2023,4,20,5,2,393,"167,9",3306008,20,11,1,2,2
45036,2023,4,20,5,3,40,449,3109907,67,20,0,1,1
45036,2023,4,20,5,3,116,"227,8",3550308,16,12,0,3,3
45036,2023,4,20,5,3,101,"209,7",4216602,16,12,0,3,2
45036,2023,4,20,5,3,101,"159,3",4213500,51,4,0,1,1
45036,2023,4,20,5,3,381,306,3103009,11,12,0,3,2
45036,2023,4,20,5,2,262,"37,8",3139409,20,9,0,2,2
45036,2023,4,20,5,2,163,251,5003702,80,12,1,9,2
45036,2023,4,20,5,3,116,"144,7",4305108,52,12,1,2,2
45036,2023,4,20,5,3,101,"75,4",2611606,67,20,1,1,1
45036,2023,4,20,5,3,324,584,2906501,28,3,0,2,1
45036,2023,4,20,5,3,282,23,4215703,82,9,0,3,2
45036,2023,4,20,5,3,116,"227,5",3518800,67,21,1,1,1
45036,2023,4,20,5,2,174,303,5106752,52,7,0,2,2
45036,2023,4,20,5,3,101,471,3300100,1,11,1,2,2
45036,2023,4,20,5,3,277,"518,2",4109302,33,11,1,3,3
45036,2023,4,20,5,3,116,229,3550308,52,12,1,2,2
45036,2023,4,20,5,3,40,"751,6",3160702,67,9,0,36,2
45036,2023,4,20,5,3,369,"177,5",4122404,61,2,1,2,2
45036,2023,4,20,5,3,116,273,3552809,52,2,1,2,2
45036,2023,4,20,5,2,101,298,3301900,2,2,0,2,2
45036,2023,4,20,5,3,40,"12,8",5212501,52,9,1,2,2
45036,2023,4,20,5,3,101,"85,8",2501807,11,12,0,8,2
45036,2023,4,20,5,3,101,"49,5",2600054,35,2,1,2,2
45036,2023,4,20,5,3,280,"6,8",4216206,78,11,1,2,2
45036,2023,4,20,5,3,116,205,3503901,67,4,1,1,1
45036,2023,4,20,5,2,381,80,3550308,11,21,0,1,1
45036,2023,4,20,5,3,101,"297,4",2112803,16,12,1,4,3
45036,2023,4,20,5,3,116,78,3305802,67,11,0,2,2
45036,2023,4,20,5,3,285,"84,6",2201903,16,4,0,1,1
45036,2023,4,20,5,3,277,731,4108304,82,7,1,3,2
45036,2023,4,20,5,3,40,"611,9",3118007,35,2,0,2,2
45036,2023,4,20,5,3,361,"57,3",2510402,9,1,0,1,1
45034,2023,4,18,3,4,476,87,4103107,83,20,0,1,1
45036,2023,4,20,5,3,40,"781,3",3136702,76,12,0,3,2
45036,2023,4,20,5,3,116,"189,2",3546801,67,4,0,1,1
45036,2023,4,20,5,3,153,682,5211503,1,11,0,3,2
45036,2023,4,20,5,3,101,"199,3",4202305,52,12,1,2,2
45036,2023,4,20,5,3,364,"237,9",1100049,49,12,1,4,3
45036,2023,4,20,5,3,262,"40,2",3139409,67,11,1,3,2
45036,2023,4,20,5,2,316,69,2206407,16,12,1,2,2
45036,2023,4,20,5,3,277,597,2303501,52,21,1,1,1
45036,2023,4,20,5,3,101,114,4208203,52,9,1,2,2
45036,2023,4,20,5,3,232,11,2607901,52,11,1,2,2
44932,2023,1,6,6,2,376,"179,1",4115200,52,9,1,2,2
45036,2023,4,20,5,4,116,220,3518800,16,21,1,1,1
45036,2023,4,20,5,3,230,"56,8",2504900,83,4,0,5,1
45036,2023,4,20,5,3,230,"20,3",2507507,11,21,1,1,1
45036,2023,4,20,5,3,381,"501,5",3106705,11,12,1,3,2
45036,2023,4,20,5,3,319,60,1100205,16,12,1,2,2
45036,2023,4,20,5,3,153,230,1705508,1,11,1,2,2
45036,2023,4,20,5,3,116,169,3524402,67,21,0,1,1
45036,2023,4,20,5,4,324,623,2927408,52,11,1,3,2
45036,2023,4,20,5,3,365,418,3148004,28,20,0,4,1
45036,2023,4,20,5,3,40,124,3301702,52,9,0,2,2
45036,2023,4,20,5,3,20,41,5300108,1,11,0,2,2
45036,2023,4,20,5,3,101,126,4208203,16,12,0,2,2
45015,2023,3,30,5,4,262,38,3201902,1,11,1,2,2
45029,2023,4,13,5,4,116,119,4106902,52,9,1,3,2
45036,2023,4,20,5,2,153,"1,2",4303004,1,11,1,2,2
45036,2023,4,20,5,3,116,"526,2",3113404,49,21,1,4,2
45036,2023,4,20,5,4,304,"148,5",2400802,52,11,1,2,2
45036,2023,4,20,5,3,116,229,4204558,67,20,0,2,1
45036,2023,4,20,5,4,116,205,3503901,52,9,0,2,2
45036,2023,4,20,5,3,324,537,2908507,83,12,0,2,2
45036,2023,4,20,5,4,376,79,4108908,67,20,0,1,1
45036,2023,4,20,5,3,493,16,3301850,9,1,0,1,1
45036,2023,4,20,5,3,40,"575,4",3131901,33,11,0,3,2
45036,2023,4,20,5,4,452,0,5218805,49,21,1,2,1
45036,2023,4,20,5,4,116,234,4307609,60,2,1,2,2
45036,2023,4,20,5,4,116,25,2306256,83,2,0,2,2
45036,2023,4,20,5,4,101,"204,4",4216602,67,4,1,1,1
45036,2023,4,20,5,4,316,90,1507409,35,2,0,2,2
45036,2023,4,20,5,4,232,"101,3",2601904,35,2,1,2,2
45036,2023,4,20,5,4,232,"155,1",2613107,49,20,0,2,1
45036,2023,4,20,5,4,282,19,4211900,67,12,0,2,2
45036,2023,4,20,5,4,153,"456,5",4128203,51,11,0,2,2
45036,2023,4,20,5,3,153,280,3533700,1,11,0,2,2
45036,2023,4,20,5,4,222,142,2306108,11,7,1,2,2
45036,2023,4,20,5,4,369,174,4122404,49,10,1,3,3
45036,2023,4,20,5,3,282,"171,5",4202438,82,7,0,3,2
45036,2023,4,20,5,3,470,55,4202404,20,9,1,2,2
45036,2023,4,20,5,4,60,101,5201108,67,12,1,4,2
45036,2023,4,20,5,4,101,"211,2",4211900,56,21,0,1,1
45036,2023,4,20,5,4,116,823,2933307,52,9,1,2,2
44952,2023,1,26,5,2,343,339,2211001,1,12,0,4,2
45036,2023,4,20,5,4,262,364,3136652,67,12,1,2,2
45036,2023,4,20,5,3,386,425,4312401,83,20,1,1,1
45036,2023,4,20,5,4,116,"416,3",3127701,19,21,1,1,1
45036,2023,4,20,5,4,50,"64,1",3170206,1,12,0,2,2
45036,2023,4,20,5,4,110,"46,9",2408003,52,7,1,2,2
45036,2023,4,20,5,4,116,273,3552809,80,10,0,2,2
44976,2023,2,19,1,2,381,"477,5",3118601,60,2,1,2,2
45036,2023,4,20,5,4,369,"427,6",4112959,48,2,0,5,2
45036,2023,4,20,5,3,116,66,3518404,67,4,0,1,1
45036,2023,4,20,5,4,163,285,4114609,80,7,1,2,2
45036,2023,4,20,5,4,101,"361,6",4215455,9,1,0,2,1
45036,2023,4,20,5,4,20,"62,9",5208004,49,3,0,1,1
45036,2023,4,20,5,4,251,"503,4",3126703,80,7,0,4,2
45036,2023,4,20,5,4,230,"203,9",2510501,25,12,0,6,2
45036,2023,4,20,5,4,163,528,5004908,67,20,0,2,1
45036,2023,4,20,5,4,116,"532,6",3113404,28,21,0,2,1
45037,2023,4,21,6,1,406,166,2312403,49,20,0,1,1
45036,2023,4,20,5,4,116,"549,9",3157252,28,18,0,2,2
45037,2023,4,21,6,1,153,140,1702109,11,20,0,1,1
45037,2023,4,21,6,1,116,185,3303500,49,12,1,3,3
45037,2023,4,21,6,1,116,114,4106902,11,20,0,1,1
45037,2023,4,21,6,1,116,256,4307708,11,12,1,4,3
45037,2023,4,21,6,1,116,304,3549953,67,20,0,3,1
45037,2023,4,21,6,1,153,"39,7",3534005,11,20,0,2,1
45037,2023,4,21,6,1,381,47,3504107,11,3,0,2,1
45037,2023,4,21,6,1,376,"176,8",4115200,1,11,1,2,2
45036,2023,4,20,5,4,101,98,4212809,67,7,0,2,2
45037,2023,4,21,6,1,376,"174,9",4115200,11,20,1,1,1
45037,2023,4,21,6,1,373,275,4120606,11,12,0,5,2
45037,2023,4,21,6,1,20,"317,9",2302800,7,4,0,2,1
45037,2023,4,21,6,1,470,66,4207502,11,20,1,1,1
45037,2023,4,21,6,2,153,670,1709500,35,2,0,3,3
45037,2023,4,21,6,2,381,"880,9",3124500,83,21,0,2,1
45037,2023,4,21,6,2,101,203,3203130,33,9,1,2,2
45037,2023,4,21,6,2,116,246,4318705,28,18,1,6,1
45036,2023,4,20,5,3,262,36,3139409,50,12,1,2,2
45037,2023,4,21,6,1,60,414,5007901,67,20,0,1,1
45037,2023,4,21,6,2,116,363,3529906,83,21,0,2,1
45037,2023,4,21,6,2,60,420,5007901,1,11,0,2,2
45037,2023,4,21,6,2,116,"8,6",2304400,63,4,1,2,1
45037,2023,4,21,6,2,116,146,3549904,52,9,0,6,5
45037,2023,4,21,6,1,163,349,5007208,49,20,0,1,1
45026,2023,4,10,2,2,116,"276,3",3168606,62,21,0,1,1
45037,2023,4,21,6,2,40,"821,7",3167509,83,3,0,2,1
45030,2023,4,14,6,2,277,"110,1",4104204,16,15,1,6,5
45037,2023,4,21,6,2,476,232,4113205,11,3,0,1,1
44981,2023,2,24,6,2,116,257,4320008,52,12,1,2,2
45037,2023,4,21,6,2,386,"432,4",2207959,1,12,0,3,2
45037,2023,4,21,6,2,116,97,3305554,67,20,0,1,1
45037,2023,4,21,6,2,381,"536,3",3133709,67,12,0,3,2
45037,2023,4,21,6,2,40,"437,2",3147402,7,21,0,1,1
45037,2023,4,21,6,2,101,134,3300936,18,4,0,3,1
45037,2023,4,21,6,2,101,313,3304904,11,12,0,2,2
45037,2023,4,21,6,2,101,387,3302007,1,9,0,2,2
45036,2023,4,20,5,2,232,"408,9",2613909,5,21,1,1,1
45037,2023,4,21,6,2,110,371,2907509,18,10,0,3,3
45037,2023,4,21,6,2,230,"204,3",2510501,1,9,0,2,2
45037,2023,4,21,6,2,251,"507,6",3126703,83,21,0,1,1
45037,2023,4,21,6,2,290,"527,5",4300406,20,9,0,2,2
45037,2023,4,21,6,2,230,85,2506400,67,15,1,3,3
44994,2023,3,9,5,1,101,480,3300100,28,18,0,1,1
45037,2023,4,21,6,2,277,"42,2",4116208,7,21,0,1,1
45037,2023,4,21,6,2,393,284,3306305,16,12,1,4,2
45037,2023,4,21,6,2,116,133,3302502,11,12,0,2,2
45037,2023,4,21,6,2,376,661,4127601,67,15,0,12,5
45033,2023,4,17,2,3,101,297,3301900,67,9,1,3,2
45037,2023,4,21,6,2,376,114,4100608,66,20,0,2,1
45037,2023,4,21,6,2,230,11,2503209,9,12,1,2,2
45037,2023,4,21,6,2,364,265,5107404,63,3,0,2,1
45037,2023,4,21,6,2,101,"692,8",2910727,15,20,0,5,1
45037,2023,4,21,6,2,101,"342,9",3202405,51,20,0,1,1
45037,2023,4,21,6,2,392,"11,2",4315602,13,20,0,1,1
45037,2023,4,21,6,2,304,75,2408003,63,20,0,1,1
45037,2023,4,21,6,2,381,533,3133709,83,20,0,1,1
45037,2023,4,21,6,2,116,"46,8",3509957,11,12,0,4,3
45037,2023,4,21,6,2,101,125,4208203,16,9,0,3,2
45037,2023,4,21,6,2,364,136,1200401,33,21,1,3,3
45037,2023,4,21,6,2,386,216,4321469,16,12,1,2,2
45037,2023,4,21,6,2,392,"681,3",4319372,67,20,0,1,1
45037,2023,4,21,6,3,40,120,3301702,52,9,1,2,2
44974,2023,2,17,6,1,116,19,2304285,83,12,0,2,2
45037,2023,4,21,6,2,116,521,4314407,11,11,0,2,2
45037,2023,4,21,6,2,381,59,3528502,80,7,1,4,3
45037,2023,4,21,6,2,316,157,2706307,11,7,1,2,2
45037,2023,4,21,6,2,10,297,1503507,1,2,0,2,2
45037,2023,4,21,6,3,277,"442,6",4113304,11,20,0,2,1
45037,2023,4,21,6,3,153,"61,2",3549805,82,9,1,2,2
45037,2023,4,21,6,3,304,"65,2",2301109,11,3,0,4,1
45037,2023,4,21,6,2,364,504,5104906,49,20,0,1,1
45037,2023,4,21,6,3,364,"197,8",1100189,16,9,1,16,2
45037,2023,4,21,6,2,101,308,3304904,16,15,0,4,3
45037,2023,4,21,6,3,101,"205,1",4216602,67,12,1,2,2
45037,2023,4,21,6,3,101,144,4208302,78,21,0,1,1
45037,2023,4,21,6,3,174,513,1400100,49,20,0,2,1
45037,2023,4,21,6,2,153,"370,1",5211800,82,7,0,6,3
45037,2023,4,21,6,3,101,504,3300100,1,11,0,2,2
45025,2023,4,9,1,4,116,"436,4",3123700,67,4,0,2,2
45037,2023,4,21,6,2,365,"64,3",3135605,6,20,0,2,1
45037,2023,4,21,6,3,116,"154,9",4305108,67,21,0,2,1
45037,2023,4,21,6,2,163,352,5107800,67,20,0,2,1
45037,2023,4,21,6,3,101,426,4201406,28,21,0,2,1
45037,2023,4,21,6,3,101,"133,8",4202008,1,11,1,2,2
45037,2023,4,21,6,3,116,280,3515004,11,15,1,7,4
45037,2023,4,21,6,3,101,78,2611606,35,2,1,2,2
45037,2023,4,21,6,3,70,0,5106653,2,10,1,2,2
45037,2023,4,21,6,3,277,722,4108304,1,11,0,6,2
45037,2023,4,21,6,3,262,"20,9",2112803,49,12,1,2,2
45037,2023,4,21,6,3,230,329,2510808,1,11,0,4,2
45037,2023,4,21,6,3,116,272,3168606,83,20,0,1,1
45037,2023,4,21,6,3,116,189,3303500,11,2,1,2,2
45037,2023,4,21,6,2,101,"415,9",4201406,11,11,1,2,2
45037,2023,4,21,6,3,210,156,1600535,64,7,0,5,2
45037,2023,4,21,6,4,235,"4,9",2804805,49,4,1,1,1
45037,2023,4,21,6,3,158,567,4317103,49,2,0,4,2
45037,2023,4,21,6,3,153,"257,3",3529005,49,4,1,1,1
45037,2023,4,21,6,4,282,389,4209003,52,9,0,2,2
45037,2023,4,21,6,4,80,"17,3",5300108,64,4,1,1,1
45037,2023,4,21,6,3,424,"94,7",2606002,49,12,0,4,3
45037,2023,4,21,6,3,393,247,3300308,46,11,0,3,2
45037,2023,4,21,6,3,343,"68,7",2202000,67,4,0,2,1
45037,2023,4,21,6,3,414,413,5200100,50,4,0,1,1
45037,2023,4,21,6,4,101,"287,3",3201308,83,20,0,1,1
45037,2023,4,21,6,4,262,751,3156908,83,20,0,1,1
45037,2023,4,21,6,3,50,173,3170107,13,21,0,2,1
45037,2023,4,21,6,4,50,133,3170107,67,20,0,1,1
45037,2023,4,21,6,4,381,"676,7",3149903,11,12,1,2,2
45037,2023,4,21,6,3,364,711,1100205,83,12,1,3,2
45037,2023,4,21,6,4,101,82,2607901,83,2,1,3,2
45037,2023,4,21,6,4,232,408,2613909,80,10,1,3,2
45037,2023,4,21,6,3,101,511,3300100,33,7,0,4,2
45037,2023,4,21,6,4,277,723,4108304,67,3,1,1,1
45037,2023,4,21,6,4,381,"674,6",3149903,83,20,0,2,2
45037,2023,4,21,6,3,280,266,4207908,11,4,0,1,1
45037,2023,4,21,6,4,364,389,5107800,2,9,0,3,3
45037,2023,4,21,6,3,364,307,1100254,11,12,1,3,2
45037,2023,4,21,6,4,101,"65,5",3204906,49,12,1,2,2
45037,2023,4,21,6,4,101,"883,5",2931350,9,1,0,4,2
45037,2023,4,21,6,4,472,162,4317202,33,11,0,2,2
45037,2023,4,21,6,4,101,"310,9",3304904,49,4,1,1,1
45037,2023,4,21,6,4,448,1,4320008,11,4,0,1,1
45037,2023,4,21,6,4,40,"40,7",3147006,1,11,1,2,2
45037,2023,4,21,6,3,262,475,3107406,1,11,0,2,2
45037,2023,4,21,6,4,235,54,2506905,49,12,0,2,2
45037,2023,4,21,6,4,470,"268,2",4318614,67,20,0,1,1
45037,2023,4,21,6,4,316,9,2601102,11,4,0,2,1
45037,2023,4,21,6,3,282,253,4216800,9,20,0,1,1
45037,2023,4,21,6,4,330,830,2913903,49,10,0,2,2
45037,2023,4,21,6,4,116,17,2306256,46,4,1,1,1
45037,2023,4,21,6,4,282,"40,7",4200606,80,7,0,5,2
45037,2023,4,21,6,3,116,"126,7",2513158,48,2,0,2,2
45037,2023,4,21,6,4,163,"88,1",3128204,44,12,0,2,2
45037,2023,4,21,6,4,116,"37,1",2305233,11,20,1,2,2
45037,2023,4,21,6,4,70,278,5107040,11,12,1,3,2
45037,2023,4,21,6,4,381,"830,2",3164407,9,1,0,1,1
45037,2023,4,21,6,4,373,"174,3",4119905,11,11,1,2,2
45038,2023,4,22,7,1,402,"36,7",2207702,11,4,0,1,1
45038,2023,4,22,7,1,116,6,2304400,52,9,0,3,2
45037,2023,4,21,6,4,101,406,3302007,49,4,1,1,1
45037,2023,4,21,6,4,407,8,2918407,80,7,1,3,2
45038,2023,4,22,7,1,282,"17,5",4211900,34,4,1,1,1
45037,2023,4,21,6,4,153,"702,1",5211503,49,20,1,1,1
45038,2023,4,22,7,1,135,3,2111300,11,21,1,1,1
45038,2023,4,22,7,1,101,51,2600054,11,4,1,1,1
45038,2023,4,22,7,1,116,230,3550308,49,20,1,1,1
45038,2023,4,22,7,1,277,122,4104204,11,12,0,2,2
45038,2023,4,22,7,1,116,145,3549904,11,4,0,1,1
45038,2023,4,22,7,1,376,"617,8",4125506,15,4,0,2,1
45038,2023,4,22,7,1,101,45,2606804,9,1,1,2,1
45038,2023,4,22,7,1,424,"90,5",2606002,49,9,1,4,2
45037,2023,4,21,6,4,135,311,2103802,2,11,0,4,2
45038,2023,4,22,7,1,116,"104,5",4125506,18,12,0,2,2
45038,2023,4,22,7,1,101,58,2611606,11,20,0,1,1
45030,2023,4,14,6,1,116,27,2933307,67,21,0,1,1
45038,2023,4,22,7,1,493,8,3301850,67,12,0,3,2
45038,2023,4,22,7,2,101,"0,1",2607901,82,10,0,2,2
45038,2023,4,22,7,1,101,193,4202305,11,4,0,1,1
45038,2023,4,22,7,1,376,"494,3",4119905,49,4,1,1,1
45037,2023,4,21,6,4,116,"563,1",3139409,28,18,0,1,1
45038,2023,4,22,7,2,116,220,2910701,18,4,1,1,1
45038,2023,4,22,7,2,232,"71,1",2606408,11,12,0,2,2
45038,2023,4,22,7,1,50,14,3103504,49,4,0,1,1
45038,2023,4,22,7,1,163,257,5003702,83,12,0,3,3
45038,2023,4,22,7,2,146,"485,9",3151800,83,4,0,1,1
45038,2023,4,22,7,2,116,6,2304400,61,2,1,2,2
45038,2023,4,22,7,2,116,"255,5",4307708,1,9,1,2,2
45037,2023,4,21,6,4,381,62,3528502,28,9,0,2,2
45038,2023,4,22,7,1,116,335,4301909,11,20,0,1,1
45038,2023,4,22,7,2,101,383,3204401,11,20,0,1,1
45038,2023,4,22,7,1,316,"598,1",2112209,60,2,0,2,2
45038,2023,4,22,7,2,493,25,3302502,67,12,0,2,2
45038,2023,4,22,7,2,376,620,4125506,49,20,1,1,1
45038,2023,4,22,7,2,381,33,3504107,9,20,0,4,1
45037,2023,4,21,6,4,277,"575,3",2303501,49,20,0,1,1
45038,2023,4,22,7,2,101,"50,3",3555406,1,11,1,2,2
45038,2023,4,22,7,2,101,245,2908309,67,20,0,1,1
45038,2023,4,22,7,2,428,"189,9",2611101,1,21,0,1,1
45038,2023,4,22,7,2,101,88,3301009,83,11,0,2,2
45038,2023,4,22,7,2,373,"420,3",4104428,83,21,0,1,1
45038,2023,4,22,7,2,40,"142,2",3136306,52,7,0,2,2
45038,2023,4,22,7,2,101,"74,1",4313508,61,2,0,2,2
45038,2023,4,22,7,2,324,"531,7",2910800,13,4,0,4,1
45038,2023,4,22,7,2,364,799,1100205,28,4,1,2,1
45038,2023,4,22,7,2,10,355,1506609,1,11,1,4,3
45038,2023,4,22,7,2,101,"200,1",3203130,48,20,0,1,1
45038,2023,4,22,7,2,163,"497,1",2401305,67,20,0,1,1
45038,2023,4,22,7,2,116,140,3301702,28,18,1,1,1
45037,2023,4,21,6,3,262,"722,8",5003207,9,20,0,3,1
45038,2023,4,22,7,2,40,"618,2",3118007,83,20,0,2,1
45038,2023,4,22,7,2,101,471,3300100,1,11,0,2,2
45038,2023,4,22,7,2,163,276,4120853,83,20,0,1,1
45038,2023,4,22,7,2,50,"21,5",3170206,49,12,1,2,2
45038,2023,4,22,7,2,262,"36,5",3139409,72,11,1,3,2
45038,2023,4,22,7,2,376,289,4115754,67,20,0,1,1
44966,2023,2,9,5,3,135,20,2111300,11,20,1,1,1
45038,2023,4,22,7,2,415,27,2913606,49,11,0,6,2
45038,2023,4,22,7,2,158,"777,4",5101803,2,9,0,2,2
45038,2023,4,22,7,2,116,462,2928802,49,20,1,1,1
45006,2023,3,21,3,3,365,131,3170800,83,3,0,2,1
45038,2023,4,22,7,2,282,"95,2",4200705,83,20,0,1,1
45032,2023,4,16,1,3,230,"0,5",2510808,67,20,1,3,1
45038,2023,4,22,7,3,277,"527,2",4109302,28,20,0,2,1
45038,2023,4,22,7,3,381,347,3136207,67,20,0,2,1
45038,2023,4,22,7,3,222,"192,3",2304350,83,7,0,1,1
45031,2023,4,15,7,3,174,923,1302603,67,3,0,2,2
45038,2023,4,22,7,3,116,"67,1",3518404,67,21,0,1,1
45038,2023,4,22,7,3,381,"46,3",3504107,83,4,0,1,1
45038,2023,4,22,7,3,163,328,3517406,1,11,0,3,2
45038,2023,4,22,7,2,428,"189,5",2611101,1,9,1,5,2