id_data,ano,mes,dia,id_dia_semana,periodo,br,km,id_municipio,id_causa_acidente,id_tipo_acidente,id_uso_solo,pessoas,veiculos
45038,2023,4,22,7,3,101,131,4202008,14,4,0,4,2
45038,2023,4,22,7,3,316,"41,1",1506500,67,4,0,4,1
45038,2023,4,22,7,3,101,91,2507507,11,12,0,2,1
45038,2023,4,22,7,3,101,201,2911600,80,7,0,3,2
45038,2023,4,22,7,3,267,34,5001904,67,21,0,1,1
45038,2023,4,22,7,3,60,24,5300108,11,20,0,5,1
45038,2023,4,22,7,3,101,131,4202008,58,12,1,2,2
45038,2023,4,22,7,3,410,3,2926608,28,20,0,3,1
45038,2023,4,22,7,3,116,10,4105805,36,12,1,3,2
45038,2023,4,22,7,3,101,194,2708808,11,4,0,1,1
45038,2023,4,22,7,3,280,31,4201307,1,9,0,2,2
45038,2023,4,22,7,3,101,"105,3",4212502,67,12,0,4,3
45038,2023,4,22,7,3,101,139,2708600,1,11,1,2,2
45038,2023,4,22,7,3,354,"751,8",3133006,49,7,0,5,2
45038,2023,4,22,7,3,386,342,1712009,11,12,0,2,2
45038,2023,4,22,7,3,50,"36,5",3103504,49,4,0,1,1
45038,2023,4,22,7,3,101,"84,9",2312403,49,12,0,4,3
45038,2023,4,22,7,3,116,"169,1",4305108,52,9,0,2,2
45038,2023,4,22,7,3,116,284,3300407,28,4,0,1,1
45038,2023,4,22,7,3,116,830,2933307,33,11,0,2,2
45038,2023,4,22,7,3,101,71,3301009,60,2,0,2,2
45038,2023,4,22,7,3,381,"500,2",3106705,82,12,0,4,2
45038,2023,4,22,7,3,364,565,5105903,9,1,0,1,1
45038,2023,4,22,7,3,277,727,4108304,83,3,1,1,1
45038,2023,4,22,7,3,116,215,4312476,1,11,0,2,2
45038,2023,4,22,7,3,356,70,3302056,11,20,0,3,1
45038,2023,4,22,7,3,104,92,2600302,9,1,0,3,2
45038,2023,4,22,7,4,20,"7,3",5208004,34,20,1,2,2
45038,2023,4,22,7,4,101,157,3302403,46,9,0,3,2
45038,2023,4,22,7,4,116,"529,5",4304663,49,12,1,2,2
45038,2023,4,22,7,4,418,106,2923001,49,7,1,5,2
45038,2023,4,22,7,4,116,"120,5",3508504,49,21,0,5,3
44932,2023,1,6,6,2,470,"176,2",4213708,82,9,1,3,2
45038,2023,4,22,7,3,381,"188,6",3149952,28,20,0,2,1
45038,2023,4,22,7,3,470,92,4201703,61,2,1,2,2
45038,2023,4,22,7,3,470,65,4207502,2,4,1,1,1
45038,2023,4,22,7,3,101,"487,8",3300100,61,2,1,3,3
45038,2023,4,22,7,4,50,"89,4",3170206,49,21,0,2,1
45038,2023,4,22,7,4,101,"134,1",4202008,48,4,1,1,1
45038,2023,4,22,7,3,163,"1,8",4205001,60,2,1,2,2
45038,2023,4,22,7,3,465,3,3305554,9,1,0,1,1
45038,2023,4,22,7,4,222,146,2306108,52,7,0,3,2
45038,2023,4,22,7,4,101,"344,7",3202405,11,21,0,2,1
45038,2023,4,22,7,4,116,"77,8",3544301,11,12,0,3,2
45038,2023,4,22,7,4,392,264,4311205,1,11,1,2,2
45038,2023,4,22,7,4,282,339,4203600,49,12,0,3,2
45038,2023,4,22,7,4,116,126,4107652,17,11,1,3,2
45038,2023,4,22,7,4,153,626,2308906,9,1,0,1,1
45038,2023,4,22,7,4,364,304,5104807,67,3,0,1,1
45038,2023,4,22,7,4,116,275,3168606,57,21,1,1,1
45038,2023,4,22,7,4,324,430,2926301,33,11,0,2,2
45038,2023,4,22,7,4,222,674,2100055,48,20,1,1,1
45038,2023,4,22,7,4,101,279,2918803,49,12,0,2,2
45039,2023,4,23,1,1,116,432,2910800,18,4,0,1,1
45039,2023,4,23,1,1,330,798,2918001,11,20,0,1,1
45039,2023,4,23,1,1,40,2,5221858,11,21,1,1,1
45039,2023,4,23,1,1,101,128,4202008,52,4,1,4,1
45038,2023,4,22,7,4,163,904,1501451,60,2,0,2,2
45039,2023,4,23,1,1,316,"246,6",2700409,49,7,0,3,2
45039,2023,4,23,1,1,116,"675,1",3142106,67,20,0,1,1
45039,2023,4,23,1,1,418,90,2923001,9,1,1,1,1
45039,2023,4,23,1,1,110,"46,6",2408003,11,4,1,1,1
45039,2023,4,23,1,1,40,122,3301702,67,4,1,1,1
45039,2023,4,23,1,1,116,225,3518800,49,4,0,1,1
45039,2023,4,23,1,1,104,58,2705507,18,20,0,2,1
45039,2023,4,23,1,1,282,219,4209300,49,20,1,1,1
45039,2023,4,23,1,1,324,576,2929503,67,20,0,1,1
45017,2023,4,1,7,2,135,1,2111300,1,2,1,2,2
45039,2023,4,23,1,1,262,363,3136652,55,12,1,2,2
45039,2023,4,23,1,1,116,231,4310801,11,4,1,2,1
45039,2023,4,23,1,1,70,"3,5",5300108,11,12,1,4,2
45039,2023,4,23,1,1,101,150,4208302,25,12,0,2,2
45039,2023,4,23,1,1,232,"44,5",2616407,9,1,0,1,1
45039,2023,4,23,1,1,20,56,5300108,18,3,0,3,1
45038,2023,4,22,7,4,277,608,4124020,1,11,0,2,2
45039,2023,4,23,1,1,262,368,3136652,67,12,0,2,2
45039,2023,4,23,1,2,158,319,2409332,11,20,0,1,1
45039,2023,4,23,1,1,407,"75,9",2611101,18,4,0,1,1
45039,2023,4,23,1,1,163,287,4120853,11,20,1,1,1
45039,2023,4,23,1,1,116,177,3146305,82,7,0,2,2
45039,2023,4,23,1,2,381,83,3550308,67,21,1,1,1
45039,2023,4,23,1,2,116,360,4321105,21,20,0,1,1
45039,2023,4,23,1,2,101,"236,5",3202207,11,4,0,1,1
45039,2023,4,23,1,1,163,21,5104609,67,20,0,1,1
45026,2023,4,10,2,3,116,"437,1",3101805,80,7,0,2,2
45038,2023,4,22,7,4,280,"83,1",4204509,11,4,0,1,1
45038,2023,4,22,7,3,470,65,4207502,28,3,1,2,1
45039,2023,4,23,1,2,116,95,3538006,11,20,0,1,1
45039,2023,4,23,1,1,282,566,4211405,11,4,0,1,1
45039,2023,4,23,1,1,153,"57,5",3549805,67,20,0,2,2
45039,2023,4,23,1,2,290,"476,2",4316402,11,7,1,20,2
45038,2023,4,22,7,3,70,217,4108502,4,7,0,3,2
45039,2023,4,23,1,2,116,"765,4",3138401,83,21,1,1,1
45039,2023,4,23,1,1,101,406,3302007,18,20,1,1,1
45039,2023,4,23,1,2,116,169,3524402,83,20,1,2,2
45015,2023,3,30,5,2,262,357,3106705,11,12,1,2,2
45039,2023,4,23,1,2,280,56,4206504,83,12,0,2,2
45039,2023,4,23,1,1,222,662,2100055,11,21,0,1,1
44987,2023,3,2,5,2,267,"291,1",3104908,1,11,0,3,2
45039,2023,4,23,1,2,428,11,2603009,1,9,1,2,2
45039,2023,4,23,1,2,376,633,4125506,11,12,0,2,2
45039,2023,4,23,1,2,10,273,2105302,63,21,0,2,2
45010,2023,3,25,7,4,222,668,2100055,9,1,0,1,1
45038,2023,4,22,7,4,70,314,2918506,1,11,1,3,2
45039,2023,4,23,1,2,101,"66,4",2403608,16,12,0,2,2
45039,2023,4,23,1,2,101,"407,8",4201406,67,20,0,1,1
45039,2023,4,23,1,2,60,"377,7",2401305,67,21,0,2,1
45039,2023,4,23,1,2,470,215,4302105,44,21,1,1,1
45039,2023,4,23,1,2,381,516,3130101,64,21,0,1,1
45039,2023,4,23,1,2,153,24,4111803,1,11,0,2,2
45039,2023,4,23,1,2,101,562,3303807,33,11,0,2,2
45039,2023,4,23,1,2,101,"41,9",3201605,1,11,0,2,2
45039,2023,4,23,1,2,116,"37,7",3508603,51,21,1,2,1
45039,2023,4,23,1,2,381,924,3133600,11,4,0,1,1
45039,2023,4,23,1,2,116,139,3301702,67,4,0,1,1
45039,2023,4,23,1,2,282,"24,6",4215703,33,11,1,2,2
45039,2023,4,23,1,2,40,445,3147402,67,21,0,1,1
45039,2023,4,23,1,2,101,96,2408102,16,12,1,3,3
45039,2023,4,23,1,2,376,682,4109609,72,11,0,2,2
45039,2023,4,23,1,3,116,230,4306403,20,9,1,7,3
45039,2023,4,23,1,3,232,403,2613909,67,4,0,1,1
45039,2023,4,23,1,2,116,57,3305802,83,21,0,1,1
45039,2023,4,23,1,2,116,308,3549953,83,4,0,4,1
45039,2023,4,23,1,2,101,266,3304300,16,12,0,2,2
45039,2023,4,23,1,3,116,217,3303609,67,4,0,1,1
45039,2023,4,23,1,2,101,282,2918803,52,20,0,6,1
45039,2023,4,23,1,3,116,76,3544301,16,12,0,4,3
45039,2023,4,23,1,3,280,23,4201307,1,9,1,3,2
45039,2023,4,23,1,3,101,"206,3",4216602,78,9,1,3,3
45039,2023,4,23,1,3,116,154,3549904,11,21,1,4,2
45039,2023,4,23,1,3,116,"324,2",4301909,67,20,0,1,1
45039,2023,4,23,1,3,116,"103,8",3554102,11,12,0,2,2
45039,2023,4,23,1,3,386,"345,2",1712009,11,12,1,7,3
45039,2023,4,23,1,3,232,515,2612208,1,12,0,2,1
45039,2023,4,23,1,3,116,"100,9",3538006,16,12,0,2,2
45039,2023,4,23,1,3,277,"301,8",4120606,80,7,0,3,2
45039,2023,4,23,1,3,405,105,2404903,11,20,0,1,1
45039,2023,4,23,1,2,101,264,3304300,16,12,0,4,2
45039,2023,4,23,1,3,282,"26,6",4215703,82,11,1,3,2
45039,2023,4,23,1,3,101,149,4208302,78,12,1,3,3
45039,2023,4,23,1,3,280,11,4216206,1,11,0,6,3
45039,2023,4,23,1,3,470,62,4207502,1,12,1,2,2
45039,2023,4,23,1,3,364,"412,6",1100114,82,9,0,4,2
45039,2023,4,23,1,3,280,"73,9",4208906,1,11,1,2,2
45039,2023,4,23,1,3,101,"275,3",3205002,67,4,0,2,1
45039,2023,4,23,1,3,50,161,3170107,18,3,0,2,1
45039,2023,4,23,1,3,158,5,5101803,1,11,1,3,2
45039,2023,4,23,1,3,393,236,3306206,82,11,1,3,2
45039,2023,4,23,1,3,116,189,3303500,16,15,1,4,3
45039,2023,4,23,1,3,282,"64,1",4214300,83,20,0,6,1
45039,2023,4,23,1,3,101,318,3304904,67,12,0,4,2
45039,2023,4,23,1,3,277,723,4108304,1,9,1,2,2
45039,2023,4,23,1,3,235,"12,5",2804805,9,1,1,3,2
45039,2023,4,23,1,3,116,"24,3",1507755,20,11,0,6,2
45039,2023,4,23,1,3,70,281,5107040,49,11,1,4,3
45039,2023,4,23,1,3,116,"303,1",4309308,1,11,0,3,2
45039,2023,4,23,1,3,116,526,4314407,67,20,0,2,1
45039,2023,4,23,1,3,40,"739,8",3160702,67,20,0,1,1
45039,2023,4,23,1,3,50,"272,5",5205109,49,20,0,1,1
45039,2023,4,23,1,3,116,342,4321105,11,20,0,5,1
45039,2023,4,23,1,3,158,333,2409332,52,12,1,2,2
45039,2023,4,23,1,3,282,"24,6",4215703,33,11,1,2,2
45039,2023,4,23,1,3,101,"195,2",4202305,1,11,1,3,2
45039,2023,4,23,1,3,101,"151,9",4213500,11,15,1,4,4
45039,2023,4,23,1,3,365,680,3142809,11,20,0,1,1
44953,2023,1,27,6,2,101,"176,3",2806305,67,10,1,2,2
45039,2023,4,23,1,4,222,"152,8",2306108,67,12,0,4,3
45039,2023,4,23,1,4,277,"667,9",4115804,49,12,1,2,2
45039,2023,4,23,1,4,116,20,2304285,1,2,1,2,2
45039,2023,4,23,1,3,101,176,2929305,16,21,0,2,2
45039,2023,4,23,1,4,232,"61,7",2611309,49,11,0,2,2
45039,2023,4,23,1,3,282,"560,1",4211454,82,7,0,6,2
45039,2023,4,23,1,4,101,"90,6",2804805,11,20,1,1,1
45039,2023,4,23,1,3,116,290,3300407,13,21,0,2,1
45039,2023,4,23,1,4,282,5,4216602,11,4,0,1,1
45039,2023,4,23,1,3,70,400,5102678,33,9,0,2,2
45039,2023,4,23,1,3,101,"37,3",4209102,18,4,0,2,1
45039,2023,4,23,1,4,116,285,3522208,78,9,1,4,3
45039,2023,4,23,1,4,153,2,4111803,18,4,0,1,1
45039,2023,4,23,1,3,101,176,2910800,16,12,0,2,2
45039,2023,4,23,1,4,101,38,2606804,15,3,0,3,1
45039,2023,4,23,1,3,163,32,4124400,49,20,0,1,1
45039,2023,4,23,1,4,116,"14,2",2933307,11,12,1,3,2
45039,2023,4,23,1,3,116,"785,2",3138401,11,20,0,1,1
45039,2023,4,23,1,3,116,517,3509254,67,12,0,7,2
45039,2023,4,23,1,4,40,"13,7",5212501,49,20,1,2,1
45039,2023,4,23,1,4,116,"364,2",4321105,52,4,0,4,2
45039,2023,4,23,1,4,242,585,2913200,16,12,1,2,2
45039,2023,4,23,1,4,101,"201,3",4216602,83,20,1,1,1
45039,2023,4,23,1,4,277,"592,9",2303501,49,12,1,2,2
45039,2023,4,23,1,4,277,74,4125506,67,12,1,2,2
45039,2023,4,23,1,4,343,"347,8",2211001,67,12,0,2,2
45039,2023,4,23,1,3,153,73,1507151,83,12,0,2,2
45039,2023,4,23,1,4,282,"498,8",4219507,52,9,0,7,2
45039,2023,4,23,1,4,277,107,2303501,16,12,0,4,2
45039,2023,4,23,1,4,476,291,4125605,83,20,0,2,1
45039,2023,4,23,1,4,393,255,3300308,83,12,1,2,2
45039,2023,4,23,1,4,116,219,3518800,67,12,1,3,3
45039,2023,4,23,1,4,116,218,3518800,83,12,1,4,2
45039,2023,4,23,1,4,365,170,3109402,80,7,0,12,3
45039,2023,4,23,1,4,101,570,3303807,82,20,0,2,2
45039,2023,4,23,1,4,110,363,2907509,67,7,1,2,2
45039,2023,4,23,1,4,230,48,2110203,28,20,0,4,1
45039,2023,4,23,1,4,40,702,3105608,51,21,1,1,1
45039,2023,4,23,1,3,101,"659,2",2916302,15,7,0,50,3
45039,2023,4,23,1,4,226,166,2403103,49,10,0,3,2
45039,2023,4,23,1,4,116,532,3159357,67,20,0,1,1
45039,2023,4,23,1,3,163,887,5103056,49,12,0,2,2
45039,2023,4,23,1,4,163,1041,5105606,11,10,0,1,1
45039,2023,4,23,1,3,381,"46,8",3504107,60,2,0,2,2
45040,2023,4,24,2,1,60,186,5209200,9,1,0,1,1
45040,2023,4,24,2,1,381,164,3127701,11,20,0,1,1
45039,2023,4,23,1,3,324,567,2929503,16,15,0,5,4
44956,2023,1,30,2,1,381,488,3106705,11,21,1,1,1
45040,2023,4,24,2,1,282,424,3170602,11,20,0,1,1
45040,2023,4,24,2,1,226,80,2414001,1,7,0,4,2
45040,2023,4,24,2,1,381,42,3504107,49,4,0,1,1
45040,2023,4,24,2,1,324,552,2901106,67,20,1,1,1
45036,2023,4,20,5,4,101,312,3304904,28,18,1,1,1
45040,2023,4,24,2,2,324,620,2927408,16,12,1,2,2
45039,2023,4,23,1,4,470,170,4323309,1,7,1,3,2
45040,2023,4,24,2,1,222,"2,8",2304400,17,11,1,3,3
45040,2023,4,24,2,2,116,"533,9",2307205,52,11,1,2,2
45040,2023,4,24,2,1,116,214,3518800,67,4,1,4,1
45040,2023,4,24,2,2,116,115,4106902,52,12,1,2,2
45040,2023,4,24,2,2,386,"349,2",1712009,11,12,1,2,2
45040,2023,4,24,2,2,324,617,2927408,16,12,1,2,2
45040,2023,4,24,2,1,116,"642,7",3125952,67,20,0,1,1
45040,2023,4,24,2,2,222,"2,9",2304400,16,15,0,4,4
45040,2023,4,24,2,2,101,71,3204906,16,12,0,3,2
45040,2023,4,24,2,2,376,601,4106902,52,9,1,3,2
45040,2023,4,24,2,2,282,"0,1",4205407,52,9,0,3,3
45040,2023,4,24,2,2,70,5,5300108,11,12,1,2,2
45040,2023,4,24,2,2,448,22,4314902,11,3,0,1,1
45040,2023,4,24,2,2,101,"97,8",2408102,16,12,1,3,3
45040,2023,4,24,2,2,101,"435,3",1718402,18,20,0,1,1
45040,2023,4,24,2,2,40,"629,4",3118304,52,9,1,2,2
45040,2023,4,24,2,2,290,1,4314902,11,9,0,2,2
45040,2023,4,24,2,2,304,295,2407104,16,15,0,15,6
45040,2023,4,24,2,2,381,90,3518800,11,21,0,1,1
45040,2023,4,24,2,2,277,"597,4",2303501,83,20,0,2,1
45040,2023,4,24,2,2,386,"412,9",4312401,1,11,1,2,2
45040,2023,4,24,2,2,101,"154,7",3203205,16,12,0,3,2
45040,2023,4,24,2,2,153,"513,7",5201405,33,11,1,2,2
45040,2023,4,24,2,2,116,183,3303500,18,3,1,1,1
45040,2023,4,24,2,2,435,21,1100304,18,20,0,1,1
45040,2023,4,24,2,2,163,"832,5",5107909,11,9,1,2,2
45040,2023,4,24,2,2,101,99,2504603,15,20,0,1,1
45040,2023,4,24,2,1,232,"390,4",2613909,11,4,1,1,1
45040,2023,4,24,2,2,116,219,3518800,78,12,1,2,2
45040,2023,4,24,2,2,376,2,4114203,1,11,0,2,2
45040,2023,4,24,2,2,40,"482,1",3167202,67,20,0,1,1
44986,2023,3,1,4,2,423,95,2606002,11,12,1,2,2
45040,2023,4,24,2,2,116,144,4305108,67,21,1,2,2
45040,2023,4,24,2,2,153,499,1716109,16,12,1,2,2
45040,2023,4,24,2,2,116,"270,2",3168606,83,10,0,9,3
45040,2023,4,24,2,2,262,"166,9",3202454,80,20,0,2,1
45018,2023,4,2,1,2,101,85,2607901,1,11,1,4,3
45040,2023,4,24,2,2,101,484,3300100,16,12,1,2,2
45040,2023,4,24,2,2,356,147,3301009,1,12,1,2,2
45040,2023,4,24,2,2,116,256,4307708,67,12,1,3,3
45040,2023,4,24,2,1,282,443,4213401,83,4,0,1,1
45040,2023,4,24,2,2,230,120,1504208,52,9,1,2,2
45040,2023,4,24,2,2,101,113,2511202,67,20,0,1,1
45040,2023,4,24,2,2,40,524,3118601,10,2,1,2,2
45040,2023,4,24,2,2,293,"4,1",4314407,11,11,0,2,2
45040,2023,4,24,2,2,158,"437,5",4316402,28,18,0,1,1
45040,2023,4,24,2,2,101,84,2312403,1,9,1,5,3
45040,2023,4,24,2,2,40,"511,7",3154606,1,11,1,4,2
45040,2023,4,24,2,2,101,"78,6",2607901,4,21,1,2,2
45040,2023,4,24,2,2,232,"9,1",2607901,78,9,1,2,2
45040,2023,4,24,2,2,222,"4,8",2303709,16,12,1,2,2
45040,2023,4,24,2,2,230,"156,2",2504009,9,1,1,1,1
45040,2023,4,24,2,2,381,482,3106705,78,9,0,4,3
45040,2023,4,24,2,2,116,517,4314407,33,11,1,2,2
45040,2023,4,24,2,2,153,565,5218391,51,4,1,2,1
45040,2023,4,24,2,2,222,"71,6",2312403,67,9,0,4,2
45017,2023,4,1,7,1,262,98,3205069,28,18,0,1,1
45040,2023,4,24,2,2,386,429,2207959,20,11,0,2,2
45040,2023,4,24,2,2,116,"188,8",4104105,13,20,0,1,1
45025,2023,4,9,1,3,424,"93,3",2708907,28,18,0,1,1
45040,2023,4,24,2,3,324,621,2927408,16,12,1,5,3
45040,2023,4,24,2,2,324,619,2930709,29,12,0,4,2
45040,2023,4,24,2,2,80,21,5300108,1,9,1,4,2
45040,2023,4,24,2,2,101,209,2911600,1,11,1,2,2
45040,2023,4,24,2,2,101,138,4202008,11,15,1,3,3
45040,2023,4,24,2,3,365,614,3170206,2,11,1,3,2
45040,2023,4,24,2,2,277,"99,7",4106902,61,2,0,2,2
45040,2023,4,24,2,3,386,429,2207959,16,12,0,2,2
45040,2023,4,24,2,3,304,199,2406700,82,10,0,3,3
45040,2023,4,24,2,2,101,305,3304904,82,9,1,3,2
45040,2023,4,24,2,3,262,"415,2",3130200,52,20,0,1,1
44949,2023,1,23,2,2,267,"60,8",3106903,11,21,1,1,1
45040,2023,4,24,2,2,70,722,5102504,15,20,0,2,1
45040,2023,4,24,2,3,381,88,3518800,11,12,1,2,2
45040,2023,4,24,2,3,40,"738,5",3160702,67,20,0,1,1
44980,2023,2,23,5,2,40,"510,5",3154606,28,18,0,1,1
45040,2023,4,24,2,3,116,0,4314902,52,9,1,2,2
45040,2023,4,24,2,3,324,533,2908507,35,2,0,2,2
45040,2023,4,24,2,3,101,"43,3",2606804,5,21,1,1,1
45040,2023,4,24,2,3,163,"128,9",5005707,67,21,0,2,2
44936,2023,1,10,3,3,163,259,3169109,18,20,0,3,1
45040,2023,4,24,2,3,262,240,5007109,1,11,1,2,2
45040,2023,4,24,2,2,60,465,5003488,11,20,0,1,1
45008,2023,3,23,5,3,376,168,4115200,63,21,0,2,1
45040,2023,4,24,2,3,70,9,5200258,16,15,1,3,2
45040,2023,4,24,2,3,304,306,2403251,35,2,0,3,2
45040,2023,4,24,2,3,70,282,5107040,44,12,0,2,2
45040,2023,4,24,2,3,116,231,4310801,1,11,1,2,2
45040,2023,4,24,2,3,343,340,2211001,1,7,0,2,2
45040,2023,4,24,2,3,376,516,4119905,67,20,0,1,1
45040,2023,4,24,2,3,277,46,4116208,28,18,0,2,1
44980,2023,2,23,5,3,116,"282,5",4203253,13,20,0,1,1
45040,2023,4,24,2,3,101,65,3301009,11,11,0,4,2
45040,2023,4,24,2,3,101,128,3205010,67,21,1,1,1
45040,2023,4,24,2,3,304,"27,7",2408003,16,10,0,3,3
45040,2023,4,24,2,3,101,108,2403251,9,12,1,4,2
45040,2023,4,24,2,3,101,150,2611804,1,11,1,3,2
45040,2023,4,24,2,3,60,101,5201108,67,20,0,2,1
45040,2023,4,24,2,3,101,"66,4",3204906,1,9,1,2,2
45040,2023,4,24,2,3,135,21,2111300,11,12,1,2,2
45040,2023,4,24,2,3,163,"485,9",2401305,67,12,0,2,2
45040,2023,4,24,2,4,369,85,4106407,33,11,1,4,2
45040,2023,4,24,2,3,285,297,4314100,1,11,1,3,2
45040,2023,4,24,2,3,20,6,5300108,16,11,1,2,2
45040,2023,4,24,2,4,101,"332,6",4218707,1,11,0,3,2
45040,2023,4,24,2,3,282,461,4213401,35,2,1,3,2
45040,2023,4,24,2,3,364,133,1200401,1,11,1,2,2
45040,2023,4,24,2,3,285,"296,1",4314100,1,11,1,4,2
45040,2023,4,24,2,4,101,117,4208203,1,9,1,2,2
45040,2023,4,24,2,3,50,"98,8",5210109,20,7,1,2,2
45040,2023,4,24,2,4,116,"270,4",3552809,52,9,1,2,2
45040,2023,4,24,2,4,373,"178,6",4119905,67,12,0,2,1
45040,2023,4,24,2,4,493,63,3301702,67,4,0,5,1
45040,2023,4,24,2,4,235,"4,8",2800308,46,4,1,1,1
45040,2023,4,24,2,4,10,135,2104057,11,12,0,2,2
45040,2023,4,24,2,4,101,476,3300100,11,20,0,1,1
45040,2023,4,24,2,4,381,434,3156700,60,2,0,3,2
45040,2023,4,24,2,4,364,"138,7",1200401,1,11,1,2,2
45040,2023,4,24,2,4,476,"347,5",4128203,28,18,0,1,1
45040,2023,4,24,2,4,101,93,2804805,46,2,1,2,2
45040,2023,4,24,2,4,230,16,2507507,11,20,1,1,1
45040,2023,4,24,2,4,10,"343,5",2100055,1,7,0,7,2
45041,2023,4,25,3,1,116,194,3304144,61,2,0,2,2
45041,2023,4,25,3,1,153,162,4128534,11,20,0,2,1
45041,2023,4,25,3,1,116,238,4313409,83,4,1,1,1
45041,2023,4,25,3,2,376,"144,4",4120408,16,12,0,3,2
45041,2023,4,25,3,1,116,126,4107652,16,12,1,3,3
45040,2023,4,24,2,4,116,"725,2",2903706,67,4,0,1,1
45041,2023,4,25,3,2,101,"330,2",4218707,18,20,0,15,1
45041,2023,4,25,3,2,277,"662,6",4115606,18,20,0,2,1
45041,2023,4,25,3,2,116,5,3518800,1,9,1,2,2
45039,2023,4,23,1,3,101,462,2932705,83,20,0,1,1
45041,2023,4,25,3,2,101,"290,5",3201308,16,12,1,3,3
45041,2023,4,25,3,2,153,141,1702109,12,2,1,2,2
45041,2023,4,25,3,2,116,226,3518800,11,15,1,3,3
45041,2023,4,25,3,2,40,568,3144805,2,9,0,2,2
45041,2023,4,25,3,2,316,"3,3",2211001,16,12,1,2,2
45041,2023,4,25,3,2,304,27,2408003,16,12,0,2,2
45041,2023,4,25,3,2,116,245,4318705,33,11,1,1,1
45041,2023,4,25,3,2,381,83,3550308,11,9,1,2,2
45041,2023,4,25,3,2,381,760,3169307,11,12,0,2,2
45041,2023,4,25,3,2,101,70,2611606,9,1,0,2,1
45041,2023,4,25,3,2,101,"46,1",3555406,11,21,0,2,1
45041,2023,4,25,3,2,153,"201,7",3127107,11,20,0,1,1
45041,2023,4,25,3,2,364,227,1100049,28,4,1,2,1
45041,2023,4,25,3,2,280,"143,6",4210100,1,11,0,2,2
45036,2023,4,20,5,2,101,84,2501807,67,12,1,2,2
45021,2023,4,5,4,4,376,97,4118402,67,10,0,4,3
45041,2023,4,25,3,2,163,830,5107909,67,12,1,3,2
45041,2023,4,25,3,2,101,87,2804805,15,2,0,2,2
45041,2023,4,25,3,2,364,240,5105200,13,3,0,2,1
45041,2023,4,25,3,2,343,"2,4",2211001,16,12,1,3,2
44972,2023,2,15,4,3,251,58,5300108,11,4,0,1,1
45041,2023,4,25,3,2,146,"433,5",3128709,18,20,0,1,1
45041,2023,4,25,3,2,381,90,3550308,1,11,1,3,3
45041,2023,4,25,3,2,101,118,4208203,52,12,0,2,2
45041,2023,4,25,3,2,470,54,4202404,61,2,0,2,2
45021,2023,4,5,4,4,381,606,3145604,83,21,0,3,2
45041,2023,4,25,3,2,116,432,3542602,11,12,0,2,2
45033,2023,4,17,2,3,277,80,4106902,83,12,0,2,2
45041,2023,4,25,3,2,116,"522,7",3113404,1,11,1,2,2
45041,2023,4,25,3,2,101,"49,5",3555406,1,9,1,2,2
45041,2023,4,25,3,2,104,39,2709301,1,11,0,3,2
45041,2023,4,25,3,2,40,"482,5",3167202,67,21,1,1,1
45041,2023,4,25,3,2,401,57,1400159,83,20,0,2,1
45041,2023,4,25,3,2,364,424,1100114,33,11,1,3,2
45041,2023,4,25,3,2,364,"13,9",1100304,83,15,0,4,4
45041,2023,4,25,3,2,174,"13,3",1100304,11,11,1,3,2
45041,2023,4,25,3,2,101,68,2611606,78,9,1,2,2
45041,2023,4,25,3,2,153,336,4110706,1,11,1,2,2
45041,2023,4,25,3,2,20,1,5300108,11,9,0,2,2
45041,2023,4,25,3,2,101,83,2501807,16,12,1,2,2
45041,2023,4,25,3,2,101,146,3203205,52,9,1,2,2
45034,2023,4,18,3,4,230,14,1500602,9,1,1,1,1
45041,2023,4,25,3,2,116,214,3518800,1,3,1,2,2
45041,2023,4,25,3,2,364,346,1100122,67,9,1,2,2
45041,2023,4,25,3,2,40,514,3154606,1,2,1,2,2
45040,2023,4,24,2,3,282,551,4211454,11,20,0,1,1
45041,2023,4,25,3,2,101,50,2600054,35,2,1,2,2
44996,2023,3,11,7,4,10,61,1508126,52,7,0,2,2
45041,2023,4,25,3,2,381,"883,7",3124500,41,20,0,2,1
45041,2023,4,25,3,2,20,"197,1",2302404,63,3,0,1,1
45041,2023,4,25,3,2,101,334,4218707,33,11,1,3,2
45041,2023,4,25,3,3,116,214,3518800,11,7,0,2,2
45036,2023,4,20,5,3,40,"5,7",5221858,16,12,1,2,2
45041,2023,4,25,3,3,101,50,3555406,67,12,1,2,2
45041,2023,4,25,3,3,101,"71,4",2705200,28,18,0,6,1
45041,2023,4,25,3,3,101,584,2905602,1,11,0,4,2
45041,2023,4,25,3,2,110,343,2900702,1,11,0,4,2
45041,2023,4,25,3,3,222,"50,3",2312403,4,20,0,4,1
45041,2023,4,25,3,3,101,48,3555406,80,7,1,2,2
45010,2023,3,25,7,2,470,"77,9",4215109,80,7,0,5,3
45041,2023,4,25,3,3,369,178,4101507,11,4,1,2,1
44975,2023,2,18,7,1,267,"134,6",3136702,80,7,0,5,3
45041,2023,4,25,3,2,116,"491,5",2308302,1,11,0,2,2
45041,2023,4,25,3,1,101,"214,2",4211900,83,4,0,1,1
45041,2023,4,25,3,3,290,720,4322400,28,21,1,2,2
45039,2023,4,23,1,3,262,"38,9",3139409,67,12,1,2,2
45041,2023,4,25,3,2,230,514,1500859,52,7,0,3,2
45033,2023,4,17,2,4,163,256,5003702,67,20,1,2,1
45041,2023,4,25,3,3,285,306,4314100,11,20,1,1,1