id_data,ano,mes,dia,id_dia_semana,periodo,br,km,id_municipio,id_causa_acidente,id_tipo_acidente,id_uso_solo,pessoas,veiculos
45025,2023,4,9,1,4,376,182,4115200,1,11,1,2,2
45041,2023,4,25,3,3,381,"501,1",3106705,67,12,1,2,2
45041,2023,4,25,3,3,10,320,2100055,1,11,1,2,2
45020,2023,4,4,3,2,163,"24,6",4103156,82,20,0,1,1
45038,2023,4,22,7,1,230,686,1501725,60,2,0,2,2
45041,2023,4,25,3,3,153,"641,2",1700350,67,20,0,1,1
45041,2023,4,25,3,3,376,380,4110078,11,20,0,2,1
45041,2023,4,25,3,3,20,10,5300108,52,9,1,3,2
45041,2023,4,25,3,3,470,"139,2",4214805,16,12,1,2,2
45041,2023,4,25,3,3,116,115,4106902,52,9,1,3,3
45041,2023,4,25,3,3,163,885,5107909,67,20,0,1,1
45041,2023,4,25,3,3,116,"413,1",3127701,60,2,1,2,2
45041,2023,4,25,3,3,116,270,4314902,67,9,1,3,3
45041,2023,4,25,3,2,101,315,3304904,67,21,0,1,1
45041,2023,4,25,3,3,319,61,1100205,1,11,1,2,2
45041,2023,4,25,3,3,316,242,2204709,9,1,0,1,1
45041,2023,4,25,3,3,116,280,3515004,11,20,1,2,1
45029,2023,4,13,5,4,262,564,3119807,18,20,0,2,1
45041,2023,4,25,3,3,101,"212,3",4211900,16,15,0,3,3
45041,2023,4,25,3,3,285,449,4310207,49,20,0,2,1
45021,2023,4,5,4,4,101,72,2611606,1,12,1,2,2
45041,2023,4,25,3,3,116,"142,9",3549904,52,11,0,2,2
45041,2023,4,25,3,3,381,55,3528502,11,9,1,2,2
45041,2023,4,25,3,3,101,214,4211900,11,3,0,1,1
45041,2023,4,25,3,4,277,593,2303501,15,12,1,3,2
45041,2023,4,25,3,3,364,386,5219407,1,11,1,2,2
45041,2023,4,25,3,3,101,148,4208302,11,11,1,2,2
45041,2023,4,25,3,4,153,64,3549805,44,20,1,1,1
45041,2023,4,25,3,4,470,26,4205902,10,2,0,2,2
45041,2023,4,25,3,3,116,155,3549904,13,21,0,1,1
45041,2023,4,25,3,3,116,"246,1",4209300,33,11,1,3,2
45041,2023,4,25,3,3,365,"405,7",3148004,30,12,0,2,2
45041,2023,4,25,3,4,116,207,3518800,52,12,1,2,2
45041,2023,4,25,3,4,116,269,3552809,11,11,1,2,2
45041,2023,4,25,3,4,369,7,4103602,67,12,0,2,2
45041,2023,4,25,3,4,101,"53,2",2510907,61,2,1,2,2
45041,2023,4,25,3,4,393,"18,8",3203809,9,1,0,2,1
45041,2023,4,25,3,3,116,107,3301850,11,15,1,4,3
45041,2023,4,25,3,3,116,"148,5",4305108,67,2,1,2,2
44990,2023,3,5,1,1,262,873,3111408,18,20,0,1,1
45041,2023,4,25,3,3,465,21,3303500,1,11,0,3,2
45041,2023,4,25,3,2,262,382,3136652,83,20,0,1,1
45041,2023,4,25,3,2,101,"64,9",2611606,11,12,1,3,2
45041,2023,4,25,3,3,356,76,3302056,80,7,1,2,2
45041,2023,4,25,3,4,101,64,3301009,82,7,0,2,2
45041,2023,4,25,3,4,116,109,3554102,49,12,1,6,3
45041,2023,4,25,3,4,230,395,2513927,9,1,0,3,1
45041,2023,4,25,3,3,116,859,2933307,28,21,0,2,1
45041,2023,4,25,3,4,101,806,2915601,2,11,1,2,2
45041,2023,4,25,3,4,104,"93,1",2707701,4,3,1,1,1
45041,2023,4,25,3,3,262,"32,1",3139409,67,9,0,2,2
45041,2023,4,25,3,4,364,135,2409605,67,20,0,1,1
45041,2023,4,25,3,4,262,"0,5",3205309,11,12,1,4,2
45041,2023,4,25,3,4,101,134,4202008,1,2,1,2,2
45042,2023,4,26,4,1,101,131,4202008,28,21,1,1,1
45042,2023,4,26,4,1,116,150,4305108,11,4,1,1,1
45042,2023,4,26,4,1,163,322,5007208,18,20,0,1,1
45042,2023,4,26,4,1,324,"596,7",2906501,83,12,1,2,2
45042,2023,4,26,4,1,40,79,5206206,19,20,0,1,1
45042,2023,4,26,4,1,116,472,3524600,28,18,0,1,1
45042,2023,4,26,4,2,116,"148,5",4305108,67,2,1,2,2
45042,2023,4,26,4,2,153,"61,7",3549805,13,21,0,2,1
45042,2023,4,26,4,2,116,"172,9",3524402,67,21,0,1,1
45042,2023,4,26,4,2,116,226,3518800,67,12,1,2,2
45042,2023,4,26,4,2,40,510,3154606,67,12,1,2,2
45042,2023,4,26,4,2,101,124,4208203,28,21,1,1,1
45042,2023,4,26,4,2,277,169,4117701,83,20,0,1,1
45042,2023,4,26,4,1,251,"441,9",3127800,83,20,0,4,1
45042,2023,4,26,4,2,70,"3,4",5300108,1,11,1,2,2
45042,2023,4,26,4,2,101,"122,7",2503001,4,20,0,2,1
45042,2023,4,26,4,2,40,"635,2",3118304,20,7,0,2,2
45042,2023,4,26,4,1,40,102,3301702,11,20,1,1,1
45042,2023,4,26,4,2,230,"329,5",2510808,11,20,0,2,1
45042,2023,4,26,4,2,290,22,4317608,15,20,0,1,1
45037,2023,4,21,6,2,116,97,3301850,67,21,0,1,1
45003,2023,3,18,7,1,101,328,4203956,11,4,1,1,1
45042,2023,4,26,4,2,324,612,2927408,67,9,1,2,2
45042,2023,4,26,4,2,101,124,2412203,16,12,1,2,2
45041,2023,4,25,3,2,230,7,1500602,3,21,1,1,1
45042,2023,4,26,4,2,324,612,2927408,67,12,0,2,2
45042,2023,4,26,4,2,101,98,2408102,67,15,1,4,4
45042,2023,4,26,4,2,493,63,3301702,41,20,0,1,1
45042,2023,4,26,4,2,101,160,4213500,28,21,0,2,1
45042,2023,4,26,4,2,101,328,3304557,16,12,1,2,2
45036,2023,4,20,5,4,232,26,2609402,67,12,0,2,2
44995,2023,3,10,6,1,116,515,4314407,11,20,0,1,1
45042,2023,4,26,4,2,324,"514,7",2910800,35,2,1,2,2
45042,2023,4,26,4,2,101,"27,9",4321667,28,21,1,2,1
45017,2023,4,1,7,3,262,"491,9",5000708,67,12,1,2,2
45042,2023,4,26,4,2,116,"147,3",4305108,17,11,1,3,2
45042,2023,4,26,4,2,116,227,3550308,67,12,1,2,2
45042,2023,4,26,4,2,50,273,5205109,66,4,0,1,1
45042,2023,4,26,4,2,116,"500,6",2302503,1,4,1,4,2
45042,2023,4,26,4,2,40,45,3303906,52,11,0,2,2
45042,2023,4,26,4,2,116,521,4314407,1,11,0,2,2
45042,2023,4,26,4,2,476,"76,9",4103107,67,7,0,2,2
45042,2023,4,26,4,2,40,113,3301702,67,4,1,1,1
44990,2023,3,5,1,3,262,388,3126000,83,20,0,1,1
45042,2023,4,26,4,2,153,75,3504602,11,21,1,1,1
45042,2023,4,26,4,3,101,203,4216602,33,11,1,3,2
45042,2023,4,26,4,3,285,197,4311304,11,11,1,2,2
45042,2023,4,26,4,2,40,"68,4",3147006,1,11,0,4,2
45015,2023,3,30,5,2,324,614,2927408,52,9,1,3,3
45042,2023,4,26,4,3,101,324,3303302,51,12,0,4,4
45042,2023,4,26,4,3,116,226,3518800,11,9,1,4,3
45042,2023,4,26,4,3,116,511,3509254,64,3,0,1,1
45042,2023,4,26,4,3,259,"57,8",3201506,67,9,1,2,2
45042,2023,4,26,4,2,470,"159,2",4218608,1,11,0,2,2
45024,2023,4,8,7,3,135,66,2110203,4,3,0,2,1
45042,2023,4,26,4,2,104,23,2615003,12,7,0,3,2
45023,2023,4,7,6,2,293,"253,8",4306601,33,9,1,5,4
45042,2023,4,26,4,2,60,426,5007901,83,11,1,2,2
45042,2023,4,26,4,2,101,129,2708600,83,4,0,1,1
45042,2023,4,26,4,2,40,64,3303906,67,20,0,2,1
45042,2023,4,26,4,3,101,"253,6",3205002,16,12,1,2,2
45042,2023,4,26,4,3,285,"57,9",2201903,67,20,0,1,1
45042,2023,4,26,4,3,364,"341,7",1100122,52,12,1,2,2
45008,2023,3,23,5,1,364,201,5107602,80,7,1,2,2
45042,2023,4,26,4,3,226,"3,6",2408102,16,12,1,2,2
45042,2023,4,26,4,3,101,"140,1",3203205,4,21,1,1,1
45042,2023,4,26,4,3,116,426,4306056,1,11,1,6,2
45042,2023,4,26,4,3,70,8,5300108,1,12,0,2,2
45038,2023,4,22,7,3,262,90,3201902,11,12,1,3,2
45042,2023,4,26,4,3,158,"157,1",4313904,16,12,0,3,3
45042,2023,4,26,4,3,101,840,2925501,83,3,0,4,2
45042,2023,4,26,4,3,251,34,5300108,1,9,0,2,2
45042,2023,4,26,4,3,356,"22,9",3302205,67,20,0,1,1
45042,2023,4,26,4,3,230,404,2101400,20,11,1,2,2
44975,2023,2,18,7,1,116,8,4120804,67,12,1,3,2
45042,2023,4,26,4,3,393,"285,9",3306305,1,9,1,2,2
45042,2023,4,26,4,3,163,486,2401305,1,11,1,4,2
45042,2023,4,26,4,4,393,280,3300308,1,2,1,2,2
45042,2023,4,26,4,4,20,21,5300108,61,2,1,2,2
45042,2023,4,26,4,3,116,"210,5",4122305,1,11,1,2,2
45038,2023,4,22,7,3,116,779,2925006,1,11,1,2,2
45042,2023,4,26,4,3,277,"568,5",2303501,83,7,0,4,2
45042,2023,4,26,4,3,470,89,4201703,1,11,1,2,2
45042,2023,4,26,4,3,116,"151,7",4305108,52,9,1,2,2
45042,2023,4,26,4,3,381,"937,2",3125101,64,21,0,1,1
45042,2023,4,26,4,3,324,533,2908507,67,15,0,4,4
45042,2023,4,26,4,3,116,655,2918001,3,20,0,1,1
45042,2023,4,26,4,4,116,"613,2",4301305,11,10,1,2,2
45042,2023,4,26,4,4,285,"563,4",4318903,12,12,1,2,2
45042,2023,4,26,4,3,280,"275,5",4207908,1,11,0,2,2
45042,2023,4,26,4,3,101,104,2403251,1,9,1,2,2
45042,2023,4,26,4,3,364,131,1200401,67,12,0,2,2
45042,2023,4,26,4,3,493,95,3305554,1,4,0,1,1
45042,2023,4,26,4,3,364,443,1100114,28,20,0,2,1
45042,2023,4,26,4,4,110,"49,7",2408003,52,11,1,2,2
45042,2023,4,26,4,2,116,"443,2",3123700,82,7,0,7,3
45042,2023,4,26,4,4,381,"568,7",3132206,83,20,0,2,1
45042,2023,4,26,4,4,101,"206,2",4216602,67,12,1,3,2
45042,2023,4,26,4,3,70,733,5102504,17,11,1,4,2
45042,2023,4,26,4,4,414,"439,1",5201108,16,12,1,3,2
45042,2023,4,26,4,4,465,14,3305554,2,2,1,2,2
45042,2023,4,26,4,4,364,710,1100205,11,12,1,2,2
45042,2023,4,26,4,3,262,419,3130200,11,21,0,1,1
45042,2023,4,26,4,3,60,341,2401305,67,20,0,1,1
45042,2023,4,26,4,4,324,614,2927408,11,4,0,1,1
45042,2023,4,26,4,3,262,586,3111507,15,11,0,3,2
45042,2023,4,26,4,4,277,571,2303501,11,4,0,3,1
45042,2023,4,26,4,4,116,424,2910800,52,11,1,4,2
45042,2023,4,26,4,4,381,496,3106705,28,18,1,1,1
45042,2023,4,26,4,4,174,81,5102504,1,12,0,3,2
45042,2023,4,26,4,4,316,"95,3",2609907,80,7,0,2,2
45042,2023,4,26,4,4,70,377,5102678,16,12,0,2,2
45042,2023,4,26,4,4,470,"31,7",4205902,2,12,0,2,2
45042,2023,4,26,4,4,436,"11,1",5001003,11,20,0,1,1
45043,2023,4,27,5,1,376,"73,7",4108908,16,12,0,2,2
45043,2023,4,27,5,1,381,19,3507605,67,4,0,1,1
45042,2023,4,26,4,3,365,"627,2",3170206,83,1,1,1,1
45043,2023,4,27,5,1,40,118,3301702,83,20,1,1,1
45042,2023,4,26,4,4,101,313,3304904,13,21,1,2,1
45043,2023,4,27,5,1,50,"181,2",5204805,83,20,0,1,1
45016,2023,3,31,6,2,101,321,3303302,16,12,0,2,2
45043,2023,4,27,5,2,116,208,3518800,67,12,1,4,4
45043,2023,4,27,5,2,101,54,2801504,11,11,0,2,2
45043,2023,4,27,5,1,101,494,3300100,49,7,0,2,2
45043,2023,4,27,5,2,116,"219,1",3518800,52,12,1,3,3
45043,2023,4,27,5,1,101,47,3555406,11,11,1,2,2
45043,2023,4,27,5,1,101,111,2511509,30,4,0,1,1
45043,2023,4,27,5,2,116,138,3549904,16,12,0,2,2
45043,2023,4,27,5,2,40,"511,3",3154606,16,9,1,2,2
45043,2023,4,27,5,1,40,109,3301702,83,3,1,1,1
45043,2023,4,27,5,2,116,"527,4",4314407,67,12,0,2,2
45042,2023,4,26,4,4,40,124,3301702,1,2,1,2,2
45043,2023,4,27,5,2,153,"61,3",3549805,52,9,1,3,2
45043,2023,4,27,5,2,158,534,4118501,1,11,1,2,2
45043,2023,4,27,5,2,415,51,2914802,67,12,1,2,2
45043,2023,4,27,5,2,116,226,3518800,49,12,0,2,2
45023,2023,4,7,6,2,376,432,4127502,83,20,0,4,1
45043,2023,4,27,5,2,101,"214,3",4211900,33,11,1,2,2
45043,2023,4,27,5,2,324,"617,8",2927408,52,9,1,4,2
45043,2023,4,27,5,2,101,"216,5",4211900,1,11,0,2,2
45043,2023,4,27,5,2,470,57,4202404,1,11,1,3,2
45043,2023,4,27,5,2,393,286,3306305,17,11,1,2,2
45043,2023,4,27,5,2,60,"4,3",5300108,16,12,1,2,2
45043,2023,4,27,5,2,262,"446,7",3145208,67,9,1,3,2
45043,2023,4,27,5,2,101,"93,9",4202107,67,11,0,3,3
45043,2023,4,27,5,2,364,685,1100809,18,20,0,4,1
45020,2023,4,4,3,4,376,591,4106902,61,2,1,2,2
45043,2023,4,27,5,2,230,23,2507507,52,21,1,1,1
45043,2023,4,27,5,2,369,185,4101507,82,9,0,2,2
45043,2023,4,27,5,2,277,96,4106902,1,11,1,3,2
45043,2023,4,27,5,2,381,327,3144706,33,11,0,3,2
45043,2023,4,27,5,2,343,595,2203909,1,11,1,3,2
45043,2023,4,27,5,2,364,126,1200401,11,12,0,1,1
45043,2023,4,27,5,2,230,"21,5",2507507,78,9,1,2,2
45043,2023,4,27,5,2,293,2,4314407,51,10,1,2,2
45043,2023,4,27,5,2,421,51,1101401,1,11,0,2,2
45043,2023,4,27,5,3,50,"289,5",5205109,67,20,0,1,1
45043,2023,4,27,5,3,101,"269,5",3205002,78,9,1,2,2
45043,2023,4,27,5,2,493,113,3302007,11,20,0,1,1
45043,2023,4,27,5,3,40,"516,7",3154606,16,9,0,2,2
45043,2023,4,27,5,2,423,"69,1",2608305,67,11,0,2,2
45043,2023,4,27,5,3,101,229,4211900,35,9,0,2,2
45043,2023,4,27,5,3,101,103,2403251,16,12,1,2,2
45043,2023,4,27,5,3,101,282,4207304,1,11,1,2,2
45042,2023,4,26,4,1,101,"87,2",2507507,15,21,1,2,1
45043,2023,4,27,5,3,277,100,4106902,16,9,0,3,2
45043,2023,4,27,5,3,116,191,3303500,51,12,1,2,2
45043,2023,4,27,5,3,20,2,5300108,83,20,0,3,1
45043,2023,4,27,5,3,230,18,2507507,67,12,1,3,2
44999,2023,3,14,3,3,116,95,3305554,67,3,0,2,1
45043,2023,4,27,5,3,116,156,4114302,13,20,0,1,1
45043,2023,4,27,5,3,393,281,3306305,20,11,1,2,2
45043,2023,4,27,5,3,116,254,4320008,1,4,0,1,1
45043,2023,4,27,5,3,364,711,1100205,11,12,1,3,3
45043,2023,4,27,5,2,135,4,2111300,67,12,1,3,2
45043,2023,4,27,5,3,280,74,4208906,1,11,0,2,2
45043,2023,4,27,5,3,316,"14,7",2601102,67,12,0,3,2
45043,2023,4,27,5,3,163,975,1506807,16,12,0,3,2
45043,2023,4,27,5,3,285,"220,9",4304952,49,7,0,2,2
45042,2023,4,26,4,2,158,585,3100609,11,20,0,1,1
45043,2023,4,27,5,3,369,233,4112108,52,12,0,3,2
45043,2023,4,27,5,3,470,"62,9",4202404,78,11,0,2,2
45043,2023,4,27,5,3,116,20,2306256,52,9,0,2,2
45043,2023,4,27,5,3,262,"652,8",3129509,51,20,0,1,1
45043,2023,4,27,5,3,101,"269,8",3205002,16,12,0,4,4
45043,2023,4,27,5,3,381,"2,1",3106705,11,21,1,2,1
45043,2023,4,27,5,3,163,328,3517406,67,11,1,2,2
45043,2023,4,27,5,3,116,502,3130903,67,21,0,1,1
45043,2023,4,27,5,3,101,"133,1",4202008,13,21,1,2,1
45043,2023,4,27,5,3,277,"74,5",4125506,67,9,1,3,3
45043,2023,4,27,5,3,116,123,4106902,52,9,1,2,2
45043,2023,4,27,5,3,40,"469,3",3167202,52,9,1,3,3
45043,2023,4,27,5,3,158,0,4317103,33,11,1,3,2
45043,2023,4,27,5,3,153,215,5221601,11,21,0,1,1
45043,2023,4,27,5,3,470,"141,2",4214805,20,9,1,2,2
45043,2023,4,27,5,2,116,"352,9",2305407,63,20,0,1,1
45043,2023,4,27,5,3,116,"258,7",4307708,67,9,1,3,3
45043,2023,4,27,5,3,101,311,4209409,67,2,0,2,2
45043,2023,4,27,5,3,116,225,3518800,67,9,1,2,2
45043,2023,4,27,5,3,116,"311,6",3132701,28,18,0,2,1
45043,2023,4,27,5,3,262,95,3201902,1,11,1,2,2
45043,2023,4,27,5,4,116,181,3303500,16,12,1,2,2
45043,2023,4,27,5,3,60,"370,8",2401305,67,10,0,3,3
45043,2023,4,27,5,4,153,"439,4",5201108,83,3,1,1,1
45043,2023,4,27,5,3,267,"65,6",3106903,70,7,0,4,2
45043,2023,4,27,5,4,101,73,3204906,28,21,0,2,1
45043,2023,4,27,5,4,50,123,3170107,67,20,0,1,1
45043,2023,4,27,5,4,210,"0,1",1600303,16,12,1,2,2
45043,2023,4,27,5,4,369,75,4123907,82,7,0,4,2
45043,2023,4,27,5,3,316,253,2601607,9,1,0,2,1
45043,2023,4,27,5,4,381,504,3106705,11,4,1,1,1
45043,2023,4,27,5,4,116,"140,5",2513158,1,11,1,4,2
45043,2023,4,27,5,4,423,"95,7",2606002,48,2,1,2,2
45043,2023,4,27,5,4,101,134,4202008,11,12,0,2,2
45043,2023,4,27,5,4,101,386,3304557,52,9,1,3,3
45043,2023,4,27,5,4,104,"30,9",2615409,1,11,1,2,2
45043,2023,4,27,5,4,146,"468,4",3108404,83,12,0,2,2
45043,2023,4,27,5,4,230,"182,3",2512002,25,12,0,5,2
45043,2023,4,27,5,4,101,"45,1",2606804,11,12,1,4,2
45043,2023,4,27,5,4,153,"542,8",4302808,11,20,0,1,1
45043,2023,4,27,5,4,210,38,1600303,9,1,0,2,1
45043,2023,4,27,5,4,324,624,2927408,28,21,1,2,1
45043,2023,4,27,5,4,40,85,3303906,83,3,0,1,1
45044,2023,4,28,6,1,493,"88,5",3301702,28,18,0,1,1
45044,2023,4,28,6,1,40,91,3303906,83,4,0,1,1
45043,2023,4,27,5,3,470,220,4302105,67,12,1,3,2
45043,2023,4,27,5,4,470,158,4313300,80,7,1,2,2
45044,2023,4,28,6,1,135,141,2926202,49,10,0,2,2
45044,2023,4,28,6,1,381,87,3518800,67,4,1,1,1
45044,2023,4,28,6,1,101,"45,2",4321436,1,11,1,2,2
45044,2023,4,28,6,1,376,"159,6",4114104,67,20,0,1,1
45044,2023,4,28,6,1,101,"215,1",4211900,13,21,1,2,1
45044,2023,4,28,6,1,116,249,4318705,11,20,0,1,1
45044,2023,4,28,6,1,232,"176,3",2601706,49,10,1,2,2
45044,2023,4,28,6,1,153,558,4301602,67,20,0,37,1
45043,2023,4,27,5,4,230,20,1700301,83,20,0,3,1
45044,2023,4,28,6,1,116,"17,1",2933307,11,12,0,1,1
45044,2023,4,28,6,1,40,"511,9",3154606,67,20,0,4,1
45044,2023,4,28,6,1,20,8,5300108,49,3,1,1,1
45043,2023,4,27,5,3,364,710,1100205,11,2,1,3,2
45044,2023,4,28,6,2,101,186,4202305,11,12,0,2,2
45044,2023,4,28,6,1,116,111,3301850,11,21,1,1,1
45044,2023,4,28,6,2,116,99,4125506,28,18,0,2,1
45044,2023,4,28,6,1,343,259,2202208,11,12,0,5,4
45044,2023,4,28,6,2,158,326,2409332,18,7,1,4,2
45044,2023,4,28,6,2,116,"146,1",3549904,11,12,1,1,1
45044,2023,4,28,6,2,116,38,2305233,11,12,0,3,3
45044,2023,4,28,6,1,40,115,3301702,83,4,1,2,2
45044,2023,4,28,6,2,40,531,3118601,16,12,1,3,2
45044,2023,4,28,6,2,101,"80,1",4201307,1,11,0,2,2
45044,2023,4,28,6,2,101,270,3205002,52,9,1,2,2
45044,2023,4,28,6,1,101,"268,8",3205002,1,11,1,3,2
45044,2023,4,28,6,2,116,174,3305109,18,12,1,2,2
45044,2023,4,28,6,2,316,49,2701605,18,20,1,2,2
45044,2023,4,28,6,2,101,"75,4",2611606,67,9,1,2,2
45044,2023,4,28,6,2,232,146,2613107,11,21,1,2,1
45044,2023,4,28,6,2,116,218,3518800,78,9,1,2,2
45044,2023,4,28,6,2,495,2,3305802,20,11,1,2,2
45044,2023,4,28,6,2,101,214,4211900,11,9,1,2,2
45044,2023,4,28,6,2,40,72,3303906,83,4,0,1,1
45033,2023,4,17,2,1,381,89,3518800,11,12,1,5,2
45044,2023,4,28,6,2,376,"170,8",4115200,1,11,1,2,2
45044,2023,4,28,6,2,290,"468,8",4316402,82,7,0,6,4
45044,2023,4,28,6,2,101,"22,9",4321667,16,12,1,3,2
45044,2023,4,28,6,2,116,"702,5",3143906,61,2,1,3,2
45044,2023,4,28,6,2,101,"147,3",4208302,52,9,1,2,2
45044,2023,4,28,6,2,495,"27,5",3303906,1,11,1,3,2
45044,2023,4,28,6,2,101,268,3205002,11,2,1,4,3
45044,2023,4,28,6,2,40,"783,5",3136702,15,9,0,1,1
45044,2023,4,28,6,2,20,"349,2",2303006,16,12,0,4,2
45044,2023,4,28,6,2,101,35,4321667,83,20,0,2,1
45044,2023,4,28,6,2,116,220,3518800,78,9,1,3,3
45044,2023,4,28,6,2,230,"19,2",2507507,16,12,1,3,3
45044,2023,4,28,6,2,369,201,4101408,52,11,1,3,3
45044,2023,4,28,6,2,116,815,2933307,1,11,1,2,2
45044,2023,4,28,6,2,101,123,4208203,1,11,1,2,2
45044,2023,4,28,6,2,101,"142,9",3203205,67,20,1,1,1
45044,2023,4,28,6,2,376,"195,9",4114807,52,9,0,2,2
45044,2023,4,28,6,2,116,481,2308302,1,11,1,2,2
45044,2023,4,28,6,2,282,"16,5",4211900,16,11,1,2,2
45044,2023,4,28,6,2,267,"161,3",3138609,33,11,0,3,2
45044,2023,4,28,6,2,116,2,3518800,28,18,0,1,1
45044,2023,4,28,6,2,470,175,4322806,80,7,1,4,3
45044,2023,4,28,6,2,230,9,2503209,13,21,1,2,1
45044,2023,4,28,6,2,280,"129,5",4215000,10,2,1,3,2
45044,2023,4,28,6,2,101,"66,3",3204906,67,4,1,2,1
45044,2023,4,28,6,2,376,169,5006200,33,11,0,4,2
45044,2023,4,28,6,2,290,91,4314902,1,11,1,7,2
45044,2023,4,28,6,2,282,"383,2",4206702,11,20,0,1,1
45044,2023,4,28,6,2,163,574,1508050,67,21,1,1,1
45044,2023,4,28,6,2,101,209,3301306,15,4,0,2,1
45044,2023,4,28,6,3,116,473,2928802,28,3,1,3,1
45040,2023,4,24,2,2,290,585,4300406,20,7,1,2,2
45039,2023,4,23,1,3,116,275,3552809,52,9,1,4,3
45044,2023,4,28,6,3,324,"521,2",2910800,52,20,1,1,1
45044,2023,4,28,6,3,101,280,3205002,4,20,0,4,1
45044,2023,4,28,6,3,135,186,2903201,52,12,0,4,3
45044,2023,4,28,6,3,343,11,2207702,33,11,1,2,2
45044,2023,4,28,6,3,116,229,3550308,67,12,0,2,2
45044,2023,4,28,6,2,116,219,3518800,28,18,0,1,1
45044,2023,4,28,6,2,110,8,2924009,80,11,0,3,2
45044,2023,4,28,6,2,116,"140,7",2513158,1,11,1,3,2
45044,2023,4,28,6,2,60,"394,4",5218805,83,20,0,2,1
45044,2023,4,28,6,3,381,"500,1",3106705,16,15,0,8,5
45044,2023,4,28,6,2,153,1,4200408,51,20,0,1,1
45044,2023,4,28,6,3,365,8,3143302,11,12,0,3,2
45044,2023,4,28,6,3,116,220,3518800,52,9,1,2,2
45044,2023,4,28,6,3,50,209,5204805,4,20,0,1,1
45044,2023,4,28,6,3,153,113,5219605,67,20,0,2,1
45044,2023,4,28,6,2,280,257,4115408,33,7,1,3,2
45044,2023,4,28,6,3,101,85,2501807,67,15,1,3,3
45044,2023,4,28,6,3,470,159,4313300,33,11,1,3,3
45044,2023,4,28,6,3,116,319,3302254,52,12,0,4,3
45044,2023,4,28,6,3,101,39,4209102,28,18,1,1,1
45040,2023,4,24,2,4,101,333,3304557,61,2,1,2,2
45044,2023,4,28,6,3,135,"45,3",2101251,1,11,0,2,2
45044,2023,4,28,6,3,376,"386,8",4110078,67,20,0,3,1
45032,2023,4,16,1,3,116,"284,3",3168606,83,21,0,1,1
45044,2023,4,28,6,3,116,173,3305109,52,9,0,2,2
45044,2023,4,28,6,3,116,248,4318705,67,12,1,2,2
45034,2023,4,18,3,2,163,2,1505031,67,7,0,3,2
44942,2023,1,16,2,3,116,161,3524402,56,21,0,1,1
45044,2023,4,28,6,3,470,63,4207502,11,11,1,2,2
45044,2023,4,28,6,3,470,31,4205902,51,20,0,1,1
45044,2023,4,28,6,3,470,54,4202404,52,9,0,3,2
45044,2023,4,28,6,3,280,118,4215802,11,21,1,1,1
45044,2023,4,28,6,3,101,261,3205002,52,9,0,2,2
45044,2023,4,28,6,3,153,663,1709500,1,11,0,4,2
45044,2023,4,28,6,3,40,"736,2",3160702,9,1,0,2,1
45044,2023,4,28,6,3,101,90,2507507,1,11,1,2,2
45044,2023,4,28,6,3,386,"347,2",1712009,11,9,1,2,2
45044,2023,4,28,6,3,101,206,3301306,1,11,1,2,2
45044,2023,4,28,6,3,230,159,2504009,1,11,0,2,2
45044,2023,4,28,6,3,116,215,3518800,52,12,1,2,2
45044,2023,4,28,6,3,116,126,3302502,16,12,1,3,2
45044,2023,4,28,6,3,110,"47,8",2408003,16,7,1,2,2
45044,2023,4,28,6,3,116,827,2933307,16,12,1,2,2
45044,2023,4,28,6,3,381,883,3124500,83,9,0,6,2
45044,2023,4,28,6,3,116,148,3549904,52,12,1,2,2
45044,2023,4,28,6,3,232,176,2601706,2,7,0,2,2
45044,2023,4,28,6,3,40,395,3120904,82,12,0,2,2
45044,2023,4,28,6,3,287,248,2409332,48,2,1,3,3
45044,2023,4,28,6,3,101,213,4211900,11,15,1,5,5
45044,2023,4,28,6,3,381,"221,8",3106309,72,11,0,5,2
45044,2023,4,28,6,3,116,155,3549904,44,12,1,2,2
45044,2023,4,28,6,3,101,146,3203205,35,2,1,2,2
45044,2023,4,28,6,3,470,165,4213708,1,9,0,2,2
45036,2023,4,20,5,4,232,"119,7",2604106,83,12,0,2,2
45044,2023,4,28,6,3,101,26,2408953,9,1,0,3,1
45044,2023,4,28,6,3,153,136,2512200,67,12,0,4,2
45044,2023,4,28,6,3,163,"71,2",4217204,11,11,1,3,2
45007,2023,3,22,4,3,343,"3,4",2211001,17,2,1,2,2
45044,2023,4,28,6,4,304,117,2404853,1,12,0,3,2
45044,2023,4,28,6,4,262,29,3154150,1,11,1,4,2
45044,2023,4,28,6,4,153,"260,6",3529005,9,1,0,1,1
45044,2023,4,28,6,4,235,"9,5",2804805,1,11,0,3,2
45044,2023,4,28,6,4,285,339,4304705,20,12,0,2,2
45044,2023,4,28,6,4,226,70,2410306,16,12,0,2,2
45044,2023,4,28,6,4,277,388,4104428,67,4,0,1,1
45044,2023,4,28,6,4,116,299,3304110,67,20,0,1,1
45044,2023,4,28,6,4,356,87,3301157,52,10,1,3,3
45044,2023,4,28,6,4,40,"503,6",3124104,52,9,0,5,2
45044,2023,4,28,6,3,364,494,1100023,67,20,0,1,1
45044,2023,4,28,6,4,101,"147,8",2703759,11,20,0,1,1
45044,2023,4,28,6,4,60,7,5300108,82,9,1,3,3
45044,2023,4,28,6,4,70,20,5205513,11,4,0,1,1
45044,2023,4,28,6,4,50,86,3170206,1,12,0,4,2