id_data,ano,mes,dia,id_dia_semana,periodo,br,km,id_municipio,id_causa_acidente,id_tipo_acidente,id_uso_solo,pessoas,veiculos
45047,2023,5,1,2,3,101,110,2500601,52,9,0,3,2
45047,2023,5,1,2,3,116,"55,3",3527207,28,18,0,1,1
45047,2023,5,1,2,3,116,"132,2",3302502,11,12,1,3,2
45047,2023,5,1,2,4,222,313,2313401,11,4,0,1,1
45047,2023,5,1,2,4,40,9,5221858,10,2,1,2,2
45047,2023,5,1,2,3,381,362,3161908,1,11,0,7,2
45047,2023,5,1,2,4,365,836,3159803,83,1,0,3,1
45047,2023,5,1,2,4,60,"6,7",5300108,11,12,1,5,3
45047,2023,5,1,2,4,101,81,2110203,52,9,1,2,1
45047,2023,5,1,2,4,116,125,4107652,83,12,1,3,2
45047,2023,5,1,2,3,101,327,3303302,67,12,1,2,2
45047,2023,5,1,2,4,423,63,2608800,49,9,0,3,2
45047,2023,5,1,2,4,381,"401,2",3107703,67,21,1,2,2
45047,2023,5,1,2,4,324,513,2910800,82,7,1,3,3
45047,2023,5,1,2,3,324,560,2928604,72,9,0,2,2
45047,2023,5,1,2,3,40,"699,7",3105608,51,20,1,1,1
45047,2023,5,1,2,4,40,687,3154408,28,4,0,2,1
45047,2023,5,1,2,3,365,"541,6",3156403,83,20,0,1,1
45047,2023,5,1,2,3,316,"62,8",2615607,9,1,0,2,1
45047,2023,5,1,2,4,381,267,3168705,61,2,0,2,2
45047,2023,5,1,2,3,381,277,3135001,58,4,0,1,1
45047,2023,5,1,2,4,402,2,2101251,16,12,0,4,2
45047,2023,5,1,2,3,280,81,4204509,20,12,1,2,2
45047,2023,5,1,2,3,163,580,5106224,29,20,0,1,1
45047,2023,5,1,2,3,376,"168,1",4115200,67,7,0,6,2
45047,2023,5,1,2,3,116,143,3301702,16,12,0,2,2
45047,2023,5,1,2,4,174,455,1400100,7,20,0,3,1
45047,2023,5,1,2,4,367,25,2925303,9,11,1,2,2
45047,2023,5,1,2,4,101,209,4216602,16,12,0,2,2
45047,2023,5,1,2,4,116,535,3159357,67,20,0,1,1
45047,2023,5,1,2,4,116,"833,6",2933307,1,11,1,2,2
45047,2023,5,1,2,4,40,786,3136702,61,2,0,4,2
45047,2023,5,1,2,4,158,135,4212106,57,20,0,1,1
45047,2023,5,1,2,4,101,83,2501807,49,9,1,2,2
45047,2023,5,1,2,3,222,"24,8",2209872,63,20,0,1,1
45047,2023,5,1,2,4,423,34,2613107,67,20,0,1,1
45047,2023,5,1,2,4,285,295,4314100,49,4,0,3,2
45047,2023,5,1,2,3,376,"166,4",4115200,16,12,0,4,2
45047,2023,5,1,2,4,116,219,3518800,13,4,1,1,1
45047,2023,5,1,2,4,60,"92,3",5201108,67,4,1,1,1
45047,2023,5,1,2,4,435,85,1100064,33,11,1,3,2
45047,2023,5,1,2,4,101,"205,6",4216602,11,21,1,1,1
45047,2023,5,1,2,4,101,47,3301009,67,9,1,3,2
45047,2023,5,1,2,4,101,295,3201308,11,4,1,1,1
45047,2023,5,1,2,4,262,"565,9",5005608,9,1,0,2,2
45047,2023,5,1,2,3,163,680,5105259,4,20,0,5,1
45048,2023,5,2,3,1,470,"75,3",4207502,80,10,0,2,2
45047,2023,5,1,2,4,70,512,2211407,11,4,1,1,1
45048,2023,5,2,3,1,116,320,4301909,67,20,1,1,1
45047,2023,5,1,2,4,393,280,3300308,61,2,1,3,2
45048,2023,5,2,3,1,364,366,1100155,9,1,0,2,1
45048,2023,5,2,3,1,40,513,3154606,83,20,1,1,1
45047,2023,5,1,2,4,101,"282,2",4207304,49,21,1,2,1
45047,2023,5,1,2,4,262,"87,6",3100302,80,7,0,7,3
45047,2023,5,1,2,4,285,"136,4",4322509,49,20,0,1,1
45048,2023,5,2,3,1,316,291,2208007,52,11,0,2,2
45048,2023,5,2,3,1,101,245,2707503,20,11,1,4,3
45048,2023,5,2,3,1,101,30,2408953,33,11,0,4,2
45048,2023,5,2,3,1,262,"317,7",2401305,13,20,0,1,1
45048,2023,5,2,3,1,60,344,2401305,9,1,0,1,1
45048,2023,5,2,3,2,381,"493,8",3106705,11,12,0,2,2
45048,2023,5,2,3,2,381,"495,5",3106705,11,21,1,3,3
45048,2023,5,2,3,2,80,11,5300108,16,12,0,3,2
45048,2023,5,2,3,1,101,122,4208203,9,1,1,1,1
45018,2023,4,2,1,3,101,"186,3",3200607,67,20,0,2,1
45048,2023,5,2,3,2,116,259,4304606,78,9,1,3,3
45048,2023,5,2,3,2,386,"339,3",1712009,1,11,1,5,2
45048,2023,5,2,3,2,116,"17,3",2306256,20,11,0,2,2
45048,2023,5,2,3,2,467,"105,1",2303501,83,20,0,1,1
45047,2023,5,1,2,3,364,437,2211407,60,2,1,2,2
45048,2023,5,2,3,2,493,118,3302007,67,20,0,1,1
45048,2023,5,2,3,2,407,"107,6",2917706,82,12,0,4,3
45048,2023,5,2,3,2,381,"0,5",3106705,52,9,0,2,2
45048,2023,5,2,3,2,116,"259,1",4307708,78,12,1,3,2
45048,2023,5,2,3,2,70,281,5107040,1,11,1,2,2
45048,2023,5,2,3,2,316,185,2114007,18,10,0,6,2
45048,2023,5,2,3,2,101,217,4211900,67,2,1,2,2
45048,2023,5,2,3,2,381,38,3504107,16,15,0,11,3
45048,2023,5,2,3,1,381,272,3168705,9,1,0,5,1
45048,2023,5,2,3,2,101,72,2611606,67,2,1,2,2
45036,2023,4,20,5,3,316,304,2208007,52,11,1,3,2
45048,2023,5,2,3,2,40,109,3301702,28,18,0,1,1
45048,2023,5,2,3,2,116,250,4318705,67,4,0,1,1
45048,2023,5,2,3,2,230,480,2509156,67,12,1,3,2
45048,2023,5,2,3,2,101,"326,6",4203956,11,21,1,3,2
45048,2023,5,2,3,2,116,161,3524402,67,21,1,1,1
45048,2023,5,2,3,2,381,47,3504107,11,3,1,2,1
45048,2023,5,2,3,2,282,"3,5",4205407,67,12,1,3,2
45048,2023,5,2,3,2,420,336,2917607,80,7,0,2,2
45045,2023,4,29,7,2,381,"382,7",3161908,83,3,0,3,1
45048,2023,5,2,3,2,210,92,1600535,67,20,0,2,2
44980,2023,2,23,5,4,376,"191,9",4114807,83,20,0,2,2
45048,2023,5,2,3,2,364,515,1100023,1,11,1,5,2
45048,2023,5,2,3,2,122,5,2303956,63,20,1,3,1
45048,2023,5,2,3,2,163,1068,5104104,67,4,0,1,1
45048,2023,5,2,3,2,290,64,4309209,67,20,0,3,1
45046,2023,4,30,1,2,280,"135,9",4215000,80,7,0,3,3
45048,2023,5,2,3,2,226,159,2403103,67,20,0,2,1
45048,2023,5,2,3,2,101,"83,4",2408102,67,15,1,3,3
45048,2023,5,2,3,2,356,46,3302205,16,15,0,3,3
45048,2023,5,2,3,2,116,249,4318705,6,4,1,1,1
45048,2023,5,2,3,2,407,122,2611101,1,11,1,2,2
45048,2023,5,2,3,3,40,361,3125705,28,18,0,1,1
45048,2023,5,2,3,2,116,"274,9",3168606,1,11,1,4,2
45020,2023,4,4,3,2,20,"14,4",5300108,67,9,0,4,3
45048,2023,5,2,3,3,480,127,4204202,33,7,1,2,2
45048,2023,5,2,3,3,381,342,3106002,80,7,1,4,2
45048,2023,5,2,3,2,316,312,2208007,1,11,1,2,2
45048,2023,5,2,3,3,116,"269,2",3300407,28,18,0,1,1
45048,2023,5,2,3,2,116,763,3138401,16,12,1,3,3
45048,2023,5,2,3,3,259,"64,7",3201506,1,11,0,2,2
45048,2023,5,2,3,3,101,210,4216602,11,12,1,2,2
45048,2023,5,2,3,3,101,56,4201307,16,12,1,2,2
45048,2023,5,2,3,2,174,"91,7",5102504,28,20,0,1,1
45048,2023,5,2,3,2,101,411,4201406,1,11,1,2,2
45048,2023,5,2,3,3,101,15,3204054,1,11,1,2,2
45048,2023,5,2,3,3,277,312,4120606,80,7,0,3,2
45038,2023,4,22,7,3,116,"114,9",4319000,67,11,1,2,2
45048,2023,5,2,3,3,101,"138,8",4202008,67,4,0,1,1
45048,2023,5,2,3,2,101,204,4216602,16,12,1,2,2
45048,2023,5,2,3,3,116,215,3518800,52,9,1,2,2
45048,2023,5,2,3,2,101,"360,8",4215455,67,20,1,1,1
45048,2023,5,2,3,3,116,69,4104006,67,4,0,1,1
45026,2023,4,10,2,2,116,240,4313409,78,9,1,2,2
45048,2023,5,2,3,3,235,1,2800308,16,9,1,3,3
45048,2023,5,2,3,3,101,"199,4",4202305,83,21,1,1,1
45016,2023,3,31,6,4,290,"438,6",2929255,83,20,0,3,1
45048,2023,5,2,3,3,40,"2,3",5300108,52,9,0,4,3
45048,2023,5,2,3,3,101,207,4216602,16,12,1,2,2
45048,2023,5,2,3,3,116,211,3518800,67,9,1,2,2
45048,2023,5,2,3,2,392,"7,7",4315602,35,2,1,2,2
45048,2023,5,2,3,3,476,119,4105805,35,2,1,2,2
45048,2023,5,2,3,3,470,134,4214805,1,11,1,2,2
45048,2023,5,2,3,3,116,146,3549904,67,15,0,4,3
45048,2023,5,2,3,3,280,124,4215000,16,12,1,2,2
45048,2023,5,2,3,3,230,120,1504208,16,12,1,3,3
45048,2023,5,2,3,3,101,"157,5",4213500,67,12,1,2,2
45048,2023,5,2,3,3,116,"224,9",4204558,67,20,0,1,1
45048,2023,5,2,3,4,116,418,3127701,9,1,1,2,1
45048,2023,5,2,3,4,116,199,3503901,67,2,0,2,2
45048,2023,5,2,3,3,10,455,4117602,28,4,1,2,2
45048,2023,5,2,3,4,116,146,3549904,67,12,1,2,2
45048,2023,5,2,3,4,285,202,4311304,1,11,1,5,2
44947,2023,1,21,7,2,101,806,2915601,1,11,1,2,2
45048,2023,5,2,3,3,70,2,5300108,13,20,0,3,1
45048,2023,5,2,3,4,101,67,3204906,67,12,1,2,2
45048,2023,5,2,3,3,101,"803,5",2915601,13,3,0,2,2
45048,2023,5,2,3,4,116,"276,8",3515004,67,12,1,2,2
45048,2023,5,2,3,3,158,88,5006309,3,21,0,1,1
45048,2023,5,2,3,2,116,"700,8",3143906,1,11,1,2,2
45048,2023,5,2,3,3,101,506,3300100,82,7,1,2,2
45048,2023,5,2,3,4,50,"30,9",3103504,83,4,0,2,1
45005,2023,3,20,2,2,476,145,4106902,16,9,0,2,2
45048,2023,5,2,3,4,110,202,2907905,1,11,1,7,2
45048,2023,5,2,3,4,101,193,4202305,50,12,1,3,3
45048,2023,5,2,3,4,101,"84,4",2501807,5,21,1,4,2
45048,2023,5,2,3,4,364,"14,8",3550902,49,20,0,1,1
45048,2023,5,2,3,4,222,"673,8",2100055,1,11,1,4,2
45048,2023,5,2,3,3,280,"294,9",4213609,1,11,0,2,2
45048,2023,5,2,3,4,262,"400,3",3147105,9,1,1,1,1
45049,2023,5,3,4,1,116,275,3552809,61,2,1,2,2
45049,2023,5,3,4,1,40,"10,5",5212501,11,4,1,1,1
45049,2023,5,3,4,1,101,"377,9",4207007,18,20,0,4,1
45049,2023,5,3,4,1,376,"172,8",4115200,67,21,1,1,1
45049,2023,5,3,4,1,101,"119,5",3205010,18,4,0,2,1
45049,2023,5,3,4,1,465,3,3305554,11,3,0,1,1
45049,2023,5,3,4,2,381,"484,5",3106705,11,4,1,1,1
45049,2023,5,3,4,1,156,396,1600238,67,20,0,2,1
45049,2023,5,3,4,2,116,"82,7",3538006,82,4,0,1,1
45048,2023,5,2,3,4,277,12,4118204,28,18,0,1,1
45049,2023,5,3,4,1,50,206,3170107,11,12,0,2,2
45049,2023,5,3,4,2,70,"10,9",5300108,67,12,1,5,4
45049,2023,5,3,4,2,343,"2,4",2211001,16,12,1,2,2
45049,2023,5,3,4,2,116,"126,2",4107652,78,12,1,3,2
45049,2023,5,3,4,2,101,"85,4",2501807,52,9,1,2,2
45049,2023,5,3,4,2,116,38,2305233,20,11,0,2,2
45049,2023,5,3,4,2,70,10,5300108,16,12,0,2,2
45005,2023,3,20,2,2,40,512,3154606,16,12,0,2,2
45049,2023,5,3,4,2,376,"94,6",4118402,80,20,0,4,3
45049,2023,5,3,4,2,324,525,2910800,35,2,1,2,2
45049,2023,5,3,4,2,101,323,3303302,11,12,0,2,2
45045,2023,4,29,7,3,435,110,1100056,63,20,0,1,1
45049,2023,5,3,4,2,20,402,2303709,1,11,0,2,2
45049,2023,5,3,4,2,163,629,1508050,11,11,0,2,2
45049,2023,5,3,4,2,60,"93,4",5201108,61,2,0,2,2
45049,2023,5,3,4,2,101,"308,3",3304904,67,21,1,2,2
45049,2023,5,3,4,2,146,"426,9",3144102,1,11,0,3,3
45045,2023,4,29,7,4,493,20,3302502,67,12,1,2,2
45049,2023,5,3,4,2,50,"260,1",5205109,18,4,0,2,1
45049,2023,5,3,4,2,101,303,3304904,16,12,0,2,2
45049,2023,5,3,4,2,116,"230,5",3550308,52,9,1,3,2
45049,2023,5,3,4,2,319,64,1100205,67,4,1,1,1
45049,2023,5,3,4,2,101,"69,4",2705200,4,20,0,1,1
45049,2023,5,3,4,2,376,2,4125506,82,9,1,2,2
45049,2023,5,3,4,2,465,1,3305554,11,2,1,2,2
45049,2023,5,3,4,3,40,87,3303906,7,9,0,2,2
45049,2023,5,3,4,2,101,507,3300100,20,11,1,2,2
45049,2023,5,3,4,2,116,495,3509254,11,12,0,3,2
45021,2023,4,5,4,2,116,234,4313409,82,9,1,2,2
45049,2023,5,3,4,3,101,"214,9",4211900,52,9,1,2,2
45049,2023,5,3,4,3,232,"391,9",2613909,67,7,0,4,2
45049,2023,5,3,4,3,163,831,5107909,11,21,1,1,1
45049,2023,5,3,4,3,381,456,3106200,2,11,1,2,2
44976,2023,2,19,1,4,277,430,4128658,1,11,1,3,3
45049,2023,5,3,4,3,262,"239,9",5007109,10,2,1,2,2
45049,2023,5,3,4,3,287,249,2409332,11,9,1,2,2
45049,2023,5,3,4,2,319,62,1100205,1,11,1,3,2
45049,2023,5,3,4,3,70,9,5200258,1,11,0,2,2
45049,2023,5,3,4,3,104,89,2707701,2,9,1,3,2
45049,2023,5,3,4,3,116,"580,9",3139409,18,4,0,1,1
45013,2023,3,28,3,1,153,519,2305209,11,2,0,2,2
45049,2023,5,3,4,3,356,76,3302056,16,12,1,2,2
45049,2023,5,3,4,3,153,"333,8",1709302,1,11,1,2,2
45049,2023,5,3,4,3,101,"78,4",3204906,67,12,0,2,2
45006,2023,3,21,3,1,101,85,4313508,35,2,1,3,2
45049,2023,5,3,4,3,369,"138,4",4109807,52,9,1,3,2
45049,2023,5,3,4,3,163,"1,2",4205001,1,11,1,4,2
45049,2023,5,3,4,3,364,237,1100049,67,12,1,3,2
45049,2023,5,3,4,3,277,10,4118204,49,20,0,1,1
44990,2023,3,5,1,1,101,323,3303302,11,2,0,5,3
45049,2023,5,3,4,3,230,313,2514909,67,7,0,4,2
45049,2023,5,3,4,3,101,"136,8",4202008,83,4,1,2,2
44993,2023,3,8,4,3,262,"19,9",2112803,67,11,1,2,2
45049,2023,5,3,4,3,163,"490,5",2401305,2,7,1,2,2
45049,2023,5,3,4,3,262,45,5008305,11,12,0,2,2
45049,2023,5,3,4,3,116,173,3305109,52,9,0,2,2
45049,2023,5,3,4,3,116,476,3524600,78,9,1,3,2
45049,2023,5,3,4,3,277,709,4124053,35,2,1,2,2
45049,2023,5,3,4,3,40,533,3106200,16,12,1,5,2
45049,2023,5,3,4,3,222,"3,9",2303709,61,2,1,2,2
45049,2023,5,3,4,3,116,"419,8",3101805,28,21,0,2,1
45049,2023,5,3,4,3,153,"61,7",3549805,52,9,1,2,2
45049,2023,5,3,4,3,232,68,2606408,28,18,0,1,1
45049,2023,5,3,4,4,116,127,3302502,16,12,1,2,2
45049,2023,5,3,4,4,40,"413,6",3120904,1,11,0,8,2
45049,2023,5,3,4,4,116,"153,5",3549904,11,12,1,4,2
45020,2023,4,4,3,4,101,101,3205010,67,20,0,2,1
45049,2023,5,3,4,3,101,"432,5",4217709,1,12,1,2,2
45049,2023,5,3,4,2,10,223,2104552,9,12,0,2,1
45049,2023,5,3,4,4,116,149,3549904,67,9,1,2,2
45049,2023,5,3,4,4,230,65,2515005,49,4,0,1,1
44969,2023,2,12,1,4,277,725,4108304,13,21,0,1,1
45049,2023,5,3,4,4,101,"265,7",3205002,11,9,1,2,2
45049,2023,5,3,4,4,262,377,3136652,1,2,1,2,2
45049,2023,5,3,4,4,386,396,2516805,83,20,0,1,1
45049,2023,5,3,4,3,101,322,3303302,61,2,0,2,2
45049,2023,5,3,4,4,146,"490,8",3151800,83,11,1,2,2
45049,2023,5,3,4,4,364,135,1200401,16,12,1,5,2
45049,2023,5,3,4,3,251,334,3127073,67,20,0,1,1
45049,2023,5,3,4,3,356,147,3301009,2,11,1,2,2
45049,2023,5,3,4,4,101,66,3301009,82,11,1,2,2
45049,2023,5,3,4,4,153,73,3549805,49,4,0,1,1
45049,2023,5,3,4,4,101,320,3303302,36,12,0,2,2
45049,2023,5,3,4,4,280,"301,6",4213609,60,2,0,2,2
45049,2023,5,3,4,4,101,107,2900702,18,20,1,1,1
45049,2023,5,3,4,4,376,588,4106902,11,21,1,1,1
45049,2023,5,3,4,4,101,347,4208807,48,20,0,1,1
45049,2023,5,3,4,4,101,"56,4",2510907,18,21,0,2,1
45050,2023,5,4,5,1,60,"189,9",5209200,67,4,0,1,1
45050,2023,5,4,5,1,101,"44,5",4209102,83,21,0,1,1
45050,2023,5,4,5,1,319,63,1100205,17,11,1,2,2
45049,2023,5,3,4,4,364,1146,5102686,49,20,0,1,1
45050,2023,5,4,5,1,116,145,3549904,52,3,1,3,2
45050,2023,5,4,5,1,392,"42,1",4315602,67,12,1,2,2
45050,2023,5,4,5,1,101,59,2611606,9,1,1,1,1
45050,2023,5,4,5,1,447,"13,7",3205200,67,2,1,2,2
45050,2023,5,4,5,1,101,69,2611606,16,12,0,2,2
45050,2023,5,4,5,2,101,"304,5",2112803,16,12,0,3,2
45049,2023,5,3,4,4,392,255,4302808,49,20,0,1,1
45050,2023,5,4,5,1,262,442,3145208,83,3,0,4,1
45049,2023,5,3,4,2,472,577,4322400,11,20,0,2,1
45050,2023,5,4,5,2,230,"23,9",2507507,52,21,1,2,1
45050,2023,5,4,5,2,101,316,3304904,1,9,0,3,2
45050,2023,5,4,5,2,101,"142,3",4208302,67,4,1,1,1
45050,2023,5,4,5,2,40,"551,3",3144805,16,12,1,2,2
45050,2023,5,4,5,2,153,506,5201405,16,12,1,3,2
45050,2023,5,4,5,2,101,197,3301306,67,2,0,4,3
45050,2023,5,4,5,2,116,19,2933307,1,11,0,3,2
45050,2023,5,4,5,2,40,463,3167202,16,12,0,3,2
45050,2023,5,4,5,2,116,5,2304400,67,12,1,2,2
45050,2023,5,4,5,2,101,"85,9",2408102,67,21,1,2,2
45050,2023,5,4,5,2,364,"236,6",1100049,17,11,1,2,2
45050,2023,5,4,5,2,364,705,1100205,1,12,0,3,2
45050,2023,5,4,5,2,40,"520,1",3118601,11,12,0,2,2
45050,2023,5,4,5,2,324,613,2927408,16,12,1,2,2
45050,2023,5,4,5,2,101,99,2806701,4,4,0,1,1
45050,2023,5,4,5,2,70,"49,9",5205513,11,20,0,1,1
45050,2023,5,4,5,2,319,59,1100205,11,12,1,2,2
45050,2023,5,4,5,2,116,227,3550308,78,12,1,2,2
45029,2023,4,13,5,2,116,263,4304606,67,12,1,2,2
45017,2023,4,1,7,4,386,443,4304606,67,21,0,3,2
45050,2023,5,4,5,2,232,"29,7",2609402,11,12,0,2,2
45025,2023,4,9,1,3,116,270,4304606,52,9,1,4,4
45050,2023,5,4,5,2,153,"700,8",1703867,67,12,0,4,2
45050,2023,5,4,5,2,277,724,4108304,33,11,1,2,2
45050,2023,5,4,5,2,101,278,3305752,67,3,0,1,1
45050,2023,5,4,5,2,153,"23,1",3115805,13,20,0,48,2
45050,2023,5,4,5,2,153,158,3541604,67,20,0,2,1
45050,2023,5,4,5,2,116,158,3524402,67,4,1,1,1
45050,2023,5,4,5,2,116,498,3130903,16,12,0,2,2
45050,2023,5,4,5,2,116,"701,2",3143906,33,11,1,4,2
45050,2023,5,4,5,2,116,147,3301702,16,15,1,4,4
45050,2023,5,4,5,2,155,305,1504208,11,20,0,2,2
45050,2023,5,4,5,2,354,"735,8",3152600,1,9,0,2,2
45050,2023,5,4,5,2,364,346,1100122,1,11,1,2,2
45010,2023,3,25,7,2,101,"120,8",4208203,64,21,0,1,1
45050,2023,5,4,5,2,70,184,4108502,63,20,0,5,1
45050,2023,5,4,5,2,364,13,1100304,33,11,1,2,2
45050,2023,5,4,5,2,285,"424,5",4313904,11,20,0,1,1
44990,2023,3,5,1,3,101,72,4201307,16,12,0,2,2
45050,2023,5,4,5,3,116,283,3515004,80,7,1,2,2
45050,2023,5,4,5,2,365,156,3151206,67,12,0,4,3
45050,2023,5,4,5,3,163,"242,8",5003702,2,11,0,6,2
45043,2023,4,27,5,2,101,385,3304557,16,12,1,3,2
45030,2023,4,14,6,3,381,480,3106705,52,12,1,2,2
45050,2023,5,4,5,3,101,131,2708600,28,12,0,4,2
45050,2023,5,4,5,2,40,"628,1",3118304,20,21,1,2,2
45037,2023,4,21,6,1,20,396,2303709,11,7,0,3,2
45050,2023,5,4,5,2,230,405,2101400,1,11,1,2,2
45050,2023,5,4,5,3,285,326,4304705,82,9,0,2,2
45050,2023,5,4,5,3,70,"1,7",5101803,1,11,1,3,3
45050,2023,5,4,5,3,304,39,2301109,16,12,0,2,2
45050,2023,5,4,5,3,101,296,3301900,16,11,1,2,2
45050,2023,5,4,5,3,101,134,4202008,67,12,1,2,2
45050,2023,5,4,5,3,40,"44,8",3147006,1,11,1,2,2
45050,2023,5,4,5,3,282,"46,7",4200606,1,12,0,3,2
45050,2023,5,4,5,3,101,146,4208302,33,11,1,2,2
45050,2023,5,4,5,3,116,"91,3",4303673,11,20,0,3,1
45050,2023,5,4,5,2,153,363,4122008,28,20,0,7,1
45050,2023,5,4,5,3,116,209,3518800,11,9,1,2,2
45050,2023,5,4,5,3,135,164,2903201,80,7,0,5,3
45050,2023,5,4,5,3,282,"52,8",4200606,83,20,0,1,1
45050,2023,5,4,5,3,70,"1,1",5101803,17,11,1,1,1
45050,2023,5,4,5,3,469,"12,5",4108304,52,11,1,3,2
45050,2023,5,4,5,3,470,207,4302105,15,11,0,2,2
45050,2023,5,4,5,3,251,"32,9",5206206,83,20,1,1,1
45050,2023,5,4,5,4,116,173,3305109,16,12,0,2,2
45050,2023,5,4,5,4,116,481,2925956,28,18,0,1,1
45050,2023,5,4,5,3,116,86,4119509,64,21,0,1,1
45050,2023,5,4,5,3,470,217,4302105,67,12,1,3,2
45050,2023,5,4,5,3,101,"163,3",2402204,28,18,0,1,1
45050,2023,5,4,5,3,280,"233,9",4203808,1,11,1,2,2
45050,2023,5,4,5,4,381,358,3136207,2,11,0,2,2
45050,2023,5,4,5,4,285,"561,7",4318903,4,20,1,1,1
45050,2023,5,4,5,4,135,170,2903201,1,12,0,4,2
45050,2023,5,4,5,4,282,4,4205407,11,9,1,3,2
45050,2023,5,4,5,4,116,143,4305108,83,12,1,3,3
45050,2023,5,4,5,4,101,164,4218004,67,9,0,2,2
44981,2023,2,24,6,4,364,10,1100304,80,7,1,2,2
45050,2023,5,4,5,4,116,185,3303500,78,4,1,1,1
45050,2023,5,4,5,4,116,29,1507755,83,4,0,1,1
45018,2023,4,2,1,4,465,1,3305554,33,9,1,4,2
45050,2023,5,4,5,3,364,122,1200401,16,12,1,2,2
45050,2023,5,4,5,4,116,"235,7",4204558,11,20,0,1,1
45050,2023,5,4,5,3,116,"148,5",4305108,67,12,1,2,2
45050,2023,5,4,5,3,101,558,3303807,1,12,0,2,2
45050,2023,5,4,5,4,470,195,4213708,83,10,0,4,2
45050,2023,5,4,5,4,277,234,4107736,67,3,0,1,1
45050,2023,5,4,5,4,116,84,4119509,67,20,0,1,1
45050,2023,5,4,5,4,392,"36,7",4315602,46,20,0,1,1
45050,2023,5,4,5,4,116,147,3301702,13,21,0,1,1
45050,2023,5,4,5,4,386,"344,3",1712009,15,21,1,2,2
45050,2023,5,4,5,4,262,"6,7",5008305,16,9,1,4,3
45050,2023,5,4,5,4,116,220,3518800,49,4,0,1,1
45050,2023,5,4,5,4,116,146,3301702,60,2,0,2,2
45050,2023,5,4,5,4,116,147,3301702,1,11,0,5,3
45051,2023,5,5,6,1,101,18,4209102,13,20,0,1,1
45051,2023,5,5,6,1,230,21,2507507,83,21,1,1,1
45051,2023,5,5,6,1,153,"40,3",3534005,67,21,0,1,1
45051,2023,5,5,6,1,376,"537,7",4117701,56,4,0,2,1
45051,2023,5,5,6,1,116,"156,6",3549904,48,2,0,2,2
45051,2023,5,5,6,1,153,"111,8",4204301,67,20,1,1,1
45051,2023,5,5,6,1,369,196,4101507,83,20,0,1,1
45051,2023,5,5,6,2,101,146,3203205,52,9,1,3,2
45051,2023,5,5,6,1,116,"265,3",3168606,18,20,0,3,1
45051,2023,5,5,6,1,376,"472,5",4119905,83,20,0,2,1
45051,2023,5,5,6,2,381,58,3504107,18,12,0,2,2
45051,2023,5,5,6,2,470,125,4209904,83,7,1,2,2
45051,2023,5,5,6,2,70,14,5300108,11,12,0,2,2
45051,2023,5,5,6,2,40,524,3118601,61,11,1,3,2
45039,2023,4,23,1,2,116,"222,1",4306403,33,12,1,4,3
45051,2023,5,5,6,2,277,691,4125704,18,20,0,4,1
45051,2023,5,5,6,2,174,293,5106752,2,11,1,2,2
45051,2023,5,5,6,2,324,622,2927408,16,12,1,2,2
45051,2023,5,5,6,2,381,"477,9",3118601,52,9,1,2,2
44965,2023,2,8,4,2,408,61,2604007,80,7,1,8,2
45039,2023,4,23,1,3,232,6,2611606,11,9,1,2,2
45051,2023,5,5,6,2,324,625,2927408,52,9,0,2,2
45051,2023,5,5,6,1,101,169,2806305,83,2,0,2,2
45051,2023,5,5,6,2,10,258,2105302,20,11,1,2,2
45051,2023,5,5,6,2,277,81,4106902,11,12,1,3,2
44997,2023,3,12,1,2,20,72,5208004,15,20,0,5,1
45051,2023,5,5,6,2,476,190,4113205,5,20,0,1,1
45051,2023,5,5,6,2,280,"213,8",4218301,67,3,0,1,1
45051,2023,5,5,6,2,10,458,4117602,28,21,1,2,1
45051,2023,5,5,6,2,40,"519,6",3154606,67,12,1,2,2
45051,2023,5,5,6,2,282,"643,4",4217204,11,20,0,1,1
45051,2023,5,5,6,2,116,"228,9",3550308,16,12,1,2,2
45006,2023,3,21,3,2,116,219,3518800,67,12,1,3,3
44987,2023,3,2,5,3,101,"60,6",4311775,67,4,1,1,1
45051,2023,5,5,6,2,101,"48,8",2600054,61,2,1,3,2
45051,2023,5,5,6,2,472,577,4322400,16,12,1,2,2
45051,2023,5,5,6,2,101,592,3303807,1,11,1,2,2
45051,2023,5,5,6,2,116,"227,8",3550308,67,15,1,4,3
45051,2023,5,5,6,2,116,272,3552809,11,12,0,2,2
45051,2023,5,5,6,2,116,272,3552809,78,12,1,3,2
45051,2023,5,5,6,2,101,"195,5",4202305,67,21,1,2,2
45051,2023,5,5,6,2,101,52,3555406,80,11,1,2,2
45028,2023,4,12,4,2,116,173,3305109,28,18,1,1,1
44988,2023,3,3,6,2,470,216,4302105,1,11,1,2,2
45051,2023,5,5,6,2,101,"216,4",4211900,1,11,1,2,2
45051,2023,5,5,6,2,232,5,2611606,20,11,1,2,2
45051,2023,5,5,6,2,319,59,1100205,52,11,1,2,2
45051,2023,5,5,6,2,232,8,2611606,16,12,1,2,2
45051,2023,5,5,6,2,470,"82,6",4215109,82,11,1,2,2
45051,2023,5,5,6,2,60,386,5218805,18,20,1,1,1
45051,2023,5,5,6,2,381,481,3118601,78,9,1,2,2
45051,2023,5,5,6,2,495,30,3303906,1,11,1,2,2
45051,2023,5,5,6,2,101,"213,1",4211900,14,4,1,2,2
45050,2023,5,4,5,2,101,"34,2",2701704,44,20,0,1,1
45051,2023,5,5,6,2,116,"525,9",3113404,1,11,1,2,2
45051,2023,5,5,6,2,369,"138,7",4109807,1,11,1,2,2
45046,2023,4,30,1,2,101,84,2501807,52,4,1,2,2
45051,2023,5,5,6,3,101,"194,8",4216602,67,12,1,2,2
45051,2023,5,5,6,3,402,"0,2",2202000,1,11,0,2,2
45051,2023,5,5,6,3,153,"62,6",3549805,67,12,1,2,2
45051,2023,5,5,6,3,386,32,4308508,1,11,1,2,2
45051,2023,5,5,6,3,116,"442,8",2302008,15,20,0,3,1
45051,2023,5,5,6,3,282,"3,5",4205407,16,9,1,2,2