id_data,ano,mes,dia,id_dia_semana,periodo,br,km,id_municipio,id_causa_acidente,id_tipo_acidente,id_uso_solo,pessoas,veiculos
45051,2023,5,5,6,3,242,587,2922250,67,12,0,5,2
45051,2023,5,5,6,3,230,"40,9",2110203,10,2,1,2,2
45051,2023,5,5,6,3,153,671,1709500,67,20,1,1,1
45051,2023,5,5,6,3,287,"306,9",4319406,83,20,0,2,1
45051,2023,5,5,6,3,232,182,2601706,52,9,1,2,2
45051,2023,5,5,6,3,153,557,1715507,82,9,1,3,2
45051,2023,5,5,6,3,70,7,5200258,16,12,1,2,2
45051,2023,5,5,6,3,101,268,3205002,11,12,1,2,2
45051,2023,5,5,6,3,392,"636,4",4309506,83,20,0,1,1
45051,2023,5,5,6,3,381,452,3156700,83,12,0,2,2
45051,2023,5,5,6,3,386,442,4304606,4,20,0,1,1
45051,2023,5,5,6,3,472,425,4318002,15,20,0,2,1
45051,2023,5,5,6,3,163,71,4217204,52,9,1,2,2
45051,2023,5,5,6,3,116,420,2910800,1,2,0,3,2
45051,2023,5,5,6,3,277,71,4125506,56,4,1,2,1
45051,2023,5,5,6,3,116,"555,7",3139409,6,21,0,1,1
45003,2023,3,18,7,3,116,431,4306056,67,20,0,1,1
45051,2023,5,5,6,3,101,"191,3",2704005,1,11,1,2,2
45051,2023,5,5,6,3,465,"0,9",3305554,1,2,1,3,2
45051,2023,5,5,6,3,101,"206,9",4216602,67,12,1,2,2
45051,2023,5,5,6,3,101,98,2408102,83,12,1,4,3
45051,2023,5,5,6,3,101,"332,9",4218707,56,4,0,1,1
45051,2023,5,5,6,2,153,586,5218391,11,9,0,6,2
45051,2023,5,5,6,3,101,"279,5",4207304,67,4,0,3,2
45051,2023,5,5,6,3,101,"212,8",4211900,11,12,1,4,2
45051,2023,5,5,6,4,101,"92,6",4202107,16,12,1,2,2
45051,2023,5,5,6,3,293,14,4304663,1,11,1,2,2
45051,2023,5,5,6,4,116,229,3550308,67,12,0,3,2
45051,2023,5,5,6,3,101,"296,8",3201308,67,12,1,3,2
45051,2023,5,5,6,3,280,27,4201307,11,9,0,2,2
45051,2023,5,5,6,3,116,117,4106902,11,9,0,4,2
45051,2023,5,5,6,4,262,"58,4",3139409,67,7,0,5,3
45051,2023,5,5,6,4,60,388,5218805,1,11,1,2,2
45051,2023,5,5,6,4,101,214,3202504,33,11,1,2,2
45051,2023,5,5,6,4,163,"689,8",5007406,20,11,0,2,2
45051,2023,5,5,6,3,470,74,4207502,1,11,0,2,2
45051,2023,5,5,6,3,20,"313,6",2302800,67,9,0,3,2
45051,2023,5,5,6,3,282,361,4205209,1,9,0,2,2
45051,2023,5,5,6,3,365,"814,8",3159803,9,1,0,1,1
45051,2023,5,5,6,4,116,17,2304285,11,20,1,29,1
45051,2023,5,5,6,4,116,226,3518800,52,4,1,2,2
45051,2023,5,5,6,4,40,432,3147402,16,12,0,2,2
45051,2023,5,5,6,3,381,82,3518800,52,12,0,3,2
45051,2023,5,5,6,4,376,500,4119905,33,7,0,3,2
45051,2023,5,5,6,4,282,"1,7",4205407,78,9,0,2,2
45051,2023,5,5,6,4,277,1,4118204,2,7,1,3,3
45051,2023,5,5,6,4,101,318,3304904,35,2,1,2,2
45051,2023,5,5,6,4,40,634,3118304,20,7,1,2,2
45051,2023,5,5,6,4,364,201,5211909,67,4,0,1,1
45051,2023,5,5,6,3,282,549,4204202,1,11,0,3,2
45051,2023,5,5,6,4,101,"77,8",2408102,35,2,1,2,2
45051,2023,5,5,6,4,101,326,4203956,15,2,0,2,2
45051,2023,5,5,6,4,101,331,4218707,64,20,0,1,1
45051,2023,5,5,6,4,40,"689,5",3154408,48,2,0,2,2
45051,2023,5,5,6,4,277,722,4108304,61,2,1,2,2
45051,2023,5,5,6,4,104,"134,1",2512507,16,12,0,3,2
45051,2023,5,5,6,3,70,278,5107040,1,11,1,3,2
45051,2023,5,5,6,3,135,61,2101251,80,7,1,2,2
45051,2023,5,5,6,4,386,304,4315131,28,18,0,1,1
45051,2023,5,5,6,4,40,"779,9",3136702,9,1,0,2,2
45051,2023,5,5,6,4,262,375,3136652,18,12,0,2,2
45051,2023,5,5,6,4,50,53,3103504,60,2,0,2,2
45051,2023,5,5,6,4,116,254,3304003,11,3,0,1,1
45051,2023,5,5,6,4,101,"6,5",4321501,60,2,0,3,2
45051,2023,5,5,6,3,285,"66,7",2201903,80,7,0,2,2
45051,2023,5,5,6,4,262,22,2112803,11,20,1,2,1
45051,2023,5,5,6,4,163,479,2401305,52,7,0,4,2
45051,2023,5,5,6,4,104,"110,6",2508307,35,2,0,2,2
45051,2023,5,5,6,4,40,117,3301702,13,21,1,2,1
45051,2023,5,5,6,4,20,19,5300108,1,12,0,3,2
45051,2023,5,5,6,4,116,"163,9",4121208,1,9,0,4,2
45051,2023,5,5,6,4,60,89,5201108,5,21,1,2,1
45051,2023,5,5,6,4,262,"15,8",3140530,60,2,0,2,2
45052,2023,5,6,7,1,101,222,4211900,67,3,0,1,1
45051,2023,5,5,6,3,230,496,1500859,82,11,1,4,2
45052,2023,5,6,7,1,101,405,4201406,49,11,0,2,2
45051,2023,5,5,6,4,381,457,3106200,78,9,0,2,2
45052,2023,5,6,7,1,101,"71,9",2611606,11,20,1,1,1
45051,2023,5,5,6,4,101,419,4201406,49,12,1,2,2
45051,2023,5,5,6,4,282,"213,9",4209300,49,20,1,1,1
45052,2023,5,6,7,1,282,"258,4",4216800,83,7,0,3,2
45052,2023,5,6,7,1,40,79,3303906,83,21,0,1,1
45052,2023,5,6,7,1,280,58,4206504,83,4,1,2,1
45052,2023,5,6,7,1,381,502,3106705,83,20,1,1,1
45052,2023,5,6,7,1,280,24,4201307,35,2,1,3,2
45052,2023,5,6,7,1,101,"205,9",4216602,13,21,1,1,1
45052,2023,5,6,7,1,282,579,3538204,46,12,1,1,1
45052,2023,5,6,7,1,116,"214,5",3305554,56,18,0,1,1
45052,2023,5,6,7,1,222,"4,6",2303709,52,9,1,2,2
45051,2023,5,5,6,4,420,258,2922409,28,18,1,1,1
45052,2023,5,6,7,1,163,633,5007695,11,4,0,2,1
45052,2023,5,6,7,1,343,347,2211001,49,4,1,1,1
45052,2023,5,6,7,1,277,667,4115804,18,4,1,1,1
45052,2023,5,6,7,1,101,"60,3",4311775,15,20,0,1,1
45052,2023,5,6,7,1,101,3,2607901,11,7,1,2,2
45052,2023,5,6,7,1,116,"454,7",3123700,11,1,0,1,1
45052,2023,5,6,7,1,163,"698,8",5007406,49,4,0,1,1
45052,2023,5,6,7,2,230,"460,1",2516201,83,20,0,2,1
45052,2023,5,6,7,2,101,85,2501807,61,2,1,2,2
45052,2023,5,6,7,1,364,242,1100049,80,7,1,6,2
45052,2023,5,6,7,2,230,"75,7",2512762,67,21,0,1,1
44988,2023,3,3,6,3,290,83,4309209,11,12,1,7,3
45052,2023,5,6,7,2,101,299,2112803,83,11,1,2,2
45052,2023,5,6,7,1,262,49,3203346,82,7,0,2,2
45052,2023,5,6,7,2,101,"205,1",4216602,67,4,1,2,1
45052,2023,5,6,7,2,101,"75,9",4201307,28,18,1,1,1
45049,2023,5,3,4,2,277,704,4124053,82,20,0,2,2
45052,2023,5,6,7,2,386,"12,5",4310504,49,4,0,1,1
45052,2023,5,6,7,1,470,239,4304804,11,20,1,2,1
45052,2023,5,6,7,2,116,"143,8",4305108,83,3,1,1,1
45052,2023,5,6,7,2,376,"10,8",4115200,13,12,0,2,2
45052,2023,5,6,7,2,101,"209,9",4216602,67,12,0,1,1
45052,2023,5,6,7,2,101,58,2611606,16,12,0,2,2
45052,2023,5,6,7,2,495,2,3305802,1,21,1,2,2
45052,2023,5,6,7,2,101,"95,5",2806701,4,20,0,1,1
45052,2023,5,6,7,2,277,21,4116208,49,4,1,2,1
45039,2023,4,23,1,1,101,152,4208302,11,12,0,3,2
45052,2023,5,6,7,2,262,"158,8",3202454,83,9,0,2,2
45032,2023,4,16,1,4,403,"12,9",2300200,52,7,0,5,2
45052,2023,5,6,7,2,70,"13,5",5300108,52,12,1,3,2
45052,2023,5,6,7,2,101,435,3302601,80,7,0,2,2
45052,2023,5,6,7,2,101,"62,7",3204906,16,12,0,2,2
45052,2023,5,6,7,2,101,"63,3",2611606,67,12,1,2,2
45052,2023,5,6,7,2,116,"15,6",2933307,1,11,0,2,2
45052,2023,5,6,7,2,316,"428,7",2108454,51,4,0,2,2
45032,2023,4,16,1,4,381,"484,1",3106705,83,3,1,2,1
45052,2023,5,6,7,2,101,333,3304557,44,12,1,4,3
45052,2023,5,6,7,2,163,287,4114609,1,11,1,3,2
45052,2023,5,6,7,2,158,261,5008305,67,20,0,4,1
45052,2023,5,6,7,2,101,295,3301900,44,9,1,2,2
45052,2023,5,6,7,2,259,"104,9",3200805,1,11,1,2,2
45052,2023,5,6,7,2,40,"624,7",3118304,9,1,0,1,1
45052,2023,5,6,7,2,101,"312,9",4209409,11,12,0,2,2
45052,2023,5,6,7,2,101,"117,7",4208203,60,2,1,2,2
45052,2023,5,6,7,2,232,123,2604106,52,9,0,2,2
45052,2023,5,6,7,3,101,139,4202008,67,4,0,1,1
45052,2023,5,6,7,3,381,822,3113602,35,2,0,3,2
45052,2023,5,6,7,3,101,"877,7",2931350,82,12,1,2,2
45052,2023,5,6,7,2,262,359,2401305,67,21,0,2,2
45052,2023,5,6,7,3,101,"386,6",3202603,72,4,0,2,2
45052,2023,5,6,7,3,40,"498,2",3124104,72,9,1,2,2
45052,2023,5,6,7,3,40,5,5300108,52,9,1,2,2
45052,2023,5,6,7,3,381,400,3107703,67,20,0,1,1
45052,2023,5,6,7,3,277,620,4105300,28,18,0,3,1
45052,2023,5,6,7,3,116,"42,6",4322509,83,20,0,1,1
45052,2023,5,6,7,2,101,337,4218707,13,21,0,2,1
45052,2023,5,6,7,3,376,650,4127601,67,9,0,3,2
45048,2023,5,2,3,2,277,706,4125704,83,21,0,2,1
45052,2023,5,6,7,2,101,505,3300100,11,12,1,3,2
45045,2023,4,29,7,3,324,542,2901106,61,2,1,2,2
45052,2023,5,6,7,3,163,610,5106224,15,20,0,2,1
45052,2023,5,6,7,3,319,63,1100205,17,11,1,4,2
45052,2023,5,6,7,3,365,627,3170206,36,12,1,4,3
45052,2023,5,6,7,3,381,"915,5",3110509,49,20,0,1,1
45052,2023,5,6,7,3,365,746,3134202,11,20,0,1,1
45049,2023,5,3,4,2,386,"246,7",2516102,1,11,0,5,2
45052,2023,5,6,7,3,470,51,4202404,28,18,1,1,1
45052,2023,5,6,7,3,116,"279,4",3168606,49,21,0,1,1
45052,2023,5,6,7,3,402,"35,5",2207702,49,4,1,1,1
45052,2023,5,6,7,3,116,215,3518800,12,2,1,2,2
45052,2023,5,6,7,3,251,"28,4",5206206,1,11,0,4,2
45052,2023,5,6,7,3,101,"332,6",4218707,1,11,1,2,2
45052,2023,5,6,7,3,153,"508,1",5201405,16,12,1,4,2
45052,2023,5,6,7,3,101,100,2900702,35,2,0,2,2
45052,2023,5,6,7,3,101,538,2929354,11,3,0,1,1
45052,2023,5,6,7,3,376,"391,7",4110078,67,3,0,1,1
45052,2023,5,6,7,3,40,"610,2",3118007,13,21,1,1,1
45052,2023,5,6,7,3,251,"369,6",3127800,80,7,0,5,2
45052,2023,5,6,7,3,158,"147,5",4313904,82,10,0,8,2
45024,2023,4,8,7,2,135,169,2106631,1,11,0,4,2
45052,2023,5,6,7,3,116,198,3304144,1,11,0,4,4
45052,2023,5,6,7,4,116,581,3139409,11,2,0,3,2
45052,2023,5,6,7,4,146,"463,3",3108404,60,2,0,2,2
45052,2023,5,6,7,3,116,832,2933307,60,2,0,2,2
45052,2023,5,6,7,3,40,2,5221858,52,9,1,3,2
45052,2023,5,6,7,3,116,184,3303500,28,21,1,2,1
45052,2023,5,6,7,3,153,509,5201405,28,18,0,1,1
45052,2023,5,6,7,4,101,"196,9",4202305,49,4,1,1,1
45052,2023,5,6,7,4,262,"522,8",3138807,58,12,0,2,2
45052,2023,5,6,7,4,116,215,3518800,61,4,0,3,2
45052,2023,5,6,7,3,163,935,5104559,49,10,0,3,2
45052,2023,5,6,7,4,324,"517,5",2910800,49,11,1,2,2
45052,2023,5,6,7,4,101,"138,9",3203205,48,9,0,2,2
45052,2023,5,6,7,4,101,206,3301306,61,2,1,2,2
45052,2023,5,6,7,4,116,"117,5",3554102,67,12,0,2,2
45052,2023,5,6,7,4,232,"82,5",2606408,67,20,0,1,1
45052,2023,5,6,7,4,393,138,1507755,1,11,1,1,1
45052,2023,5,6,7,3,222,"63,9",2312403,67,21,0,2,1
45052,2023,5,6,7,4,101,"210,6",4216602,49,12,0,2,2
44992,2023,3,7,3,4,476,145,4106902,67,11,0,3,2
45052,2023,5,6,7,3,290,"330,1",4302808,56,4,0,1,1
45052,2023,5,6,7,4,376,"179,9",4115200,11,12,1,2,2
45052,2023,5,6,7,3,316,620,2112209,1,11,1,2,2
45052,2023,5,6,7,4,101,203,4216602,67,9,0,2,2
45052,2023,5,6,7,4,369,163,4103701,83,4,0,2,1
45052,2023,5,6,7,4,116,582,3139409,80,7,0,3,2
45052,2023,5,6,7,4,40,"398,3",3120904,67,20,0,1,1
45052,2023,5,6,7,4,116,253,4320008,67,11,1,2,2
45052,2023,5,6,7,4,104,"116,9",2508307,82,7,0,3,2
45052,2023,5,6,7,4,110,46,2408003,2,7,1,2,2
45052,2023,5,6,7,4,381,62,3528502,35,2,1,3,2
45052,2023,5,6,7,4,101,451,4216404,11,21,0,1,1
45052,2023,5,6,7,4,316,262,2109908,49,12,1,2,2
45052,2023,5,6,7,4,280,"56,5",4206504,72,9,1,3,2
45052,2023,5,6,7,4,101,182,4202305,83,20,1,1,1
45052,2023,5,6,7,4,10,320,2100055,78,7,1,3,2
45052,2023,5,6,7,4,277,75,4125506,83,20,0,2,2
45052,2023,5,6,7,4,101,"144,2",3203205,1,9,1,4,2
45052,2023,5,6,7,4,116,318,3302254,11,20,0,1,1
45052,2023,5,6,7,4,116,"133,5",3508504,11,20,0,1,1
45052,2023,5,6,7,4,277,75,4125506,67,9,1,2,2
45053,2023,5,7,1,1,146,477,3151800,1,11,0,3,2
45053,2023,5,7,1,1,101,97,2408102,52,9,1,2,2
45053,2023,5,7,1,1,116,247,4318705,67,20,1,3,1
45052,2023,5,6,7,4,163,78,5004601,49,11,1,2,2
45052,2023,5,6,7,4,356,24,3302205,80,7,0,2,2
45052,2023,5,6,7,4,280,"223,3",4218301,48,7,0,3,2
45053,2023,5,7,1,1,230,629,1500602,9,1,1,1,1
45053,2023,5,7,1,1,285,418,4313904,11,12,1,2,2
45052,2023,5,6,7,4,262,52,3139409,49,7,1,4,2
45053,2023,5,7,1,1,116,207,3518800,67,20,1,5,1
45053,2023,5,7,1,1,116,203,3304144,83,4,0,2,2
45053,2023,5,7,1,1,365,"611,5",3170206,11,12,0,2,2
45052,2023,5,6,7,4,116,455,3542602,60,2,0,2,2
45053,2023,5,7,1,1,101,"146,4",3203205,49,4,1,1,1
45053,2023,5,7,1,1,365,"626,9",3170206,49,4,1,2,2
45052,2023,5,6,7,3,356,20,3302205,18,7,0,3,2
45053,2023,5,7,1,1,101,224,4211900,27,12,0,4,2
45053,2023,5,7,1,1,101,"189,1",4202305,67,12,0,1,1
45053,2023,5,7,1,1,101,"323,5",4212650,28,18,1,1,1
45053,2023,5,7,1,1,316,"13,5",2211001,11,20,1,1,1
45053,2023,5,7,1,1,116,135,3302502,67,4,0,2,1
45053,2023,5,7,1,1,101,"201,8",4216602,67,2,1,3,2
45053,2023,5,7,1,1,101,64,2611606,48,4,1,4,3
45053,2023,5,7,1,1,116,137,3302502,1,11,0,2,2
45052,2023,5,6,7,3,316,313,2208007,1,11,1,2,2
45053,2023,5,7,1,1,277,633,4105300,49,20,0,2,1
45053,2023,5,7,1,1,153,426,5201108,2,4,0,2,1
45053,2023,5,7,1,1,381,51,3504107,82,4,0,2,1
45053,2023,5,7,1,1,427,3,2510907,52,7,0,3,2
45053,2023,5,7,1,1,101,133,4202008,11,20,1,1,1
45053,2023,5,7,1,1,116,428,3542602,13,4,0,3,1
45053,2023,5,7,1,1,476,"143,7",4106902,83,20,0,1,1
45052,2023,5,6,7,4,470,68,4207502,83,9,1,3,3
45052,2023,5,6,7,4,470,67,4207502,76,4,0,1,1
45053,2023,5,7,1,1,101,"443,3",4215653,83,20,1,2,1
45053,2023,5,7,1,2,324,626,2927408,15,4,1,3,2
45053,2023,5,7,1,2,101,"200,5",4216602,11,12,1,2,2
45053,2023,5,7,1,2,101,130,2412203,67,20,1,1,1
45052,2023,5,6,7,4,364,"340,4",1100122,11,21,1,1,1
45053,2023,5,7,1,2,222,"13,4",2303709,28,20,0,14,2
45052,2023,5,6,7,4,163,516,5103502,9,1,0,3,1
45053,2023,5,7,1,1,230,"4,4",1500602,80,7,1,2,2
45017,2023,4,1,7,4,364,346,1100122,16,12,1,2,1
45053,2023,5,7,1,2,135,23,2111300,11,4,1,1,1
45053,2023,5,7,1,2,163,"396,2",5006002,13,21,0,2,2
45053,2023,5,7,1,2,343,338,2211001,13,21,1,2,1
45052,2023,5,6,7,3,412,"119,4",2516300,51,20,0,1,1
45053,2023,5,7,1,2,116,107,3554102,13,21,1,2,1
45053,2023,5,7,1,2,104,47,2701100,28,9,0,3,2
45053,2023,5,7,1,2,324,365,2929370,1,12,0,2,2
45053,2023,5,7,1,2,116,1,2304400,49,4,1,1,1
45053,2023,5,7,1,2,153,"183,1",3527108,67,21,0,1,1
45053,2023,5,7,1,2,163,697,5107925,28,20,0,3,1
45053,2023,5,7,1,1,158,547,3100609,9,1,0,1,1
45053,2023,5,7,1,2,364,"544,9",1100262,49,20,0,1,1
45053,2023,5,7,1,2,364,268,1100049,67,21,0,2,1
45053,2023,5,7,1,2,116,170,3304557,44,12,0,1,1
45053,2023,5,7,1,3,101,157,4213500,11,12,1,3,2
45053,2023,5,7,1,3,381,"900,9",3110608,67,11,1,4,2
45053,2023,5,7,1,3,381,350,3136207,20,11,0,8,2
45053,2023,5,7,1,3,60,392,5007901,67,20,0,4,1
45053,2023,5,7,1,3,381,498,3106705,67,4,1,1,1
45016,2023,3,31,6,4,386,442,4304606,11,20,1,1,1
45053,2023,5,7,1,3,116,"91,1",4125506,83,7,0,5,2
45053,2023,5,7,1,3,381,765,3110905,83,20,0,1,1
45053,2023,5,7,1,3,20,21,5300108,49,12,1,2,2
45053,2023,5,7,1,3,116,144,3549904,28,21,0,1,1
45053,2023,5,7,1,3,267,"9,6",3138401,67,20,0,3,1
45053,2023,5,7,1,3,470,53,4202404,1,11,1,3,2
45053,2023,5,7,1,3,472,577,4322400,1,11,1,3,2
45053,2023,5,7,1,3,304,"43,7",2408003,49,20,0,3,1
45053,2023,5,7,1,3,163,"226,8",5002407,67,7,0,2,2
45053,2023,5,7,1,3,101,208,4216602,28,21,1,2,1
45053,2023,5,7,1,3,280,125,4215000,1,9,0,4,2
45053,2023,5,7,1,3,135,143,2926202,56,1,0,3,2
45053,2023,5,7,1,3,101,205,3203130,67,11,1,3,2
45053,2023,5,7,1,3,262,"93,8",3100302,1,11,1,3,2
45053,2023,5,7,1,3,101,"84,3",2501807,52,9,1,2,2
45053,2023,5,7,1,3,50,"96,3",5206206,83,2,1,2,2
45053,2023,5,7,1,3,101,"325,5",3202405,11,21,0,1,1
45053,2023,5,7,1,3,277,77,4106902,11,12,1,2,2
45053,2023,5,7,1,3,476,344,4118600,67,4,0,2,1
45053,2023,5,7,1,4,116,"490,5",3130903,61,2,0,2,2
45053,2023,5,7,1,4,101,485,3300100,1,12,1,3,3
45032,2023,4,16,1,3,101,417,3302601,53,11,0,2,2
45053,2023,5,7,1,4,116,126,4107652,16,12,1,9,3
45053,2023,5,7,1,4,116,203,3503901,67,15,0,8,3
45053,2023,5,7,1,4,116,413,3127701,33,11,1,4,2
45053,2023,5,7,1,3,153,"63,6",4207809,49,20,1,2,1
45053,2023,5,7,1,4,104,118,2508307,16,12,0,2,2
45053,2023,5,7,1,4,364,198,5107602,1,12,0,2,2
45023,2023,4,7,6,4,116,"251,8",4320008,67,20,1,4,1
45053,2023,5,7,1,3,10,255,2105302,17,11,1,2,2
45053,2023,5,7,1,4,364,1,3550902,49,4,0,5,1
45053,2023,5,7,1,4,101,484,3300100,20,7,0,2,2
45053,2023,5,7,1,3,153,497,5208707,28,4,1,3,2
45053,2023,5,7,1,3,277,"662,6",4115804,67,20,0,2,2
45053,2023,5,7,1,4,153,"67,4",3549805,52,9,1,4,2
45053,2023,5,7,1,4,230,9,1500602,52,10,0,2,2
45053,2023,5,7,1,3,316,40,2601102,60,2,1,2,2
45053,2023,5,7,1,4,277,215,4127007,1,9,0,4,3
45053,2023,5,7,1,3,428,"178,3",2611101,49,21,0,2,1
45053,2023,5,7,1,4,104,"87,9",2600302,80,7,1,3,2
45053,2023,5,7,1,4,101,118,4208203,11,20,1,2,1
45053,2023,5,7,1,4,101,"416,2",4201406,1,11,1,2,2
45053,2023,5,7,1,4,116,144,3301702,84,12,1,3,2
45053,2023,5,7,1,4,101,2,4311775,9,1,0,1,1
45053,2023,5,7,1,4,101,615,2920908,52,7,1,4,2
45053,2023,5,7,1,3,365,174,3109402,11,12,0,3,2
45053,2023,5,7,1,4,414,"321,7",5205513,49,7,0,6,2
45053,2023,5,7,1,4,369,502,4106308,83,20,1,2,1
45053,2023,5,7,1,4,101,128,4202008,49,20,1,2,1
45053,2023,5,7,1,4,116,277,3168606,11,21,1,2,1
45053,2023,5,7,1,4,476,193,4113205,18,20,0,1,1
45053,2023,5,7,1,4,153,67,4207809,67,21,0,1,1
45053,2023,5,7,1,4,432,199,1400175,25,12,0,3,2
45053,2023,5,7,1,4,40,52,3303906,83,4,0,3,1
44994,2023,3,9,5,2,290,"215,4",4313953,72,12,1,2,2
45054,2023,5,8,2,1,376,"184,5",4126256,49,4,0,1,1
45053,2023,5,7,1,4,40,"67,8",5206206,49,4,0,4,1
45054,2023,5,8,2,1,116,"269,9",4304606,11,4,1,1,1
45054,2023,5,8,2,1,101,"133,2",2412203,63,21,0,1,1
45054,2023,5,8,2,1,101,140,4202008,49,20,0,2,1
45054,2023,5,8,2,1,101,139,4202008,49,20,1,1,1
45053,2023,5,7,1,3,174,391,5106182,52,9,0,2,2
45054,2023,5,8,2,1,40,"3,6",5221858,49,7,1,2,2
45054,2023,5,8,2,1,101,210,4216602,78,12,1,4,2
45053,2023,5,7,1,4,386,"279,9",4318465,83,20,0,1,1
45054,2023,5,8,2,1,277,"75,8",4125506,11,12,0,4,3
45054,2023,5,8,2,1,101,"233,3",4211900,83,21,0,1,1
45054,2023,5,8,2,1,364,50,5204102,9,1,0,2,1
45053,2023,5,7,1,4,293,60,4314605,25,20,0,3,1
45054,2023,5,8,2,1,226,299,2101608,78,7,1,3,2
45054,2023,5,8,2,1,153,"530,1",2305209,9,1,1,1,1
45053,2023,5,7,1,3,285,588,4317707,4,20,0,2,1
45054,2023,5,8,2,1,280,56,4206504,83,4,1,1,1
45054,2023,5,8,2,1,423,"157,1",2600500,9,3,0,5,1
45054,2023,5,8,2,1,101,"286,3",3301900,9,1,0,3,2
45054,2023,5,8,2,1,116,"178,3",2311801,9,1,0,1,1
45054,2023,5,8,2,1,40,548,3144805,14,21,0,1,1
45054,2023,5,8,2,2,116,228,3518800,52,12,1,2,2
45054,2023,5,8,2,2,493,18,3302502,9,1,1,1,1
45054,2023,5,8,2,2,40,563,3144805,11,20,0,2,1
45054,2023,5,8,2,2,116,227,3518800,11,7,1,2,2
45054,2023,5,8,2,2,70,"3,4",5300108,52,9,1,3,3
45054,2023,5,8,2,2,40,"805,8",3140803,1,11,0,2,2
45054,2023,5,8,2,1,116,179,4313201,11,10,0,1,1
45054,2023,5,8,2,2,415,"22,8",2913606,52,7,0,2,2
45054,2023,5,8,2,2,116,128,3508504,11,12,1,2,2
45054,2023,5,8,2,2,101,"221,1",3202504,13,20,0,2,1
45054,2023,5,8,2,2,50,"171,1",3170107,67,21,1,1,1
45054,2023,5,8,2,2,262,"46,1",3203346,17,11,1,3,2
45054,2023,5,8,2,2,101,151,4208302,82,9,1,2,2
45053,2023,5,7,1,4,116,141,3301702,67,15,0,5,4
45054,2023,5,8,2,2,116,"285,5",3522208,78,21,1,2,1
45054,2023,5,8,2,2,116,"120,5",3301702,16,12,1,2,2
45054,2023,5,8,2,2,277,"69,5",4125506,11,12,1,2,2
45054,2023,5,8,2,2,262,"546,7",3138807,83,20,0,2,1
45054,2023,5,8,2,2,101,"717,9",2910727,16,12,1,2,2
45054,2023,5,8,2,2,70,514,2211407,55,11,1,2,2
45054,2023,5,8,2,2,381,499,3106705,1,12,0,3,2
45054,2023,5,8,2,2,116,"210,9",4122305,1,11,1,2,2
45054,2023,5,8,2,2,376,"470,1",4119905,83,20,0,4,1
45054,2023,5,8,2,2,319,62,1100205,1,11,1,2,2
45054,2023,5,8,2,2,428,"2,8",2603009,72,11,0,5,3
45054,2023,5,8,2,2,101,"55,5",3301009,15,21,1,1,1
45054,2023,5,8,2,2,465,12,3305554,82,2,0,3,2
45054,2023,5,8,2,2,101,730,2914653,83,21,0,1,1
45052,2023,5,6,7,2,282,216,4209300,72,9,0,3,2
45054,2023,5,8,2,1,116,"65,7",4212205,18,20,0,1,1
45054,2023,5,8,2,2,470,66,4207502,28,12,0,3,2
44991,2023,3,6,2,3,101,807,2915601,83,21,1,1,1
45054,2023,5,8,2,2,101,373,4207007,13,20,1,1,1
45054,2023,5,8,2,2,104,49,2701100,51,20,0,2,1
45054,2023,5,8,2,2,116,242,4318705,63,21,1,1,1
45054,2023,5,8,2,2,116,142,4305108,21,4,1,1,1
45054,2023,5,8,2,2,163,991,1506807,44,21,0,1,1
45054,2023,5,8,2,2,230,"407,3",2101400,80,11,0,3,2
45054,2023,5,8,2,2,101,"285,9",3201308,15,20,0,2,1
45017,2023,4,1,7,4,101,145,3203205,11,12,1,2,2
45054,2023,5,8,2,2,116,392,2927507,51,12,1,2,2
45054,2023,5,8,2,2,116,227,3550308,11,3,1,1,1
45054,2023,5,8,2,2,101,"13,7",3204054,21,4,0,1,1
45046,2023,4,30,1,3,101,"198,5",2708808,4,20,0,2,1
45054,2023,5,8,2,1,101,65,2910503,67,21,0,1,1
45054,2023,5,8,2,2,101,"436,4",4217709,11,12,1,3,2
45054,2023,5,8,2,2,116,"527,6",3113404,6,21,1,1,1
45054,2023,5,8,2,2,101,"443,7",4215653,33,11,1,2,2
45054,2023,5,8,2,2,364,12,1100304,33,11,1,2,2
45037,2023,4,21,6,2,280,"160,5",4210100,67,10,0,6,3
45054,2023,5,8,2,2,470,2,4211306,1,11,1,2,2
45054,2023,5,8,2,3,101,277,3205002,64,4,0,2,1
45054,2023,5,8,2,3,308,157,1502202,67,20,0,5,1
45044,2023,4,28,6,3,116,175,3305109,1,9,1,2,2
45054,2023,5,8,2,3,116,282,3300407,21,21,0,2,1
44946,2023,1,20,6,4,365,15,3143302,9,1,0,3,2
45054,2023,5,8,2,3,163,832,5107909,16,11,1,2,2
45054,2023,5,8,2,2,50,140,5210109,18,20,0,1,1
45054,2023,5,8,2,3,101,215,4211900,16,12,1,3,2
45054,2023,5,8,2,3,60,372,5218805,11,20,0,1,1
45054,2023,5,8,2,3,232,112,2601904,11,4,0,1,1
45054,2023,5,8,2,3,101,"284,1",3201308,13,20,1,2,1
45054,2023,5,8,2,2,163,1029,5106422,1,11,1,2,2
45019,2023,4,3,2,1,101,203,4216602,11,9,1,2,2
45054,2023,5,8,2,3,210,2,1600303,20,11,1,1,1
45054,2023,5,8,2,3,116,414,3127701,16,12,1,2,2
45054,2023,5,8,2,2,153,23,3115805,67,20,0,1,1
45053,2023,5,7,1,2,476,253,4101309,29,20,0,1,1
45054,2023,5,8,2,3,262,"73,1",3140902,49,10,0,2,2
45054,2023,5,8,2,3,116,176,3305109,78,9,0,4,2
45054,2023,5,8,2,3,232,11,2607901,16,12,0,2,2
45054,2023,5,8,2,3,101,260,2928703,60,2,1,2,2
45054,2023,5,8,2,3,40,11,5212501,35,2,1,2,2
45054,2023,5,8,2,3,101,"214,8",4211900,16,9,0,3,2
45054,2023,5,8,2,3,101,45,2606804,1,2,1,2,2
45054,2023,5,8,2,3,101,321,3303302,78,9,1,2,2
45054,2023,5,8,2,3,20,"338,5",2303006,28,3,0,1,1