id_data,ano,mes,dia,id_dia_semana,periodo,br,km,id_municipio,id_causa_acidente,id_tipo_acidente,id_uso_solo,pessoas,veiculos
45058,2023,5,12,6,3,116,"177,5",3146305,35,2,1,6,2
45058,2023,5,12,6,3,414,"438,2",5201108,28,7,1,3,2
45058,2023,5,12,6,2,343,595,2203909,72,11,1,2,2
45058,2023,5,12,6,2,116,"391,9",2927507,67,12,1,2,2
45047,2023,5,1,2,3,277,56,4125506,72,11,0,6,3
45044,2023,4,28,6,4,163,491,2401305,1,11,0,2,2
45058,2023,5,12,6,3,116,271,3552809,52,9,1,2,2
45058,2023,5,12,6,3,101,34,2606804,48,11,1,2,2
45058,2023,5,12,6,3,116,"15,1",2933307,16,12,1,3,2
45058,2023,5,12,6,3,381,485,3106705,67,4,1,2,1
45058,2023,5,12,6,2,110,354,2907509,83,12,0,2,2
45043,2023,4,27,5,2,163,60,1500602,82,7,0,2,2
45058,2023,5,12,6,2,50,"275,6",5205109,13,21,1,1,1
45058,2023,5,12,6,3,135,7,2111300,1,11,1,1,1
45058,2023,5,12,6,3,40,"19,2",5212501,1,9,1,5,2
45058,2023,5,12,6,3,230,8,2503209,67,21,1,3,2
45058,2023,5,12,6,3,101,"198,5",4202305,11,12,0,2,2
45058,2023,5,12,6,3,101,712,2910727,72,11,1,2,2
45058,2023,5,12,6,3,153,151,1702109,28,11,0,4,2
45058,2023,5,12,6,3,324,544,2928604,22,12,0,4,3
45058,2023,5,12,6,3,40,"503,9",3124104,35,2,1,3,2
45058,2023,5,12,6,2,465,22,3304557,11,4,1,1,1
45058,2023,5,12,6,2,116,18,2304285,16,12,1,5,2
45058,2023,5,12,6,3,116,248,4318705,11,12,1,2,2
45058,2023,5,12,6,3,116,11,2304400,1,9,1,2,2
45058,2023,5,12,6,3,230,"81,5",2503803,61,2,1,2,2
45058,2023,5,12,6,3,230,"16,8",2507507,67,9,1,3,2
45058,2023,5,12,6,3,232,"181,8",2601706,1,10,1,2,2
45058,2023,5,12,6,3,40,93,3303906,15,20,0,1,1
45058,2023,5,12,6,3,116,147,3549904,52,9,1,2,2
45058,2023,5,12,6,3,116,445,3542602,11,20,1,1,1
45058,2023,5,12,6,3,262,399,3147105,28,21,0,2,1
45058,2023,5,12,6,3,365,521,3143104,80,7,1,5,4
45058,2023,5,12,6,3,101,"6,8",4321501,1,11,1,3,3
45058,2023,5,12,6,3,280,"28,5",4201307,1,11,1,2,2
45058,2023,5,12,6,3,262,"38,9",3139409,67,7,1,4,2
45058,2023,5,12,6,3,386,269,4308300,16,12,1,2,2
45058,2023,5,12,6,3,369,146,4113700,16,2,1,2,2
45058,2023,5,12,6,3,116,3,2304400,78,9,1,2,2
45058,2023,5,12,6,3,116,122,4106902,67,12,0,4,2
45058,2023,5,12,6,3,104,"143,7",2512507,1,11,0,2,2
45058,2023,5,12,6,3,101,67,3301009,82,2,1,2,2
45058,2023,5,12,6,3,316,5,2211001,67,12,1,2,2
45058,2023,5,12,6,3,101,209,4216602,28,18,1,1,1
45058,2023,5,12,6,3,163,590,5106224,16,12,0,2,2
45058,2023,5,12,6,3,230,"72,5",2515971,2,11,0,4,3
45058,2023,5,12,6,3,369,"150,5",4113700,67,15,1,3,3
45058,2023,5,12,6,3,40,546,3144805,78,9,0,4,2
45058,2023,5,12,6,3,381,"588,8",3114501,11,11,1,4,2
45058,2023,5,12,6,3,267,217,5006002,9,1,0,4,1
45058,2023,5,12,6,3,116,"701,2",3143906,52,9,1,2,2
45058,2023,5,12,6,4,101,322,3303302,16,12,1,4,4
45058,2023,5,12,6,4,40,"0,7",5300108,79,2,1,2,2
45058,2023,5,12,6,3,40,59,3303906,83,4,0,3,3
45058,2023,5,12,6,4,116,"143,6",3549904,11,15,1,4,4
45058,2023,5,12,6,3,277,78,4125506,1,9,1,2,2
45058,2023,5,12,6,3,232,5,2611606,1,9,1,1,1
45058,2023,5,12,6,4,116,181,3303500,52,9,0,2,2
45058,2023,5,12,6,4,101,269,3304300,11,12,1,3,3
45058,2023,5,12,6,3,116,61,2603009,9,1,0,2,1
45058,2023,5,12,6,4,153,504,5208707,83,12,1,3,2
45058,2023,5,12,6,3,116,182,3303500,78,9,1,3,2
45058,2023,5,12,6,3,316,79,2707206,46,2,1,2,2
45058,2023,5,12,6,3,153,"65,1",4207809,2,11,1,2,2
45058,2023,5,12,6,4,70,42,5205513,11,4,1,1,1
45058,2023,5,12,6,4,470,"51,6",4202404,80,7,1,3,2
45058,2023,5,12,6,4,40,0,5300108,16,12,1,3,2
45058,2023,5,12,6,4,470,6,4211306,67,21,1,1,1
45058,2023,5,12,6,4,392,"5,1",4315602,16,12,0,2,2
45045,2023,4,29,7,2,277,54,4125506,4,15,0,8,3
45058,2023,5,12,6,4,470,"85,9",4215109,1,9,0,3,2
45058,2023,5,12,6,3,364,343,1100122,67,2,1,2,2
45058,2023,5,12,6,4,282,249,4216800,28,18,0,1,1
45058,2023,5,12,6,4,101,"299,5",3304904,11,9,0,4,2
45058,2023,5,12,6,4,101,295,3301900,28,3,1,2,2
45058,2023,5,12,6,4,386,"35,2",4308508,52,9,0,3,2
45058,2023,5,12,6,4,116,"570,3",3139409,48,7,0,4,2
45058,2023,5,12,6,4,386,"129,2",4126256,11,20,1,1,1
45058,2023,5,12,6,4,280,"46,8",4206504,57,21,0,1,1
45059,2023,5,13,7,1,101,"258,2",3205002,67,4,1,1,1
45058,2023,5,12,6,4,70,"697,3",5102504,28,18,0,1,1
45058,2023,5,12,6,4,392,"38,5",4315602,9,1,0,1,1
45058,2023,5,12,6,4,316,253,2511509,20,7,0,1,1
45059,2023,5,13,7,1,116,"147,5",3549904,11,20,0,2,2
45059,2023,5,13,7,1,116,148,3301702,49,4,1,1,1
45059,2023,5,13,7,1,60,"468,7",5211909,67,20,0,2,1
45059,2023,5,13,7,1,364,27,5216304,50,20,0,1,1
45059,2023,5,13,7,1,116,218,3518800,83,12,0,2,2
45059,2023,5,13,7,1,116,101,3538006,11,20,0,1,1
45059,2023,5,13,7,1,277,"99,7",4106902,60,2,0,2,2
45059,2023,5,13,7,1,376,"4,9",4114203,83,21,1,1,1
45059,2023,5,13,7,1,60,55,5006275,9,20,0,3,1
45059,2023,5,13,7,1,50,"107,2",5206206,83,20,0,2,1
45059,2023,5,13,7,1,163,854,5107909,49,4,1,1,1
45059,2023,5,13,7,1,364,"249,5",5105200,67,20,0,1,1
45059,2023,5,13,7,1,101,319,3303302,16,9,1,3,2
45059,2023,5,13,7,1,101,"181,3",2608206,35,2,0,2,2
45059,2023,5,13,7,1,153,520,2305209,18,12,0,4,2
45059,2023,5,13,7,1,386,"349,7",4307807,11,12,0,3,2
45059,2023,5,13,7,1,101,223,4211900,83,4,0,1,1
45058,2023,5,12,6,4,60,"30,9",5200308,33,11,1,3,2
45047,2023,5,1,2,3,101,291,3301900,11,12,1,5,3
45059,2023,5,13,7,2,408,87,2613701,67,20,0,1,1
45059,2023,5,13,7,2,101,"212,9",4211900,16,12,1,3,2
45058,2023,5,12,6,2,262,"480,2",5000708,11,12,0,2,2
45059,2023,5,13,7,1,163,"256,7",5003702,67,4,0,1,1
45059,2023,5,13,7,2,369,143,4113700,67,4,1,1,1
45059,2023,5,13,7,1,116,113,4106902,67,20,1,1,1
45059,2023,5,13,7,2,277,267,4120606,83,20,0,1,1
45059,2023,5,13,7,2,316,251,2511509,1,11,1,5,2
45059,2023,5,13,7,2,101,139,3203205,33,11,1,2,2
45059,2023,5,13,7,2,116,413,3127701,16,12,1,2,2
45058,2023,5,12,6,4,365,757,3134202,67,21,0,2,1
45059,2023,5,13,7,2,232,11,2607901,12,7,1,3,2
45059,2023,5,13,7,2,70,9,5300108,1,12,1,4,2
45059,2023,5,13,7,2,40,509,3154606,52,9,1,2,2
45059,2023,5,13,7,2,101,495,3300100,80,7,0,2,2
45059,2023,5,13,7,2,262,"327,9",2401305,67,21,1,1,1
45059,2023,5,13,7,2,101,"212,4",4211900,78,9,1,2,2
45059,2023,5,13,7,2,262,"36,4",3139409,33,11,0,2,2
45059,2023,5,13,7,2,324,521,2910800,2,11,0,1,1
45059,2023,5,13,7,2,104,145,2512507,1,11,0,3,3
45059,2023,5,13,7,2,304,47,2301109,9,1,1,1,1
45059,2023,5,13,7,2,280,125,4215000,67,12,0,4,2
45059,2023,5,13,7,2,116,"245,9",4318705,16,12,1,2,2
45058,2023,5,12,6,4,222,518,2102325,83,11,1,3,2
45059,2023,5,13,7,2,364,236,1100049,67,12,1,3,2
45059,2023,5,13,7,2,230,"4,9",2503209,52,12,1,2,2
45059,2023,5,13,7,2,381,"500,4",3106705,13,21,1,2,1
45059,2023,5,13,7,2,40,5,5221858,52,12,1,2,2
45059,2023,5,13,7,2,277,"139,8",4102307,2,10,0,4,2
45059,2023,5,13,7,2,232,408,2613909,13,20,1,1,1
45059,2023,5,13,7,2,116,289,3300407,67,4,0,1,1
45059,2023,5,13,7,2,101,"85,3",2312403,52,11,0,2,2
45058,2023,5,12,6,2,163,840,5107909,1,2,1,2,2
45059,2023,5,13,7,2,210,4,1600303,35,2,0,2,2
45059,2023,5,13,7,2,402,283,2306405,16,12,0,2,2
45059,2023,5,13,7,2,104,75,2707701,28,4,0,1,1
45059,2023,5,13,7,2,242,838,2903201,67,20,0,5,1
45059,2023,5,13,7,2,163,"383,1",5006002,18,20,0,2,1
45059,2023,5,13,7,2,101,328,3304557,78,9,0,2,2
45059,2023,5,13,7,2,40,109,3301702,28,18,0,1,1
45059,2023,5,13,7,2,40,"771,9",3136702,21,20,0,1,1
45059,2023,5,13,7,2,10,248,2105302,16,21,1,4,3
45059,2023,5,13,7,2,116,123,4106902,52,9,1,2,2
45059,2023,5,13,7,2,381,542,3133709,67,21,0,1,1
45059,2023,5,13,7,2,376,"170,3",4115200,83,4,1,3,1
45047,2023,5,1,2,4,116,426,2910800,49,10,1,2,2
45059,2023,5,13,7,2,116,176,3305109,11,12,0,3,2
45047,2023,5,1,2,2,116,"28,5",2301000,64,4,1,1,1
45059,2023,5,13,7,2,381,"921,6",3110509,83,9,0,3,2
45059,2023,5,13,7,2,101,"188,7",2610004,1,11,1,3,2
45059,2023,5,13,7,2,369,497,4106308,11,20,0,1,1
45059,2023,5,13,7,2,158,"107,9",4204707,82,7,0,3,2
45059,2023,5,13,7,3,272,548,3554409,11,20,0,4,1
45011,2023,3,26,1,3,116,275,3515004,82,12,1,6,2
45059,2023,5,13,7,2,277,175,4117701,67,20,0,1,1
45059,2023,5,13,7,3,40,"492,2",3124104,67,21,0,2,1
45059,2023,5,13,7,3,101,"194,6",4202305,49,12,1,2,2
45059,2023,5,13,7,3,262,"16,5",2112803,80,7,1,3,2
45059,2023,5,13,7,3,163,344,3517406,49,20,1,1,1
45059,2023,5,13,7,3,116,82,3305802,65,12,1,2,2
45059,2023,5,13,7,3,376,"4,5",4114203,1,11,0,2,2
45059,2023,5,13,7,3,20,"11,4",5300108,11,12,1,3,3
45059,2023,5,13,7,3,280,"124,9",4215000,35,2,1,2,2
45059,2023,5,13,7,3,104,"42,7",2701100,20,11,0,2,2
45059,2023,5,13,7,3,101,"202,7",4216602,67,12,1,3,2
45059,2023,5,13,7,3,392,"99,4",4314407,11,21,0,2,1
45059,2023,5,13,7,3,40,"281,2",3169356,83,20,0,1,1
45059,2023,5,13,7,3,20,5,5300108,52,12,1,2,2
45059,2023,5,13,7,3,470,"57,7",4202404,50,12,1,5,3
45059,2023,5,13,7,3,163,"503,4",5004908,9,20,0,2,1
45059,2023,5,13,7,3,282,6,4216602,11,4,1,2,1
45059,2023,5,13,7,3,381,"6,5",3106705,52,9,1,3,2
45059,2023,5,13,7,3,277,602,2303501,83,20,0,2,2
45059,2023,5,13,7,3,282,"4,6",4205407,67,12,1,2,2
45059,2023,5,13,7,3,381,429,3110004,11,3,0,2,1
45059,2023,5,13,7,3,40,53,3303906,18,4,0,2,1
45059,2023,5,13,7,3,70,"84,3",4108502,28,20,0,2,1
45059,2023,5,13,7,3,386,"361,9",4302402,1,11,0,2,2
45059,2023,5,13,7,3,101,"208,8",4216602,52,9,1,3,3
45059,2023,5,13,7,3,116,"2,1",4210100,80,11,1,3,2
45059,2023,5,13,7,3,232,7,2611606,29,21,1,2,1
45059,2023,5,13,7,3,262,39,3201902,1,11,0,2,2
45059,2023,5,13,7,3,230,160,2504009,49,7,1,3,2
45059,2023,5,13,7,3,101,185,4202305,1,7,1,2,2
45059,2023,5,13,7,3,101,100,4212809,61,2,1,2,2
45059,2023,5,13,7,3,116,219,3518800,11,4,0,1,1
45059,2023,5,13,7,3,280,74,4208906,80,7,0,2,2
45059,2023,5,13,7,3,60,92,5201108,1,11,1,2,2
45059,2023,5,13,7,3,101,302,3301900,28,21,0,2,1
45059,2023,5,13,7,3,232,"8,5",2611606,46,2,1,2,2
45059,2023,5,13,7,4,101,312,3205200,61,2,0,3,2
45059,2023,5,13,7,4,101,125,4208203,18,20,1,1,1
45059,2023,5,13,7,4,324,608,2930709,84,12,0,2,2
45059,2023,5,13,7,3,230,152,2504009,1,9,1,2,2
45059,2023,5,13,7,3,376,40,5008404,11,12,0,3,2
45059,2023,5,13,7,3,376,179,4115200,67,4,1,1,1
45059,2023,5,13,7,4,290,"37,3",4317608,49,12,0,4,2
45059,2023,5,13,7,3,116,"16,8",2933307,33,11,1,2,2
45059,2023,5,13,7,4,418,85,2923001,16,12,1,3,3
45059,2023,5,13,7,4,330,851,2903102,60,2,0,2,2
45059,2023,5,13,7,4,116,230,3550308,52,15,1,6,3
45059,2023,5,13,7,4,285,"332,1",4304705,16,12,0,7,3
45059,2023,5,13,7,4,282,"32,6",4215703,48,2,0,3,2
45059,2023,5,13,7,4,116,"485,8",4322327,11,20,1,1,1
45059,2023,5,13,7,3,116,"274,3",3515004,78,21,1,2,2
45059,2023,5,13,7,3,381,"939,2",3125101,83,20,1,4,2
45059,2023,5,13,7,3,316,"243,2",2204709,60,2,1,3,2
45059,2023,5,13,7,4,277,"581,2",2303501,60,2,1,3,2
45059,2023,5,13,7,4,40,555,3144805,11,12,0,2,2
45059,2023,5,13,7,4,386,"153,9",4300471,83,20,0,5,1
45059,2023,5,13,7,4,158,142,4305702,67,12,0,2,2
45059,2023,5,13,7,4,277,725,4108304,9,1,1,4,1
45059,2023,5,13,7,4,262,78,3201902,83,3,0,2,1
45059,2023,5,13,7,3,262,356,2401305,11,4,0,2,2
45059,2023,5,13,7,4,392,"17,9",4315602,1,12,1,4,3
45059,2023,5,13,7,3,365,760,3134202,49,20,0,1,1
45059,2023,5,13,7,3,369,"161,6",4103701,11,12,1,5,3
45059,2023,5,13,7,4,101,4,2606200,28,18,0,1,1
45059,2023,5,13,7,4,242,814,2903201,67,3,0,2,1
45059,2023,5,13,7,3,101,"397,5",4210407,67,12,0,2,2
45059,2023,5,13,7,4,60,"96,8",5201108,1,11,1,2,2
45059,2023,5,13,7,4,262,239,5007109,33,11,1,4,2
45059,2023,5,13,7,4,262,244,5007109,11,20,0,1,1
45059,2023,5,13,7,3,158,"596,7",3100609,11,20,0,2,1
45059,2023,5,13,7,4,280,56,4206504,72,11,1,5,2
45059,2023,5,13,7,4,376,645,4127601,1,11,1,2,2
45059,2023,5,13,7,4,116,"266,7",4304606,11,12,1,2,2
45059,2023,5,13,7,4,230,"393,6",2101400,52,7,0,6,2
45059,2023,5,13,7,4,116,474,3524600,51,12,0,5,2
45059,2023,5,13,7,4,262,423,3130200,52,9,0,3,2
45059,2023,5,13,7,4,116,"512,5",3170057,20,11,0,2,2
45059,2023,5,13,7,4,471,"157,8",4315701,16,12,0,6,2
45059,2023,5,13,7,4,40,105,3301702,2,11,1,3,2
45059,2023,5,13,7,4,101,152,3203205,83,12,0,5,3
45059,2023,5,13,7,4,262,21,2112803,80,7,0,2,2
45059,2023,5,13,7,3,230,36,2101509,20,12,0,2,2
45059,2023,5,13,7,4,116,"90,1",3538006,9,1,1,1,1
45059,2023,5,13,7,4,163,63,5107602,2,20,0,1,1
45059,2023,5,13,7,4,386,"370,5",4308078,49,20,0,1,1
45059,2023,5,13,7,4,10,268,2105302,29,21,0,2,2
45059,2023,5,13,7,4,101,289,4207304,9,1,1,1,1
45059,2023,5,13,7,4,116,9,4104006,16,12,1,5,2
45059,2023,5,13,7,4,280,"167,2",4210100,11,4,1,1,1
45059,2023,5,13,7,4,364,715,1100205,11,4,1,1,1
45059,2023,5,13,7,4,40,111,3301702,67,4,0,2,1
45059,2023,5,13,7,4,251,"0,5",5300108,83,3,0,1,1
45059,2023,5,13,7,4,476,110,4105805,82,10,0,3,2
45060,2023,5,14,1,1,40,520,3118601,11,20,0,1,1
45060,2023,5,14,1,1,116,499,2513802,18,7,0,8,4
45060,2023,5,14,1,1,101,320,3303302,11,4,1,2,1
45060,2023,5,14,1,1,50,"264,7",5205109,11,20,0,1,1
45060,2023,5,14,1,1,101,44,2803302,18,20,0,1,1
45060,2023,5,14,1,1,304,298,2407104,11,12,0,3,2
45060,2023,5,14,1,1,230,"137,8",2509206,49,20,0,1,1
45059,2023,5,13,7,4,343,110,2202703,36,12,0,2,2
45060,2023,5,14,1,1,476,97,4103107,11,21,0,1,1
45060,2023,5,14,1,1,282,19,4211900,11,4,0,1,1
45059,2023,5,13,7,4,104,"1,4",2510105,80,7,0,2,2
45060,2023,5,14,1,1,376,"178,3",4115200,49,11,1,3,2
45060,2023,5,14,1,1,116,"160,2",4305108,67,7,1,2,2
45060,2023,5,14,1,1,163,249,3169109,49,20,0,4,1
45060,2023,5,14,1,1,104,"67,2",2604106,49,12,1,2,2
45060,2023,5,14,1,1,280,240,4203808,83,3,0,1,1
45060,2023,5,14,1,1,116,242,4318705,11,4,1,2,1
45060,2023,5,14,1,1,280,118,4215802,80,11,0,4,2
45060,2023,5,14,1,1,448,21,4314902,49,4,1,2,1
45060,2023,5,14,1,1,20,11,5300108,66,9,1,4,2
45060,2023,5,14,1,1,60,"9,1",5300108,9,1,0,2,2
45060,2023,5,14,1,1,101,239,3305604,9,1,0,9,2
45060,2023,5,14,1,1,116,"286,7",3168606,49,7,1,3,2
45060,2023,5,14,1,1,376,589,4106902,11,12,0,3,2
45060,2023,5,14,1,1,20,22,5300108,83,20,1,2,1
45060,2023,5,14,1,1,70,9,5300108,52,9,1,2,2
45060,2023,5,14,1,1,407,120,2611101,16,12,0,3,3
45060,2023,5,14,1,2,101,"181,6",4202305,18,4,1,1,1
45060,2023,5,14,1,2,116,14,2304400,1,9,0,2,2
45060,2023,5,14,1,2,116,179,3300456,11,20,0,1,1
45060,2023,5,14,1,1,304,266,2412708,18,7,0,1,1
45059,2023,5,13,7,4,324,371,2929370,46,12,0,2,2
45060,2023,5,14,1,2,471,"162,3",4315701,80,7,0,4,2
45060,2023,5,14,1,1,174,462,1400100,52,18,0,2,1
45060,2023,5,14,1,2,324,571,2929503,83,20,0,6,2
45060,2023,5,14,1,2,470,"327,8",2516805,83,20,0,1,1
45059,2023,5,13,7,4,381,"575,2",3132206,83,20,0,1,1
45060,2023,5,14,1,2,369,138,4109807,33,11,1,2,2
45060,2023,5,14,1,2,116,181,3141702,82,12,1,2,2
45060,2023,5,14,1,1,282,"125,1",4202602,67,20,0,1,1
45060,2023,5,14,1,1,282,"126,2",4202602,60,2,0,2,2
45060,2023,5,14,1,2,401,"54,6",1400159,60,2,0,2,2
45060,2023,5,14,1,2,153,11,3103751,11,20,0,5,1
45060,2023,5,14,1,2,493,70,3303500,67,20,0,2,1
45060,2023,5,14,1,2,277,"584,1",2303501,80,7,1,3,3
45060,2023,5,14,1,2,101,207,4216602,52,9,1,2,2
45060,2023,5,14,1,2,381,"485,5",3106705,67,12,1,3,2
45060,2023,5,14,1,2,393,"244,7",3306206,83,20,0,1,1
45060,2023,5,14,1,2,493,77,3301702,67,20,0,2,1
45060,2023,5,14,1,2,210,23,1600303,11,21,0,2,1
45060,2023,5,14,1,2,163,836,5107909,11,9,0,2,2
45060,2023,5,14,1,2,116,242,4318705,67,12,1,4,2
45060,2023,5,14,1,2,101,"86,6",2507507,16,15,1,3,3
45060,2023,5,14,1,2,414,434,5201108,16,12,0,2,2
45060,2023,5,14,1,2,230,"316,3",2514909,80,7,0,2,2
45060,2023,5,14,1,2,277,84,4106902,67,4,0,2,1
45060,2023,5,14,1,2,282,417,4105003,20,12,0,5,2
45060,2023,5,14,1,2,101,"85,5",2501807,61,2,1,2,2
45048,2023,5,2,3,2,463,2,5003702,11,12,1,2,2
45060,2023,5,14,1,2,230,"507,6",2503704,1,11,1,3,2
45060,2023,5,14,1,2,369,"86,5",4106407,13,20,0,2,1
45060,2023,5,14,1,2,135,"32,8",2111300,13,20,0,5,2
45060,2023,5,14,1,2,232,129,2604106,15,20,1,1,1
45060,2023,5,14,1,2,101,"130,5",4202008,20,11,1,2,2
45060,2023,5,14,1,2,116,121,4106902,78,9,1,3,3
45060,2023,5,14,1,2,381,"452,8",3156700,16,12,1,3,2
45060,2023,5,14,1,2,262,479,3107406,33,11,0,2,2
45060,2023,5,14,1,3,381,519,3130101,11,12,0,3,2
45060,2023,5,14,1,2,116,4,4120804,67,20,0,2,1
45060,2023,5,14,1,2,290,26,4317608,67,20,0,1,1
45060,2023,5,14,1,3,277,"436,2",4128658,49,3,0,1,1
45060,2023,5,14,1,2,116,"225,4",3518800,11,12,1,3,2
45060,2023,5,14,1,3,381,45,3504107,67,4,0,1,1
45060,2023,5,14,1,2,470,63,4207502,83,12,1,2,2
45060,2023,5,14,1,3,470,89,4201703,72,11,0,2,2
45060,2023,5,14,1,2,290,"285,1",4303004,9,1,0,2,1
45060,2023,5,14,1,3,101,394,3304557,52,20,1,1,1
45060,2023,5,14,1,3,101,18,2801603,15,3,0,5,1
45060,2023,5,14,1,3,116,"24,5",2933307,1,10,1,3,2
45060,2023,5,14,1,3,101,223,4211900,83,12,0,3,3
45060,2023,5,14,1,3,230,106,2509404,18,20,0,1,1
45060,2023,5,14,1,3,304,33,2408003,67,4,1,1,1
45060,2023,5,14,1,3,459,"7,7",3117900,82,10,0,5,3
45060,2023,5,14,1,3,101,"224,2",3202504,11,15,0,4,4
45060,2023,5,14,1,3,381,86,3518800,11,4,0,2,2
45060,2023,5,14,1,3,116,"15,1",2933307,49,12,0,3,2
45060,2023,5,14,1,3,282,"259,3",4216800,67,4,0,6,2
45060,2023,5,14,1,3,376,"244,5",4101408,11,3,0,4,1
45060,2023,5,14,1,3,116,108,3554102,52,9,0,3,2
45060,2023,5,14,1,3,116,443,3542602,28,21,0,1,1
45060,2023,5,14,1,3,101,324,3303302,67,12,0,2,2
45060,2023,5,14,1,2,381,174,3127701,67,9,0,3,2
45060,2023,5,14,1,3,101,"334,2",4218707,11,12,1,4,2
45060,2023,5,14,1,3,277,729,4108304,67,4,1,1,1
45060,2023,5,14,1,3,290,113,4306767,67,9,0,4,2
45060,2023,5,14,1,3,230,124,2512754,64,20,0,4,1
45060,2023,5,14,1,3,230,"12,7",2503209,61,2,1,2,2
45060,2023,5,14,1,3,116,237,4313409,49,9,1,2,2
45060,2023,5,14,1,3,470,239,4304804,20,11,1,2,2
45060,2023,5,14,1,3,428,189,2611101,17,11,1,2,2
45060,2023,5,14,1,3,101,"88,9",2507507,16,12,1,3,2
45060,2023,5,14,1,3,465,16,3303500,83,20,1,1,1
45060,2023,5,14,1,3,470,251,4319356,1,11,0,3,2
45060,2023,5,14,1,3,116,117,3302502,67,21,0,1,1
45060,2023,5,14,1,3,343,"14,1",2207702,48,2,1,2,2
45060,2023,5,14,1,3,116,105,4125506,16,15,1,10,3
45060,2023,5,14,1,3,116,46,2309607,16,15,0,3,3
45060,2023,5,14,1,3,365,"451,7",3128907,51,3,0,2,1
45060,2023,5,14,1,3,356,"163,2",3305000,49,20,0,1,1
45060,2023,5,14,1,3,116,"609,2",3162559,83,4,0,1,1
45056,2023,5,10,4,2,429,201,1101500,67,11,1,2,2
45060,2023,5,14,1,3,40,"714,8",3105608,11,12,0,3,2
45060,2023,5,14,1,3,40,509,3154606,16,12,1,2,2
45060,2023,5,14,1,3,110,221,2611002,83,11,0,6,2
45060,2023,5,14,1,3,158,328,2409332,83,12,1,10,4
45060,2023,5,14,1,3,407,107,2611101,80,11,0,2,2
45060,2023,5,14,1,2,316,"424,2",2108454,80,11,1,2,2
45060,2023,5,14,1,3,235,29,2401107,82,9,0,1,1
45060,2023,5,14,1,3,101,136,3300936,18,4,0,2,1
45060,2023,5,14,1,3,116,"448,9",4318804,49,20,0,1,1
45060,2023,5,14,1,3,280,"67,6",4208906,16,12,0,2,2
45060,2023,5,14,1,3,316,264,2708907,16,12,0,3,2
45060,2023,5,14,1,3,343,347,2211001,16,12,1,3,2
45060,2023,5,14,1,4,116,208,3518800,52,9,0,2,2
45060,2023,5,14,1,3,277,"594,8",2303501,83,10,1,3,3
45060,2023,5,14,1,4,30,370,2904605,67,12,0,3,2
45060,2023,5,14,1,4,153,"65,1",3549805,67,12,0,3,2
45060,2023,5,14,1,4,101,"90,5",3203056,1,11,1,3,2
45060,2023,5,14,1,3,277,61,4125506,33,11,0,2,2
45060,2023,5,14,1,4,101,216,4211900,16,12,1,2,2
45060,2023,5,14,1,3,415,25,2913606,21,3,0,1,1
45060,2023,5,14,1,4,343,343,2211001,11,4,1,1,1
45060,2023,5,14,1,3,262,"439,3",3145208,67,21,0,1,1
45060,2023,5,14,1,4,40,"430,1",3147402,1,1,0,5,2
45060,2023,5,14,1,4,116,"650,6",3125952,33,12,1,2,2
45060,2023,5,14,1,3,163,"76,3",2925006,67,20,0,6,1
45060,2023,5,14,1,4,116,"213,5",3305554,11,12,0,7,2
45060,2023,5,14,1,4,470,229,4304804,67,4,1,5,1
45024,2023,4,8,7,4,476,120,4105805,52,10,1,2,2
45060,2023,5,14,1,4,316,561,2103000,11,12,0,3,2
45060,2023,5,14,1,3,364,"339,7",1100122,17,11,1,4,2
45060,2023,5,14,1,3,116,671,2918001,44,21,0,1,1
45060,2023,5,14,1,4,282,"4,5",4216602,83,4,1,2,2
45060,2023,5,14,1,3,50,"195,2",3121258,11,4,0,1,1
45060,2023,5,14,1,4,381,539,3133709,82,4,1,3,2
45060,2023,5,14,1,4,470,330,2516805,67,10,0,2,2
45060,2023,5,14,1,4,116,1,2304400,49,12,1,2,2
45060,2023,5,14,1,4,40,"305,7",3169356,67,20,0,2,1
45060,2023,5,14,1,3,407,"71,1",2917706,49,20,0,2,1
45060,2023,5,14,1,4,116,"816,8",2933307,1,11,0,4,2
45060,2023,5,14,1,3,364,18,1100304,16,12,0,2,2
45060,2023,5,14,1,4,116,208,3518800,67,15,1,10,3
45060,2023,5,14,1,4,163,433,2401305,11,20,0,1,1
45060,2023,5,14,1,4,40,42,3147006,50,7,1,2,2
45060,2023,5,14,1,3,101,"103,6",4212809,67,12,0,7,3
45060,2023,5,14,1,4,343,248,2202208,11,2,0,2,2
45060,2023,5,14,1,4,116,265,3306305,1,12,0,3,2
45060,2023,5,14,1,3,116,"67,9",3531605,82,7,0,5,3
45060,2023,5,14,1,4,116,653,4311007,67,4,0,1,1
45060,2023,5,14,1,4,101,"433,6",3200706,83,21,0,1,1
45060,2023,5,14,1,4,101,141,3203205,11,12,1,3,2
45060,2023,5,14,1,4,365,"756,3",3134202,83,20,0,1,1
45060,2023,5,14,1,4,364,"564,5",5105903,18,20,0,2,1
45060,2023,5,14,1,4,369,90,4106407,11,21,1,1,1
45060,2023,5,14,1,4,316,107,1506609,80,7,1,4,2
45060,2023,5,14,1,4,70,18,5300108,49,12,0,2,2
45060,2023,5,14,1,4,101,"275,4",4207304,67,3,0,2,1
45060,2023,5,14,1,4,364,362,5107800,11,20,0,2,1
45061,2023,5,15,2,1,104,34,2709301,49,7,1,2,2
45061,2023,5,15,2,1,376,"350,5",4101408,67,21,0,1,1