id_data,ano,mes,dia,id_dia_semana,periodo,br,km,id_municipio,id_causa_acidente,id_tipo_acidente,id_uso_solo,pessoas,veiculos
45061,2023,5,15,2,1,356,"271,5",3143906,13,3,0,4,1
45060,2023,5,14,1,4,222,220,1501576,83,2,0,2,2
45061,2023,5,15,2,1,40,"514,8",3154606,11,20,0,2,1
45060,2023,5,14,1,4,174,"223,1",1400472,49,21,0,2,1
45061,2023,5,15,2,1,365,625,3170206,49,12,1,3,2
45061,2023,5,15,2,1,116,188,3303500,67,3,0,4,1
45061,2023,5,15,2,1,101,457,4216404,48,9,0,2,2
45061,2023,5,15,2,1,465,5,3305554,1,11,1,3,2
45060,2023,5,14,1,4,70,518,2211407,1,11,0,3,2
45061,2023,5,15,2,1,116,139,3302502,11,4,0,1,1
45061,2023,5,15,2,1,40,"464,3",3167202,67,20,0,5,1
45061,2023,5,15,2,1,116,234,4313409,49,12,1,2,2
45060,2023,5,14,1,4,428,180,2611101,80,7,0,2,2
45060,2023,5,14,1,4,40,817,3167509,67,20,0,2,1
45060,2023,5,14,1,3,262,786,3170107,11,20,0,5,1
45061,2023,5,15,2,1,163,501,5004908,49,20,0,1,1
45061,2023,5,15,2,2,40,615,3118007,78,9,0,2,2
45061,2023,5,15,2,2,369,"449,8",4128005,1,11,0,8,2
45061,2023,5,15,2,2,381,442,3156700,18,12,0,2,2
45060,2023,5,14,1,3,470,62,4207502,1,11,1,3,2
45061,2023,5,15,2,2,20,66,5208004,82,7,0,3,2
45060,2023,5,14,1,4,60,442,5211909,67,20,0,5,1
45060,2023,5,14,1,4,364,13,1100304,80,11,1,2,2
45061,2023,5,15,2,2,153,111,3525706,11,3,0,1,1
45061,2023,5,15,2,2,153,465,4120309,49,20,0,1,1
45061,2023,5,15,2,2,101,70,2611606,16,12,0,2,2
45060,2023,5,14,1,4,364,535,5107701,67,20,0,4,1
45061,2023,5,15,2,2,116,"243,6",4318705,67,9,1,3,2
45061,2023,5,15,2,2,153,578,5218391,18,20,0,3,1
45061,2023,5,15,2,2,285,"129,8",4322509,16,12,0,3,2
45061,2023,5,15,2,2,381,"39,8",3504107,67,15,1,9,4
45061,2023,5,15,2,2,40,117,3301702,28,12,1,3,2
45061,2023,5,15,2,2,174,15,1100304,11,21,0,1,1
45061,2023,5,15,2,2,376,589,4106902,28,12,0,2,2
45061,2023,5,15,2,2,116,423,2910800,51,21,1,1,1
45061,2023,5,15,2,2,101,32,4321667,80,7,1,3,2
45061,2023,5,15,2,2,116,"219,8",3550308,78,9,1,2,2
45058,2023,5,12,6,3,343,"3,6",2211001,16,9,1,2,2
45061,2023,5,15,2,2,376,600,4106902,83,20,0,1,1
45061,2023,5,15,2,2,101,331,4218707,13,21,0,2,1
45061,2023,5,15,2,2,101,341,4218707,11,12,1,2,2
45034,2023,4,18,3,3,101,269,3205002,67,20,1,3,1
45061,2023,5,15,2,2,324,"610,1",2930709,52,21,0,1,1
45061,2023,5,15,2,2,324,533,2908507,4,21,0,1,1
45061,2023,5,15,2,2,50,"179,9",3170107,67,12,1,3,3
45061,2023,5,15,2,2,101,"181,6",4202305,16,12,1,2,2
45061,2023,5,15,2,2,153,"406,8",4303004,1,11,1,2,2
45060,2023,5,14,1,3,470,95,4201257,11,12,0,2,2
45061,2023,5,15,2,2,153,"387,8",4113908,67,20,0,1,1
45009,2023,3,24,6,2,290,"422,8",2929255,11,20,1,1,1
45061,2023,5,15,2,2,116,521,3509254,28,18,0,1,1
45018,2023,4,2,1,1,290,"416,6",2929255,48,20,1,2,1
45061,2023,5,15,2,2,277,"512,5",4109302,67,20,0,2,1
45050,2023,5,4,5,2,290,93,4314902,52,9,1,2,2
45061,2023,5,15,2,2,376,171,5006200,67,21,1,1,1
45061,2023,5,15,2,2,101,"66,4",3204906,33,11,1,4,2
45061,2023,5,15,2,2,116,279,3515004,52,9,0,2,2
45061,2023,5,15,2,3,153,433,5201108,13,21,1,1,1
45061,2023,5,15,2,2,470,"168,9",4323309,1,12,1,2,2
45061,2023,5,15,2,2,60,428,5218805,67,4,0,1,1
45061,2023,5,15,2,2,101,503,2914802,1,11,1,3,2
45061,2023,5,15,2,2,116,82,3305802,1,11,0,2,2
45061,2023,5,15,2,3,376,652,4127601,11,4,0,1,1
45061,2023,5,15,2,2,60,379,2401305,51,15,0,3,3
45061,2023,5,15,2,2,153,"381,1",4303004,9,1,0,1,1
45061,2023,5,15,2,2,70,"733,8",5102504,1,7,1,2,2
45061,2023,5,15,2,3,242,773,2903201,15,20,0,4,1
45061,2023,5,15,2,3,40,"606,9",3118007,67,11,0,3,3
45061,2023,5,15,2,3,285,"332,5",4304705,67,21,0,1,1
45061,2023,5,15,2,3,116,499,2302503,65,12,0,3,2
45057,2023,5,11,5,4,101,254,2928703,67,12,0,1,1
45061,2023,5,15,2,3,381,485,3106705,52,12,1,3,2
45061,2023,5,15,2,3,277,"597,7",2303501,16,12,0,2,2
45061,2023,5,15,2,3,232,"84,3",2606408,67,20,0,2,1
45061,2023,5,15,2,3,101,125,3205010,1,11,1,2,2
45061,2023,5,15,2,3,101,581,2905602,11,20,0,2,1
45061,2023,5,15,2,3,40,"8,8",5212501,1,11,1,2,2
45061,2023,5,15,2,3,101,"270,9",3205002,1,11,1,2,2
45061,2023,5,15,2,3,70,8,5300108,1,11,0,2,2
45061,2023,5,15,2,3,280,"125,2",4215000,80,11,1,6,3
45061,2023,5,15,2,3,174,546,1400100,28,20,0,1,1
45049,2023,5,3,4,3,163,790,5007935,49,21,0,1,1
45061,2023,5,15,2,3,101,66,2611606,52,2,1,3,2
45061,2023,5,15,2,3,116,"26,7",2933307,1,9,0,2,2
45061,2023,5,15,2,3,40,"547,9",3144805,11,21,0,1,1
45061,2023,5,15,2,3,116,6,2304400,11,21,1,2,2
45061,2023,5,15,2,3,101,179,3200607,33,11,0,3,2
45061,2023,5,15,2,3,116,"40,3",4322509,33,11,1,4,2
45061,2023,5,15,2,3,470,34,4205902,34,4,0,1,1
45061,2023,5,15,2,4,101,209,4216602,78,21,1,2,1
45061,2023,5,15,2,3,40,"30,9",3147006,51,20,0,1,1
45061,2023,5,15,2,3,70,7,5300108,52,9,1,2,2
45061,2023,5,15,2,4,381,"820,9",3113602,1,11,0,4,2
45061,2023,5,15,2,3,60,210,5209200,18,20,0,1,1
45061,2023,5,15,2,3,10,"16,4",1502939,35,2,1,2,2
45061,2023,5,15,2,4,381,"449,4",2110005,35,2,0,2,2
45061,2023,5,15,2,4,376,"180,4",4115200,16,12,1,2,2
45061,2023,5,15,2,4,369,148,4113700,62,4,1,2,1
45061,2023,5,15,2,4,101,333,3304557,52,9,0,3,2
45022,2023,4,6,5,2,40,112,3301702,67,4,0,1,1
45061,2023,5,15,2,4,262,"19,3",2112803,16,12,1,2,2
45061,2023,5,15,2,3,158,562,4317103,1,11,1,3,2
45061,2023,5,15,2,3,101,"417,5",4201406,11,12,1,2,2
45061,2023,5,15,2,4,116,"129,4",3508504,67,21,0,2,2
45061,2023,5,15,2,4,364,32,3127107,11,12,0,2,2
45061,2023,5,15,2,4,381,481,3118601,67,21,1,1,1
45061,2023,5,15,2,4,277,718,4124053,14,20,0,2,2
45061,2023,5,15,2,4,277,"107,9",4104204,28,20,0,1,1
45061,2023,5,15,2,4,101,"294,8",3201308,1,7,1,2,2
45061,2023,5,15,2,3,101,"413,2",4201406,11,12,1,2,2
45061,2023,5,15,2,3,418,"47,1",2906907,67,3,1,2,1
45061,2023,5,15,2,4,116,"519,9",3113404,80,7,0,3,3
45061,2023,5,15,2,2,316,85,2708006,28,18,1,1,1
45061,2023,5,15,2,4,20,21,5300108,11,4,1,2,2
45058,2023,5,12,6,3,174,450,5103304,41,20,0,1,1
45061,2023,5,15,2,2,101,309,3304904,11,9,0,2,2
45061,2023,5,15,2,4,101,138,4202008,80,10,1,2,2
45061,2023,5,15,2,4,116,"200,9",3113008,83,3,0,1,1
45061,2023,5,15,2,4,101,530,2904704,83,20,0,1,1
45061,2023,5,15,2,4,101,117,4208203,49,11,0,2,2
45062,2023,5,16,3,1,316,303,2605707,67,9,1,3,3
45057,2023,5,11,5,3,407,127,2611101,82,9,1,2,2
45062,2023,5,16,3,1,40,38,3300225,9,1,0,2,1
45062,2023,5,16,3,1,101,209,4216602,19,4,1,1,1
45062,2023,5,16,3,1,282,501,4219507,49,4,1,1,1
45062,2023,5,16,3,2,101,"88,3",2507507,64,21,1,1,1
45062,2023,5,16,3,2,20,"17,5",5300108,52,9,0,2,2
45061,2023,5,15,2,3,116,230,3550308,83,4,1,2,1
45061,2023,5,15,2,4,116,70,3305802,83,7,1,2,2
45062,2023,5,16,3,2,116,457,2928802,18,20,0,1,1
45062,2023,5,16,3,2,101,94,2408102,52,9,1,3,2
45062,2023,5,16,3,1,70,17,5300108,16,12,0,2,2
45062,2023,5,16,3,2,116,447,3542602,18,21,1,1,1
45062,2023,5,16,3,2,101,206,4216602,11,9,1,2,2
45062,2023,5,16,3,2,364,135,1200401,33,11,1,2,2
45062,2023,5,16,3,2,364,135,1200401,33,11,1,3,2
45062,2023,5,16,3,2,476,"148,2",4101804,67,9,1,3,2
45059,2023,5,13,7,2,116,290,3522208,11,20,0,1,1
45062,2023,5,16,3,2,251,515,3143302,11,9,0,1,1
45062,2023,5,16,3,2,116,"112,6",4106902,52,9,1,1,1
45062,2023,5,16,3,2,116,"277,7",3300407,67,12,0,1,1
45061,2023,5,15,2,4,70,475,5201702,60,2,1,2,2
45062,2023,5,16,3,2,116,282,3515004,82,9,0,2,2
45062,2023,5,16,3,2,369,"160,8",4103701,11,12,1,3,3
45062,2023,5,16,3,2,101,293,3301900,11,9,1,2,2
45062,2023,5,16,3,2,116,7,4120804,35,2,1,3,2
45062,2023,5,16,3,2,101,209,4216602,52,9,1,4,2
45062,2023,5,16,3,2,163,831,5107909,1,12,1,3,2
45062,2023,5,16,3,2,116,3,4125506,78,12,1,2,2
45062,2023,5,16,3,2,316,256,2511509,1,11,0,3,2
45062,2023,5,16,3,2,393,"0,4",3201209,82,11,0,2,2
45062,2023,5,16,3,2,376,3,4101408,67,15,1,4,3
45062,2023,5,16,3,2,10,460,4117602,52,9,0,2,2
44941,2023,1,15,1,4,343,345,2211001,1,11,1,2,2
45010,2023,3,25,7,2,116,"269,7",3552809,67,9,1,2,2
45062,2023,5,16,3,2,116,517,4314407,33,11,1,2,2
45062,2023,5,16,3,2,174,294,5106752,1,11,1,2,2
45062,2023,5,16,3,2,232,81,2606408,67,11,1,2,2
45055,2023,5,9,3,3,468,"62,9",4317806,1,11,0,2,2
45062,2023,5,16,3,3,146,"484,5",3151800,2,7,0,2,2
45062,2023,5,16,3,3,101,269,3205002,52,12,1,4,3
45062,2023,5,16,3,2,364,343,1100122,67,9,1,2,2
45062,2023,5,16,3,2,222,4,2303709,25,11,1,3,2
45062,2023,5,16,3,3,101,202,4216602,52,12,1,2,2
45062,2023,5,16,3,2,101,"269,9",3205002,52,9,1,2,2
45062,2023,5,16,3,2,101,"107,5",2602902,11,20,0,1,1
45062,2023,5,16,3,3,158,329,2409332,11,20,1,2,2
45062,2023,5,16,3,3,116,146,3301702,11,12,1,2,2
45062,2023,5,16,3,2,40,124,3301702,67,21,1,2,1
45062,2023,5,16,3,3,470,"54,4",4202404,52,9,1,2,2
45062,2023,5,16,3,3,369,87,4106407,83,20,0,1,1
45062,2023,5,16,3,3,316,"155,9",2706307,1,11,1,3,3
45055,2023,5,9,3,2,116,116,4106902,67,12,1,2,2
45062,2023,5,16,3,3,381,452,3156700,11,21,1,1,1
45042,2023,4,26,4,4,277,"687,5",4125704,1,11,1,6,2
45023,2023,4,7,6,2,376,"4,3",5003702,1,11,0,3,3
45062,2023,5,16,3,3,230,"139,5",2504009,35,2,0,3,2
45047,2023,5,1,2,3,376,166,4115200,16,12,0,8,3
45062,2023,5,16,3,3,356,186,3305000,11,10,1,2,2
45062,2023,5,16,3,3,116,265,4304606,28,21,1,1,1
45062,2023,5,16,3,3,101,"153,1",3203205,67,12,0,3,2
45062,2023,5,16,3,3,101,"22,5",4321667,1,9,1,2,2
45062,2023,5,16,3,3,40,"327,9",3125705,28,18,0,1,1
45062,2023,5,16,3,3,101,"260,2",3205002,2,7,0,3,3
45062,2023,5,16,3,3,376,"244,2",4101408,28,21,0,1,1
45062,2023,5,16,3,3,153,369,4122008,80,7,0,2,2
45062,2023,5,16,3,3,20,"203,5",2302404,67,4,1,1,1
45062,2023,5,16,3,3,459,"74,9",3165800,11,21,0,1,1
45062,2023,5,16,3,3,381,443,2110005,20,9,0,2,2
45061,2023,5,15,2,3,367,"25,9",2925303,83,1,0,1,1
45062,2023,5,16,3,3,364,"15,2",1100304,1,11,1,3,3
45062,2023,5,16,3,3,60,"386,8",5218805,35,2,1,3,2
45062,2023,5,16,3,3,80,"2,9",5300108,67,2,0,3,2
45062,2023,5,16,3,4,158,300,4310538,1,12,0,5,3
45062,2023,5,16,3,3,376,"161,4",4115200,1,2,1,3,2
45062,2023,5,16,3,4,232,5,2611606,10,2,1,2,2
45062,2023,5,16,3,4,386,"317,3",4312054,35,2,0,2,2
45062,2023,5,16,3,3,262,888,3111408,29,20,0,1,1
45062,2023,5,16,3,3,415,24,2913606,83,20,1,1,1
45062,2023,5,16,3,3,10,"257,8",2105302,16,12,1,4,2
45062,2023,5,16,3,4,101,"14,8",4205803,83,4,0,1,1
45062,2023,5,16,3,3,116,311,3304201,28,21,0,1,1
45062,2023,5,16,3,4,381,"883,3",3124500,49,20,0,1,1
45052,2023,5,6,7,4,407,4,2918407,1,10,1,4,2
45062,2023,5,16,3,4,116,"122,2",4106902,67,15,0,6,3
45062,2023,5,16,3,4,101,"327,5",3202405,48,4,0,1,1
45062,2023,5,16,3,4,316,"258,2",2511509,13,20,0,3,1
45062,2023,5,16,3,3,465,2,3305554,20,9,0,5,3
45062,2023,5,16,3,4,101,54,2510907,11,20,1,1,1
45062,2023,5,16,3,3,364,424,1100114,33,11,1,2,2
45062,2023,5,16,3,4,407,129,2611101,16,9,0,4,2
45062,2023,5,16,3,4,287,"520,3",4318002,9,1,0,1,1
45062,2023,5,16,3,4,101,"482,5",3300100,2,11,0,3,2
45062,2023,5,16,3,4,116,"413,5",3127701,11,12,1,3,2
45062,2023,5,16,3,4,316,310,2208007,9,1,1,2,1
45062,2023,5,16,3,4,135,23,2111300,1,11,1,3,2
45062,2023,5,16,3,4,20,5,5208004,67,4,0,1,1
45062,2023,5,16,3,4,408,80,2610608,15,20,0,1,1
45063,2023,5,17,4,1,101,217,4211900,49,21,0,1,1
45063,2023,5,17,4,1,101,135,4202008,67,4,1,1,1
45063,2023,5,17,4,1,280,"235,6",4203808,9,1,1,1,1
45062,2023,5,16,3,2,135,166,2903201,28,18,1,1,1
45063,2023,5,17,4,1,116,"145,6",3549904,11,9,1,2,2
45063,2023,5,17,4,2,40,4,5300108,11,12,1,3,2
45063,2023,5,17,4,2,293,"4,5",4314407,52,9,1,2,2
45063,2023,5,17,4,1,116,425,2910800,2,11,1,2,2
45063,2023,5,17,4,2,116,"155,8",4305108,67,9,1,2,2
45063,2023,5,17,4,2,116,172,3305109,11,15,1,6,4
45063,2023,5,17,4,2,101,"264,3",3205002,33,11,1,3,3
44998,2023,3,13,2,4,471,"664,6",4317301,83,12,0,3,2
45063,2023,5,17,4,2,153,256,3529005,16,12,1,2,2
45063,2023,5,17,4,2,101,"77,9",2110203,15,4,0,1,1
45063,2023,5,17,4,2,290,92,4314902,11,9,1,3,3
45063,2023,5,17,4,2,343,328,2211001,28,21,0,2,1
45063,2023,5,17,4,2,381,485,3106705,52,9,0,4,3
45063,2023,5,17,4,1,392,"259,4",4302808,49,20,1,2,1
45063,2023,5,17,4,2,304,"296,7",2407104,52,9,1,2,2
45063,2023,5,17,4,2,277,96,4106902,1,11,1,3,3
45063,2023,5,17,4,2,343,"3,9",2211001,11,12,1,2,2
45060,2023,5,14,1,2,40,506,3154606,1,12,1,2,2
45063,2023,5,17,4,2,468,"0,7",4313706,33,11,1,2,2
45063,2023,5,17,4,2,116,146,3301702,53,11,1,3,2
45063,2023,5,17,4,2,406,160,2402600,1,11,1,6,2
45031,2023,4,15,7,3,101,256,3205002,67,9,1,2,2
45055,2023,5,9,3,2,282,"470,9",4213401,16,12,0,3,2
45063,2023,5,17,4,1,364,710,1100205,11,20,1,1,1
44999,2023,3,14,3,4,364,"11,2",1100304,11,11,1,2,2
45063,2023,5,17,4,2,262,"40,2",3139409,33,11,1,2,2
45015,2023,3,30,5,3,376,300,4115754,67,20,0,3,1
45063,2023,5,17,4,2,280,"51,7",4206504,83,20,1,1,1
45063,2023,5,17,4,2,226,"5,1",2408102,67,12,1,2,2
45063,2023,5,17,4,2,376,546,4117701,67,20,0,2,1
45063,2023,5,17,4,2,116,"827,3",2933307,20,11,1,2,2
45063,2023,5,17,4,2,235,"56,5",2506905,67,12,0,2,2
45063,2023,5,17,4,2,101,"716,4",2910727,1,9,1,4,2
45063,2023,5,17,4,2,101,"317,6",4212650,18,20,1,4,1
45063,2023,5,17,4,2,277,1,4108304,44,15,1,4,4
45014,2023,3,29,4,3,104,101,2605004,67,12,0,3,2
45063,2023,5,17,4,2,101,115,2602902,52,9,0,4,2
45004,2023,3,19,1,3,476,"94,6",4103107,11,21,1,1,1
45063,2023,5,17,4,3,393,268,3300308,20,11,0,2,2
45063,2023,5,17,4,2,381,87,3518800,11,2,1,4,4
45063,2023,5,17,4,3,381,"935,6",3125101,12,12,0,2,2
44993,2023,3,8,4,3,290,600,4300406,67,12,0,7,2
45063,2023,5,17,4,3,101,"229,4",3202207,61,2,1,2,2
45031,2023,4,15,7,3,465,14,3305554,11,15,1,3,3
45063,2023,5,17,4,3,364,271,5104807,2,11,0,2,2
45053,2023,5,7,1,1,10,165,1505502,49,11,1,5,2
45063,2023,5,17,4,3,364,231,1100049,13,20,0,2,1
45063,2023,5,17,4,3,277,716,4124053,20,9,0,2,2
45063,2023,5,17,4,3,222,2,2304400,17,11,1,3,3
44999,2023,3,14,3,3,158,"45,8",5006309,67,20,0,2,1
45063,2023,5,17,4,3,262,"365,1",3136652,28,18,1,1,1
45063,2023,5,17,4,3,101,"35,4",4209102,11,20,0,3,3
45063,2023,5,17,4,3,101,51,3555406,1,11,1,3,2
45063,2023,5,17,4,3,386,426,4312401,28,18,0,1,1
45060,2023,5,14,1,1,282,593,4217303,49,20,0,1,1
45063,2023,5,17,4,2,364,"306,8",1100254,44,21,1,1,1
45063,2023,5,17,4,3,381,"497,6",3106705,83,12,1,2,2
45063,2023,5,17,4,3,116,245,4318705,80,7,1,3,2
45063,2023,5,17,4,3,262,"362,5",3136652,35,2,0,3,2
45063,2023,5,17,4,3,376,176,4115200,11,20,0,1,1
45063,2023,5,17,4,3,407,126,2611101,12,11,1,2,2
45063,2023,5,17,4,3,101,"200,1",4216602,52,9,1,2,2
45059,2023,5,13,7,2,381,"921,6",3110509,83,4,0,1,1
45045,2023,4,29,7,1,364,709,1100205,83,4,1,2,2
45063,2023,5,17,4,3,470,47,4202404,16,12,1,3,3
44990,2023,3,5,1,1,116,125,3508504,83,3,0,1,1
45063,2023,5,17,4,3,40,3,5300108,78,9,1,3,3
45063,2023,5,17,4,3,116,153,4114302,1,11,0,3,2
45063,2023,5,17,4,3,40,528,3118601,1,2,1,2,2
45063,2023,5,17,4,3,116,"258,3",4307708,16,12,1,2,2
45063,2023,5,17,4,3,158,281,5008305,52,12,0,4,2
45063,2023,5,17,4,4,259,"30,4",3201506,67,21,0,1,1
45063,2023,5,17,4,3,290,"175,7",4302709,33,11,1,2,2
44995,2023,3,10,6,3,40,12,5212501,48,2,1,3,2
45063,2023,5,17,4,4,135,153,2926202,67,20,0,3,2
45063,2023,5,17,4,4,470,18,4207106,57,12,0,6,2
45063,2023,5,17,4,4,101,294,3201308,11,12,1,3,2
45063,2023,5,17,4,4,60,3,5300108,52,12,1,2,2
45063,2023,5,17,4,4,262,"451,6",3145208,16,9,0,4,3
45013,2023,3,28,3,4,101,57,3301009,80,7,0,4,2
45063,2023,5,17,4,4,230,46,2922508,9,1,0,1,1
45063,2023,5,17,4,4,369,"152,2",4113700,11,4,0,1,1
45063,2023,5,17,4,4,364,711,1100205,49,10,1,2,2
45063,2023,5,17,4,4,163,"7,8",4102604,1,11,1,3,2
45063,2023,5,17,4,4,40,15,5212501,49,20,1,1,1
45063,2023,5,17,4,3,101,"328,7",4203956,67,21,0,1,1
45063,2023,5,17,4,4,40,1,5221858,60,2,1,2,2
45063,2023,5,17,4,4,316,304,2208007,2,11,0,3,2
45063,2023,5,17,4,4,407,430,2208007,67,12,1,4,2
45064,2023,5,18,5,1,116,184,3303500,11,21,0,1,1
45064,2023,5,18,5,1,408,88,2613701,11,3,0,1,1
45064,2023,5,18,5,1,101,129,4202008,9,1,0,1,1
45015,2023,3,30,5,2,277,"4,3",4108304,52,9,1,2,2
45063,2023,5,17,4,4,364,695,1100205,16,12,0,2,1
45064,2023,5,18,5,1,60,98,5201108,1,12,1,6,5
45064,2023,5,18,5,2,101,68,3204906,20,11,0,3,2
45064,2023,5,18,5,2,262,"51,3",3139409,67,9,1,2,2
45064,2023,5,18,5,1,470,1,4211306,80,12,1,2,2
45064,2023,5,18,5,2,290,92,4314902,11,4,1,1,1
45064,2023,5,18,5,2,101,"96,8",2504603,4,21,0,1,1
45064,2023,5,18,5,1,163,953,5104559,67,20,0,2,1
45047,2023,5,1,2,3,104,87,2600302,67,12,1,2,2
45064,2023,5,18,5,2,116,"522,8",4314407,67,12,0,2,2
45064,2023,5,18,5,2,277,75,4125506,61,2,1,2,2
45064,2023,5,18,5,2,116,230,3550308,1,9,1,3,2
45063,2023,5,17,4,4,40,120,3301702,28,4,1,2,1
45064,2023,5,18,5,1,116,178,3303500,16,12,1,2,2
45064,2023,5,18,5,1,101,"318,2",4212650,18,20,1,1,1
45064,2023,5,18,5,2,230,"157,7",2504009,33,11,1,2,2
44942,2023,1,16,2,1,373,331,4109401,80,7,0,16,2
45064,2023,5,18,5,2,230,25,2507507,52,9,1,3,3
45064,2023,5,18,5,2,101,207,4216602,16,12,1,5,4
45064,2023,5,18,5,2,101,"298,2",2112803,67,9,1,2,2
45064,2023,5,18,5,2,153,145,1702109,11,12,1,2,2
45064,2023,5,18,5,2,163,"489,7",2401305,82,20,1,1,1
45039,2023,4,23,1,2,262,162,3202454,16,12,0,3,2
45064,2023,5,18,5,2,235,"49,8",2506905,16,12,1,2,2
45064,2023,5,18,5,2,101,94,2408102,52,9,1,2,2
45064,2023,5,18,5,2,230,36,2110203,64,9,1,2,2
45064,2023,5,18,5,2,101,181,3304524,82,11,0,3,3
45064,2023,5,18,5,2,101,234,3202207,67,20,0,4,1
45064,2023,5,18,5,2,493,18,3302502,1,11,1,2,2
45064,2023,5,18,5,2,101,290,3201308,33,11,1,2,2
45064,2023,5,18,5,2,277,80,4106902,52,9,1,2,2
45064,2023,5,18,5,2,282,"2,6",4205407,16,12,1,2,2
45064,2023,5,18,5,2,381,"493,7",3106705,11,4,0,2,2
45064,2023,5,18,5,2,163,85,3128204,83,20,0,3,3
45064,2023,5,18,5,2,116,185,3303500,52,11,0,2,2
45064,2023,5,18,5,2,101,140,4208302,13,21,0,2,1
45064,2023,5,18,5,2,101,"66,2",3204906,11,12,1,2,2
45064,2023,5,18,5,2,116,284,3522208,67,4,1,2,1
45064,2023,5,18,5,2,381,"524,5",3109006,52,21,0,1,1
45064,2023,5,18,5,2,392,"78,5",4314407,20,11,1,2,2
45064,2023,5,18,5,2,116,"715,6",3143906,18,20,0,1,1
45064,2023,5,18,5,2,116,228,3550308,52,9,1,2,2
45064,2023,5,18,5,2,101,"67,2",2611606,16,12,1,3,2
45064,2023,5,18,5,2,163,698,5105259,67,12,0,2,2
45064,2023,5,18,5,2,116,531,2916856,67,10,0,2,2
45056,2023,5,10,4,2,436,1,5001003,67,12,0,4,2
45064,2023,5,18,5,2,376,"395,8",4110078,67,4,0,1,1
45014,2023,3,29,4,3,277,65,4125506,82,7,0,2,2
45064,2023,5,18,5,3,60,390,5218805,16,11,1,4,2
45064,2023,5,18,5,2,116,806,2933307,2,20,0,1,1
45064,2023,5,18,5,3,448,18,4304606,28,18,1,2,1
45064,2023,5,18,5,2,364,"712,8",1100205,1,11,1,2,2
44974,2023,2,17,6,2,153,578,5218391,83,20,0,1,1
45064,2023,5,18,5,3,116,135,3549904,52,9,0,4,2
45064,2023,5,18,5,3,116,126,4107652,78,9,1,6,2
45064,2023,5,18,5,2,324,358,2906873,83,12,0,3,2
45064,2023,5,18,5,3,153,484,4108502,1,11,0,2,2
45064,2023,5,18,5,3,376,177,4115200,1,9,1,2,2
45064,2023,5,18,5,2,381,"246,9",3158953,51,20,0,1,1
45064,2023,5,18,5,2,60,431,5007901,11,21,0,2,1
45002,2023,3,17,6,1,470,57,4202404,82,7,1,2,2
45064,2023,5,18,5,2,101,"104,7",2511509,5,4,0,2,1
45064,2023,5,18,5,3,10,"259,3",2105302,5,21,1,1,1
45064,2023,5,18,5,3,116,262,4304606,52,9,1,2,2
45064,2023,5,18,5,3,470,"66,9",4207502,11,21,1,1,1
45064,2023,5,18,5,3,101,50,3555406,72,11,1,3,3
45064,2023,5,18,5,3,116,326,3526209,1,7,1,3,2
45064,2023,5,18,5,3,101,"81,4",2408102,67,11,1,2,2
45064,2023,5,18,5,3,163,108,5107602,13,20,0,1,1
45045,2023,4,29,7,4,101,418,4201406,80,7,1,2,2
45064,2023,5,18,5,2,226,"289,6",2101608,15,7,0,4,2
45064,2023,5,18,5,3,116,266,4304606,16,12,0,3,2
45064,2023,5,18,5,3,386,"343,8",1712009,1,11,1,2,2
45064,2023,5,18,5,3,116,128,4107652,33,12,1,2,2
45064,2023,5,18,5,3,158,325,2409332,20,7,1,3,3
45064,2023,5,18,5,3,101,70,4313508,11,20,0,1,1
45064,2023,5,18,5,2,40,"530,8",3106200,1,9,1,2,2
45064,2023,5,18,5,3,101,"147,3",3203205,35,2,1,2,2
45064,2023,5,18,5,3,116,248,4318705,78,11,1,2,2
45064,2023,5,18,5,3,376,"617,9",4125506,82,12,0,2,2
45064,2023,5,18,5,3,381,"490,3",3106705,13,21,1,1,1
45064,2023,5,18,5,3,116,424,3101805,9,1,0,1,1
45064,2023,5,18,5,3,104,53,2604106,25,21,1,1,1
45064,2023,5,18,5,3,101,68,2611606,1,2,1,2,2
45064,2023,5,18,5,3,40,110,3301702,78,9,1,2,2
45064,2023,5,18,5,3,40,"5,2",5300108,78,9,1,2,2
45064,2023,5,18,5,3,101,"196,6",4202305,52,9,1,1,1
45064,2023,5,18,5,3,110,312,2900702,1,11,0,6,2
45064,2023,5,18,5,3,282,"5,5",4216602,67,21,1,1,1
45064,2023,5,18,5,3,262,111,3205069,1,7,1,2,2
45044,2023,4,28,6,2,364,140,1200401,11,4,1,1,1
45064,2023,5,18,5,4,277,"105,5",4104204,11,21,0,4,2
45064,2023,5,18,5,3,407,118,2611101,80,7,0,2,2
45060,2023,5,14,1,3,101,180,4206009,16,12,0,2,2
45064,2023,5,18,5,4,470,"139,3",4214805,82,11,0,2,2
45057,2023,5,11,5,2,386,"341,4",1712009,20,7,1,2,2
45064,2023,5,18,5,4,101,160,3203205,67,4,0,1,1
45064,2023,5,18,5,4,235,54,2506905,17,11,1,3,3
45064,2023,5,18,5,3,262,772,5003207,1,11,1,3,2
45064,2023,5,18,5,4,163,"70,1",4217204,1,11,1,2,2
45064,2023,5,18,5,4,235,"4,2",2804805,60,2,1,2,2
45064,2023,5,18,5,4,40,97,3301702,80,7,1,2,2
45064,2023,5,18,5,4,230,94,1507508,67,10,1,5,3
45064,2023,5,18,5,4,40,547,3144805,44,4,0,1,1
45064,2023,5,18,5,3,356,"278,8",3124906,20,11,0,2,2
45064,2023,5,18,5,4,101,"21,2",3204054,9,1,0,2,1