id_data,ano,mes,dia,id_dia_semana,periodo,br,km,id_municipio,id_causa_acidente,id_tipo_acidente,id_uso_solo,pessoas,veiculos
45064,2023,5,18,5,4,116,"412,5",3127701,11,20,1,2,1
45064,2023,5,18,5,4,470,66,4207502,49,21,1,1,1
45064,2023,5,18,5,4,116,296,3522208,49,12,1,2,2
45064,2023,5,18,5,3,116,196,4314423,11,2,0,2,2
45064,2023,5,18,5,4,232,198,2612406,82,9,0,2,2
45064,2023,5,18,5,4,40,"519,3",3118601,67,2,1,2,2
45064,2023,5,18,5,4,116,"157,5",3524402,60,2,1,2,2
45064,2023,5,18,5,4,262,1,5008305,1,11,0,2,2
45064,2023,5,18,5,4,163,"256,1",5003702,11,20,1,2,2
45064,2023,5,18,5,4,290,160,4302709,11,20,0,1,1
45064,2023,5,18,5,4,80,81,5215603,9,1,0,2,1
45065,2023,5,19,6,1,116,269,3552809,67,11,1,2,2
45065,2023,5,19,6,1,163,469,2401305,67,21,0,1,1
45065,2023,5,19,6,1,20,"404,8",2303709,49,7,1,4,3
45065,2023,5,19,6,1,423,28,2613107,9,1,0,14,4
45065,2023,5,19,6,1,101,383,4207007,11,4,0,2,1
45064,2023,5,18,5,2,116,189,2307601,11,12,0,2,2
45064,2023,5,18,5,2,20,4,2909307,67,20,1,2,1
45065,2023,5,19,6,1,101,"118,4",4208203,11,9,1,2,2
45065,2023,5,19,6,1,60,1,5300108,52,20,1,5,2
45065,2023,5,19,6,1,101,408,3300100,18,4,0,1,1
45065,2023,5,19,6,2,40,123,3304557,78,9,1,2,2
45065,2023,5,19,6,2,262,445,3145208,83,4,1,1,1
45065,2023,5,19,6,2,343,"4,7",2207702,18,7,0,2,2
45064,2023,5,18,5,4,242,308,2919009,67,20,0,1,1
45065,2023,5,19,6,2,101,100,2403251,52,9,1,2,2
45065,2023,5,19,6,2,20,6,5300108,16,12,1,2,2
45065,2023,5,19,6,2,259,"57,9",3201506,1,11,1,2,2
45065,2023,5,19,6,2,101,209,4216602,17,12,0,2,2
45065,2023,5,19,6,2,101,218,3202504,52,9,1,2,2
45065,2023,5,19,6,2,376,"179,9",4115200,16,12,1,2,2
45061,2023,5,15,2,2,116,"704,1",3143906,11,12,0,3,2
45065,2023,5,19,6,2,70,512,2211407,67,21,0,1,1
45065,2023,5,19,6,2,101,192,2704005,4,20,1,1,1
45065,2023,5,19,6,2,116,304,4309308,11,20,1,2,1
45065,2023,5,19,6,2,324,522,2910800,83,12,0,2,2
45065,2023,5,19,6,2,40,7,5221858,9,12,1,2,1
45065,2023,5,19,6,2,364,"435,2",2211407,72,12,1,2,2
45065,2023,5,19,6,2,101,59,4311775,28,20,0,2,1
45017,2023,4,1,7,4,316,"6,3",2211001,83,4,1,1,1
44949,2023,1,23,2,3,153,"47,9",1507151,11,7,0,2,2
45065,2023,5,19,6,2,376,172,4115200,16,9,1,2,2
45065,2023,5,19,6,2,376,243,4101408,9,20,0,1,1
45063,2023,5,17,4,3,40,104,3301702,46,4,1,1,1
45065,2023,5,19,6,2,285,"333,8",4304705,20,11,0,6,2
45065,2023,5,19,6,2,163,483,2401305,11,21,1,1,1
45065,2023,5,19,6,2,267,272,3101201,1,21,0,2,2
45065,2023,5,19,6,2,282,"0,6",4205407,16,15,1,5,3
45065,2023,5,19,6,2,158,"96,4",4313706,33,11,0,5,2
45065,2023,5,19,6,2,101,"205,5",4216602,11,12,0,2,2
45065,2023,5,19,6,2,101,206,4216602,78,9,0,3,2
45065,2023,5,19,6,2,116,8,2304400,52,21,1,1,1
45065,2023,5,19,6,2,381,83,3550308,83,7,0,4,3
45065,2023,5,19,6,2,381,86,3550308,11,9,1,2,2
45065,2023,5,19,6,2,280,51,4206504,1,11,1,3,3
45065,2023,5,19,6,2,262,"47,3",3203346,1,11,1,2,2
45065,2023,5,19,6,2,101,"29,8",2607752,28,18,0,1,1
45065,2023,5,19,6,2,282,"387,6",4209003,1,11,1,2,2
45065,2023,5,19,6,3,101,112,4208203,52,9,1,2,2
45028,2023,4,12,4,2,476,145,4106902,1,11,1,2,2
45065,2023,5,19,6,2,280,4,4216206,1,11,1,2,2
45065,2023,5,19,6,3,101,113,4208203,11,15,0,5,3
45065,2023,5,19,6,2,465,13,3305554,82,2,1,2,2
45065,2023,5,19,6,2,101,144,2802106,11,4,0,1,1
45065,2023,5,19,6,3,116,"113,8",4106902,1,9,1,2,2
45065,2023,5,19,6,3,230,19,2507507,67,21,1,1,1
45065,2023,5,19,6,3,174,5,5106752,1,11,0,2,2
45028,2023,4,12,4,2,210,"1,1",1600303,1,11,1,2,2
45065,2023,5,19,6,3,116,245,4318705,16,12,1,3,3
45065,2023,5,19,6,3,153,440,5201108,67,20,0,1,1
45037,2023,4,21,6,2,324,588,2906501,83,12,0,4,3
45065,2023,5,19,6,3,230,"311,1",2514909,49,21,0,1,1
45065,2023,5,19,6,2,101,25,4209102,35,2,1,2,2
45065,2023,5,19,6,3,116,139,3302502,35,2,1,2,2
45065,2023,5,19,6,3,101,43,3555406,29,4,1,2,1
45065,2023,5,19,6,3,135,92,2105401,67,12,0,6,2
45017,2023,4,1,7,3,101,270,3205002,17,11,1,3,2
45065,2023,5,19,6,3,465,"14,4",3305554,80,11,1,2,2
45065,2023,5,19,6,2,116,"152,9",3152170,83,20,0,1,1
45065,2023,5,19,6,2,101,484,3300100,28,18,1,1,1
45065,2023,5,19,6,3,376,420,4127502,11,20,0,3,1
45065,2023,5,19,6,3,20,2,5300108,1,11,1,2,2
45065,2023,5,19,6,3,40,"524,1",3154606,10,2,1,2,2
45065,2023,5,19,6,3,40,786,3136702,28,18,0,1,1
45065,2023,5,19,6,3,324,605,2930709,80,10,1,2,2
45065,2023,5,19,6,3,364,163,1100189,63,4,0,3,2
45065,2023,5,19,6,3,376,"171,7",4115200,16,12,1,4,2
45065,2023,5,19,6,3,153,147,1702109,67,4,1,1,1
45065,2023,5,19,6,3,470,"7,8",4211306,82,9,0,2,2
45065,2023,5,19,6,3,153,"271,7",3533700,11,12,0,3,2
45065,2023,5,19,6,3,376,333,4117305,67,12,0,4,2
45065,2023,5,19,6,3,116,"467,1",4318804,13,20,0,1,1
45065,2023,5,19,6,3,116,270,4314902,28,18,1,1,1
45065,2023,5,19,6,3,116,176,3518305,49,12,1,2,2
45065,2023,5,19,6,3,232,"59,7",2611309,61,2,1,2,2
45065,2023,5,19,6,3,495,2,3305802,1,11,1,2,2
45065,2023,5,19,6,3,116,182,3303500,78,9,1,1,1
45065,2023,5,19,6,3,174,9,5106752,28,21,0,2,1
45065,2023,5,19,6,3,40,99,3301702,29,4,0,2,1
45065,2023,5,19,6,3,101,52,2504033,60,2,0,2,2
45065,2023,5,19,6,3,226,0,2408102,1,11,1,2,2
45065,2023,5,19,6,3,376,648,4127601,1,2,0,2,2
45035,2023,4,19,4,2,101,255,3205002,11,12,0,4,3
45065,2023,5,19,6,3,116,"412,8",3127701,16,12,1,2,2
45065,2023,5,19,6,3,163,99,1502202,67,20,0,5,1
45065,2023,5,19,6,3,414,351,5205513,2,11,0,4,2
45065,2023,5,19,6,3,10,256,2105302,16,12,1,3,2
44954,2023,1,28,7,3,421,51,1101401,11,12,0,3,2
45065,2023,5,19,6,3,116,178,3303500,11,12,1,2,2
45065,2023,5,19,6,3,226,40,2407104,60,2,0,2,2
45065,2023,5,19,6,4,376,619,4125506,82,7,1,2,2
45065,2023,5,19,6,3,163,684,5105259,11,12,0,2,2
45065,2023,5,19,6,3,262,367,2401305,11,21,1,1,1
45065,2023,5,19,6,4,262,447,3145208,1,11,1,4,2
45065,2023,5,19,6,4,316,114,2701209,67,11,0,3,2
45065,2023,5,19,6,3,470,"105,6",4201257,52,9,1,2,2
45065,2023,5,19,6,3,116,109,4106902,67,9,0,2,2
45065,2023,5,19,6,4,101,322,3303302,11,9,0,2,2
45065,2023,5,19,6,4,60,173,5208707,67,12,0,2,2
45065,2023,5,19,6,4,40,"523,9",3118601,10,2,1,2,2
45065,2023,5,19,6,4,116,171,3304557,11,15,1,1,1
45065,2023,5,19,6,4,101,271,3205002,48,2,1,2,2
45065,2023,5,19,6,4,116,262,4304606,49,4,1,5,1
45065,2023,5,19,6,4,116,271,3552809,11,12,1,2,2
45065,2023,5,19,6,4,163,"82,1",5107602,67,12,0,3,2
45065,2023,5,19,6,4,277,"429,9",4128658,1,11,1,2,2
45065,2023,5,19,6,4,290,80,4309209,28,21,0,2,1
45065,2023,5,19,6,4,230,161,1503705,11,12,0,2,2
45065,2023,5,19,6,4,316,24,2601102,80,7,1,2,2
45065,2023,5,19,6,4,116,205,3503901,18,12,1,2,2
45065,2023,5,19,6,3,364,"237,8",1100049,64,21,1,2,1
45065,2023,5,19,6,4,290,93,4314902,49,9,1,1,1
45065,2023,5,19,6,4,470,"51,8",4202404,49,12,1,2,2
45065,2023,5,19,6,4,60,233,5205455,83,20,0,1,1
45065,2023,5,19,6,4,163,"83,2",2925006,16,12,0,4,2
45065,2023,5,19,6,4,290,721,4322400,11,20,1,1,1
45065,2023,5,19,6,4,20,22,5300108,67,20,1,2,1
45065,2023,5,19,6,4,116,116,4106902,11,4,1,1,1
45065,2023,5,19,6,4,20,12,5300108,1,2,1,2,2
45065,2023,5,19,6,4,116,"13,3",2304400,67,11,1,2,2
45065,2023,5,19,6,4,232,"77,7",2606408,49,10,1,2,2
45066,2023,5,20,7,1,101,198,4216602,49,12,0,2,2
45066,2023,5,20,7,1,414,439,5201108,1,7,0,5,2
45066,2023,5,20,7,1,470,54,4202404,18,20,0,1,1
45065,2023,5,19,6,4,365,150,3151206,83,12,0,4,2
45066,2023,5,20,7,1,40,3,5221858,49,20,1,3,1
45066,2023,5,20,7,1,272,558,3517406,82,20,1,1,1
45066,2023,5,20,7,1,277,658,4115606,67,4,1,1,1
45066,2023,5,20,7,1,101,254,4212304,49,21,0,1,1
45066,2023,5,20,7,1,116,"249,7",4318705,11,4,1,1,1
45066,2023,5,20,7,1,116,"95,5",4125506,67,20,0,5,1
45066,2023,5,20,7,1,101,317,4212650,13,4,1,7,3
45066,2023,5,20,7,1,101,"236,8",4211900,28,20,0,2,1
45066,2023,5,20,7,1,135,13,2111300,80,7,0,2,2
45066,2023,5,20,7,1,376,490,4119905,49,12,1,2,2
45066,2023,5,20,7,1,50,"85,4",3170206,52,20,0,1,1
45066,2023,5,20,7,1,101,507,2914802,9,1,1,1,1
45066,2023,5,20,7,1,259,59,3201506,67,4,1,1,1
45066,2023,5,20,7,1,101,"71,6",4201307,67,4,1,1,1
45066,2023,5,20,7,1,70,"1,6",5300108,49,20,1,3,2
45066,2023,5,20,7,1,40,105,3301702,67,20,1,2,1
45066,2023,5,20,7,1,116,"269,9",3552809,83,11,1,3,2
45066,2023,5,20,7,1,364,344,1100122,35,2,0,3,2
45066,2023,5,20,7,1,101,222,4211900,67,21,0,1,1
45066,2023,5,20,7,1,277,"517,7",4109302,48,2,0,3,2
45066,2023,5,20,7,1,369,506,2303501,83,20,0,1,1
45066,2023,5,20,7,2,381,"508,8",3162922,67,21,0,1,1
45066,2023,5,20,7,2,116,74,4303673,2,7,0,2,2
45066,2023,5,20,7,1,232,"12,8",2607901,67,12,0,3,2
45066,2023,5,20,7,1,465,6,3305554,18,4,0,1,1
45066,2023,5,20,7,2,101,274,3305752,67,12,0,2,2
45066,2023,5,20,7,2,304,30,2408003,67,12,0,2,2
45066,2023,5,20,7,2,277,"594,5",2303501,20,10,0,3,2
45066,2023,5,20,7,1,465,4,3305554,1,11,1,2,2
45066,2023,5,20,7,2,10,459,4117602,28,18,0,1,1
45066,2023,5,20,7,2,20,22,5300108,67,3,1,6,1
45054,2023,5,8,2,3,381,492,3106705,52,9,1,3,2
45066,2023,5,20,7,2,386,280,4318465,11,20,0,5,1
45066,2023,5,20,7,2,153,"501,9",5208707,52,9,1,2,2
45066,2023,5,20,7,2,116,"14,5",4104006,28,4,1,1,1
45066,2023,5,20,7,2,101,77,2611606,52,9,1,3,2
45065,2023,5,19,6,2,381,360,3136207,1,11,1,3,2
45066,2023,5,20,7,2,381,477,3118601,78,9,1,2,2
45066,2023,5,20,7,2,116,190,3303500,11,21,1,1,1
45066,2023,5,20,7,2,101,279,3205002,67,4,0,1,1
45066,2023,5,20,7,2,262,802,3170107,67,12,1,5,3
45066,2023,5,20,7,2,116,"438,9",2910800,67,20,0,1,1
45066,2023,5,20,7,2,101,208,4216602,16,12,1,2,2
45066,2023,5,20,7,2,393,130,1507755,6,21,0,1,1
45066,2023,5,20,7,2,277,"28,2",4116208,67,9,0,4,2
45066,2023,5,20,7,2,101,717,2910727,17,11,1,2,2
45066,2023,5,20,7,2,40,"21,7",3306008,18,3,1,1,1
45066,2023,5,20,7,2,101,"208,6",4216602,11,12,1,3,2
45066,2023,5,20,7,2,101,124,2412203,52,20,1,1,1
45066,2023,5,20,7,2,40,"42,7",3147006,52,12,1,3,3
45066,2023,5,20,7,2,356,66,3301009,52,11,1,2,2
45063,2023,5,17,4,2,104,67,2604106,52,9,1,2,2
45066,2023,5,20,7,2,316,11,2211001,33,9,1,2,2
45066,2023,5,20,7,2,116,"137,3",3302502,1,11,0,2,2
45066,2023,5,20,7,2,116,199,3304144,83,2,0,3,2
45066,2023,5,20,7,2,153,349,4121505,67,20,0,1,1
45066,2023,5,20,7,2,40,509,3154606,16,12,1,2,2
45022,2023,4,6,5,2,101,15,2801603,4,4,0,3,1
45066,2023,5,20,7,2,116,"55,6",4322509,44,3,0,5,2
45066,2023,5,20,7,2,101,132,3203205,11,15,0,3,3
45066,2023,5,20,7,2,10,464,4117602,1,9,0,2,2
45066,2023,5,20,7,2,116,230,3550308,67,12,1,3,2
45066,2023,5,20,7,2,381,484,3106705,83,4,1,3,1
45066,2023,5,20,7,2,40,"518,7",3118601,52,11,1,2,2
45066,2023,5,20,7,2,116,"537,5",3159357,1,11,0,2,2
45066,2023,5,20,7,3,40,138,3136306,11,20,1,1,1
45066,2023,5,20,7,2,116,"119,1",4106902,67,12,1,8,4
45066,2023,5,20,7,2,116,246,4209300,52,11,1,2,2
45066,2023,5,20,7,2,230,"11,2",2507507,52,9,1,2,2
45066,2023,5,20,7,2,158,194,5204409,13,20,0,3,1
45066,2023,5,20,7,3,40,464,3167202,83,4,0,3,1
45066,2023,5,20,7,3,427,"37,3",2512101,11,20,1,1,1
45066,2023,5,20,7,3,230,"41,3",2110203,83,21,1,1,1
45066,2023,5,20,7,3,116,"231,1",4310801,33,11,1,7,2
45066,2023,5,20,7,3,116,115,3554102,16,9,1,2,2
45066,2023,5,20,7,3,153,141,1702109,1,9,1,2,2
45066,2023,5,20,7,3,101,325,3303302,28,21,0,2,1
45066,2023,5,20,7,2,470,191,4213708,83,7,0,4,3
45066,2023,5,20,7,2,364,340,1100122,67,12,1,3,2
45066,2023,5,20,7,3,101,70,4313508,67,21,0,1,1
45066,2023,5,20,7,3,40,20,5212501,18,4,1,1,1
45066,2023,5,20,7,3,232,"55,8",2611309,18,3,0,2,1
45066,2023,5,20,7,3,50,"154,4",5204805,49,20,0,1,1
45066,2023,5,20,7,2,364,475,1100023,82,7,0,4,2
45066,2023,5,20,7,3,153,"60,8",3549805,49,12,1,2,2
45066,2023,5,20,7,3,470,216,4302105,1,9,1,3,2
45066,2023,5,20,7,3,101,35,2606804,35,2,0,5,2
45034,2023,4,18,3,2,101,"228,4",4211900,13,4,0,4,3
45066,2023,5,20,7,3,304,290,2407104,2,12,0,2,2
45066,2023,5,20,7,3,376,"624,9",4125506,60,2,0,3,2
45066,2023,5,20,7,3,116,230,3550308,52,4,1,5,2
45066,2023,5,20,7,3,116,147,3549904,11,12,1,2,2
45066,2023,5,20,7,3,376,"124,5",4100608,52,21,0,2,1
45066,2023,5,20,7,3,232,"137,8",2604106,67,2,1,2,2
45066,2023,5,20,7,3,232,55,2611309,16,12,1,3,2
45066,2023,5,20,7,3,381,"622,4",3145604,67,20,0,3,1
45066,2023,5,20,7,4,262,112,3205069,83,20,0,3,1
45066,2023,5,20,7,3,153,119,3555356,67,12,0,2,2
45066,2023,5,20,7,3,101,308,4209409,52,9,1,5,2
45066,2023,5,20,7,3,116,248,4318705,16,12,1,2,2
45066,2023,5,20,7,3,259,59,3201506,17,11,1,2,2
45066,2023,5,20,7,4,280,241,4203808,11,20,0,1,1
45066,2023,5,20,7,3,20,153,2928901,76,7,0,4,2
45066,2023,5,20,7,3,343,12,2207702,49,2,1,2,2
45064,2023,5,18,5,3,282,"516,9",4219705,16,15,0,5,3
45066,2023,5,20,7,4,116,223,3518800,67,15,1,5,3
45066,2023,5,20,7,3,290,"177,8",4302709,16,12,0,4,2
45066,2023,5,20,7,3,158,"529,9",4118501,67,20,1,1,1
45054,2023,5,8,2,3,433,144,1400456,67,20,0,4,1
45066,2023,5,20,7,3,70,776,5102504,16,12,1,3,2
45066,2023,5,20,7,3,277,"71,3",4125506,35,2,1,2,2
45066,2023,5,20,7,3,470,118,4206900,83,12,0,2,2
45066,2023,5,20,7,4,290,87,4314902,49,12,0,4,2
45066,2023,5,20,7,4,163,"203,4",5002407,67,20,0,2,1
45066,2023,5,20,7,3,476,200,4113205,83,12,1,5,4
45066,2023,5,20,7,4,101,"96,6",3203056,67,20,0,1,1
45066,2023,5,20,7,3,40,"100,7",5206206,9,1,0,1,1
45066,2023,5,20,7,3,277,119,4104204,11,12,0,6,2
45066,2023,5,20,7,4,277,"725,5",4108304,49,9,1,2,2
45066,2023,5,20,7,4,230,153,2504009,49,12,1,2,2
45066,2023,5,20,7,3,163,"654,9",1503606,30,21,0,1,1
45066,2023,5,20,7,3,101,321,4212650,16,12,0,3,2
45066,2023,5,20,7,4,381,335,3144706,83,10,0,4,2
45066,2023,5,20,7,4,116,"703,7",3143906,11,4,1,2,2
45066,2023,5,20,7,4,116,"155,3",4305108,67,11,1,4,2
45066,2023,5,20,7,3,230,"6,5",1500602,1,9,1,2,2
45066,2023,5,20,7,4,40,"758,1",3125002,60,2,0,2,2
45066,2023,5,20,7,4,116,320,3526209,13,20,0,1,1
45066,2023,5,20,7,4,343,162,2201960,9,1,0,2,1
45066,2023,5,20,7,4,50,174,3170107,67,20,1,1,1
45066,2023,5,20,7,4,407,"2,3",2918407,20,11,1,2,2
45066,2023,5,20,7,4,101,"42,4",4209102,16,9,0,3,2
45066,2023,5,20,7,4,230,"21,9",2507507,49,11,1,2,2
45066,2023,5,20,7,4,110,"45,9",2408003,67,11,1,4,3
45066,2023,5,20,7,4,101,79,3301009,61,2,0,2,2
45066,2023,5,20,7,4,20,"14,8",5300108,83,20,0,1,1
45066,2023,5,20,7,4,381,492,3106705,18,4,1,1,1
45066,2023,5,20,7,4,392,297,4319604,80,7,0,4,3
45066,2023,5,20,7,4,116,"338,5",3526209,46,2,0,2,2
45066,2023,5,20,7,4,70,"1,3",5200258,67,20,0,1,1
45066,2023,5,20,7,4,376,1,4101408,17,11,0,4,2
45066,2023,5,20,7,4,343,3,2211001,16,12,0,2,2
45066,2023,5,20,7,4,101,408,3302007,67,12,1,6,2
45066,2023,5,20,7,4,158,535,4118501,1,9,1,3,2
45066,2023,5,20,7,3,470,"18,5",4207106,80,7,0,7,4
45066,2023,5,20,7,4,290,"69,6",4309209,83,20,1,1,1
45066,2023,5,20,7,4,101,138,4202008,67,20,1,1,1
45066,2023,5,20,7,4,470,"66,6",4207502,83,7,1,3,2
45066,2023,5,20,7,4,222,"0,3",2304400,49,12,1,4,2
45067,2023,5,21,1,1,101,206,4216602,49,9,1,2,2
45066,2023,5,20,7,4,376,"498,4",4119905,9,1,1,2,1
45067,2023,5,21,1,1,476,"111,5",4105805,83,20,0,1,1
45067,2023,5,21,1,1,153,"51,7",4307005,83,9,1,2,2
45067,2023,5,21,1,1,476,115,4105805,11,20,1,1,1
45067,2023,5,21,1,1,20,"21,5",5300108,49,12,1,4,3
45067,2023,5,21,1,1,101,41,2606804,83,4,1,1,1
45067,2023,5,21,1,1,101,"412,5",4201406,83,20,1,1,1
45067,2023,5,21,1,1,50,54,3170206,49,20,0,2,1
45067,2023,5,21,1,1,116,208,3518800,49,3,1,2,1
45066,2023,5,20,7,4,421,8,1100023,67,7,0,3,2
45067,2023,5,21,1,1,40,11,5212501,9,1,1,1,1
45067,2023,5,21,1,1,40,11,5212501,9,1,1,1,1
45067,2023,5,21,1,1,101,377,4207007,80,7,0,3,2
45067,2023,5,21,1,1,101,271,4207304,67,4,0,5,3
45067,2023,5,21,1,1,50,126,3170107,18,20,0,1,1
45067,2023,5,21,1,1,116,246,4318705,13,3,1,6,1
45067,2023,5,21,1,1,50,73,3170206,49,4,1,1,1
45067,2023,5,21,1,1,392,352,2409332,11,20,1,1,1
45067,2023,5,21,1,1,101,193,4202305,49,20,1,1,1
45067,2023,5,21,1,1,116,113,3554102,67,20,1,1,1
45067,2023,5,21,1,1,381,56,3528502,83,4,0,1,1
45067,2023,5,21,1,1,116,"471,9",2308302,11,21,0,1,1
45067,2023,5,21,1,1,116,8,2304400,67,12,1,2,2
45067,2023,5,21,1,1,116,"755,8",3138401,49,12,0,4,2
45067,2023,5,21,1,1,222,"0,2",2304400,49,12,1,5,2
45067,2023,5,21,1,1,101,320,3303302,35,2,1,2,2
45067,2023,5,21,1,2,101,320,3303302,51,21,1,2,1
45067,2023,5,21,1,1,116,147,3301702,18,4,1,2,1
45067,2023,5,21,1,1,116,173,3305109,11,20,1,1,1
45067,2023,5,21,1,1,251,"20,3",5206206,80,7,0,3,3
45067,2023,5,21,1,2,290,81,4309209,67,9,1,2,2
45066,2023,5,20,7,4,230,"7,6",1500602,80,7,1,2,2
45067,2023,5,21,1,1,277,"122,9",4102307,11,20,1,1,1
45067,2023,5,21,1,2,470,"49,8",4202404,67,4,0,1,1
45066,2023,5,20,7,4,242,337,2919306,60,2,0,4,2
45067,2023,5,21,1,2,116,247,4318705,67,20,1,2,2
45067,2023,5,21,1,1,116,431,3542602,11,20,0,1,1
45067,2023,5,21,1,2,381,"483,1",3106705,83,4,1,1,1
45067,2023,5,21,1,2,110,357,2907509,9,3,1,1,1
45067,2023,5,21,1,1,101,135,4202008,49,12,1,2,2
45067,2023,5,21,1,2,101,41,4209102,33,11,1,2,2
45067,2023,5,21,1,2,476,"147,7",4101804,67,20,1,1,1
45062,2023,5,16,3,3,101,"275,9",4207304,1,7,1,2,2
45066,2023,5,20,7,4,40,250,3161700,60,2,0,3,2
45067,2023,5,21,1,2,101,"41,8",2606804,11,12,1,2,2
45067,2023,5,21,1,1,163,187,5002407,67,3,0,1,1
45067,2023,5,21,1,2,364,"421,2",1100114,33,9,1,2,2
45067,2023,5,21,1,2,116,"103,7",3554102,16,12,0,3,2
45019,2023,4,3,2,3,101,"58,1",2611606,80,9,0,3,3
45066,2023,5,20,7,1,277,379,4104428,11,20,0,1,1
45067,2023,5,21,1,2,70,3,5300108,83,20,1,2,2
45067,2023,5,21,1,2,386,430,2207959,20,12,0,4,3
45067,2023,5,21,1,2,101,124,2503001,83,20,0,4,1
45067,2023,5,21,1,2,60,240,5209952,52,9,0,2,1
45067,2023,5,21,1,2,70,514,2211407,17,11,1,2,2
45023,2023,4,7,6,3,116,126,4107652,16,12,1,6,3
45067,2023,5,21,1,2,116,"105,5",4304507,67,20,0,2,1
45067,2023,5,21,1,2,101,"66,5",3204906,60,2,1,3,2
45067,2023,5,21,1,2,101,432,3302601,30,4,0,1,1
45067,2023,5,21,1,3,163,255,3169109,49,20,0,1,1
45067,2023,5,21,1,2,101,457,4216404,52,9,0,3,2
45067,2023,5,21,1,2,230,41,2110203,18,20,0,1,1
45067,2023,5,21,1,2,101,387,4204608,13,4,0,2,1
45047,2023,5,1,2,2,423,"60,3",2608800,52,7,0,2,2
45019,2023,4,3,2,2,392,83,4314407,52,7,0,3,2
45067,2023,5,21,1,3,459,"8,3",3110301,83,21,0,1,1
45067,2023,5,21,1,3,146,"409,9",3128709,83,20,0,2,1
45067,2023,5,21,1,3,381,"599,9",3114501,67,21,0,1,1
45067,2023,5,21,1,3,116,205,3503901,78,12,1,4,3
45067,2023,5,21,1,3,277,"285,5",4120606,80,7,0,2,2
45067,2023,5,21,1,3,40,117,3301702,83,12,1,2,2
45067,2023,5,21,1,3,101,"90,3",2607901,67,20,0,2,1
45067,2023,5,21,1,3,467,"108,7",2303501,1,11,0,2,2
45067,2023,5,21,1,3,116,347,3529906,83,21,0,1,1
45067,2023,5,21,1,3,459,"94,9",3152501,11,12,0,2,2
45067,2023,5,21,1,3,70,1,5200258,11,20,0,2,1
45067,2023,5,21,1,3,153,"443,4",5201108,48,20,1,1,1
45067,2023,5,21,1,3,40,110,3301702,78,9,1,3,2
45067,2023,5,21,1,3,40,117,3301702,67,12,0,3,2
45067,2023,5,21,1,3,101,206,4216602,16,9,1,4,3
45067,2023,5,21,1,3,101,"450,3",4216404,1,9,0,6,2
45067,2023,5,21,1,3,414,"436,9",5201108,1,9,1,2,2
45067,2023,5,21,1,3,116,284,3522208,52,7,0,3,3
45067,2023,5,21,1,3,101,"92,1",2804805,9,1,0,1,1
44998,2023,3,13,2,3,470,140,4214805,33,11,1,3,3
44950,2023,1,24,3,3,230,25,2507507,67,9,1,6,2
45067,2023,5,21,1,3,235,112,2801405,52,7,0,4,2
45067,2023,5,21,1,3,116,"4,1",2933307,49,12,0,1,1
45067,2023,5,21,1,3,116,461,2928802,61,2,1,2,2
45067,2023,5,21,1,3,465,3,3305554,1,9,1,6,2
45067,2023,5,21,1,3,472,572,4322400,20,11,0,4,2
45067,2023,5,21,1,3,316,569,2103000,52,11,0,4,2
45067,2023,5,21,1,3,386,435,2207959,1,11,0,4,2
45067,2023,5,21,1,3,304,"306,4",2403251,49,21,1,1,1
45067,2023,5,21,1,3,101,117,4208203,1,11,0,5,2
45067,2023,5,21,1,3,116,284,3300407,16,12,1,2,2
45067,2023,5,21,1,4,381,"511,8",3130101,60,2,1,2,2
45067,2023,5,21,1,4,101,134,2802106,49,4,0,1,1
45067,2023,5,21,1,4,101,"206,1",4216602,67,2,1,2,2
45067,2023,5,21,1,3,470,"73,1",4207502,72,11,1,4,2
45067,2023,5,21,1,4,381,"490,9",3106705,83,9,1,5,2
45067,2023,5,21,1,4,367,84,2910727,1,11,1,2,2
45067,2023,5,21,1,3,381,307,3103009,67,4,0,5,1
45067,2023,5,21,1,3,430,401,2913408,80,7,0,2,2
45067,2023,5,21,1,3,493,50,3301702,9,1,1,7,2
45067,2023,5,21,1,4,493,54,3301702,67,4,0,1,1
45067,2023,5,21,1,4,407,126,2611101,1,11,1,3,2
45067,2023,5,21,1,4,251,6,5300108,49,12,0,5,2
45067,2023,5,21,1,4,101,407,3302007,80,7,0,2,2
45067,2023,5,21,1,4,282,578,3538204,49,7,1,2,2
45067,2023,5,21,1,4,230,"157,7",2504009,1,11,1,3,2
45067,2023,5,21,1,4,285,"207,1",4311304,49,20,0,5,1
45067,2023,5,21,1,4,232,"8,4",2611606,67,12,0,3,3
45067,2023,5,21,1,3,163,754,5107925,1,9,1,2,2
45067,2023,5,21,1,4,163,625,1508050,10,2,1,3,2
45067,2023,5,21,1,4,373,261,4120606,80,10,0,2,2
45067,2023,5,21,1,4,324,530,2910800,11,21,1,1,1
45067,2023,5,21,1,3,116,"220,4",4204558,49,7,1,2,2
45067,2023,5,21,1,2,365,784,3134202,9,1,0,1,1
45067,2023,5,21,1,3,287,437,4322376,46,12,0,2,2
45067,2023,5,21,1,3,146,458,3108404,28,21,0,2,1
45067,2023,5,21,1,3,158,"400,7",4113304,83,20,0,3,1
45067,2023,5,21,1,4,116,"803,4",3101508,80,7,0,2,2
45067,2023,5,21,1,4,324,530,2910800,11,20,1,1,1
45067,2023,5,21,1,4,232,409,2613909,1,9,0,3,2
45067,2023,5,21,1,4,116,231,3304003,21,21,0,2,1
45067,2023,5,21,1,4,116,148,3549904,11,4,0,3,1