id_data,ano,mes,dia,id_dia_semana,periodo,br,km,id_municipio,id_causa_acidente,id_tipo_acidente,id_uso_solo,pessoas,veiculos
45067,2023,5,21,1,3,392,18,4315602,28,20,1,2,1
45067,2023,5,21,1,4,101,127,2412203,49,20,0,1,1
45067,2023,5,21,1,4,277,97,4106902,82,10,1,2,2
45067,2023,5,21,1,4,393,"284,3",3306305,11,15,1,3,3
45067,2023,5,21,1,4,262,148,3202454,49,20,0,1,1
45067,2023,5,21,1,4,262,103,3205069,67,12,1,2,2
45067,2023,5,21,1,4,277,235,4107736,11,4,0,1,1
45067,2023,5,21,1,4,116,"553,9",3157252,11,20,0,1,1
45067,2023,5,21,1,4,116,209,3518800,49,4,0,3,1
45067,2023,5,21,1,4,101,48,3555406,1,11,1,2,2
45067,2023,5,21,1,4,230,"1,2",2101509,49,2,1,3,2
45067,2023,5,21,1,4,80,2,5215603,25,20,0,6,2
45067,2023,5,21,1,2,277,665,4115804,15,20,0,1,1
45067,2023,5,21,1,4,135,"20,7",2111300,67,20,0,3,1
45067,2023,5,21,1,4,116,"504,9",3130903,80,7,0,2,2
45067,2023,5,21,1,4,116,278,3168606,20,11,1,4,2
45067,2023,5,21,1,3,319,57,1100205,9,1,1,2,1
45067,2023,5,21,1,4,40,"132,8",3136306,80,7,0,3,2
45067,2023,5,21,1,4,163,851,5107909,80,7,0,4,3
45067,2023,5,21,1,2,316,"55,8",1502400,83,20,0,5,1
45067,2023,5,21,1,4,376,203,4114203,18,4,0,1,1
45067,2023,5,21,1,4,304,"46,3",2408003,11,21,1,1,1
45068,2023,5,22,2,1,290,90,4314902,28,18,1,2,1
45068,2023,5,22,2,1,10,460,4117602,11,20,1,1,1
45067,2023,5,21,1,4,70,533,2211407,52,20,0,6,1
45067,2023,5,21,1,4,116,"49,9",3527207,11,21,0,3,2
45067,2023,5,21,1,4,364,146,1200401,5,20,0,3,1
45068,2023,5,22,2,1,116,"0,4",4314902,49,9,1,3,2
45068,2023,5,22,2,1,101,"196,8",3203130,52,20,0,1,1
45068,2023,5,22,2,1,163,"116,3",5107602,11,12,0,1,1
45068,2023,5,22,2,1,364,712,1100205,11,4,1,1,1
45068,2023,5,22,2,2,101,138,4202008,16,12,1,2,2
45068,2023,5,22,2,2,101,"97,7",2504603,64,21,1,1,1
45068,2023,5,22,2,2,392,28,4315602,9,1,1,3,1
45068,2023,5,22,2,2,116,"796,6",3101508,18,20,0,1,1
45068,2023,5,22,2,2,259,"9,5",3203130,80,7,0,2,2
45068,2023,5,22,2,1,153,153,1702109,9,1,0,2,2
45068,2023,5,22,2,2,116,8,2304400,11,12,1,2,2
45036,2023,4,20,5,3,277,588,2303501,67,7,1,2,2
45052,2023,5,6,7,1,60,333,5200134,67,9,0,7,2
45066,2023,5,20,7,1,116,"107,8",3531605,83,20,0,1,1
45067,2023,5,21,1,1,110,136,2907806,67,3,0,1,1
45068,2023,5,22,2,2,116,2,2304400,16,15,1,3,3
45068,2023,5,22,2,2,285,554,4318903,67,12,0,3,2
45068,2023,5,22,2,2,101,386,3304557,1,12,1,3,2
45068,2023,5,22,2,2,381,"809,5",3162005,83,12,0,2,2
45068,2023,5,22,2,2,116,"17,3",2304285,16,12,1,2,2
45068,2023,5,22,2,2,222,"4,1",2303709,16,12,1,2,2
45068,2023,5,22,2,1,135,"266,5",2102754,80,7,0,3,2
45068,2023,5,22,2,2,153,672,1709500,11,21,1,2,1
45068,2023,5,22,2,2,471,"164,5",4315701,13,20,0,2,1
45068,2023,5,22,2,2,324,614,2927408,52,9,0,3,2
45053,2023,5,7,1,1,101,96,4202107,82,21,1,1,1
45068,2023,5,22,2,2,407,126,2611101,82,9,1,2,2
45068,2023,5,22,2,2,101,267,3205002,52,21,0,1,1
45068,2023,5,22,2,2,277,"726,5",4108304,15,21,1,1,1
45068,2023,5,22,2,2,230,115,1504208,49,12,1,3,3
45068,2023,5,22,2,2,101,"90,1",4202107,13,20,1,2,1
45068,2023,5,22,2,2,60,"137,9",5208707,16,4,0,3,2
45064,2023,5,18,5,3,116,177,3303500,82,9,0,2,2
45068,2023,5,22,2,2,319,64,1100205,1,11,1,2,2
45065,2023,5,19,6,2,280,67,4208906,1,11,0,3,3
45068,2023,5,22,2,2,116,172,3305109,16,9,0,2,2
45068,2023,5,22,2,2,101,"355,2",3200409,18,4,0,1,1
45068,2023,5,22,2,2,40,"687,9",3154408,67,20,0,3,2
45068,2023,5,22,2,2,376,"173,1",4115200,51,21,1,1,1
45068,2023,5,22,2,2,470,130,4209904,67,12,1,2,2
45056,2023,5,10,4,3,163,208,2303501,12,11,0,3,2
45068,2023,5,22,2,2,20,"206,1",2302404,1,9,1,2,2
45068,2023,5,22,2,2,376,"597,5",4106902,28,21,1,2,1
45067,2023,5,21,1,4,470,169,4213708,49,7,1,3,2
45068,2023,5,22,2,2,381,60,3528502,16,9,0,2,2
45068,2023,5,22,2,3,235,"30,6",2401107,15,20,0,1,1
45023,2023,4,7,6,2,101,479,3300100,20,11,1,2,2
45068,2023,5,22,2,2,381,69,3528502,67,20,0,1,1
45064,2023,5,18,5,2,116,"1,5",4314902,16,12,1,7,7
45068,2023,5,22,2,3,282,"534,1",4204350,20,11,0,6,3
45068,2023,5,22,2,2,316,165,2203503,63,20,0,1,1
45068,2023,5,22,2,3,259,"62,9",3201506,33,11,1,2,2
45068,2023,5,22,2,3,367,26,2925303,49,12,1,5,3
45045,2023,4,29,7,3,230,286,2110005,80,10,0,6,2
45067,2023,5,21,1,1,282,"515,5",4219705,9,20,0,2,1
45068,2023,5,22,2,3,418,29,2906907,28,18,0,1,1
45068,2023,5,22,2,2,101,38,2910602,1,11,0,3,2
45068,2023,5,22,2,3,101,"139,5",2611804,18,20,0,1,1
45068,2023,5,22,2,3,290,97,4314902,11,4,0,1,1
45068,2023,5,22,2,3,343,192,2208403,28,4,0,3,1
45068,2023,5,22,2,3,163,747,5107925,1,12,1,2,2
45068,2023,5,22,2,3,470,2,4211306,1,2,0,2,2
45068,2023,5,22,2,3,116,2,2304400,11,12,1,4,4
45068,2023,5,22,2,3,104,"67,1",2604106,67,12,1,2,2
45068,2023,5,22,2,3,381,"856,5",3152501,83,4,0,1,1
45068,2023,5,22,2,3,40,"3,6",5300108,67,21,1,1,1
45068,2023,5,22,2,3,280,"82,2",4204509,1,11,0,2,2
45068,2023,5,22,2,3,469,"0,2",4108304,1,11,1,2,2
45068,2023,5,22,2,3,376,186,4126256,16,12,1,2,2
45068,2023,5,22,2,3,354,"753,7",3133006,67,11,1,2,2
45068,2023,5,22,2,3,101,"87,4",2507507,9,1,1,1,1
45068,2023,5,22,2,3,282,17,4211900,1,11,1,3,2
45068,2023,5,22,2,3,282,"37,5",4200606,11,10,0,3,3
45068,2023,5,22,2,3,163,1029,5106422,1,11,1,2,2
45068,2023,5,22,2,3,116,105,3554102,13,21,0,2,1
45068,2023,5,22,2,3,116,222,3518800,78,9,1,2,2
45068,2023,5,22,2,3,470,223,4308607,1,11,0,4,2
45068,2023,5,22,2,3,324,544,2901106,1,9,1,3,2
45068,2023,5,22,2,3,262,"411,8",3130200,52,9,0,3,2
45068,2023,5,22,2,3,463,44,5006606,67,20,0,5,1
45068,2023,5,22,2,3,101,"207,6",4216602,67,9,1,3,3
45068,2023,5,22,2,3,429,69,1100254,18,20,0,4,1
45067,2023,5,21,1,1,470,"0,8",4211306,16,12,1,2,2
45068,2023,5,22,2,3,70,6,5101803,1,9,1,2,2
45068,2023,5,22,2,3,101,51,2600054,35,2,1,2,2
45068,2023,5,22,2,3,471,"171,2",4315701,25,12,0,2,2
45068,2023,5,22,2,3,50,25,3103504,83,20,0,2,2
45068,2023,5,22,2,3,101,"202,1",4216602,35,2,1,2,2
45068,2023,5,22,2,3,153,799,1720978,80,10,1,3,2
45068,2023,5,22,2,4,471,563,4317301,83,9,0,3,2
45068,2023,5,22,2,4,40,"1,5",5221858,67,12,1,3,3
45068,2023,5,22,2,3,330,863,2932309,11,4,0,1,1
45068,2023,5,22,2,3,282,427,3170602,20,11,0,2,2
45068,2023,5,22,2,3,116,44,2612208,1,9,0,3,2
45068,2023,5,22,2,4,116,"413,1",3127701,67,12,1,2,2
45068,2023,5,22,2,4,343,2,2211001,49,12,1,2,2
45068,2023,5,22,2,4,251,"476,2",3126703,1,7,0,2,2
45068,2023,5,22,2,4,222,1,2304400,1,12,1,2,2
45068,2023,5,22,2,4,493,"81,6",3302270,9,1,0,2,2
45068,2023,5,22,2,4,316,"130,1",2705309,28,18,0,1,1
45068,2023,5,22,2,4,367,83,2910727,1,11,1,3,2
45063,2023,5,17,4,4,262,7,5008305,1,11,0,4,2
45068,2023,5,22,2,4,40,"631,7",3118304,1,11,1,4,2
45068,2023,5,22,2,3,402,"291,5",2313559,63,9,0,2,2
45068,2023,5,22,2,4,401,12,1400175,60,2,0,3,2
45068,2023,5,22,2,4,116,220,4204558,1,7,1,4,3
45068,2023,5,22,2,3,158,3,5002902,1,7,1,2,2
45068,2023,5,22,2,4,230,"463,6",2516201,9,1,1,1,1
45068,2023,5,22,2,4,376,178,4115200,1,11,1,2,2
45068,2023,5,22,2,4,116,"39,8",3508603,11,12,1,2,2
45069,2023,5,23,3,1,101,"190,4",3200607,35,2,0,2,2
45069,2023,5,23,3,1,158,236,5211909,18,3,0,3,1
45048,2023,5,2,3,3,101,"255,3",3205002,49,21,1,1,1
45068,2023,5,22,2,4,116,40,2305233,11,12,0,1,1
45069,2023,5,23,3,1,101,50,2803302,15,20,0,1,1
45069,2023,5,23,3,1,163,824,5107909,35,2,1,3,2
45069,2023,5,23,3,2,116,"487,7",3130903,11,20,0,1,1
45069,2023,5,23,3,2,381,"499,7",3106705,11,4,1,1,1
45069,2023,5,23,3,2,316,"5,6",2211001,1,12,1,3,2
45069,2023,5,23,3,2,476,"157,8",4101804,1,11,1,2,2
45069,2023,5,23,3,2,290,90,4314902,52,9,1,2,2
45060,2023,5,14,1,2,70,"528,7",2211407,1,7,0,2,2
45069,2023,5,23,3,2,369,"152,7",4113700,67,9,1,2,2
45069,2023,5,23,3,2,60,"0,5",5300108,52,9,1,4,4
45067,2023,5,21,1,1,101,302,4209409,83,20,0,1,1
45069,2023,5,23,3,2,101,"78,5",2607901,78,9,1,3,2
45069,2023,5,23,3,2,104,61,2604106,52,9,0,2,2
45069,2023,5,23,3,2,70,278,5107040,67,12,1,2,1
44973,2023,2,16,5,3,40,559,3144805,16,12,0,2,2
45069,2023,5,23,3,2,20,54,5300108,83,20,0,1,1
45069,2023,5,23,3,1,316,"594,5",2112209,18,20,0,1,1
45069,2023,5,23,3,2,116,201,3503901,67,21,0,2,1
45069,2023,5,23,3,2,101,139,4202008,67,4,1,1,1
45069,2023,5,23,3,2,277,"108,1",4104204,52,20,0,2,1
45069,2023,5,23,3,2,101,"97,8",2408102,67,12,1,2,2
45064,2023,5,18,5,2,163,411,5006002,9,1,0,3,1
45069,2023,5,23,3,2,470,"55,6",4202404,16,15,1,4,4
45058,2023,5,12,6,3,376,"619,7",4125506,78,11,1,2,2
45069,2023,5,23,3,2,101,482,3300100,1,11,1,2,2
45057,2023,5,11,5,4,101,566,3303807,9,1,0,3,3
45060,2023,5,14,1,3,316,332,2605707,80,7,0,3,2
45069,2023,5,23,3,2,70,6,5101803,72,9,1,2,2
45069,2023,5,23,3,2,381,457,3106200,1,2,1,3,2
45025,2023,4,9,1,3,153,511,5201405,16,12,0,3,2
45069,2023,5,23,3,2,116,"145,8",3549904,18,12,1,3,2
45069,2023,5,23,3,2,230,122,1504208,11,11,0,2,2
45069,2023,5,23,3,3,101,"270,8",3205002,11,4,1,1,1
45045,2023,4,29,7,2,116,"20,9",4101200,83,20,0,4,1
45021,2023,4,5,4,4,101,"46,8",4209102,64,21,1,1,1
45069,2023,5,23,3,2,104,"18,2",2708303,83,12,0,2,2
45069,2023,5,23,3,3,116,386,2927507,13,20,0,2,1
45069,2023,5,23,3,3,40,816,3167509,49,4,0,1,1
45069,2023,5,23,3,2,465,21,3303500,67,4,1,3,2
45069,2023,5,23,3,2,364,344,1100122,20,20,1,3,2
45069,2023,5,23,3,3,324,621,2927408,1,12,1,2,2
45069,2023,5,23,3,2,470,245,4204806,11,15,0,4,3
45069,2023,5,23,3,3,116,230,3550308,11,9,0,2,2
45069,2023,5,23,3,3,364,"237,8",1100049,17,11,1,3,2
45069,2023,5,23,3,3,101,220,4211900,2,9,1,2,2
45069,2023,5,23,3,3,316,243,2700409,18,7,0,4,2
45069,2023,5,23,3,3,101,42,4209102,83,3,1,1,1
45069,2023,5,23,3,3,101,126,3304151,67,20,0,1,1
45069,2023,5,23,3,3,470,48,4202404,57,21,0,1,1
45053,2023,5,7,1,3,262,"754,4",3156908,82,7,0,6,2
45069,2023,5,23,3,3,285,"257,1",4308854,83,20,0,1,1
45069,2023,5,23,3,3,262,"36,9",3139409,19,12,1,2,2
45069,2023,5,23,3,3,153,"507,1",5201405,52,9,1,3,2
45069,2023,5,23,3,3,50,"70,3",3170206,16,12,1,2,2
45069,2023,5,23,3,3,101,213,4211900,80,7,1,2,2
45069,2023,5,23,3,3,101,"92,2",2507507,80,7,1,2,2
45069,2023,5,23,3,3,153,"42,7",4124103,49,12,0,2,2
45009,2023,3,24,6,1,251,"480,2",3143302,12,21,0,1,1
45069,2023,5,23,3,3,104,137,2512507,9,1,1,2,1
45069,2023,5,23,3,3,386,345,1712009,67,15,0,4,3
45069,2023,5,23,3,3,101,70,2611606,52,9,1,2,2
45069,2023,5,23,3,3,116,18,2612208,13,21,0,2,1
45069,2023,5,23,3,3,40,"1,2",5221858,16,12,0,2,2
45060,2023,5,14,1,1,376,181,4115200,83,12,1,6,2
45069,2023,5,23,3,3,40,"506,3",3154606,67,12,1,3,2
45069,2023,5,23,3,3,116,"270,3",3552809,52,9,1,2,2
45069,2023,5,23,3,3,232,8,2611606,29,21,1,1,1
45069,2023,5,23,3,3,101,321,4212650,9,1,0,3,2
45069,2023,5,23,3,3,70,7,5300108,11,12,0,2,2
45069,2023,5,23,3,4,20,"9,7",5300108,67,12,1,3,3
45069,2023,5,23,3,3,101,"412,5",4201406,6,21,0,2,1
45069,2023,5,23,3,3,316,315,2208007,1,11,1,3,3
45069,2023,5,23,3,4,423,"79,4",2608255,1,12,0,2,2
45069,2023,5,23,3,3,262,362,2401305,49,12,0,2,2
45069,2023,5,23,3,3,316,"183,2",2211308,63,3,0,3,1
45069,2023,5,23,3,4,373,"174,1",4119905,11,15,1,3,3
45069,2023,5,23,3,3,40,120,3301702,18,9,1,4,3
45052,2023,5,6,7,2,282,553,4211454,49,7,0,2,2
44970,2023,2,13,2,2,101,"147,3",3203205,1,11,1,3,2
45069,2023,5,23,3,4,116,176,3305109,52,9,0,3,2
45069,2023,5,23,3,4,116,"246,3",4318705,61,2,1,1,1
45069,2023,5,23,3,3,101,119,4208203,78,21,1,1,1
45069,2023,5,23,3,4,116,"2,8",2304400,61,2,1,2,2
45065,2023,5,19,6,4,316,"63,7",1502400,1,11,1,2,2
45069,2023,5,23,3,4,316,"2,8",2211001,35,2,1,3,3
45069,2023,5,23,3,4,277,"1,9",4108304,67,4,1,1,1
45069,2023,5,23,3,4,262,"468,5",5000708,11,20,0,1,1
45069,2023,5,23,3,4,392,"631,3",4320578,82,7,0,5,2
45069,2023,5,23,3,4,285,198,4311304,33,11,1,3,2
45069,2023,5,23,3,4,101,48,3555406,72,11,1,3,2
45066,2023,5,20,7,3,116,"413,5",3127701,16,12,1,2,2
45069,2023,5,23,3,4,319,"44,8",1300904,11,11,0,5,2
45069,2023,5,23,3,3,364,343,1100122,16,12,1,4,3
45070,2023,5,24,4,2,101,"269,6",3205002,17,11,1,3,3
45070,2023,5,24,4,2,70,"0,3",5200258,52,12,0,7,6
45070,2023,5,24,4,1,230,"115,8",2506806,15,3,0,1,1
45070,2023,5,24,4,2,262,363,2401305,11,2,0,2,2
45070,2023,5,24,4,2,493,68,3302270,9,1,1,2,1
45070,2023,5,24,4,2,101,135,4202008,67,4,1,2,1
45070,2023,5,24,4,2,285,594,4317707,20,11,1,2,2
45070,2023,5,24,4,2,40,"712,4",3105608,33,11,0,2,2
45070,2023,5,24,4,2,101,296,3301900,11,21,0,1,1
45070,2023,5,24,4,2,116,276,3515004,67,15,1,5,5
45070,2023,5,24,4,2,230,14,2503209,67,12,1,3,2
45070,2023,5,24,4,2,267,"138,8",3138609,16,12,0,5,2
45070,2023,5,24,4,2,174,493,1400100,11,9,0,2,2
45070,2023,5,24,4,2,60,"27,6",5200308,11,4,0,1,1
45070,2023,5,24,4,2,262,463,3103900,67,12,0,6,3
45067,2023,5,21,1,3,415,48,2914802,49,7,1,2,2
45070,2023,5,24,4,2,163,287,4114609,1,9,0,2,2
45059,2023,5,13,7,1,230,631,1500602,49,20,1,1,1
45070,2023,5,24,4,2,369,161,4103701,16,15,1,3,3
45070,2023,5,24,4,2,364,"259,4",1100049,67,20,0,1,1
45070,2023,5,24,4,2,235,2,2804805,16,12,0,2,2
45070,2023,5,24,4,2,135,165,2903201,67,20,0,4,1
45070,2023,5,24,4,2,469,13,4108304,11,12,1,3,2
45070,2023,5,24,4,2,40,40,3147006,1,2,1,2,2
45070,2023,5,24,4,2,10,"325,9",2100055,2,11,0,2,2
45070,2023,5,24,4,3,277,"452,1",4113304,1,11,1,2,2
45070,2023,5,24,4,2,101,435,4217709,16,12,1,2,2
45070,2023,5,24,4,2,101,321,3303302,52,9,0,3,2
45070,2023,5,24,4,3,158,"333,2",2409332,1,11,1,2,2
45070,2023,5,24,4,3,101,"85,5",2408102,67,12,1,4,3
45070,2023,5,24,4,2,101,439,3302601,1,7,0,3,2
45070,2023,5,24,4,3,381,51,3504107,78,12,0,1,1
45002,2023,3,17,6,2,101,"125,5",4208203,16,12,1,3,2
45046,2023,4,30,1,2,116,18,4101200,83,20,0,2,1
45070,2023,5,24,4,2,364,139,1200401,1,11,1,2,2
45070,2023,5,24,4,3,277,204,4117701,11,20,0,3,2
45070,2023,5,24,4,2,376,"174,1",4115200,33,11,1,2,2
45070,2023,5,24,4,3,285,"338,5",4304705,52,11,1,2,2
45070,2023,5,24,4,3,101,198,4216602,1,9,1,2,2
45070,2023,5,24,4,3,230,36,2110203,83,20,0,1,1
45070,2023,5,24,4,3,381,451,3156700,33,11,1,3,2
45067,2023,5,21,1,1,101,271,4207304,56,4,0,4,2
45070,2023,5,24,4,3,101,197,4202305,11,4,1,2,1
45070,2023,5,24,4,3,304,296,2407104,82,20,0,1,1
45015,2023,3,30,5,1,116,276,3168606,57,21,1,1,1
45070,2023,5,24,4,3,364,64,1100304,67,21,0,4,1
45070,2023,5,24,4,3,153,"31,4",3533007,33,11,1,2,2
45070,2023,5,24,4,3,116,194,3304144,16,9,0,3,2
45070,2023,5,24,4,3,40,"13,3",5212501,60,2,0,2,2
45058,2023,5,12,6,1,235,"32,5",2401107,28,18,1,1,1
45070,2023,5,24,4,3,277,"104,9",4106902,67,12,1,2,2
45070,2023,5,24,4,3,158,"224,2",4306106,62,21,0,1,1
45070,2023,5,24,4,3,230,21,2507507,11,12,1,4,4
45070,2023,5,24,4,3,153,415,4303004,1,11,0,3,2
45070,2023,5,24,4,3,421,49,1101401,2,7,1,3,2
45070,2023,5,24,4,3,423,94,2606002,1,11,1,2,2
45070,2023,5,24,4,3,277,22,4116208,67,20,0,2,1
45070,2023,5,24,4,3,393,"267,5",3300308,67,21,0,1,1
45070,2023,5,24,4,3,277,74,4125506,16,12,1,3,3
45070,2023,5,24,4,3,364,221,1100189,7,21,0,1,1
45070,2023,5,24,4,3,232,"105,6",2601904,11,20,0,1,1
45070,2023,5,24,4,3,285,196,4311304,1,11,0,5,2
45070,2023,5,24,4,3,282,"4,8",4205407,52,9,1,2,2
45070,2023,5,24,4,3,101,360,4215455,11,21,1,1,1
45070,2023,5,24,4,3,116,"210,7",4122305,33,11,0,2,2
45070,2023,5,24,4,3,158,"567,5",4317103,1,11,1,4,2
45070,2023,5,24,4,3,40,3,5300108,11,12,1,2,2
45070,2023,5,24,4,3,116,273,3552809,78,12,1,2,2
45070,2023,5,24,4,3,277,83,4106902,83,21,1,1,1
45070,2023,5,24,4,3,262,"461,2",3145208,82,9,0,3,2
45070,2023,5,24,4,3,493,56,3301702,67,21,1,1,1
45070,2023,5,24,4,3,280,48,4206504,1,11,0,4,2
45070,2023,5,24,4,3,376,500,4119905,67,20,0,3,2
45070,2023,5,24,4,3,174,258,5106752,82,20,0,1,1
45070,2023,5,24,4,4,101,"125,4",4208203,16,12,0,2,2
45070,2023,5,24,4,4,101,"77,5",2611606,52,9,0,2,2
45070,2023,5,24,4,3,163,18,2922102,61,2,1,2,2
45070,2023,5,24,4,3,376,"2,5",4125506,67,12,1,2,2
45070,2023,5,24,4,4,116,416,3127701,1,21,1,1,1
45070,2023,5,24,4,3,153,5,1722107,11,12,0,1,1
45070,2023,5,24,4,4,476,151,4101804,67,20,1,1,1
45070,2023,5,24,4,3,230,506,2503704,1,11,1,3,2
45070,2023,5,24,4,4,262,239,5007109,2,2,1,2,2
45070,2023,5,24,4,3,163,831,5107909,67,11,1,2,2
45070,2023,5,24,4,4,60,"505,5",5005400,9,1,0,1,1
45070,2023,5,24,4,4,116,"39,3",3508603,67,3,0,1,1
45050,2023,5,4,5,4,40,454,3109907,1,2,0,2,2
45070,2023,5,24,4,4,101,"64,9",2611606,49,4,1,2,1
45070,2023,5,24,4,3,364,342,1100122,67,12,1,5,5
45070,2023,5,24,4,4,101,265,3304300,51,20,0,3,1
45070,2023,5,24,4,4,116,208,3115458,11,2,1,5,2
45070,2023,5,24,4,4,116,426,2910800,18,4,1,1,1
45070,2023,5,24,4,4,304,"52,7",2301109,46,12,0,3,3
45070,2023,5,24,4,4,381,485,3106705,13,21,1,1,1
45018,2023,4,2,1,4,101,65,2611606,67,4,1,2,1
45071,2023,5,25,5,1,230,"28,3",2507507,83,4,1,1,1
45071,2023,5,25,5,1,116,285,3300407,18,3,0,1,1
45071,2023,5,25,5,1,381,"862,3",3152501,67,3,0,4,1
45071,2023,5,25,5,1,116,172,3305109,28,18,1,1,1
45071,2023,5,25,5,1,40,"0,5",5221858,52,11,1,2,2
45071,2023,5,25,5,1,423,"25,4",2613107,52,7,0,3,2
45071,2023,5,25,5,2,116,223,3518800,67,12,1,3,2
45071,2023,5,25,5,1,116,210,3518800,67,9,1,2,2
45071,2023,5,25,5,1,116,145,3549904,12,2,1,2,2
45071,2023,5,25,5,2,153,"58,1",3549805,52,12,1,2,2
45071,2023,5,25,5,2,153,58,3549805,11,12,1,3,2
45071,2023,5,25,5,2,324,587,2906501,67,21,0,1,1
45071,2023,5,25,5,2,153,"53,2",3549805,1,12,0,3,2
45071,2023,5,25,5,2,116,"138,2",3549904,83,12,1,2,2
45071,2023,5,25,5,2,60,"3,5",5300108,16,12,0,2,2
45071,2023,5,25,5,1,116,"142,9",3549904,44,21,1,1,1
45071,2023,5,25,5,2,290,107,4306767,52,12,0,3,2
45071,2023,5,25,5,1,242,532,2923209,9,1,0,4,1
45071,2023,5,25,5,2,230,"11,1",2503209,1,11,1,2,2
45071,2023,5,25,5,2,116,4,2304400,67,12,1,2,2
45071,2023,5,25,5,2,262,38,3139409,1,11,1,3,3
45071,2023,5,25,5,2,101,"268,2",3205002,11,12,1,2,2
45071,2023,5,25,5,2,262,385,3140704,18,20,0,1,1
45071,2023,5,25,5,2,116,147,3549904,11,12,0,2,2
45071,2023,5,25,5,2,324,621,2927408,16,12,1,2,2
45071,2023,5,25,5,2,230,"11,5",2503209,1,11,1,2,2
45071,2023,5,25,5,2,277,"726,4",4108304,11,20,1,2,2
45071,2023,5,25,5,2,101,412,3302601,1,12,1,2,2
45071,2023,5,25,5,2,423,95,2606002,1,12,1,2,2
45071,2023,5,25,5,2,324,528,2910800,16,12,1,8,5
45070,2023,5,24,4,3,493,62,3303500,28,18,0,1,1
45071,2023,5,25,5,2,153,200,5221601,16,12,1,3,2
45071,2023,5,25,5,2,316,158,2706307,1,11,1,2,2
45071,2023,5,25,5,2,116,188,3546801,52,12,0,2,2
45051,2023,5,5,6,3,465,14,3305554,1,11,1,3,3
45071,2023,5,25,5,2,116,413,3127701,11,12,1,2,2
45071,2023,5,25,5,2,369,501,4106308,1,11,1,3,2
45028,2023,4,12,4,1,369,"104,7",4128401,49,4,0,1,1
45071,2023,5,25,5,2,376,137,4116901,52,20,0,1,1
45063,2023,5,17,4,3,40,104,3301702,52,9,1,3,2
45071,2023,5,25,5,2,304,"108,4",2400208,1,11,0,3,2
45071,2023,5,25,5,2,101,134,4202008,33,11,0,2,2
45071,2023,5,25,5,2,381,"511,2",3130101,28,18,1,2,1
45071,2023,5,25,5,2,324,526,2910800,19,4,1,1,1
45071,2023,5,25,5,2,101,205,4216602,1,11,1,2,2
45071,2023,5,25,5,2,364,330,1100122,11,12,0,3,3
45071,2023,5,25,5,2,230,"123,1",2512754,83,20,0,1,1
45071,2023,5,25,5,3,153,494,5208707,67,12,1,2,2
45071,2023,5,25,5,2,101,399,3302007,29,4,0,2,2
45031,2023,4,15,7,1,277,597,2303501,83,20,1,3,2
45070,2023,5,24,4,3,174,"990,8",1303536,48,2,1,2,2
45003,2023,3,18,7,3,116,673,3142106,6,20,0,1,1
45071,2023,5,25,5,2,470,57,4202404,33,11,1,2,2
45071,2023,5,25,5,3,116,311,3304201,61,2,1,2,2
45071,2023,5,25,5,3,158,"147,1",4313904,83,10,0,4,2
45071,2023,5,25,5,3,277,"726,4",4108304,11,3,0,1,1
45071,2023,5,25,5,3,463,107,5006606,67,9,0,2,2
45071,2023,5,25,5,2,470,171,4322806,1,11,1,4,2
45071,2023,5,25,5,3,427,"113,9",2402006,11,9,1,4,3
45071,2023,5,25,5,3,470,222,4302105,67,12,1,2,2
45071,2023,5,25,5,3,40,4,5221858,1,2,0,2,2
45071,2023,5,25,5,3,101,"86,5",2507507,1,2,1,4,2
45071,2023,5,25,5,3,414,437,5201108,11,11,0,2,2
45071,2023,5,25,5,3,364,345,1100122,16,12,1,2,2
45071,2023,5,25,5,3,20,405,2303709,1,11,0,7,2
45071,2023,5,25,5,3,304,29,2408003,67,12,1,2,2
45071,2023,5,25,5,3,116,147,3301702,16,12,1,3,2
45071,2023,5,25,5,3,381,"509,1",3162922,11,21,1,1,1
45071,2023,5,25,5,3,285,2,4318002,83,20,1,2,2
45071,2023,5,25,5,3,50,"245,4",5205109,67,12,1,2,2
45071,2023,5,25,5,3,153,"25,9",3533007,11,20,0,2,1
45071,2023,5,25,5,3,104,"118,9",2504009,11,12,0,3,3
45071,2023,5,25,5,3,277,"474,9",4117057,44,12,0,3,3
45071,2023,5,25,5,3,381,"489,1",3106705,78,4,1,1,1
45071,2023,5,25,5,3,116,149,3549904,38,9,1,2,2
45071,2023,5,25,5,3,381,"857,3",3152501,60,2,0,3,2
45060,2023,5,14,1,3,40,"652,3",3120409,1,11,0,2,2
45071,2023,5,25,5,3,408,"94,8",2613701,67,20,0,1,1
45071,2023,5,25,5,3,470,62,4207502,1,11,1,2,2
45071,2023,5,25,5,3,365,679,3142809,16,12,0,2,1
45071,2023,5,25,5,3,101,131,4203204,38,12,1,3,2
45071,2023,5,25,5,3,376,2,4125506,48,2,1,2,2
45071,2023,5,25,5,3,101,"202,4",4216602,52,9,1,3,2
45071,2023,5,25,5,3,290,91,4314902,52,12,0,2,2
45071,2023,5,25,5,3,60,"14,9",5200308,28,3,0,2,1
45071,2023,5,25,5,3,235,"4,7",2804805,16,12,0,2,2
45071,2023,5,25,5,3,116,6,2304400,16,9,1,2,2
45071,2023,5,25,5,3,324,612,2927408,16,15,0,5,3
45071,2023,5,25,5,2,101,120,4208203,67,20,1,1,1
45071,2023,5,25,5,4,280,32,4201307,11,7,0,2,2
45071,2023,5,25,5,4,277,74,4125506,35,2,0,3,2