id_data,ano,mes,dia,id_dia_semana,periodo,br,km,id_municipio,id_causa_acidente,id_tipo_acidente,id_uso_solo,pessoas,veiculos
45071,2023,5,25,5,3,470,225,4308607,1,11,0,2,2
45071,2023,5,25,5,3,163,87,3128204,48,2,0,2,2
45071,2023,5,25,5,4,60,34,5200308,83,20,0,3,1
45071,2023,5,25,5,3,163,246,5003702,49,20,0,1,1
45071,2023,5,25,5,3,470,172,4213708,82,7,1,3,2
45071,2023,5,25,5,3,40,"129,2",3136306,11,21,0,1,1
45071,2023,5,25,5,4,414,437,5201108,1,11,1,1,1
45071,2023,5,25,5,4,116,219,3518800,11,2,1,3,2
45071,2023,5,25,5,4,70,16,5300108,16,12,0,2,2
45071,2023,5,25,5,4,135,17,2111300,60,2,1,2,2
45070,2023,5,24,4,4,116,"397,4",3127701,83,7,0,5,2
45071,2023,5,25,5,4,40,102,3301702,11,20,0,1,1
45071,2023,5,25,5,4,40,114,3301702,16,12,1,2,2
45071,2023,5,25,5,4,116,186,3303500,67,12,1,2,2
45071,2023,5,25,5,3,364,337,1100122,62,20,0,1,1
45071,2023,5,25,5,3,316,10,2211001,1,11,1,2,2
45071,2023,5,25,5,4,146,"480,3",3151800,83,20,0,1,1
45071,2023,5,25,5,4,210,96,1600535,67,12,0,4,2
45071,2023,5,25,5,4,386,438,2207959,9,4,0,1,1
45003,2023,3,18,7,4,40,121,3301702,16,12,0,2,2
45071,2023,5,25,5,4,50,273,5205109,67,4,1,1,1
45071,2023,5,25,5,3,364,516,1100023,67,11,1,2,2
45071,2023,5,25,5,3,116,"155,6",3549904,67,21,1,1,1
45071,2023,5,25,5,4,116,192,3303500,28,3,0,1,1
45071,2023,5,25,5,4,101,133,4202008,49,12,1,2,2
45071,2023,5,25,5,4,40,550,3144805,83,20,1,3,1
45071,2023,5,25,5,4,116,2,2304400,52,21,1,1,1
45072,2023,5,26,6,1,101,215,4211900,83,4,1,1,1
45072,2023,5,26,6,1,116,119,4106902,16,20,1,3,3
45071,2023,5,25,5,3,101,489,2915502,28,20,0,2,1
45072,2023,5,26,6,1,282,24,4215703,18,20,1,1,1
45072,2023,5,26,6,1,101,"334,1",4218707,35,2,1,3,2
45072,2023,5,26,6,1,381,681,3149903,48,20,0,2,1
45072,2023,5,26,6,1,101,"214,6",4211900,67,4,1,1,1
45072,2023,5,26,6,1,101,120,2412203,56,4,0,1,1
45072,2023,5,26,6,1,101,"49,7",3555406,16,9,1,4,2
45071,2023,5,25,5,4,316,101,2201408,9,1,0,4,1
45072,2023,5,26,6,1,304,297,2407104,16,9,1,3,2
45072,2023,5,26,6,2,282,1,4205407,67,12,1,4,4
45072,2023,5,26,6,2,230,26,2507507,78,12,1,3,2
45072,2023,5,26,6,2,116,"23,5",2301000,33,11,0,2,2
45072,2023,5,26,6,2,381,"753,4",3169307,83,20,1,2,1
45072,2023,5,26,6,2,470,"54,1",4202404,82,11,1,2,2
45072,2023,5,26,6,2,116,223,3518800,67,12,0,2,2
45072,2023,5,26,6,2,428,187,2611101,13,12,1,3,2
45072,2023,5,26,6,2,40,42,3147006,1,11,1,3,2
45068,2023,5,22,2,1,365,37,3116506,9,1,0,1,1
45060,2023,5,14,1,4,101,"343,9",4218707,52,9,0,2,2
45072,2023,5,26,6,2,101,"335,8",4218707,67,4,1,1,1
45012,2023,3,27,2,3,369,63,4102406,61,2,0,3,2
45072,2023,5,26,6,2,70,11,5300108,52,11,0,2,2
45072,2023,5,26,6,1,230,87,2506400,83,3,0,1,1
45072,2023,5,26,6,2,116,230,3550308,78,11,1,2,2
45072,2023,5,26,6,2,135,21,2111300,78,21,1,2,2
45072,2023,5,26,6,2,153,60,3549805,52,12,1,2,2
45068,2023,5,22,2,2,116,208,4122305,82,9,1,3,3
45072,2023,5,26,6,2,163,481,2401305,67,21,1,1,1
45072,2023,5,26,6,2,226,"1,6",2408102,9,1,1,1,1
45072,2023,5,26,6,2,282,"1,2",4205407,67,9,1,3,3
45072,2023,5,26,6,2,101,72,2611606,67,12,1,3,2
45068,2023,5,22,2,2,101,308,3304904,67,9,1,2,2
45072,2023,5,26,6,2,232,"101,9",2601904,67,18,1,1,1
45072,2023,5,26,6,2,163,68,4217204,9,21,0,2,1
45072,2023,5,26,6,2,116,"426,8",2910800,67,12,1,3,3
45072,2023,5,26,6,2,101,294,3301900,52,4,0,3,2
45072,2023,5,26,6,2,101,309,3304904,67,12,1,2,2
45072,2023,5,26,6,2,116,"525,9",3113404,1,11,1,2,2
45072,2023,5,26,6,2,428,"191,7",2611101,36,12,1,2,2
45072,2023,5,26,6,2,277,132,4104204,67,12,0,3,3
45072,2023,5,26,6,2,476,"162,9",4101804,82,7,1,3,3
45072,2023,5,26,6,2,10,354,1506609,1,11,1,2,2
45072,2023,5,26,6,2,418,5,2906907,9,1,0,1,1
45072,2023,5,26,6,2,365,"678,5",3142809,13,20,0,1,1
45072,2023,5,26,6,2,282,"3,5",4205407,78,12,1,2,2
45072,2023,5,26,6,2,116,246,4318705,16,12,1,3,3
45072,2023,5,26,6,2,116,95,3141405,67,20,0,2,1
45072,2023,5,26,6,2,343,"265,5",2202208,1,11,0,2,2
45072,2023,5,26,6,2,354,"769,7",3133006,18,4,0,2,1
45072,2023,5,26,6,2,101,233,4211900,11,15,0,5,5
45072,2023,5,26,6,2,101,"269,9",3205002,16,12,1,2,2
45072,2023,5,26,6,2,20,19,5300108,52,9,1,3,2
45072,2023,5,26,6,2,381,943,3125101,30,4,0,2,2
45072,2023,5,26,6,2,116,274,3168606,72,11,1,2,2
45072,2023,5,26,6,3,381,938,3125101,67,21,0,2,2
45072,2023,5,26,6,3,163,258,5003702,67,21,1,1,1
45072,2023,5,26,6,2,432,198,1400175,11,20,0,3,1
45072,2023,5,26,6,3,282,"520,4",4219705,83,4,1,1,1
45072,2023,5,26,6,2,319,60,1100205,16,9,1,2,2
45072,2023,5,26,6,3,10,126,2104057,80,7,0,2,2
45072,2023,5,26,6,3,101,"28,5",4321667,11,20,0,1,1
45072,2023,5,26,6,3,230,26,2507507,11,9,1,2,2
45072,2023,5,26,6,3,277,"726,5",4108304,13,20,1,1,1
45072,2023,5,26,6,3,470,176,4322806,1,11,1,2,2
45071,2023,5,25,5,4,158,"668,2",5106257,21,4,0,1,1
45072,2023,5,26,6,3,282,17,4211900,83,11,0,2,2
45072,2023,5,26,6,2,158,9,5008305,20,9,1,2,2
45047,2023,5,1,2,3,101,326,3303302,16,15,0,4,4
45072,2023,5,26,6,3,40,109,3301702,16,12,0,2,2
45060,2023,5,14,1,4,262,73,3203346,1,12,0,4,2
45072,2023,5,26,6,2,153,636,1700350,52,20,0,2,2
45072,2023,5,26,6,3,163,832,5107909,11,9,1,1,1
45072,2023,5,26,6,2,101,92,2602902,64,21,0,2,1
45059,2023,5,13,7,4,163,"760,5",5107925,11,12,0,9,4
45072,2023,5,26,6,3,290,91,4314902,52,12,0,3,3
45072,2023,5,26,6,3,282,17,4211900,67,11,1,2,2
45072,2023,5,26,6,3,386,49,4320206,11,20,1,1,1
45072,2023,5,26,6,3,470,"136,5",4214805,67,2,1,2,2
45072,2023,5,26,6,3,101,"85,5",2408102,78,7,1,2,2
45072,2023,5,26,6,3,392,"26,8",4315602,67,20,0,2,1
45072,2023,5,26,6,3,101,78,2611606,1,11,1,2,2
45072,2023,5,26,6,3,116,"819,2",2933307,1,11,0,2,2
45072,2023,5,26,6,3,101,284,3301900,52,21,1,1,1
45065,2023,5,19,6,4,116,"424,4",3101805,49,7,0,5,2
45072,2023,5,26,6,3,101,"116,4",2412203,1,11,0,2,2
45072,2023,5,26,6,3,40,"18,5",5212501,1,11,0,2,2
45072,2023,5,26,6,3,101,332,4218707,16,12,1,2,2
45072,2023,5,26,6,3,373,269,4120606,1,11,1,2,2
45072,2023,5,26,6,3,40,"545,7",3144805,67,9,0,2,2
45072,2023,5,26,6,3,101,464,3300100,78,9,0,3,2
45044,2023,4,28,6,2,262,105,3205069,82,11,1,3,3
45072,2023,5,26,6,3,40,120,3301702,16,9,0,2,2
45072,2023,5,26,6,2,316,8,2211001,11,4,1,1,1
45072,2023,5,26,6,3,116,285,3522208,20,11,1,3,2
45072,2023,5,26,6,3,381,"453,5",3156700,1,11,1,2,2
45072,2023,5,26,6,3,381,"451,9",3156700,67,12,1,2,2
45072,2023,5,26,6,3,381,43,3504107,67,15,0,7,4
45072,2023,5,26,6,3,304,287,2407104,11,9,0,2,2
45072,2023,5,26,6,3,116,529,4304663,11,11,0,2,2
45072,2023,5,26,6,3,317,246,1200708,63,20,0,1,1
45072,2023,5,26,6,4,116,"704,3",3143906,1,11,1,2,2
45072,2023,5,26,6,3,153,"434,2",5201108,35,2,1,3,2
45072,2023,5,26,6,3,407,"122,1",2611101,80,7,1,2,2
45072,2023,5,26,6,4,381,"873,9",3124500,83,4,0,1,1
45072,2023,5,26,6,4,116,257,4307708,16,12,1,5,2
45072,2023,5,26,6,3,116,412,3127701,33,11,1,4,2
45072,2023,5,26,6,3,435,87,1100064,82,9,1,2,2
45072,2023,5,26,6,3,116,"616,7",3145877,60,2,0,2,2
45072,2023,5,26,6,3,40,"510,9",3154606,52,9,1,3,2
44996,2023,3,11,7,4,354,"704,5",3115508,83,20,0,1,1
45063,2023,5,17,4,2,163,259,5003702,67,12,0,2,2
45072,2023,5,26,6,4,101,"145,3",4208302,67,12,0,2,2
45072,2023,5,26,6,3,116,"555,1",3139409,11,21,0,1,1
45072,2023,5,26,6,4,20,"12,1",5300108,67,20,1,1,1
45072,2023,5,26,6,4,116,271,3552809,16,12,0,2,2
45072,2023,5,26,6,3,251,"449,7",3127800,67,20,0,4,1
45072,2023,5,26,6,3,280,"49,4",4206504,2,12,0,2,2
45072,2023,5,26,6,4,381,28,3504107,11,21,0,1,1
45072,2023,5,26,6,4,153,"128,8",3555356,67,4,0,1,1
45072,2023,5,26,6,4,60,92,5201108,9,1,1,1,1
45072,2023,5,26,6,4,116,38,1507755,46,21,0,6,2
45072,2023,5,26,6,4,470,122,4206900,1,11,1,2,2
45072,2023,5,26,6,4,364,404,5103403,11,12,1,2,2
45072,2023,5,26,6,4,116,137,3302502,1,11,1,2,2
45072,2023,5,26,6,2,364,"427,5",1100114,44,21,1,1,1
45072,2023,5,26,6,4,101,54,3301009,82,7,1,3,2
45072,2023,5,26,6,4,373,"265,7",4120606,16,12,1,2,2
45072,2023,5,26,6,4,364,403,5103403,1,11,1,2,2
45072,2023,5,26,6,4,316,100,2201408,67,12,0,2,2
45072,2023,5,26,6,4,101,180,2807600,1,11,1,3,3
45072,2023,5,26,6,4,222,674,2100055,17,11,1,2,2
45072,2023,5,26,6,4,101,"34,9",4209102,11,21,1,2,2
45072,2023,5,26,6,4,230,"378,1",2101400,82,9,0,7,2
45072,2023,5,26,6,4,304,"47,4",2301109,16,12,0,4,2
45072,2023,5,26,6,4,116,283,3522208,2,11,1,2,2
45073,2023,5,27,7,1,116,54,3527207,18,4,0,2,2
45072,2023,5,26,6,4,476,153,4101804,49,9,1,2,2
45073,2023,5,27,7,1,381,59,3528502,83,20,1,2,1
45073,2023,5,27,7,1,101,89,2804805,11,4,1,1,1
45072,2023,5,26,6,4,316,256,2511509,25,12,0,2,2
45073,2023,5,27,7,1,101,"209,4",4216602,83,4,0,1,1
45073,2023,5,27,7,1,10,453,4117602,49,4,0,2,1
45073,2023,5,27,7,1,101,"209,8",4216602,11,12,1,2,2
45073,2023,5,27,7,1,448,3,4307708,83,20,0,1,1
45073,2023,5,27,7,1,277,"5,3",4118204,49,12,1,2,2
45072,2023,5,26,6,3,364,"336,7",1100122,16,12,0,2,2
45073,2023,5,27,7,1,116,4,4104006,67,4,0,9,2
45073,2023,5,27,7,1,146,"484,7",3151800,83,4,0,1,1
45073,2023,5,27,7,1,376,"177,5",4115200,11,12,1,6,2
45073,2023,5,27,7,1,290,80,4309209,49,20,1,1,1
45073,2023,5,27,7,1,470,134,4214805,67,20,1,1,1
45073,2023,5,27,7,1,116,"508,3",3170057,11,20,1,1,1
45073,2023,5,27,7,1,101,116,2412203,18,3,0,1,1
45073,2023,5,27,7,1,116,"642,6",3125952,50,20,0,1,1
45073,2023,5,27,7,1,153,130,5212808,16,12,0,2,2
45073,2023,5,27,7,1,356,"133,5",3301009,9,1,0,1,1
45073,2023,5,27,7,1,116,"145,6",3152170,67,20,0,5,1
45073,2023,5,27,7,1,277,"83,5",4106902,11,4,1,2,2
45073,2023,5,27,7,1,470,"31,1",4102604,80,7,0,3,2
45073,2023,5,27,7,1,290,"40,1",4317608,11,20,0,1,1
45073,2023,5,27,7,1,101,"107,1",2403251,20,11,1,2,2
45073,2023,5,27,7,1,230,24,2507507,2,4,1,1,1
45073,2023,5,27,7,1,262,10,5008305,11,21,0,1,1
45073,2023,5,27,7,1,153,443,5201108,35,2,1,2,2
45073,2023,5,27,7,2,101,155,4213500,67,11,1,2,2
45073,2023,5,27,7,1,116,"419,6",3101805,49,4,0,1,1
45073,2023,5,27,7,1,471,"156,5",4316808,80,7,0,3,2
45073,2023,5,27,7,2,365,"623,9",3170206,6,3,1,1,1
45073,2023,5,27,7,1,364,711,1100205,49,4,1,2,1
45072,2023,5,26,6,4,465,8,3305554,46,12,0,2,2
45073,2023,5,27,7,1,146,"456,6",3108404,9,1,0,5,2
45073,2023,5,27,7,2,101,363,4215455,11,20,0,1,1
45073,2023,5,27,7,2,376,184,4126256,28,21,1,1,1
45052,2023,5,6,7,3,60,198,5209200,83,20,0,1,1
45017,2023,4,1,7,4,101,207,4216602,11,12,0,2,2
45073,2023,5,27,7,2,101,122,2931400,82,7,0,6,3
45073,2023,5,27,7,2,101,74,2611606,16,12,1,2,2
45073,2023,5,27,7,1,381,"521,5",3109006,49,20,0,1,1
45073,2023,5,27,7,2,470,129,4209904,67,3,0,2,1
45073,2023,5,27,7,2,364,275,5104807,33,11,1,2,2
45073,2023,5,27,7,2,470,"287,2",4312401,1,11,1,2,2
45073,2023,5,27,7,1,364,404,5103403,67,21,1,1,1
45073,2023,5,27,7,2,369,178,4122404,67,20,0,1,1
45073,2023,5,27,7,2,101,70,2611606,67,12,0,2,2
45073,2023,5,27,7,2,153,"580,3",5217104,52,3,0,1,1
45073,2023,5,27,7,1,101,388,3304557,20,9,1,2,2
45073,2023,5,27,7,2,40,"523,5",3118601,52,9,0,2,2
45073,2023,5,27,7,2,60,3,5300108,52,9,0,3,2
45073,2023,5,27,7,2,290,181,4312252,11,12,0,7,2
45073,2023,5,27,7,2,101,100,2511509,16,20,0,2,2
45073,2023,5,27,7,2,471,192,4313953,33,11,0,6,2
45073,2023,5,27,7,2,116,"415,1",3127701,80,7,1,3,3
45073,2023,5,27,7,2,282,487,4205308,67,7,1,2,2
45073,2023,5,27,7,2,222,"178,9",2312908,1,11,0,4,2
45073,2023,5,27,7,2,101,"296,1",3301900,67,12,1,2,2
45073,2023,5,27,7,2,101,"85,9",2501807,35,2,0,2,2
45073,2023,5,27,7,2,282,389,4209003,80,7,0,4,2
45073,2023,5,27,7,2,163,"70,8",4217204,1,11,1,2,2
45073,2023,5,27,7,2,364,15,1100304,49,20,1,1,1
45073,2023,5,27,7,2,101,793,2915601,11,21,0,2,1
45073,2023,5,27,7,2,101,67,3301009,16,12,1,4,2
45073,2023,5,27,7,2,40,560,3144805,11,4,0,2,1
45073,2023,5,27,7,2,365,"623,9",3170206,6,21,1,2,1
45073,2023,5,27,7,2,277,"715,2",4124053,67,20,0,2,1
45069,2023,5,23,3,2,364,"422,6",1100114,16,12,1,3,2
45073,2023,5,27,7,2,104,"25,7",2709301,1,11,0,2,2
45073,2023,5,27,7,2,101,"38,4",4209102,33,11,1,4,2
45073,2023,5,27,7,2,135,"4,5",2111300,67,2,1,2,2
45073,2023,5,27,7,3,101,223,3202504,16,12,0,5,2
45073,2023,5,27,7,3,101,214,4211900,52,9,1,2,2
45073,2023,5,27,7,2,101,349,4208807,64,4,0,6,3
45073,2023,5,27,7,2,110,"46,3",2408003,1,7,1,2,2
45030,2023,4,14,6,2,116,207,3518800,52,9,1,3,2
45073,2023,5,27,7,3,392,123,4304507,13,21,1,2,1
45073,2023,5,27,7,3,116,173,3305109,44,12,1,3,3
45073,2023,5,27,7,3,324,"623,7",2927408,64,12,1,2,2
45073,2023,5,27,7,2,153,"394,7",4303004,64,20,0,1,1
45045,2023,4,29,7,3,277,"0,1",4118204,52,7,1,1,1
45073,2023,5,27,7,3,381,942,3125101,21,4,0,2,1
45073,2023,5,27,7,2,163,92,3128204,4,20,0,2,2
45073,2023,5,27,7,3,101,195,3203130,67,9,0,2,2
45073,2023,5,27,7,3,101,6,4216602,67,4,1,1,1
45038,2023,4,22,7,1,381,"856,9",3152501,11,12,0,3,3
45073,2023,5,27,7,2,330,841,2913903,67,20,1,2,1
45073,2023,5,27,7,3,153,318,5218706,2,12,1,2,2
45073,2023,5,27,7,3,116,204,3503901,52,9,1,2,2
45073,2023,5,27,7,3,101,"256,4",3205002,35,2,1,2,2
45073,2023,5,27,7,3,116,"0,1",4314902,83,20,1,1,1
45073,2023,5,27,7,3,470,"157,7",4218608,29,7,0,7,3
45073,2023,5,27,7,3,381,"479,9",3106705,11,12,1,2,2
45073,2023,5,27,7,3,230,27,2507507,78,9,1,4,3
45073,2023,5,27,7,2,163,284,4114609,5,21,1,1,1
45073,2023,5,27,7,3,232,"19,3",2609402,7,4,0,2,1
45073,2023,5,27,7,3,428,192,2611101,52,9,0,1,1
45073,2023,5,27,7,3,262,370,3136652,11,20,0,1,1
45073,2023,5,27,7,3,101,192,4202305,15,20,1,2,1
45073,2023,5,27,7,3,373,"234,5",4110102,49,7,0,2,2
45073,2023,5,27,7,3,116,121,4106902,64,4,1,1,1
45073,2023,5,27,7,3,40,"804,5",3136702,21,4,0,1,1
45073,2023,5,27,7,3,343,"2,8",2211001,1,9,1,2,2
45073,2023,5,27,7,3,324,525,2910800,9,1,1,1,1
45073,2023,5,27,7,1,407,156,1707702,83,3,0,1,1
45073,2023,5,27,7,3,135,125,2926202,11,10,0,2,2
45073,2023,5,27,7,3,280,"51,1",4206504,33,11,0,3,3
45073,2023,5,27,7,3,163,258,5003702,11,4,1,1,1
45073,2023,5,27,7,3,116,455,3542602,1,12,0,8,4
45073,2023,5,27,7,1,232,434,2613909,11,12,0,3,2
45073,2023,5,27,7,3,158,566,4317103,33,11,1,2,2
45073,2023,5,27,7,3,381,434,3156700,80,10,0,3,3
45073,2023,5,27,7,3,116,"11,5",4210100,16,12,0,2,2
45073,2023,5,27,7,3,116,"3,8",4210100,49,9,1,2,2
45073,2023,5,27,7,3,471,175,4315701,67,11,1,6,2
45073,2023,5,27,7,3,262,"450,1",3145208,67,12,0,2,2
45073,2023,5,27,7,3,304,"42,6",2408003,49,10,0,3,3
45073,2023,5,27,7,3,116,"553,2",3157252,11,20,0,2,1
45073,2023,5,27,7,3,101,159,3203205,1,11,0,3,2
45073,2023,5,27,7,3,101,47,3555406,33,11,1,3,2
45073,2023,5,27,7,3,324,527,2910800,60,2,0,2,2
45054,2023,5,8,2,1,101,230,2929602,67,20,0,23,1
45073,2023,5,27,7,2,317,56,1200450,11,20,0,1,1
45073,2023,5,27,7,4,293,2,4314407,49,20,1,1,1
45073,2023,5,27,7,4,472,131,4321808,82,7,0,4,2
45073,2023,5,27,7,4,116,9,2304400,35,2,0,3,3
45073,2023,5,27,7,4,101,67,2611606,16,12,0,2,2
45073,2023,5,27,7,4,408,"100,5",2613701,52,12,0,3,3
45073,2023,5,27,7,4,153,508,5201405,52,9,1,2,2
45073,2023,5,27,7,3,277,482,4117057,72,11,0,7,2
45023,2023,4,7,6,4,101,"138,5",4202008,4,4,1,2,1
45073,2023,5,27,7,4,101,"753,2",2914653,1,11,0,2,2
45073,2023,5,27,7,3,376,427,4127502,15,12,0,6,2
45073,2023,5,27,7,3,277,"592,1",2303501,49,10,1,2,2
45073,2023,5,27,7,3,101,878,2931350,82,7,1,3,2
45073,2023,5,27,7,4,20,"6,7",5300108,52,12,1,8,2
45073,2023,5,27,7,4,116,"432,9",3123700,49,21,0,1,1
45073,2023,5,27,7,4,470,"218,8",4302105,49,20,0,2,1
45073,2023,5,27,7,4,232,177,2601706,9,1,0,1,1
45073,2023,5,27,7,4,282,"16,5",4211900,29,20,1,1,1
45073,2023,5,27,7,4,40,1,5221858,48,2,0,2,2
45073,2023,5,27,7,4,222,162,2306108,9,1,1,4,2
45073,2023,5,27,7,4,415,47,2914802,48,2,0,3,2
45073,2023,5,27,7,4,230,194,2207009,1,11,1,2,2
45073,2023,5,27,7,3,242,"281,9",1716604,67,3,0,2,1
45073,2023,5,27,7,4,116,"619,8",3145877,18,20,0,1,1
45073,2023,5,27,7,4,116,301,3304110,11,18,0,1,1
45073,2023,5,27,7,3,316,175,1501402,1,11,0,3,2
45073,2023,5,27,7,4,101,112,4208203,11,12,0,2,2
45073,2023,5,27,7,4,101,"29,7",2607752,28,18,1,1,1
45073,2023,5,27,7,4,493,21,3302502,20,11,1,2,2
45073,2023,5,27,7,4,222,635,2100055,80,7,0,5,2
45073,2023,5,27,7,4,101,"110,3",4212502,67,20,1,1,1
45073,2023,5,27,7,4,369,178,4101507,35,2,0,3,2
45073,2023,5,27,7,3,280,204,4210100,11,20,0,2,1
45073,2023,5,27,7,4,20,11,5300108,1,2,1,2,2
45073,2023,5,27,7,4,116,210,3518800,35,2,1,5,2
45073,2023,5,27,7,4,282,"581,6",3538204,49,7,1,6,3
45073,2023,5,27,7,4,153,325,4110706,67,20,0,1,1
45073,2023,5,27,7,4,116,129,4107652,49,12,1,3,2
45073,2023,5,27,7,4,316,265,2708907,67,4,0,1,1
45073,2023,5,27,7,4,104,"89,7",2707701,49,11,1,2,2
45073,2023,5,27,7,3,116,"57,9",4212205,1,12,0,3,2
45073,2023,5,27,7,4,70,"315,5",2918506,82,4,1,5,2
45073,2023,5,27,7,4,376,178,4115200,49,12,1,5,2
45074,2023,5,28,1,1,116,224,3518800,28,12,0,2,2
45074,2023,5,28,1,1,163,1036,5105606,11,20,0,1,1
45074,2023,5,28,1,1,116,290,3522208,18,12,0,3,2
45073,2023,5,27,7,4,40,290,3169356,9,1,0,1,1
45073,2023,5,27,7,4,304,285,2407104,49,4,0,1,1
45073,2023,5,27,7,2,373,460,4106506,9,1,0,1,1
45073,2023,5,27,7,4,116,184,3303500,52,9,0,2,2
45073,2023,5,27,7,4,287,"347,2",4311106,67,10,0,4,2
45074,2023,5,28,1,1,116,201,3503901,52,9,1,5,2
45074,2023,5,28,1,1,101,"175,5",2709152,49,7,1,2,2
45073,2023,5,27,7,4,60,"68,8",5006275,11,20,0,4,1
45074,2023,5,28,1,1,50,77,3170206,67,4,1,6,1
45074,2023,5,28,1,1,104,41,2604106,18,3,0,1,1
45074,2023,5,28,1,1,232,4,2611606,57,4,1,1,1
45074,2023,5,28,1,1,116,208,3518800,67,20,1,2,1
45074,2023,5,28,1,1,116,"245,9",4318705,46,21,1,3,3
45073,2023,5,27,7,4,317,43,1200450,9,1,0,2,1
45074,2023,5,28,1,1,101,52,3555406,11,21,1,1,1
45074,2023,5,28,1,1,381,18,3507605,35,2,0,2,2
45074,2023,5,28,1,1,60,175,5200050,49,20,1,2,1
45074,2023,5,28,1,1,282,"0,5",4205407,11,4,1,2,1
45074,2023,5,28,1,1,101,264,4212304,49,20,0,1,1
45074,2023,5,28,1,1,104,45,2701100,80,7,0,5,2
45074,2023,5,28,1,1,324,620,2927408,11,12,1,3,2
45074,2023,5,28,1,1,381,84,3550308,18,3,1,1,1
45074,2023,5,28,1,1,163,"277,3",5003702,11,20,0,1,1
45074,2023,5,28,1,1,70,"12,7",5300108,18,20,0,1,1
45074,2023,5,28,1,1,116,206,3503901,16,12,0,3,3
45074,2023,5,28,1,1,230,"41,9",2110203,49,21,0,1,1
45074,2023,5,28,1,1,232,"81,9",2606408,18,20,1,1,1
45074,2023,5,28,1,1,116,"42,8",3508603,67,12,0,2,2
45074,2023,5,28,1,1,277,724,4108304,49,20,1,1,1
45073,2023,5,27,7,3,116,"762,4",3138401,1,11,1,2,2
45074,2023,5,28,1,1,40,"512,9",3154606,83,20,0,1,1
45074,2023,5,28,1,2,116,311,3304201,67,4,1,1,1
45074,2023,5,28,1,1,153,"7,2",4303004,9,1,1,1,1
45073,2023,5,27,7,4,116,"417,4",3127701,1,11,1,4,2
45074,2023,5,28,1,2,116,"243,9",4318705,11,4,1,1,1
45074,2023,5,28,1,1,242,226,2914703,49,4,1,1,1
45073,2023,5,27,7,4,40,"141,5",3136306,80,7,0,4,2
45073,2023,5,27,7,4,116,178,3303500,52,12,1,8,2
45074,2023,5,28,1,1,135,303,2203107,9,1,0,3,1
45074,2023,5,28,1,2,101,328,4203956,49,20,0,1,1
45074,2023,5,28,1,1,101,333,4218707,49,4,1,1,1
45074,2023,5,28,1,2,158,"521,9",4118501,83,3,0,1,1
45074,2023,5,28,1,2,101,"163,2",2402204,61,2,0,2,2
45074,2023,5,28,1,1,277,"3,5",4108304,49,20,1,2,1
45073,2023,5,27,7,2,40,109,3301702,16,12,1,3,2
45074,2023,5,28,1,2,60,420,5218805,67,20,0,4,1
45074,2023,5,28,1,2,101,97,2507507,83,21,0,2,1
45073,2023,5,27,7,4,60,1,5219753,11,20,1,1,1
45074,2023,5,28,1,2,101,130,2412203,1,12,1,4,2
45074,2023,5,28,1,2,280,136,4215000,11,12,0,3,2
45073,2023,5,27,7,4,101,191,2704005,67,11,1,2,2
45074,2023,5,28,1,2,386,"332,5",4312054,67,20,0,3,1
45074,2023,5,28,1,2,153,150,3541604,11,21,0,1,1
45074,2023,5,28,1,2,101,"181,8",4202305,11,3,0,3,1
45074,2023,5,28,1,1,101,206,2616506,18,20,0,1,1
45074,2023,5,28,1,2,277,128,4102307,83,20,0,1,1
45074,2023,5,28,1,2,376,"437,5",4127502,83,20,0,2,1
45074,2023,5,28,1,2,101,310,3304904,50,21,1,1,1
45074,2023,5,28,1,2,277,"132,7",4102307,51,4,0,1,1
45074,2023,5,28,1,2,40,556,3144805,52,12,0,5,3
45074,2023,5,28,1,2,101,900,2906907,16,12,1,4,3
45074,2023,5,28,1,3,304,282,2407104,72,11,0,2,2
45074,2023,5,28,1,2,60,106,5208400,16,12,0,2,2
45074,2023,5,28,1,3,116,235,4313409,28,21,1,4,2
45074,2023,5,28,1,2,282,"588,2",4217303,83,20,0,1,1
45074,2023,5,28,1,2,376,"450,8",4127502,83,4,0,2,1
45074,2023,5,28,1,3,381,"551,4",3132206,18,3,0,2,1
45074,2023,5,28,1,3,369,131,4109807,52,9,0,3,2
45074,2023,5,28,1,2,470,188,4213708,83,20,0,3,1
45074,2023,5,28,1,3,116,"3,2",4104006,64,2,0,5,4
45074,2023,5,28,1,3,381,"71,5",3528502,67,12,0,4,2
45074,2023,5,28,1,3,459,24,3527207,80,10,0,5,2
45074,2023,5,28,1,3,40,"645,3",3120409,2,12,0,2,2
45074,2023,5,28,1,3,40,"802,8",3140803,67,3,0,2,1
45074,2023,5,28,1,2,116,"530,7",3113404,11,12,1,3,2
45074,2023,5,28,1,3,116,"339,4",3529906,67,4,0,2,1
45074,2023,5,28,1,3,116,"313,5",3304201,67,4,0,2,1
45074,2023,5,28,1,3,381,"54,2",3504107,83,4,0,1,1
45074,2023,5,28,1,3,101,"190,5",4202305,11,20,1,3,2
45074,2023,5,28,1,3,60,4,5300108,49,20,0,3,1
45074,2023,5,28,1,2,364,137,1200401,16,11,1,2,2
45074,2023,5,28,1,3,163,777,5107925,67,20,0,2,1
45074,2023,5,28,1,3,316,"139,2",2107357,51,20,0,3,1
45074,2023,5,28,1,3,376,3,5003702,82,7,0,6,2
45074,2023,5,28,1,3,262,113,3205069,83,4,0,1,1