id_data,ano,mes,dia,id_dia_semana,periodo,br,km,id_municipio,id_causa_acidente,id_tipo_acidente,id_uso_solo,pessoas,veiculos
45074,2023,5,28,1,1,153,"122,4",4109708,67,20,0,1,1
45074,2023,5,28,1,3,101,139,4202008,67,3,1,1,1
45074,2023,5,28,1,3,116,398,3529906,15,21,0,1,1
45074,2023,5,28,1,3,101,250,3305604,67,3,0,2,1
45074,2023,5,28,1,2,101,290,3301900,11,12,0,2,1
45074,2023,5,28,1,3,376,"664,2",4109609,83,3,0,1,1
45074,2023,5,28,1,3,116,"216,7",4312476,11,20,0,2,1
45074,2023,5,28,1,3,116,562,3505401,11,20,0,2,1
45074,2023,5,28,1,3,101,824,2915601,80,7,0,3,2
45074,2023,5,28,1,4,20,"12,5",5300108,1,12,1,3,2
45074,2023,5,28,1,3,101,"289,5",4207304,18,4,1,1,1
45074,2023,5,28,1,3,116,213,3518800,67,4,0,2,2
45074,2023,5,28,1,3,116,215,3518800,49,12,1,5,2
45074,2023,5,28,1,4,116,221,3518800,35,2,1,3,2
45074,2023,5,28,1,3,116,228,4306403,11,7,0,4,2
45074,2023,5,28,1,3,381,73,3550308,15,3,0,2,1
45074,2023,5,28,1,4,381,"863,8",3152501,18,20,0,1,1
45074,2023,5,28,1,3,381,"924,6",3110509,83,4,0,4,1
45074,2023,5,28,1,3,158,22,5002902,67,21,0,1,1
45074,2023,5,28,1,3,316,"7,9",2211001,52,20,1,3,2
45074,2023,5,28,1,4,40,72,3303906,67,3,0,2,1
45074,2023,5,28,1,4,116,235,3304003,2,11,0,2,2
45074,2023,5,28,1,3,116,67,3518404,28,18,0,1,1
45074,2023,5,28,1,4,153,513,5201405,67,9,1,2,2
45074,2023,5,28,1,3,153,297,1718402,11,3,0,2,1
45074,2023,5,28,1,4,381,"876,5",3124500,83,20,0,2,1
45074,2023,5,28,1,3,230,"14,4",2101509,80,7,0,2,2
45074,2023,5,28,1,4,153,133,1702109,52,10,0,3,3
45074,2023,5,28,1,3,153,"370,7",5219902,67,12,0,3,2
45074,2023,5,28,1,3,101,71,4201307,67,20,0,1,1
45074,2023,5,28,1,4,163,70,4119004,51,20,0,1,1
45074,2023,5,28,1,3,163,42,4120358,33,11,0,2,2
45074,2023,5,28,1,4,40,413,3120904,83,3,0,1,1
45074,2023,5,28,1,4,226,"243,4",2406106,80,7,0,2,2
45074,2023,5,28,1,4,381,89,3518800,67,12,0,3,3
45074,2023,5,28,1,4,116,"560,5",3505401,11,20,0,2,1
45074,2023,5,28,1,4,116,8,4120804,80,7,1,22,3
45074,2023,5,28,1,4,381,"0,5",3106705,67,4,1,3,2
45074,2023,5,28,1,4,116,11,4105805,49,12,1,6,2
45074,2023,5,28,1,3,60,368,2401305,49,10,1,3,2
45074,2023,5,28,1,4,230,121,1504208,11,12,1,4,3
45074,2023,5,28,1,4,470,"162,4",4213708,83,20,0,1,1
45074,2023,5,28,1,3,116,152,4114302,1,11,1,3,2
45074,2023,5,28,1,3,280,155,4210100,11,20,0,1,1
45074,2023,5,28,1,3,163,302,4115853,83,20,0,2,1
45074,2023,5,28,1,4,343,5,2207702,51,20,0,4,1
45074,2023,5,28,1,3,280,"92,3",4204509,34,20,0,3,1
45074,2023,5,28,1,3,101,134,4202008,67,12,1,2,2
45074,2023,5,28,1,3,135,146,2926202,67,20,0,3,1
45074,2023,5,28,1,3,116,"10,4",4210100,49,7,0,4,2
45074,2023,5,28,1,3,287,"469,9",4318002,1,11,0,2,2
45074,2023,5,28,1,3,392,"82,1",4314407,49,20,0,3,1
45074,2023,5,28,1,4,101,400,3302007,49,2,0,3,2
45074,2023,5,28,1,3,110,"45,1",2408003,67,10,1,2,2
45074,2023,5,28,1,3,116,232,3304003,67,3,0,1,1
45074,2023,5,28,1,4,364,671,1100809,25,12,0,2,2
45074,2023,5,28,1,4,116,"364,1",3529906,11,4,0,2,1
45074,2023,5,28,1,3,317,218,1200708,63,4,0,5,1
45074,2023,5,28,1,4,381,78,3550308,15,4,1,2,1
45074,2023,5,28,1,4,101,139,4202008,67,4,1,1,1
45074,2023,5,28,1,4,364,506,1100023,80,10,1,4,2
45074,2023,5,28,1,4,153,682,5216007,18,20,0,2,1
45074,2023,5,28,1,4,381,917,3110509,83,9,0,10,3
45074,2023,5,28,1,4,304,35,2408003,49,4,1,1,1
45074,2023,5,28,1,3,101,139,4202008,83,4,1,2,1
45074,2023,5,28,1,4,381,"923,1",3110509,83,3,0,1,1
45074,2023,5,28,1,4,101,162,4213500,11,4,1,1,1
45074,2023,5,28,1,4,116,206,4122305,49,20,0,2,1
45074,2023,5,28,1,4,101,807,2915601,35,2,1,2,2
45074,2023,5,28,1,4,381,386,3105400,1,2,0,3,2
45075,2023,5,29,2,1,116,216,3518800,83,4,1,2,1
45074,2023,5,28,1,4,116,197,3304144,28,18,1,1,1
45074,2023,5,28,1,4,463,"107,3",5006606,56,4,1,2,2
45074,2023,5,28,1,4,163,1057,5105606,67,7,0,3,2
45075,2023,5,29,2,1,316,"11,4",2211001,61,2,1,2,2
45075,2023,5,29,2,1,386,373,4314159,49,20,0,1,1
45075,2023,5,29,2,1,262,800,3170107,49,20,1,1,1
45075,2023,5,29,2,1,476,165,4101804,18,20,0,1,1
45075,2023,5,29,2,1,40,"513,1",3154606,48,20,0,1,1
45075,2023,5,29,2,1,448,22,4304606,49,4,1,2,1
45075,2023,5,29,2,1,101,"6,9",2508901,67,4,0,1,1
45075,2023,5,29,2,1,101,86,2507507,49,21,1,1,1
45075,2023,5,29,2,1,408,69,2610608,11,4,0,1,1
45074,2023,5,28,1,3,116,74,2500775,11,21,1,2,1
45075,2023,5,29,2,1,116,167,3524402,38,9,1,2,2
45075,2023,5,29,2,1,324,620,2927408,64,21,1,6,3
45075,2023,5,29,2,2,101,79,3301009,1,11,0,2,2
45074,2023,5,28,1,4,262,34,3139409,1,11,1,3,2
45074,2023,5,28,1,4,116,521,3113404,11,12,1,3,2
45075,2023,5,29,2,2,356,50,3302205,11,21,0,1,1
45075,2023,5,29,2,2,40,"509,2",3154606,11,9,1,2,2
45075,2023,5,29,2,2,324,"614,7",2927408,67,12,0,7,5
45074,2023,5,28,1,4,40,56,3303906,11,20,1,1,1
45075,2023,5,29,2,1,364,296,5104807,67,20,0,1,1
45075,2023,5,29,2,2,116,446,3542602,67,4,1,1,1
45075,2023,5,29,2,2,70,19,5300108,52,9,0,2,2
45075,2023,5,29,2,2,101,132,4202008,1,11,0,2,2
45075,2023,5,29,2,2,101,"197,3",4202305,1,11,1,2,2
45075,2023,5,29,2,2,116,326,3526209,64,20,0,1,1
45075,2023,5,29,2,2,381,74,3550308,15,4,0,3,1
45075,2023,5,29,2,2,116,306,3549953,51,4,0,1,1
45075,2023,5,29,2,2,116,138,3549904,11,12,1,3,2
45075,2023,5,29,2,2,101,147,2404200,1,9,1,2,2
45075,2023,5,29,2,2,116,108,3554102,67,21,1,1,1
45075,2023,5,29,2,2,40,"0,5",5221858,78,12,1,3,2
45075,2023,5,29,2,2,101,"416,9",4201406,11,9,1,3,3
45075,2023,5,29,2,2,280,67,4208906,20,11,0,2,2
45075,2023,5,29,2,2,101,"268,6",3205002,35,2,1,2,2
45075,2023,5,29,2,2,101,176,2401404,4,20,0,3,1
45075,2023,5,29,2,2,101,222,4211900,52,9,1,2,2
45075,2023,5,29,2,2,364,129,1200401,16,12,1,4,2
45075,2023,5,29,2,1,287,364,4311106,21,20,0,1,1
45075,2023,5,29,2,2,304,"49,5",2408003,28,21,1,2,1
45074,2023,5,28,1,4,174,8,5106752,11,20,0,1,1
45075,2023,5,29,2,1,163,647,5105259,52,7,0,11,2
45075,2023,5,29,2,2,101,295,3201308,67,15,1,4,3
45075,2023,5,29,2,2,381,636,3159902,64,3,0,2,2
45075,2023,5,29,2,2,381,635,3159902,67,4,0,1,1
45075,2023,5,29,2,2,163,6,2922102,67,9,0,8,2
45075,2023,5,29,2,2,153,41,4124103,11,15,1,5,3
45047,2023,5,1,2,2,282,493,4205308,11,20,0,1,1
45075,2023,5,29,2,2,376,665,4109609,83,3,0,1,1
45075,2023,5,29,2,2,40,91,3303906,15,9,0,2,2
45075,2023,5,29,2,2,235,"98,8",2801405,1,11,0,2,2
45075,2023,5,29,2,2,381,309,3103009,58,4,0,1,1
45075,2023,5,29,2,2,116,223,3518800,67,12,1,2,2
45075,2023,5,29,2,2,386,362,4302402,28,21,0,2,1
45075,2023,5,29,2,1,40,98,3301702,35,2,0,2,2
45051,2023,5,5,6,2,282,16,4211900,1,21,1,2,2
45075,2023,5,29,2,2,316,314,2208007,11,2,1,2,2
45075,2023,5,29,2,2,251,"42,5",5300108,80,10,0,2,2
45075,2023,5,29,2,2,60,51,5200100,16,12,0,3,2
45075,2023,5,29,2,2,101,"269,1",3205002,35,2,1,2,2
45060,2023,5,14,1,1,50,161,3170107,67,20,0,1,1
45075,2023,5,29,2,2,110,154,2926608,67,2,0,2,2
45075,2023,5,29,2,2,235,"51,2",2506905,56,4,1,2,2
45075,2023,5,29,2,2,101,"269,9",3205002,61,2,1,3,2
45075,2023,5,29,2,2,101,"211,8",4211900,11,12,1,4,2
45075,2023,5,29,2,2,267,"21,2",3104403,83,20,0,3,1
45075,2023,5,29,2,2,277,724,4108304,82,9,1,3,3
45075,2023,5,29,2,2,116,"715,6",3143906,83,3,0,2,1
45075,2023,5,29,2,2,116,20,4101200,15,20,0,2,1
45075,2023,5,29,2,2,116,99,3301850,15,21,0,1,1
45061,2023,5,15,2,2,369,"153,1",4113700,82,9,1,3,2
45075,2023,5,29,2,2,259,45,3201506,11,2,0,2,2
45075,2023,5,29,2,2,364,12,1100304,33,11,1,2,2
45075,2023,5,29,2,2,280,179,4210100,11,10,0,3,2
45075,2023,5,29,2,3,116,530,4314407,16,11,1,3,2
45075,2023,5,29,2,2,116,541,3505401,67,20,0,3,1
45075,2023,5,29,2,2,40,"656,2",3120409,15,4,0,1,1
45075,2023,5,29,2,3,70,2,5300108,67,4,0,2,2
45075,2023,5,29,2,3,116,228,3304003,11,20,0,1,1
45075,2023,5,29,2,3,116,347,3529906,64,20,0,2,1
45075,2023,5,29,2,3,386,"367,4",4308078,67,2,0,2,2
45075,2023,5,29,2,3,101,153,4213500,1,12,0,2,2
45075,2023,5,29,2,3,101,103,2403251,11,12,1,2,2
44987,2023,3,2,5,3,116,402,3127701,67,21,0,1,1
45071,2023,5,25,5,3,116,440,2910800,83,4,0,1,1
45072,2023,5,26,6,3,158,535,4118501,1,11,1,2,2
45075,2023,5,29,2,3,116,514,3509254,67,20,0,1,1
45043,2023,4,27,5,2,381,"940,1",3125101,67,15,0,4,4
45075,2023,5,29,2,3,101,80,2110203,4,12,0,2,2
45075,2023,5,29,2,2,174,108,1400472,15,20,0,5,1
45075,2023,5,29,2,3,277,"3,5",4108304,16,12,1,3,2
45060,2023,5,14,1,1,40,"16,5",3147006,9,4,0,1,1
45074,2023,5,28,1,3,163,653,1503606,49,20,0,1,1
45075,2023,5,29,2,3,50,174,3170107,67,21,1,1,1
45075,2023,5,29,2,2,324,620,2927408,52,9,1,2,2
45075,2023,5,29,2,3,153,493,5208707,11,7,1,2,2
45075,2023,5,29,2,2,381,"320,2",3144706,67,20,0,1,1
45075,2023,5,29,2,3,277,723,4108304,33,4,1,1,1
45060,2023,5,14,1,3,369,498,4106308,67,21,0,1,1
45075,2023,5,29,2,3,116,268,4304606,78,12,1,4,3
45075,2023,5,29,2,3,470,75,4207502,1,11,0,2,2
45075,2023,5,29,2,3,50,71,3170206,11,15,1,5,4
45075,2023,5,29,2,3,381,61,3528502,61,2,0,3,2
45075,2023,5,29,2,3,356,"1,8",3302205,67,20,0,2,1
45075,2023,5,29,2,3,116,"132,3",3508504,35,2,0,4,3
45075,2023,5,29,2,3,470,"158,1",4218608,1,11,1,2,2
45069,2023,5,23,3,1,116,"280,7",3168606,80,7,0,37,2
45075,2023,5,29,2,3,116,"129,5",4107652,61,2,1,2,2
45075,2023,5,29,2,3,116,"233,8",4307609,1,9,1,3,3
45075,2023,5,29,2,3,324,624,2927408,52,9,0,2,1
45075,2023,5,29,2,3,101,88,2900702,67,12,0,2,2
45075,2023,5,29,2,3,381,"690,2",3138203,11,12,0,1,1
45075,2023,5,29,2,4,116,"1,8",1507755,67,2,1,2,2
45075,2023,5,29,2,3,280,125,4215000,33,11,1,3,2
45075,2023,5,29,2,4,60,3,5300108,16,12,1,3,3
45065,2023,5,19,6,4,262,"361,4",2401305,11,4,0,1,1
45075,2023,5,29,2,3,101,394,3204401,11,2,0,2,2
45075,2023,5,29,2,3,174,106,5102504,67,2,0,2,2
45064,2023,5,18,5,2,163,"767,1",5006408,11,12,0,3,2
45047,2023,5,1,2,1,101,145,3203205,11,12,0,3,2
45075,2023,5,29,2,3,364,58,5100409,1,2,1,2,2
45075,2023,5,29,2,3,459,"37,4",3159209,9,1,0,2,2
45075,2023,5,29,2,3,471,192,4313953,11,4,0,1,1
45075,2023,5,29,2,3,376,"2,9",4114203,44,12,1,2,2
45075,2023,5,29,2,3,135,504,2206605,12,9,1,2,2
45075,2023,5,29,2,3,364,274,1200500,20,9,1,2,2
45075,2023,5,29,2,4,174,"441,8",1400308,49,7,0,3,2
45075,2023,5,29,2,4,468,105,4321907,61,11,0,3,2
45075,2023,5,29,2,3,364,"270,9",5104807,67,15,1,4,3
45075,2023,5,29,2,4,230,308,2203909,33,11,1,2,2
45075,2023,5,29,2,4,101,"90,2",2804805,49,4,1,1,1
45075,2023,5,29,2,4,60,31,5200308,83,12,1,2,2
45063,2023,5,17,4,3,364,12,1100304,11,21,0,1,1
45075,2023,5,29,2,3,423,54,2703304,35,2,1,2,2
45075,2023,5,29,2,4,158,"267,2",5008305,41,20,0,2,1
45076,2023,5,30,3,1,364,713,1100205,11,20,1,1,1
45076,2023,5,30,3,1,163,1,5104104,18,3,0,1,1
45076,2023,5,30,3,2,101,105,4212502,11,7,1,2,2
45076,2023,5,30,3,2,381,"486,5",3106705,28,21,1,2,1
45076,2023,5,30,3,2,116,264,4304606,67,12,1,2,2
45076,2023,5,30,3,2,324,615,2927408,28,18,0,5,1
45076,2023,5,30,3,2,153,"62,3",3549805,52,9,1,2,2
45076,2023,5,30,3,2,116,186,3546801,52,9,1,3,2
45076,2023,5,30,3,2,101,"74,6",2611606,52,12,1,2,2
45076,2023,5,30,3,2,116,"279,2",3515004,78,21,1,2,2
45076,2023,5,30,3,2,116,3,2304400,1,9,0,2,2
45076,2023,5,30,3,2,116,114,4106902,52,9,1,2,2
45076,2023,5,30,3,2,70,"0,6",5200258,83,3,1,1,1
45056,2023,5,10,4,2,277,"580,6",2303501,52,11,1,3,2
45076,2023,5,30,3,2,116,248,4318705,67,20,1,3,2
45036,2023,4,20,5,4,40,510,3154606,11,9,1,5,5
45076,2023,5,30,3,2,10,"248,1",2105302,1,11,1,3,2
45076,2023,5,30,3,2,116,231,3304003,67,20,0,1,1
45052,2023,5,6,7,3,316,"156,8",2706307,16,12,1,2,2
45076,2023,5,30,3,2,280,80,4204509,1,12,1,2,2
45076,2023,5,30,3,2,40,"620,8",3118304,19,20,0,3,1
45076,2023,5,30,3,1,40,110,3301702,83,12,1,2,2
45076,2023,5,30,3,2,101,335,4218707,52,12,1,3,3
45076,2023,5,30,3,2,101,95,2408102,16,9,1,2,2
45076,2023,5,30,3,2,222,1,2304400,52,9,1,3,3
45076,2023,5,30,3,2,101,88,2507507,1,9,1,3,2
45076,2023,5,30,3,2,116,"738,6",2903706,82,7,0,3,2
45076,2023,5,30,3,2,101,520,2914802,67,12,0,4,2
45076,2023,5,30,3,2,116,"504,9",3130903,83,20,0,1,1
45076,2023,5,30,3,2,381,"88,9",3518800,52,9,1,3,3
45073,2023,5,27,7,2,116,"412,7",3127701,67,12,1,3,2
45076,2023,5,30,3,2,174,1002,1303536,82,20,0,1,1
45073,2023,5,27,7,4,158,538,4118501,13,20,1,3,1
45076,2023,5,30,3,2,343,197,2208403,11,20,0,1,1
45076,2023,5,30,3,3,376,"497,8",4119905,67,20,1,2,2
45076,2023,5,30,3,3,381,"452,1",3156700,16,12,1,2,2
45076,2023,5,30,3,3,116,461,3123700,18,4,0,1,1
45076,2023,5,30,3,2,428,186,2611101,16,12,0,2,2
45064,2023,5,18,5,2,174,990,1303536,1,11,1,2,2
45076,2023,5,30,3,3,101,"94,3",2408102,78,12,1,3,2
45076,2023,5,30,3,3,101,"200,1",4216602,16,12,1,2,2
45076,2023,5,30,3,3,116,121,3508504,35,2,0,2,2
45076,2023,5,30,3,3,116,273,3300407,35,2,0,2,2
45066,2023,5,20,7,3,116,231,4310801,11,11,1,5,2
45076,2023,5,30,3,3,277,"80,5",4106902,83,4,1,2,2
45076,2023,5,30,3,3,116,250,3303955,67,20,0,3,1
45076,2023,5,30,3,3,101,119,4208203,11,9,1,2,2
45076,2023,5,30,3,3,153,367,4122008,1,11,1,2,2
45076,2023,5,30,3,3,287,248,2409332,67,11,1,2,2
45074,2023,5,28,1,3,277,"76,5",4125506,44,20,1,1,1
45076,2023,5,30,3,3,40,"2,8",5221858,67,9,1,2,2
45076,2023,5,30,3,3,116,201,3503901,13,21,1,1,1
45076,2023,5,30,3,2,174,257,5108352,18,20,0,1,1
45076,2023,5,30,3,3,40,9,5212501,67,11,1,2,2
45076,2023,5,30,3,3,367,"39,9",2925303,83,20,0,1,1
45076,2023,5,30,3,2,116,38,4104006,15,4,0,1,1
45076,2023,5,30,3,2,459,"10,6",3538501,56,4,0,1,1
45076,2023,5,30,3,3,349,2,2800308,16,12,1,2,2
45076,2023,5,30,3,3,116,"427,9",2910800,11,2,0,2,2
45076,2023,5,30,3,3,116,"427,9",2910800,16,12,0,2,2
45076,2023,5,30,3,3,163,"46,5",4120358,82,9,0,2,2
45076,2023,5,30,3,3,230,"11,8",2503209,10,2,1,2,2
45076,2023,5,30,3,3,158,339,2409332,11,20,0,1,1
45076,2023,5,30,3,3,101,419,4201406,35,2,1,2,2
45076,2023,5,30,3,3,101,434,4217709,80,7,1,3,2
45076,2023,5,30,3,3,60,35,5208707,11,12,1,2,2
45076,2023,5,30,3,4,282,"5,7",4216602,11,12,0,2,2
45076,2023,5,30,3,3,101,92,2602902,67,2,0,2,2
45076,2023,5,30,3,3,230,157,2504009,49,4,1,1,1
45076,2023,5,30,3,3,116,209,4213302,1,12,0,3,2
45076,2023,5,30,3,3,104,"130,5",2504009,52,11,1,2,2
45076,2023,5,30,3,3,50,191,3170107,28,21,0,2,1
45076,2023,5,30,3,3,230,127,2512754,52,20,0,1,1
45076,2023,5,30,3,3,367,"39,9",2925303,83,20,0,1,1
45076,2023,5,30,3,3,116,"315,2",3132701,16,12,0,4,2
45072,2023,5,26,6,2,324,613,2930709,16,12,0,2,2
45076,2023,5,30,3,3,381,154,3127701,1,11,1,2,2
45076,2023,5,30,3,3,364,709,1100205,72,11,1,3,2
45076,2023,5,30,3,4,116,"230,5",3550308,67,12,1,3,3
45076,2023,5,30,3,3,104,"75,2",2600302,67,12,0,2,2
45076,2023,5,30,3,3,104,76,2604106,11,21,1,2,1
45076,2023,5,30,3,4,280,"73,3",4208906,11,20,0,2,1
45076,2023,5,30,3,3,116,"537,9",3159357,11,7,0,2,2
45076,2023,5,30,3,4,153,"506,9",5201405,11,21,1,3,2
45076,2023,5,30,3,3,470,"68,4",4207502,61,2,0,2,2
45076,2023,5,30,3,4,381,70,3528502,11,7,0,2,1
45076,2023,5,30,3,4,364,710,1100205,46,11,1,2,2
45076,2023,5,30,3,4,116,239,4313409,16,12,0,2,2
45076,2023,5,30,3,4,381,488,3106705,11,21,1,1,1
45076,2023,5,30,3,4,116,"34,9",2301000,18,4,0,1,1
45076,2023,5,30,3,4,364,349,1100122,11,21,1,1,1
45076,2023,5,30,3,4,116,99,3538006,13,10,0,4,2
45076,2023,5,30,3,4,101,206,3301306,1,2,1,2,2
45076,2023,5,30,3,4,277,75,4125506,48,2,0,2,2
45076,2023,5,30,3,3,317,95,1200450,1,12,0,2,2
45076,2023,5,30,3,4,343,12,2207702,17,11,1,3,2
45076,2023,5,30,3,3,101,317,3304904,14,12,1,4,3
45076,2023,5,30,3,4,222,"4,2",2303709,61,2,1,2,2
45076,2023,5,30,3,4,40,529,3118601,1,9,1,2,2
45076,2023,5,30,3,4,163,"573,1",1508050,11,21,0,1,1
45076,2023,5,30,3,4,418,92,2923001,52,9,0,2,2
45077,2023,5,31,4,1,116,"409,7",3127701,11,12,1,3,2
45077,2023,5,31,4,1,116,248,4318705,28,18,1,1,1
45076,2023,5,30,3,4,116,184,3303500,60,2,1,2,2
45077,2023,5,31,4,1,163,649,1503606,9,21,0,2,1
45077,2023,5,31,4,1,116,58,3518404,11,4,0,1,1
45077,2023,5,31,4,1,174,"201,3",5106828,12,12,0,2,2
45077,2023,5,31,4,1,280,"79,9",4204509,11,4,0,1,1
45077,2023,5,31,4,1,110,354,2907509,9,1,0,1,1
45077,2023,5,31,4,2,116,438,2910800,18,20,0,1,1
45077,2023,5,31,4,2,381,"37,3",3504107,67,15,1,4,3
45077,2023,5,31,4,2,40,"5,5",5300108,16,12,0,2,2
45077,2023,5,31,4,2,324,"575,3",2929503,18,20,0,1,1
45077,2023,5,31,4,2,230,6,2503209,1,11,1,3,2
45077,2023,5,31,4,2,423,"37,5",2703304,82,7,0,2,2
45077,2023,5,31,4,2,364,5,1100304,20,12,1,3,2
45058,2023,5,12,6,1,364,597,5103502,82,7,0,4,2
45077,2023,5,31,4,2,116,221,3518800,67,21,1,1,1
45077,2023,5,31,4,2,163,845,5107909,1,20,0,4,1
45077,2023,5,31,4,2,116,155,3549904,16,15,1,4,3
45077,2023,5,31,4,2,116,216,3518800,67,9,0,2,2
44984,2023,2,27,2,4,101,116,4208203,5,4,1,1,1
45077,2023,5,31,4,2,376,673,4109609,67,4,0,1,1
45077,2023,5,31,4,2,101,270,3205002,11,12,1,2,2
45077,2023,5,31,4,2,101,"73,5",2611606,11,11,0,3,2
45077,2023,5,31,4,2,116,"378,5",4303509,67,4,0,3,1
45077,2023,5,31,4,2,10,460,4117602,49,12,0,2,2
45077,2023,5,31,4,2,369,188,4101507,11,12,1,2,2
45077,2023,5,31,4,2,153,"72,8",3549805,52,20,1,3,2
45077,2023,5,31,4,2,381,724,3113909,83,3,1,1,1
45077,2023,5,31,4,2,381,"688,1",3138203,83,4,0,3,1
45077,2023,5,31,4,2,381,"732,5",3113909,83,20,0,1,1
45077,2023,5,31,4,2,116,"346,6",2413508,2,11,1,5,2
45077,2023,5,31,4,2,101,103,2403251,36,12,1,2,2
45077,2023,5,31,4,2,304,50,2301109,1,11,0,2,2
45077,2023,5,31,4,2,116,278,3168606,67,21,1,1,1
45077,2023,5,31,4,3,101,"236,3",4211900,18,20,0,1,1
45077,2023,5,31,4,2,230,"14,5",2503209,67,21,1,1,1
45077,2023,5,31,4,3,116,142,4305108,17,11,0,3,2
45050,2023,5,4,5,4,101,"307,8",3304904,11,12,0,1,1
45077,2023,5,31,4,2,101,442,3302601,15,21,0,1,1
45077,2023,5,31,4,2,116,"441,9",3123700,11,20,0,2,1
45067,2023,5,21,1,3,470,"35,6",4205902,78,9,0,3,2
45077,2023,5,31,4,3,50,117,3170107,67,20,0,1,1
45077,2023,5,31,4,2,101,329,3304557,38,12,0,3,2
45077,2023,5,31,4,2,163,844,5107909,67,20,1,1,1
45077,2023,5,31,4,3,70,0,5101803,16,12,1,2,2
45077,2023,5,31,4,2,101,131,4202008,80,10,1,2,2
45077,2023,5,31,4,2,116,2,2304400,52,21,1,1,1
45077,2023,5,31,4,3,232,4,2611606,67,4,1,2,1
45077,2023,5,31,4,3,40,6,5300108,67,10,0,3,3
45077,2023,5,31,4,3,101,"94,3",2408102,10,2,1,2,2
45077,2023,5,31,4,3,153,211,3127107,49,12,0,2,2
45077,2023,5,31,4,3,381,59,3528502,83,4,1,1,1
45077,2023,5,31,4,2,116,"480,5",3122504,11,12,0,4,2
45077,2023,5,31,4,3,381,"611,5",3145604,11,20,0,1,1
45077,2023,5,31,4,3,381,"627,3",3145604,83,20,0,1,1
45077,2023,5,31,4,3,116,130,3302502,83,20,0,2,1
45077,2023,5,31,4,3,101,261,3304300,64,20,1,1,1
45077,2023,5,31,4,3,101,135,3300936,18,9,0,2,2
45077,2023,5,31,4,3,407,"126,3",2611101,52,21,1,1,1
45077,2023,5,31,4,3,101,70,3204906,2,9,0,3,2
45077,2023,5,31,4,3,381,"71,5",3528502,83,4,0,1,1
45077,2023,5,31,4,3,116,"148,3",3549904,13,15,1,8,3
45077,2023,5,31,4,3,369,"144,5",4113700,49,7,0,3,3
45077,2023,5,31,4,3,116,"701,1",3143906,1,11,1,2,2
45077,2023,5,31,4,3,381,"510,7",3130101,63,21,1,1,1
45077,2023,5,31,4,3,381,"627,3",3145604,11,12,0,3,2
45077,2023,5,31,4,3,116,106,3554102,11,15,1,6,3
45077,2023,5,31,4,3,230,4,1700301,25,12,1,3,3
45077,2023,5,31,4,3,163,"425,4",2401305,28,18,0,1,1
45077,2023,5,31,4,3,476,154,4101804,61,2,1,2,2
45077,2023,5,31,4,3,101,"2,8",4321501,11,21,1,2,2
45077,2023,5,31,4,3,381,"937,6",3133600,83,3,1,1,1
45077,2023,5,31,4,3,222,"1,6",2303709,61,2,1,3,2
45077,2023,5,31,4,4,116,245,4318705,78,9,1,2,2
45077,2023,5,31,4,3,230,43,2110203,28,18,0,1,1
45077,2023,5,31,4,3,354,"732,4",3152600,67,20,0,1,1
45077,2023,5,31,4,3,365,604,3170206,11,20,0,1,1
45077,2023,5,31,4,3,285,590,4302501,16,12,0,3,2
45077,2023,5,31,4,4,277,"394,8",4104428,16,12,0,4,2
45077,2023,5,31,4,4,235,99,2801405,83,7,0,2,2
45077,2023,5,31,4,2,343,"26,5",2207702,51,4,1,1,1
45077,2023,5,31,4,4,101,48,3555406,20,21,1,3,2
45077,2023,5,31,4,4,222,"4,8",2303709,52,9,1,2,2
45077,2023,5,31,4,3,101,506,3300100,82,7,1,3,2
45077,2023,5,31,4,3,10,248,2105302,1,9,1,2,2
45077,2023,5,31,4,4,40,43,3147006,1,11,1,2,2
45077,2023,5,31,4,2,116,"203,6",3113008,80,7,0,4,2
45077,2023,5,31,4,4,381,86,3550308,61,2,1,2,2
45077,2023,5,31,4,4,319,52,1100205,67,10,0,2,2
45077,2023,5,31,4,4,101,193,4202305,1,9,1,3,2
45077,2023,5,31,4,4,262,368,3136652,16,12,1,5,2
45077,2023,5,31,4,3,174,101,5102504,63,21,0,3,2
45077,2023,5,31,4,4,116,134,3508504,28,18,0,1,1
45078,2023,6,1,5,1,153,572,1718899,28,4,0,1,1
45077,2023,5,31,4,4,116,147,4305108,67,4,1,2,1
45077,2023,5,31,4,4,282,"285,8",4216800,80,7,0,3,2
45078,2023,6,1,5,1,40,77,3303906,67,20,0,2,1
45078,2023,6,1,5,1,423,"28,7",2613107,49,20,0,2,1
45077,2023,5,31,4,4,493,1,3301900,12,4,1,3,1
45078,2023,6,1,5,2,101,203,4216602,11,3,0,4,1
44999,2023,3,14,3,3,282,382,4206702,1,11,0,2,2
45077,2023,5,31,4,3,230,"411,1",1505486,67,7,1,3,2
45078,2023,6,1,5,2,101,48,3555406,1,11,1,2,2
45078,2023,6,1,5,2,50,180,3170107,61,2,1,2,2
45078,2023,6,1,5,2,116,124,4107652,78,9,1,2,2
45078,2023,6,1,5,2,116,275,3515004,1,12,1,2,2
45078,2023,6,1,5,2,116,115,4106902,78,12,0,2,2
45078,2023,6,1,5,2,277,724,4108304,61,2,1,3,2
45078,2023,6,1,5,2,163,"473,2",2401305,1,9,0,2,2
45031,2023,4,15,7,2,60,"91,3",5201108,48,7,1,7,2
45078,2023,6,1,5,2,101,"225,9",4211900,83,9,0,2,2
45078,2023,6,1,5,2,230,"152,6",2504009,64,21,1,2,1