id_data,ano,mes,dia,id_dia_semana,periodo,br,km,id_municipio,id_causa_acidente,id_tipo_acidente,id_uso_solo,pessoas,veiculos
45084,2023,6,7,4,3,163,480,2401305,11,21,1,1,1
45084,2023,6,7,4,3,277,594,2303501,16,12,1,2,2
45084,2023,6,7,4,2,232,54,2616407,56,21,0,1,1
45084,2023,6,7,4,3,343,0,2211001,44,12,1,2,2
45084,2023,6,7,4,3,369,155,4113700,49,12,1,2,2
45047,2023,5,1,2,3,230,7,2503209,49,12,1,2,2
45080,2023,6,3,7,3,470,"202,9",4302105,1,12,0,3,2
45084,2023,6,7,4,3,70,470,5201702,11,9,1,2,2
45084,2023,6,7,4,3,116,155,3549904,16,12,0,3,3
45084,2023,6,7,4,2,163,"2,6",4205001,1,11,1,2,2
45084,2023,6,7,4,3,101,"208,8",4216602,11,9,0,3,3
45084,2023,6,7,4,3,116,"40,8",3508603,56,21,0,1,1
45084,2023,6,7,4,3,381,679,3149903,16,12,0,6,2
45084,2023,6,7,4,3,232,125,2604106,60,2,1,2,2
45084,2023,6,7,4,3,381,282,3135001,67,11,0,2,2
45084,2023,6,7,4,3,101,204,3203130,1,7,1,2,2
45084,2023,6,7,4,3,101,213,4211900,16,12,1,2,2
45084,2023,6,7,4,3,153,"60,9",3549805,52,9,1,4,2
45084,2023,6,7,4,3,20,"11,9",5300108,83,9,1,2,2
45084,2023,6,7,4,3,280,48,4206504,1,11,0,6,2
45084,2023,6,7,4,3,381,59,3528502,11,9,1,3,3
45084,2023,6,7,4,3,101,139,3203205,46,2,0,2,2
45084,2023,6,7,4,3,116,228,4204558,56,20,0,3,1
45084,2023,6,7,4,3,116,230,3550308,52,9,1,2,2
45084,2023,6,7,4,3,163,258,5003702,1,11,1,2,2
45084,2023,6,7,4,3,116,268,4304606,52,9,1,3,3
45084,2023,6,7,4,2,405,6,2516904,18,20,0,1,1
45084,2023,6,7,4,3,381,482,3106705,63,21,1,1,1
45084,2023,6,7,4,3,232,"411,9",2613909,20,11,0,4,2
45084,2023,6,7,4,3,153,"61,4",3549805,52,9,1,2,2
45084,2023,6,7,4,3,116,"306,7",4309308,67,12,0,3,2
45084,2023,6,7,4,3,60,88,5201108,83,12,0,2,2
45084,2023,6,7,4,3,287,249,2409332,1,11,1,2,2
45084,2023,6,7,4,3,20,"2,7",5300108,78,9,1,2,2
45084,2023,6,7,4,3,277,101,4106902,16,12,1,2,2
45084,2023,6,7,4,4,116,230,3550308,16,12,1,4,3
45084,2023,6,7,4,3,376,"400,9",4127502,28,18,0,1,1
45084,2023,6,7,4,3,267,"162,2",3138609,67,2,1,2,2
45084,2023,6,7,4,3,116,"81,5",3544301,5,21,0,1,1
45084,2023,6,7,4,3,364,706,1100205,1,11,0,3,3
45084,2023,6,7,4,4,20,"80,5",2313302,60,2,0,3,2
45084,2023,6,7,4,4,40,14,5212501,52,2,1,6,3
45084,2023,6,7,4,3,20,"0,5",5300108,52,9,0,3,3
45084,2023,6,7,4,3,116,116,4106902,67,9,1,4,2
45084,2023,6,7,4,3,354,721,3152600,11,4,0,1,1
45084,2023,6,7,4,3,116,"2,5",4314902,52,21,1,1,1
45084,2023,6,7,4,2,277,"47,5",4116208,1,9,0,1,1
45084,2023,6,7,4,3,50,"142,3",3170107,11,12,0,7,3
45084,2023,6,7,4,4,116,"701,8",3143906,1,11,1,4,3
45084,2023,6,7,4,3,290,574,4300406,67,12,0,2,2
45084,2023,6,7,4,4,101,"118,7",4208203,11,9,0,2,2
45084,2023,6,7,4,3,163,"71,6",4217204,1,11,1,2,2
45084,2023,6,7,4,4,40,436,3147402,60,2,0,2,2
45084,2023,6,7,4,3,376,"591,5",4106902,61,2,1,2,1
45084,2023,6,7,4,4,230,"365,6",2508802,9,1,0,1,1
45084,2023,6,7,4,4,153,"503,5",5208707,16,12,1,2,2
45084,2023,6,7,4,4,40,523,3118601,67,21,1,1,1
45084,2023,6,7,4,4,101,282,4207304,16,12,1,2,2
45084,2023,6,7,4,4,381,"566,6",3132206,83,20,0,13,4
45084,2023,6,7,4,4,40,527,3118601,52,9,0,3,2
45084,2023,6,7,4,4,393,297,3300407,1,11,1,4,2
45084,2023,6,7,4,4,116,"700,9",3143906,2,11,1,2,2
45084,2023,6,7,4,4,60,27,5002951,11,20,0,1,1
45084,2023,6,7,4,3,364,462,1100023,51,21,0,1,1
45084,2023,6,7,4,4,277,79,4106902,11,4,1,2,2
45084,2023,6,7,4,4,290,"696,1",4322400,52,7,0,9,3
45084,2023,6,7,4,4,364,"384,9",1100155,80,7,1,2,2
45084,2023,6,7,4,4,267,"271,6",3101201,1,11,0,3,2
45084,2023,6,7,4,4,116,417,4303509,11,4,0,1,1
45084,2023,6,7,4,3,116,"632,8",2917607,1,11,0,2,2
45084,2023,6,7,4,4,376,196,4114807,11,12,0,4,3
45084,2023,6,7,4,4,101,100,3203056,11,3,0,2,1
45084,2023,6,7,4,4,277,"581,8",2303501,48,2,1,2,2
45085,2023,6,8,5,1,116,284,3522208,35,2,0,2,2
45085,2023,6,8,5,1,116,506,3509254,67,21,0,1,1
45084,2023,6,7,4,4,116,478,3524600,46,2,0,2,2
45084,2023,6,7,4,4,324,594,2930709,15,20,0,2,1
45085,2023,6,8,5,1,101,"153,7",4213500,67,12,1,5,3
45085,2023,6,8,5,1,282,"3,3",4205407,83,4,1,1,1
45085,2023,6,8,5,1,101,283,2918803,15,20,0,2,1
45085,2023,6,8,5,1,101,"48,6",4209102,80,7,0,2,2
45085,2023,6,8,5,1,381,"939,9",3125101,83,20,0,2,1
45085,2023,6,8,5,1,40,"506,8",3154606,18,20,1,1,1
45085,2023,6,8,5,1,20,"9,5",5300108,78,12,1,4,2
45085,2023,6,8,5,1,290,120,4306767,11,20,0,1,1
45085,2023,6,8,5,1,101,"195,9",4202305,49,4,1,1,1
45085,2023,6,8,5,1,116,298,4309308,11,12,0,2,2
45085,2023,6,8,5,1,101,188,2908200,28,4,1,1,1
45085,2023,6,8,5,1,158,327,2409332,67,20,1,1,1
45085,2023,6,8,5,1,101,"280,7",4207304,49,4,0,2,1
45084,2023,6,7,4,3,470,"68,5",4207502,56,4,1,1,1
45085,2023,6,8,5,1,116,245,4318705,11,20,1,1,1
45085,2023,6,8,5,1,101,392,3302007,11,4,0,1,1
45084,2023,6,7,4,3,101,645,2903409,82,20,0,2,1
45085,2023,6,8,5,1,235,"1,5",2800308,49,4,1,3,2
45085,2023,6,8,5,1,290,92,4314902,11,12,0,3,2
45085,2023,6,8,5,1,163,1033,5105606,67,12,0,1,1
45085,2023,6,8,5,1,101,99,2408102,49,21,1,1,1
45085,2023,6,8,5,2,277,"601,4",2303501,49,9,0,2,2
45085,2023,6,8,5,1,10,"247,5",2105302,1,12,1,2,2
45085,2023,6,8,5,2,40,"480,8",3167202,16,12,0,3,2
45085,2023,6,8,5,2,262,53,3203346,80,7,0,2,2
45085,2023,6,8,5,1,116,"70,2",2500775,10,2,0,2,2
45043,2023,4,27,5,4,364,"692,9",1100205,83,20,1,1,1
45085,2023,6,8,5,2,381,479,3118601,83,12,1,2,2
45085,2023,6,8,5,2,40,"396,1",3120904,11,12,0,4,3
45085,2023,6,8,5,2,40,78,5206206,1,11,0,2,2
45085,2023,6,8,5,2,40,40,3300225,11,2,0,54,2
45085,2023,6,8,5,2,364,"238,2",1100049,33,11,1,6,2
45085,2023,6,8,5,2,116,270,4304606,6,21,1,1,1
45085,2023,6,8,5,1,101,144,3203205,83,12,1,3,2
45085,2023,6,8,5,2,381,"590,8",3114501,61,2,0,4,2
45085,2023,6,8,5,2,116,180,3305109,11,12,0,3,3
45085,2023,6,8,5,2,116,211,3518800,1,9,1,2,2
45085,2023,6,8,5,2,272,535,3554409,16,12,0,6,2
45085,2023,6,8,5,2,116,124,3508504,11,12,0,3,2
45085,2023,6,8,5,2,230,"225,3",2516102,49,20,0,1,1
45085,2023,6,8,5,2,277,137,4102307,9,1,0,3,1
45085,2023,6,8,5,2,101,"71,4",4201307,16,12,0,11,4
45085,2023,6,8,5,2,101,"388,9",3304557,1,2,1,2,2
45085,2023,6,8,5,2,116,250,4318705,16,12,1,2,2
45085,2023,6,8,5,2,101,"109,9",2602902,72,11,0,2,2
45085,2023,6,8,5,2,101,135,2708600,1,9,0,3,2
45085,2023,6,8,5,2,392,73,4314407,1,11,1,2,2
45085,2023,6,8,5,2,285,"507,6",4306932,83,9,0,2,2
45085,2023,6,8,5,2,277,113,4104204,11,15,1,11,4
45085,2023,6,8,5,2,277,610,4124020,1,11,1,3,2
45085,2023,6,8,5,2,259,100,3200805,67,2,1,4,2
45085,2023,6,8,5,2,101,206,4216602,11,4,0,2,1
45085,2023,6,8,5,2,135,167,2903201,67,21,0,2,2
45085,2023,6,8,5,2,153,"128,5",3555356,13,21,0,2,1
45085,2023,6,8,5,2,101,96,2408102,20,11,1,3,2
45085,2023,6,8,5,2,101,206,4216602,56,12,1,3,2
45085,2023,6,8,5,2,60,424,5007901,1,11,1,3,2
45085,2023,6,8,5,2,40,545,3144805,11,15,0,4,3
45085,2023,6,8,5,2,40,15,5212501,52,12,1,2,2
45085,2023,6,8,5,2,101,470,3300100,72,11,0,2,2
45085,2023,6,8,5,3,376,619,4125506,11,12,1,2,2
45085,2023,6,8,5,2,101,"53,8",4321436,67,21,0,1,1
45085,2023,6,8,5,2,262,"547,9",3138807,11,20,0,5,2
45085,2023,6,8,5,2,153,"12,1",4320602,18,20,0,2,1
45085,2023,6,8,5,2,262,"368,2",3136652,67,20,1,1,1
45085,2023,6,8,5,3,354,"738,8",3152600,67,10,0,5,2
45085,2023,6,8,5,3,101,283,3201308,11,3,1,1,1
45085,2023,6,8,5,2,101,"68,2",4201307,16,12,0,8,2
45085,2023,6,8,5,3,262,"157,6",3202454,49,7,1,2,2
45085,2023,6,8,5,3,381,320,3144706,18,7,0,4,2
45085,2023,6,8,5,3,277,"660,8",4115606,33,11,0,3,3
45085,2023,6,8,5,3,40,"490,8",3124104,28,18,0,1,1
45085,2023,6,8,5,2,116,11,1507755,82,7,0,5,2
45085,2023,6,8,5,3,230,"72,6",2515971,18,20,1,5,1
45085,2023,6,8,5,2,174,545,1400100,28,20,0,4,1
45085,2023,6,8,5,2,174,546,1400100,4,20,0,1,1
45085,2023,6,8,5,2,60,55,5006275,18,20,0,2,1
45085,2023,6,8,5,3,116,580,4314209,16,12,0,2,2
45085,2023,6,8,5,1,116,154,3549904,11,4,1,1,1
45077,2023,5,31,4,4,116,"11,3",4105805,55,4,0,3,1
45085,2023,6,8,5,3,262,"471,8",5000708,11,12,0,6,2
45085,2023,6,8,5,3,101,574,3303807,2,10,1,2,2
45081,2023,6,4,1,4,40,80,3303906,67,20,0,1,1
45085,2023,6,8,5,3,282,563,4211405,60,2,0,2,2
45085,2023,6,8,5,3,235,54,2506905,49,2,0,2,2
45085,2023,6,8,5,3,116,"562,1",3139409,67,21,0,1,1
45085,2023,6,8,5,3,116,704,3143906,11,12,1,2,2
45085,2023,6,8,5,2,290,70,4309209,67,20,1,1,1
45085,2023,6,8,5,3,101,483,3300100,28,18,1,1,1
45085,2023,6,8,5,3,235,"53,2",2506905,28,21,0,2,1
45085,2023,6,8,5,3,235,"5,8",2804805,46,2,1,2,2
45085,2023,6,8,5,3,293,46,4305124,82,7,0,5,2
45084,2023,6,7,4,2,470,76,4207502,83,12,0,1,1
45085,2023,6,8,5,3,282,216,4209300,67,15,1,6,4
45085,2023,6,8,5,3,174,9,1100304,12,11,1,2,2
45085,2023,6,8,5,4,158,195,4306106,1,11,1,3,2
45085,2023,6,8,5,3,277,"664,8",4115804,11,12,0,2,2
45085,2023,6,8,5,4,415,18,2913606,60,2,0,5,2
45085,2023,6,8,5,3,280,"234,3",4203808,33,11,1,4,2
45085,2023,6,8,5,4,70,7,5101803,20,11,1,3,2
45085,2023,6,8,5,4,277,138,4102307,49,12,0,1,1
45085,2023,6,8,5,4,101,329,4218707,48,20,1,1,1
45085,2023,6,8,5,3,280,"81,9",4204509,1,11,1,2,2
45085,2023,6,8,5,4,369,137,4109807,48,2,1,2,2
45085,2023,6,8,5,4,369,156,4113700,49,12,1,3,2
45085,2023,6,8,5,4,262,"31,9",3201902,83,20,0,2,1
45085,2023,6,8,5,4,376,671,4109609,65,18,0,1,1
45085,2023,6,8,5,4,163,"500,3",2401305,82,12,0,2,2
45085,2023,6,8,5,4,116,"82,6",4119509,78,21,1,2,2
45085,2023,6,8,5,4,304,286,2407104,82,7,0,6,4
45085,2023,6,8,5,4,365,468,3148103,83,20,0,1,1
45085,2023,6,8,5,3,282,"516,1",4219705,83,20,0,1,1
45085,2023,6,8,5,4,392,352,2409332,20,12,1,3,3
45085,2023,6,8,5,4,153,109,2512200,67,12,0,3,2
45085,2023,6,8,5,4,116,213,3518800,28,21,1,2,1
45085,2023,6,8,5,4,101,"403,1",4210407,56,4,0,4,2
45085,2023,6,8,5,3,116,381,4303509,9,1,0,3,2
45085,2023,6,8,5,4,101,403,3302007,67,12,1,2,2
45085,2023,6,8,5,4,280,127,4215000,49,9,1,2,2
45085,2023,6,8,5,4,116,224,4306403,83,3,0,1,1
45085,2023,6,8,5,4,116,156,3549904,60,2,1,2,2
45085,2023,6,8,5,4,376,"139,2",4116901,83,4,0,4,1
45085,2023,6,8,5,4,104,"94,2",2506004,49,10,0,6,2
45085,2023,6,8,5,4,116,"68,9",2303956,48,12,1,2,2
45085,2023,6,8,5,3,435,117,1100056,11,20,0,1,1
45085,2023,6,8,5,4,408,87,2610608,9,20,0,1,1
45085,2023,6,8,5,4,70,503,5103403,46,7,0,1,1
45085,2023,6,8,5,4,392,"4,9",4315602,11,20,0,2,1
45085,2023,6,8,5,4,392,18,4315602,46,12,0,2,2
45085,2023,6,8,5,4,381,509,3162922,11,4,1,1,1
45085,2023,6,8,5,4,60,"231,3",5205455,18,3,0,1,1
45085,2023,6,8,5,4,381,509,3162922,49,20,1,1,1
45085,2023,6,8,5,4,392,52,4315602,28,21,0,1,1
45085,2023,6,8,5,4,407,126,2930105,15,12,1,1,1
45085,2023,6,8,5,4,282,204,4209300,9,1,0,3,1
45085,2023,6,8,5,4,101,"86,5",2507507,49,7,1,4,3
45086,2023,6,9,6,1,116,"168,5",4305108,67,10,0,2,2
45086,2023,6,9,6,1,50,122,3170107,49,20,0,1,1
45086,2023,6,9,6,1,104,"91,8",2707701,18,4,1,1,1
45086,2023,6,9,6,1,116,427,2910800,67,4,0,4,3
45086,2023,6,9,6,1,376,"153,1",4114104,67,20,0,1,1
45086,2023,6,9,6,1,470,18,4207106,50,4,0,4,1
45086,2023,6,9,6,1,163,36,3514809,11,4,0,1,1
45086,2023,6,9,6,1,155,310,1504208,21,21,0,2,1
45086,2023,6,9,6,1,40,12,5212501,11,4,1,5,2
45086,2023,6,9,6,1,153,"619,2",1700350,67,12,0,2,2
45085,2023,6,8,5,4,70,81,4108502,52,10,0,5,2
45082,2023,6,5,2,3,163,73,4217204,1,11,1,3,3
45086,2023,6,9,6,2,369,"155,3",4113700,78,9,1,2,2
45086,2023,6,9,6,2,70,14,5300108,52,12,0,2,2
45085,2023,6,8,5,4,277,110,4104204,2,4,1,3,1
45085,2023,6,8,5,4,465,13,3305554,1,7,1,2,2
45086,2023,6,9,6,2,470,"47,7",4202404,1,11,0,2,2
45086,2023,6,9,6,2,290,80,4309209,11,20,0,1,1
45086,2023,6,9,6,2,116,13,4105805,33,9,1,2,2
45085,2023,6,8,5,4,493,96,3305554,11,20,0,2,1
45086,2023,6,9,6,2,116,221,3518800,67,12,1,2,2
45086,2023,6,9,6,2,364,704,1100205,67,12,1,2,2
45085,2023,6,8,5,3,40,"118,5",3301702,67,7,1,6,2
45086,2023,6,9,6,2,259,"18,9",3203130,82,7,0,6,3
45086,2023,6,9,6,2,101,830,2931350,52,7,0,7,2
45086,2023,6,9,6,1,158,"198,7",4306106,11,20,1,1,1
45086,2023,6,9,6,2,470,163,4213708,67,11,0,3,2
45086,2023,6,9,6,2,163,463,2401305,11,21,0,1,1
45085,2023,6,8,5,4,101,65,2611606,83,20,1,1,1
45086,2023,6,9,6,2,20,"53,6",5208004,11,4,0,1,1
45085,2023,6,8,5,4,20,147,2928901,3,3,0,3,1
45085,2023,6,8,5,1,116,449,3542602,67,4,1,1,1
45086,2023,6,9,6,2,116,253,4320008,16,12,1,7,4
44953,2023,1,27,6,3,285,237,4304952,82,7,0,6,2
45081,2023,6,4,1,3,232,27,2609402,20,12,0,3,2
45086,2023,6,9,6,2,367,83,2910727,1,11,1,4,2
45086,2023,6,9,6,2,70,521,2211407,11,11,1,2,2
45086,2023,6,9,6,2,116,119,4106902,67,21,1,2,1
45086,2023,6,9,6,2,293,247,4306601,1,11,0,2,2
45086,2023,6,9,6,2,101,4,2606200,64,21,0,2,1
45086,2023,6,9,6,2,470,"68,4",4207502,1,11,1,2,2
45057,2023,5,11,5,1,242,409,2929909,9,12,1,2,2
45086,2023,6,9,6,2,364,77,5204102,13,20,0,1,1
45086,2023,6,9,6,2,116,518,2916856,1,7,0,2,2
45086,2023,6,9,6,2,230,292,2110005,1,11,1,2,2
45086,2023,6,9,6,2,70,7,5200258,44,12,1,2,2
45086,2023,6,9,6,2,316,"309,5",2208007,67,2,1,2,2
45086,2023,6,9,6,2,101,312,3304904,61,2,1,3,2
45086,2023,6,9,6,2,435,85,1100064,1,11,1,2,2
45086,2023,6,9,6,2,386,"165,8",4300471,11,2,0,2,2
45086,2023,6,9,6,2,70,12,5300108,83,12,1,4,3
45086,2023,6,9,6,2,163,"119,5",4205001,67,20,0,2,1
45086,2023,6,9,6,2,425,142,1100106,1,11,1,3,2
45086,2023,6,9,6,3,469,13,4108304,67,12,0,2,2
45073,2023,5,27,7,3,424,88,2606002,11,9,1,2,2
45086,2023,6,9,6,2,40,"510,4",3154606,67,4,0,3,1
45074,2023,5,28,1,2,381,479,3118601,1,21,1,1,1
45086,2023,6,9,6,3,364,"235,1",1100049,1,11,1,3,2
45086,2023,6,9,6,3,101,118,4208203,67,12,0,5,4
45086,2023,6,9,6,3,116,181,3303500,16,9,0,1,1
45086,2023,6,9,6,3,101,97,4212809,67,2,1,2,2
45086,2023,6,9,6,3,40,125,3301702,11,9,1,2,1
45086,2023,6,9,6,3,232,147,2613107,11,12,1,3,2
45086,2023,6,9,6,3,163,838,5107909,1,11,1,3,2
45086,2023,6,9,6,3,153,691,5211503,28,18,0,3,1
45086,2023,6,9,6,3,381,491,3106705,52,9,1,2,2
45086,2023,6,9,6,3,101,"158,7",3203205,18,7,0,3,2
45086,2023,6,9,6,3,163,616,5007695,1,11,1,2,2
45086,2023,6,9,6,3,101,4,2611606,67,12,1,2,2
45086,2023,6,9,6,3,101,"65,3",2611606,16,15,0,3,3
45086,2023,6,9,6,3,101,118,4208203,78,9,1,3,2
45086,2023,6,9,6,3,356,75,3302056,16,12,1,2,2
45086,2023,6,9,6,3,153,"503,7",4118600,13,20,0,2,1
45086,2023,6,9,6,3,101,80,2611606,16,12,1,2,2
45086,2023,6,9,6,3,277,"585,8",2303501,33,11,1,2,2
45086,2023,6,9,6,3,116,185,3303500,52,9,1,3,2
45086,2023,6,9,6,3,277,"700,3",4125704,49,7,0,2,2
45086,2023,6,9,6,3,158,190,4306106,49,21,0,1,1
45086,2023,6,9,6,3,101,69,2611606,11,12,1,2,2
45086,2023,6,9,6,3,153,"64,3",3549805,67,21,1,1,1
45086,2023,6,9,6,3,222,213,2304350,16,12,0,2,2
45086,2023,6,9,6,3,101,116,4208203,28,18,0,1,1
45086,2023,6,9,6,3,116,"84,5",3538006,60,2,1,3,2
45086,2023,6,9,6,3,386,"436,2",2207959,61,2,1,2,2
45086,2023,6,9,6,3,277,113,4104204,67,11,1,2,2
45086,2023,6,9,6,3,116,"573,7",3139409,11,9,0,2,2
45086,2023,6,9,6,3,476,116,4105805,1,11,1,4,2
45086,2023,6,9,6,3,101,58,2510907,67,9,1,2,2
45086,2023,6,9,6,3,116,270,3552809,16,12,1,2,2
45086,2023,6,9,6,3,60,"2,7",5300108,83,20,0,3,1
45086,2023,6,9,6,3,267,"481,1",2307106,1,11,1,2,2
45086,2023,6,9,6,3,343,250,2202208,1,11,0,5,2
45086,2023,6,9,6,4,262,"434,1",3145208,13,21,0,2,1
45086,2023,6,9,6,3,405,150,2409407,83,11,1,2,2
45086,2023,6,9,6,3,101,93,2507507,60,2,1,2,2
45086,2023,6,9,6,3,364,703,1100205,1,21,1,1,1
45086,2023,6,9,6,3,116,309,3304201,61,2,0,2,2
45086,2023,6,9,6,4,50,"177,8",3170107,19,20,0,2,1
45086,2023,6,9,6,3,232,"227,5",2610905,11,12,0,2,2
45086,2023,6,9,6,4,153,178,5204706,33,11,1,11,3
45086,2023,6,9,6,4,116,"227,9",3550308,28,18,1,1,1
45086,2023,6,9,6,4,242,"377,8",1709500,80,7,0,6,2
45086,2023,6,9,6,4,163,701,5107925,11,21,0,2,1
45086,2023,6,9,6,3,60,419,5218805,11,20,0,2,1
45086,2023,6,9,6,3,116,"406,6",3127701,72,11,1,2,2
45086,2023,6,9,6,4,116,"213,8",3518800,16,12,0,3,3
45086,2023,6,9,6,3,110,9,2924009,9,1,0,3,1
45086,2023,6,9,6,4,163,284,4114609,33,11,0,2,2
45086,2023,6,9,6,3,316,"111,9",2110039,82,7,0,4,2
45086,2023,6,9,6,4,381,34,3504107,44,12,0,3,2
45086,2023,6,9,6,4,226,"83,4",2414001,1,11,1,2,2
45086,2023,6,9,6,4,116,206,4122305,49,4,1,1,1
45086,2023,6,9,6,4,101,905,2906907,28,7,0,3,3
45086,2023,6,9,6,3,226,"160,6",2403103,52,11,0,2,2
45086,2023,6,9,6,4,116,"104,8",4125506,83,20,0,1,1
45086,2023,6,9,6,4,232,412,2613909,49,7,0,2,2
45086,2023,6,9,6,4,364,724,1100205,60,2,0,2,2
45086,2023,6,9,6,4,116,13,2304400,16,12,1,3,2
45086,2023,6,9,6,4,476,"162,2",4101804,38,2,0,2,2
45086,2023,6,9,6,4,116,"454,9",3123700,83,7,0,2,2
45086,2023,6,9,6,4,101,200,4216602,67,3,1,1,1
45086,2023,6,9,6,4,230,"37,1",2110203,67,21,1,1,1
45086,2023,6,9,6,4,423,62,2200202,18,12,0,1,1
45087,2023,6,10,7,1,116,421,3526100,67,20,0,2,1
45086,2023,6,9,6,4,158,"400,8",2929255,82,10,0,3,3
45086,2023,6,9,6,3,101,"394,6",2912707,15,9,0,2,1
45087,2023,6,10,7,1,50,287,5205109,67,9,1,16,2
45087,2023,6,10,7,1,282,"18,2",4211900,67,4,1,2,1
45086,2023,6,9,6,3,153,45,2906105,11,20,0,1,1
45087,2023,6,10,7,1,153,"518,7",2305209,18,20,1,1,1
45087,2023,6,10,7,1,163,780,5107925,18,20,0,1,1
45087,2023,6,10,7,1,365,626,3170206,49,20,0,3,1
45087,2023,6,10,7,1,104,"81,5",2600302,18,10,0,5,4
45087,2023,6,10,7,1,468,"106,2",4321907,11,4,1,2,1
45087,2023,6,10,7,1,101,329,4203956,49,4,1,1,1
45087,2023,6,10,7,2,116,"234,6",4313409,82,9,1,2,2
45087,2023,6,10,7,1,381,84,3550308,1,2,0,2,2
45087,2023,6,10,7,2,367,"125,5",2915304,29,2,0,4,2
45087,2023,6,10,7,2,232,42,2616407,20,9,1,2,2
45087,2023,6,10,7,2,277,719,4108304,28,20,0,3,1
45086,2023,6,9,6,4,116,"530,7",3113404,48,12,0,2,2
45087,2023,6,10,7,2,146,427,3144102,1,11,0,4,2
45087,2023,6,10,7,2,101,80,3301009,9,1,0,1,1
45087,2023,6,10,7,1,101,1,2805703,15,20,0,1,1
45087,2023,6,10,7,2,20,"6,4",5300108,30,12,1,4,3
45087,2023,6,10,7,1,110,124,2901601,28,18,0,43,1
45086,2023,6,9,6,4,101,118,3205010,67,21,0,2,1
45087,2023,6,10,7,1,10,"226,3",2104552,18,20,1,1,1
45086,2023,6,9,6,3,364,"279,2",5213103,28,4,0,2,1
45087,2023,6,10,7,1,232,"142,8",2613107,18,20,0,1,1
45087,2023,6,10,7,2,101,163,2701407,67,9,0,8,3
45087,2023,6,10,7,2,277,"677,8",4115804,11,9,0,6,2
45087,2023,6,10,7,1,381,"178,2",3127701,82,7,0,4,2
45087,2023,6,10,7,2,116,187,3303500,52,12,1,2,2
45087,2023,6,10,7,2,277,"7,9",4118204,11,12,0,2,2
45087,2023,6,10,7,2,153,335,1709302,1,9,1,2,2
45087,2023,6,10,7,2,316,"215,2",2704807,83,4,0,2,1
45087,2023,6,10,7,2,116,"809,8",3101508,83,20,0,1,1
45087,2023,6,10,7,2,282,"620,6",4207759,18,20,0,1,1
45059,2023,5,13,7,3,376,"178,3",4115200,52,12,1,2,2
45087,2023,6,10,7,2,262,37,3139409,1,7,1,2,2
45087,2023,6,10,7,2,40,173,3136306,11,12,0,2,2
45087,2023,6,10,7,2,101,68,2611606,11,12,0,2,2
45087,2023,6,10,7,2,470,"38,1",4205902,49,10,0,4,4
45087,2023,6,10,7,2,116,98,3301850,28,18,1,1,1
45087,2023,6,10,7,2,116,"334,2",3526209,13,4,0,3,1
45087,2023,6,10,7,2,146,"479,9",3151800,1,11,0,2,2
45087,2023,6,10,7,2,101,434,4217709,33,11,0,2,2
45087,2023,6,10,7,2,101,"131,8",4202008,1,7,0,5,2
45084,2023,6,7,4,1,280,8,4216206,49,4,1,1,1
45087,2023,6,10,7,2,267,"63,1",3106903,11,20,0,2,1
45087,2023,6,10,7,2,280,127,4215000,1,11,0,3,2
45087,2023,6,10,7,2,235,52,2506905,33,11,1,3,3
45087,2023,6,10,7,2,60,340,2401305,63,21,0,1,1
45087,2023,6,10,7,2,262,8,5008305,52,9,1,3,2
45087,2023,6,10,7,2,280,"230,4",4203808,1,11,1,3,2
45087,2023,6,10,7,2,101,"70,8",2611606,67,12,1,2,2
45087,2023,6,10,7,2,222,149,2306108,11,2,0,2,2
45087,2023,6,10,7,2,465,5,3305554,1,7,1,4,3
45087,2023,6,10,7,2,324,553,2901106,67,3,0,2,1
45087,2023,6,10,7,2,116,220,3518800,78,9,1,2,2
45087,2023,6,10,7,2,116,111,4106902,51,20,1,3,2
45087,2023,6,10,7,2,262,187,3161007,63,21,0,2,1
45087,2023,6,10,7,2,282,"1,2",4205407,11,12,0,2,2
45087,2023,6,10,7,2,381,443,2110005,28,7,0,3,1
45087,2023,6,10,7,3,116,115,2513158,83,4,0,1,1
45087,2023,6,10,7,2,381,316,3144706,21,4,0,2,1
45087,2023,6,10,7,3,101,"39,5",4209102,28,9,1,2,2
45087,2023,6,10,7,3,230,"0,5",2503209,82,9,1,2,2
45079,2023,6,2,6,4,222,138,2306108,61,2,0,2,2
45043,2023,4,27,5,3,277,79,4125506,67,11,1,4,3
45087,2023,6,10,7,3,282,5,4216602,16,12,0,2,2
45087,2023,6,10,7,2,364,193,5107602,67,15,0,11,4
45087,2023,6,10,7,2,470,104,4201257,49,20,0,1,1
45087,2023,6,10,7,3,50,"297,4",5206602,11,20,0,3,1
45087,2023,6,10,7,3,277,42,4116208,7,3,0,2,1
45087,2023,6,10,7,3,101,"207,6",4216602,28,15,1,6,3
45087,2023,6,10,7,3,376,"4,7",4114203,83,12,1,3,3
45087,2023,6,10,7,3,470,"47,4",4202404,49,11,1,2,2
45087,2023,6,10,7,3,463,51,5006606,13,21,0,2,1
45087,2023,6,10,7,3,414,425,5200100,82,10,0,2,2
45087,2023,6,10,7,3,116,243,4318705,67,12,1,7,2
45087,2023,6,10,7,3,101,29,3555406,80,7,0,4,2
45087,2023,6,10,7,3,116,"633,7",3122009,83,4,0,1,1
45087,2023,6,10,7,2,210,100,1600535,16,12,1,2,2
45073,2023,5,27,7,2,242,397,2929909,82,20,0,1,1
45087,2023,6,10,7,3,40,"793,2",3136702,21,21,0,1,1
45087,2023,6,10,7,2,317,267,1200252,52,9,0,2,2
45087,2023,6,10,7,3,381,"48,5",3504107,67,11,0,2,2
45087,2023,6,10,7,3,70,13,5200258,1,11,1,3,2
45087,2023,6,10,7,3,386,385,4320859,61,2,0,5,2
45087,2023,6,10,7,2,495,"8,7",3303906,19,7,0,3,2
45087,2023,6,10,7,3,386,"435,2",2207959,11,12,0,2,2
45087,2023,6,10,7,3,40,617,3118007,20,11,1,3,2