id_data,ano,mes,dia,id_dia_semana,periodo,br,km,id_municipio,id_causa_acidente,id_tipo_acidente,id_uso_solo,pessoas,veiculos
45087,2023,6,10,7,3,428,"188,2",2611101,17,2,1,3,2
45087,2023,6,10,7,3,376,164,5006200,29,10,0,3,2
45087,2023,6,10,7,3,369,154,4113700,16,12,1,2,2
45087,2023,6,10,7,3,459,62,3131505,83,20,0,1,1
45087,2023,6,10,7,3,116,"210,9",4122305,1,11,1,4,2
45087,2023,6,10,7,3,40,4,5300108,48,2,1,5,2
45087,2023,6,10,7,3,304,"293,2",2407104,28,20,0,2,1
45087,2023,6,10,7,3,101,271,3304300,67,20,0,1,1
45087,2023,6,10,7,3,356,75,3302056,80,7,1,3,2
45087,2023,6,10,7,3,364,1237,5103304,11,20,0,3,2
45087,2023,6,10,7,4,153,438,5201108,12,21,1,1,1
45087,2023,6,10,7,4,465,3,3305554,67,4,0,2,1
45087,2023,6,10,7,4,60,175,5200050,83,21,0,1,1
45087,2023,6,10,7,3,222,"91,9",2208403,52,7,1,2,2
45087,2023,6,10,7,3,116,"268,5",4203253,11,12,0,2,2
45087,2023,6,10,7,4,376,"252,9",4103503,49,9,0,3,2
45087,2023,6,10,7,3,116,"137,4",3549904,16,15,1,7,5
45087,2023,6,10,7,4,101,51,3555406,78,7,1,2,2
45087,2023,6,10,7,4,135,232,2202752,9,1,0,1,1
45087,2023,6,10,7,4,232,10,2607901,49,12,1,2,2
45087,2023,6,10,7,3,467,"100,8",2303501,11,20,0,1,1
45087,2023,6,10,7,4,116,687,3143906,49,3,0,1,1
45087,2023,6,10,7,4,116,148,3549904,11,3,1,2,1
45087,2023,6,10,7,3,262,"37,9",3139409,11,7,1,2,2
45087,2023,6,10,7,4,116,282,3515004,83,12,1,3,3
45087,2023,6,10,7,4,153,"25,6",3533007,1,11,0,2,2
45087,2023,6,10,7,4,174,"16,3",1100304,1,11,0,2,2
45087,2023,6,10,7,4,242,718,2909703,49,12,1,7,2
45087,2023,6,10,7,4,116,"40,7",1507755,5,4,0,2,1
45087,2023,6,10,7,4,407,121,2930105,80,7,0,3,2
45087,2023,6,10,7,4,153,"514,3",5201405,33,11,1,4,2
45087,2023,6,10,7,4,116,"219,4",4204558,49,4,1,1,1
45087,2023,6,10,7,4,470,174,4213708,61,2,1,3,2
45087,2023,6,10,7,4,116,"557,4",3139409,1,11,0,3,2
45087,2023,6,10,7,3,343,"4,6",2207702,1,11,1,2,2
45087,2023,6,10,7,4,101,136,4202008,49,12,0,2,2
45087,2023,6,10,7,4,364,802,1100205,80,7,1,2,2
45087,2023,6,10,7,4,230,"115,3",2506806,29,21,0,2,2
45087,2023,6,10,7,4,267,"376,3",5005400,83,7,0,3,2
45087,2023,6,10,7,4,364,"239,5",1100049,80,10,1,3,2
45087,2023,6,10,7,4,80,126,5222302,12,4,0,1,1
45087,2023,6,10,7,4,116,229,3550308,11,4,1,1,1
45087,2023,6,10,7,4,415,"29,5",2913606,11,20,0,2,1
45087,2023,6,10,7,4,101,"40,2",4209102,67,9,0,2,2
45087,2023,6,10,7,4,116,183,3303500,30,3,1,3,1
45087,2023,6,10,7,4,116,215,3518800,67,12,0,2,2
45087,2023,6,10,7,4,210,104,1600535,49,11,1,3,3
45087,2023,6,10,7,4,316,"483,4",2103307,52,7,0,3,2
45087,2023,6,10,7,4,110,"49,2",2408003,61,2,1,2,2
45087,2023,6,10,7,4,101,"50,1",2600054,11,12,1,3,2
45087,2023,6,10,7,4,324,622,2927408,67,4,1,1,1
45087,2023,6,10,7,4,373,262,4120606,16,12,1,2,2
45088,2023,6,11,1,1,414,437,5201108,67,20,1,1,1
45087,2023,6,10,7,4,116,"626,1",3145877,83,4,0,2,1
45088,2023,6,11,1,1,277,"44,3",4116208,83,4,0,1,1
45087,2023,6,10,7,3,386,"398,2",2516805,1,11,0,2,2
45088,2023,6,11,1,1,116,"522,6",3113404,1,11,0,4,3
45087,2023,6,10,7,4,285,"211,9",4304952,49,7,0,3,2
45088,2023,6,11,1,1,40,15,5212501,83,12,1,4,2
45088,2023,6,11,1,1,101,174,2709152,49,11,1,3,3
45087,2023,6,10,7,4,116,503,4314407,15,20,0,1,1
45088,2023,6,11,1,1,290,503,4316402,28,18,0,2,1
45088,2023,6,11,1,1,158,290,4311205,80,10,0,4,2
45088,2023,6,11,1,1,116,190,3546801,49,7,1,2,2
45088,2023,6,11,1,1,277,676,4115804,16,11,0,5,3
45088,2023,6,11,1,1,376,129,5004700,80,7,0,6,2
45088,2023,6,11,1,1,277,"676,1",4115804,11,21,0,2,1
45088,2023,6,11,1,1,50,177,3170107,49,4,1,3,1
45088,2023,6,11,1,1,359,"114,6",5000252,67,20,0,4,1
45088,2023,6,11,1,1,365,275,3136306,2,7,0,5,2
45088,2023,6,11,1,1,418,"84,5",2923001,80,7,0,3,2
45088,2023,6,11,1,1,153,305,5218607,80,7,0,3,2
45088,2023,6,11,1,1,40,"432,8",3147402,83,20,0,1,1
45088,2023,6,11,1,1,210,3,1600303,49,4,1,1,1
45088,2023,6,11,1,1,70,18,5205513,80,7,0,7,2
45088,2023,6,11,1,1,116,"265,4",4304606,49,4,1,1,1
45088,2023,6,11,1,1,101,"101,5",2403251,49,12,1,3,2
45088,2023,6,11,1,1,40,"740,9",3160702,83,4,0,2,1
45088,2023,6,11,1,1,405,"1,2",2516904,44,12,0,5,3
45088,2023,6,11,1,1,470,47,4202404,67,4,0,1,1
45088,2023,6,11,1,1,386,347,1712009,49,20,0,1,1
45088,2023,6,11,1,1,230,679,1500602,11,20,0,3,1
45088,2023,6,11,1,1,101,417,3302601,83,20,0,1,1
45088,2023,6,11,1,1,116,"241,2",4313409,49,20,1,4,1
45088,2023,6,11,1,1,101,"104,6",2403251,83,4,1,1,1
45088,2023,6,11,1,1,20,"81,9",2313302,33,11,0,3,2
45088,2023,6,11,1,1,101,"1,5",2927002,49,12,0,3,3
45088,2023,6,11,1,1,135,146,2926202,67,20,0,4,1
45087,2023,6,10,7,4,116,780,2925006,11,20,1,1,1
45087,2023,6,10,7,4,40,"44,1",3147006,1,11,0,2,2
45088,2023,6,11,1,1,101,"103,2",2500601,67,12,0,2,2
45088,2023,6,11,1,1,101,37,2606804,49,12,0,2,2
45088,2023,6,11,1,1,414,382,5205513,18,20,0,1,1
45088,2023,6,11,1,2,116,370,4320354,11,20,0,1,1
45088,2023,6,11,1,2,50,62,3170206,83,20,0,1,1
45088,2023,6,11,1,2,277,6,4118204,33,11,1,2,2
45088,2023,6,11,1,2,282,"0,5",4205407,83,12,1,3,2
45088,2023,6,11,1,2,470,147,4200309,18,20,0,1,1
45088,2023,6,11,1,2,470,"132,3",4209904,49,20,1,1,1
45088,2023,6,11,1,2,116,251,4320008,11,12,1,2,2
45088,2023,6,11,1,2,230,"52,8",2110203,67,20,0,1,1
45088,2023,6,11,1,2,277,"533,2",4109757,49,20,0,5,1
45088,2023,6,11,1,2,316,95,1503200,13,21,0,2,1
45088,2023,6,11,1,1,163,515,1508050,67,3,0,3,1
45088,2023,6,11,1,1,405,"97,5",2404903,67,4,0,1,1
45088,2023,6,11,1,2,381,61,3528502,67,4,0,3,1
45087,2023,6,10,7,4,101,588,2905602,30,11,0,1,1
44969,2023,2,12,1,1,262,15,3140530,49,21,0,1,1
45088,2023,6,11,1,2,116,249,4318705,67,4,1,1,1
45088,2023,6,11,1,2,282,420,3170602,15,20,0,11,1
45088,2023,6,11,1,2,40,78,3303906,4,11,0,3,2
45088,2023,6,11,1,2,40,"139,5",5206206,11,11,1,5,3
45088,2023,6,11,1,2,381,25,3507605,11,21,0,2,1
45088,2023,6,11,1,2,282,473,4219101,15,3,0,1,1
45088,2023,6,11,1,2,343,"308,8",2200400,52,2,1,2,2
45088,2023,6,11,1,2,101,48,4209102,44,12,0,4,2
45088,2023,6,11,1,2,381,"583,3",3114501,83,20,0,2,1
45088,2023,6,11,1,2,116,"95,7",3538006,28,18,0,1,1
45088,2023,6,11,1,2,116,246,4318705,6,20,1,3,1
45088,2023,6,11,1,2,10,461,4117602,11,20,1,1,1
45088,2023,6,11,1,2,116,"270,6",3168606,28,20,0,50,1
45088,2023,6,11,1,2,381,58,3528502,67,12,0,3,2
45088,2023,6,11,1,2,319,64,1100205,33,11,1,2,2
45088,2023,6,11,1,2,406,170,2312403,52,11,1,2,2
45088,2023,6,11,1,2,50,174,3170107,16,12,0,2,2
45088,2023,6,11,1,2,163,"197,3",2303501,83,4,0,1,1
45088,2023,6,11,1,2,163,"107,3",4206603,4,20,0,4,1
45088,2023,6,11,1,2,101,385,4204608,13,20,0,1,1
45088,2023,6,11,1,2,101,153,4208302,11,12,1,5,5
45088,2023,6,11,1,2,448,3,4307708,80,20,1,1,1
45088,2023,6,11,1,2,116,61,3518404,11,12,0,5,4
45088,2023,6,11,1,2,407,115,2611101,18,20,0,1,1
45088,2023,6,11,1,3,116,185,3303500,67,15,0,9,5
45088,2023,6,11,1,2,101,93,3203056,1,11,1,3,2
45088,2023,6,11,1,2,386,"307,5",4315131,83,20,0,2,1
45088,2023,6,11,1,2,116,81,4119509,67,20,0,1,1
45088,2023,6,11,1,2,267,"23,9",5001904,52,21,0,1,1
45088,2023,6,11,1,3,101,75,3301009,11,20,0,4,1
45088,2023,6,11,1,3,267,"270,6",3101201,1,11,0,4,2
45088,2023,6,11,1,3,40,"636,3",3118304,83,12,0,2,2
45088,2023,6,11,1,2,116,67,3518404,16,15,1,6,5
45088,2023,6,11,1,2,116,"144,5",2513158,11,20,0,2,1
45088,2023,6,11,1,3,153,493,4108502,6,21,0,2,1
45088,2023,6,11,1,3,116,54,3527207,52,9,0,1,1
45005,2023,3,20,2,2,116,116,4106902,67,12,1,3,3
45088,2023,6,11,1,2,101,723,2910727,67,12,0,4,2
45088,2023,6,11,1,2,316,54,1502400,1,11,0,2,2
45088,2023,6,11,1,3,40,758,3125002,11,21,1,2,2
45088,2023,6,11,1,3,277,124,4104204,1,11,0,3,2
45088,2023,6,11,1,3,101,"145,5",3203205,52,9,1,3,2
45088,2023,6,11,1,3,40,"510,4",3154606,11,12,1,4,2
45088,2023,6,11,1,3,40,86,5206206,13,3,1,3,1
45088,2023,6,11,1,3,470,158,4218608,67,20,0,2,1
45088,2023,6,11,1,2,381,575,3132206,2,9,1,2,2
45088,2023,6,11,1,3,367,"81,8",2910727,67,12,1,2,2
45088,2023,6,11,1,3,381,"491,3",3106705,49,12,1,4,3
45088,2023,6,11,1,3,116,"51,2",4322509,67,20,0,2,1
45088,2023,6,11,1,3,277,"552,1",4105003,67,20,0,3,1
45088,2023,6,11,1,3,40,95,5206206,1,11,1,3,2
45088,2023,6,11,1,3,163,559,5103502,67,20,0,1,1
45088,2023,6,11,1,3,116,"121,8",4106902,52,9,0,3,2
45088,2023,6,11,1,3,262,284,5007109,11,20,0,2,1
45088,2023,6,11,1,3,60,73,5200100,1,12,0,3,2
45088,2023,6,11,1,3,116,92,3538006,67,9,0,2,2
45088,2023,6,11,1,3,277,585,2303501,49,7,0,5,2
45088,2023,6,11,1,3,116,105,4125506,78,9,0,5,2
45088,2023,6,11,1,3,282,"70,2",4214300,67,7,1,7,2
45088,2023,6,11,1,3,40,"95,3",5206206,1,11,1,2,2
45088,2023,6,11,1,3,116,303,4309308,67,12,0,3,2
45088,2023,6,11,1,3,232,133,2604106,16,12,1,3,2
45088,2023,6,11,1,3,101,430,3302601,20,11,0,3,2
45088,2023,6,11,1,3,153,146,1702109,59,11,1,2,2
45088,2023,6,11,1,3,376,647,4127601,52,9,0,5,2
45088,2023,6,11,1,3,101,"338,8",4218707,4,20,0,3,1
45088,2023,6,11,1,2,153,519,4108502,15,3,0,2,1
45088,2023,6,11,1,3,381,420,3110004,83,21,0,1,1
45088,2023,6,11,1,3,116,230,3550308,1,9,1,3,2
45088,2023,6,11,1,3,40,0,3300951,83,20,0,1,1
45088,2023,6,11,1,3,101,"337,2",3202405,28,21,0,2,1
45088,2023,6,11,1,3,116,116,4106902,49,12,1,2,2
45088,2023,6,11,1,3,101,291,4207304,67,12,1,2,2
45088,2023,6,11,1,3,116,68,2500775,28,21,0,1,1
45088,2023,6,11,1,3,101,50,3555406,82,9,1,3,2
45088,2023,6,11,1,3,470,18,4102604,67,15,0,7,3
45088,2023,6,11,1,3,392,"704,3",4315107,28,18,0,1,1
45088,2023,6,11,1,3,146,"442,8",3109501,1,9,1,6,3
45088,2023,6,11,1,3,369,181,4101507,52,12,0,2,2
45088,2023,6,11,1,3,116,408,4303509,35,2,1,6,2
45088,2023,6,11,1,3,101,"402,3",3202801,16,12,0,4,2
45088,2023,6,11,1,3,135,6,2111300,60,2,1,3,2
45088,2023,6,11,1,3,163,484,2401305,1,11,0,10,3
45088,2023,6,11,1,3,116,174,3305109,11,12,1,3,2
45088,2023,6,11,1,3,163,"626,5",5106224,49,9,0,6,2
45088,2023,6,11,1,3,287,251,2409332,11,4,0,1,1
45088,2023,6,11,1,4,40,"508,4",3154606,52,9,1,5,2
45088,2023,6,11,1,3,116,"70,5",4303673,49,7,0,4,2
45088,2023,6,11,1,3,40,112,3301702,67,4,1,1,1
45088,2023,6,11,1,3,101,229,3202207,11,11,0,2,2
45088,2023,6,11,1,3,373,"174,4",4119905,1,11,1,2,2
45088,2023,6,11,1,3,373,"229,2",4110102,83,20,0,2,1
45088,2023,6,11,1,3,369,507,2303501,48,20,0,3,1
45088,2023,6,11,1,4,116,154,3549904,78,9,1,3,2
45088,2023,6,11,1,4,101,"76,8",2611606,11,2,1,2,2
45088,2023,6,11,1,3,101,25,4209102,1,11,1,2,2
45088,2023,6,11,1,4,101,"141,7",3203205,67,12,1,5,2
45088,2023,6,11,1,4,163,1060,5104104,49,10,0,2,2
45088,2023,6,11,1,4,60,385,2401305,67,20,0,2,1
45088,2023,6,11,1,4,423,96,2606002,80,7,0,2,2
45088,2023,6,11,1,4,101,220,4211900,49,20,1,1,1
45088,2023,6,11,1,4,381,486,3106705,83,20,1,1,1
45088,2023,6,11,1,4,262,415,3130200,83,4,0,2,1
45088,2023,6,11,1,4,101,132,4202008,82,7,1,3,2
45088,2023,6,11,1,4,158,507,4106506,67,7,0,3,2
45088,2023,6,11,1,4,116,115,4106902,33,9,1,2,2
45088,2023,6,11,1,4,116,298,3304110,52,9,0,7,4
45088,2023,6,11,1,4,101,286,3301900,67,12,0,3,2
45088,2023,6,11,1,4,393,"1,3",3201209,49,11,1,2,2
45088,2023,6,11,1,4,381,"169,4",3127701,49,20,0,1,1
45088,2023,6,11,1,3,104,113,2508307,11,2,1,2,2
45088,2023,6,11,1,4,470,"70,2",4207502,15,20,0,4,1
45088,2023,6,11,1,4,235,"80,3",2802304,16,12,0,2,2
45088,2023,6,11,1,4,153,"48,4",3549805,49,20,0,2,1
45088,2023,6,11,1,4,101,"157,5",4213500,67,9,1,2,2
45073,2023,5,27,7,1,369,146,4113700,49,12,1,2,2
45088,2023,6,11,1,4,381,867,3152501,11,21,0,5,3
45088,2023,6,11,1,4,356,184,3305000,1,11,1,3,2
45088,2023,6,11,1,4,153,"27,6",4321634,49,3,0,3,1
45088,2023,6,11,1,4,280,"298,8",4213609,11,12,0,5,2
45088,2023,6,11,1,3,364,"0,6",3550902,49,4,0,1,1
45088,2023,6,11,1,4,80,22,5300108,49,20,0,2,1
45088,2023,6,11,1,4,40,716,3105608,67,20,0,1,1
45088,2023,6,11,1,4,429,"191,9",1101500,11,12,0,5,2
45088,2023,6,11,1,4,262,"31,8",3139409,49,12,0,2,2
45085,2023,6,8,5,1,116,154,3549904,67,4,1,1,1
45088,2023,6,11,1,4,153,432,5201108,67,4,1,1,1
45088,2023,6,11,1,4,80,24,5300108,49,2,0,2,2
45088,2023,6,11,1,4,163,"615,4",5007695,1,11,1,6,2
45088,2023,6,11,1,4,104,"94,7",2600302,80,7,0,4,2
45088,2023,6,11,1,4,468,4,4313706,83,20,1,1,1
45088,2023,6,11,1,4,70,519,2211407,25,12,1,3,2
45088,2023,6,11,1,4,153,"365,8",4122008,49,20,0,1,1
45089,2023,6,12,2,1,369,142,4109807,83,21,1,1,1
45089,2023,6,12,2,1,101,"165,7",3203205,49,20,0,2,1
45088,2023,6,11,1,4,402,"91,7",2205706,9,1,0,1,1
45088,2023,6,11,1,4,282,387,4209003,80,7,0,2,2
45088,2023,6,11,1,4,364,1180,5102686,83,3,0,1,1
45089,2023,6,12,2,1,381,"914,3",3110509,49,7,0,12,4
45089,2023,6,12,2,1,381,166,3127701,18,10,0,2,2
45089,2023,6,12,2,1,230,119,2512754,18,20,0,1,1
45089,2023,6,12,2,1,60,"242,3",5209952,18,20,0,4,1
45089,2023,6,12,2,1,163,"626,6",5007695,11,20,0,29,1
45089,2023,6,12,2,1,210,"0,8",1600303,16,9,1,2,2
45089,2023,6,12,2,1,153,"211,9",5221601,49,20,0,1,1
45089,2023,6,12,2,1,101,273,3205002,1,2,1,2,2
45089,2023,6,12,2,1,381,628,3145604,18,12,0,3,2
45089,2023,6,12,2,1,392,677,4319372,16,12,0,3,2
45089,2023,6,12,2,2,304,"297,9",2407104,16,15,0,3,3
45089,2023,6,12,2,1,316,"60,5",2704609,49,4,0,1,1
45089,2023,6,12,2,1,280,"7,5",4216206,15,4,1,1,1
45089,2023,6,12,2,2,40,31,5212501,2,11,0,15,2
45089,2023,6,12,2,2,101,"209,8",4216602,28,20,1,1,1
45089,2023,6,12,2,2,101,"92,8",2804805,1,9,1,2,2
45089,2023,6,12,2,2,101,"90,1",2507507,16,12,1,2,2
45089,2023,6,12,2,2,316,"31,2",2203305,67,7,0,2,2
45089,2023,6,12,2,2,101,"186,1",4202305,15,4,1,1,1
45089,2023,6,12,2,2,116,"302,1",4309308,11,12,1,2,2
45089,2023,6,12,2,2,101,70,3204906,67,20,0,1,1
45089,2023,6,12,2,2,116,245,4318705,78,21,0,5,2
45089,2023,6,12,2,2,376,214,4114203,15,20,0,1,1
45089,2023,6,12,2,2,135,"2,3",2111300,56,4,1,1,1
45089,2023,6,12,2,2,280,125,4215000,67,15,1,5,3
45089,2023,6,12,2,1,153,"104,9",2512200,82,10,0,3,1
45089,2023,6,12,2,2,40,"43,1",3300225,18,2,1,3,2
45089,2023,6,12,2,2,153,525,2305209,67,12,0,2,2
45089,2023,6,12,2,2,277,223,4107736,67,10,0,2,2
45089,2023,6,12,2,2,20,"5,5",5300108,78,12,1,2,2
45089,2023,6,12,2,2,101,59,4201307,15,20,0,1,1
45089,2023,6,12,2,2,116,139,3549904,11,12,0,2,2
45089,2023,6,12,2,2,277,131,4102307,11,21,0,1,1
45089,2023,6,12,2,2,116,"172,3",4313201,13,3,1,1,1
45089,2023,6,12,2,2,282,"624,4",4207759,67,20,0,1,1
45089,2023,6,12,2,2,163,"478,5",2401305,52,10,1,2,2
45089,2023,6,12,2,2,101,214,4211900,78,21,1,2,2
45089,2023,6,12,2,2,116,279,3515004,67,9,1,3,2
45089,2023,6,12,2,2,101,270,3205002,78,9,1,2,2
45089,2023,6,12,2,2,101,"29,6",3555406,20,12,0,3,2
45089,2023,6,12,2,2,116,51,4104006,15,20,0,4,1
45089,2023,6,12,2,2,376,432,4127502,11,20,0,4,1
45086,2023,6,9,6,2,101,404,3302007,82,9,1,3,2
45089,2023,6,12,2,2,40,"12,9",5221858,1,12,1,2,2
45089,2023,6,12,2,2,376,"176,8",4115200,16,12,1,2,2
45089,2023,6,12,2,2,262,119,3154903,11,12,1,2,2
45074,2023,5,28,1,3,230,81,1507508,11,2,0,2,2
45089,2023,6,12,2,2,101,"99,2",4212809,67,3,1,1,1
45089,2023,6,12,2,2,101,416,3302601,72,11,0,2,2
45084,2023,6,7,4,4,101,213,4211900,1,9,1,2,2
45089,2023,6,12,2,2,116,221,3518800,78,12,1,3,2
45089,2023,6,12,2,2,101,"189,4",4202305,28,3,0,1,1
45089,2023,6,12,2,2,282,64,4214300,67,20,0,4,1
45089,2023,6,12,2,2,101,43,2606804,11,12,1,2,2
45089,2023,6,12,2,2,230,307,2203909,11,9,1,2,2
45089,2023,6,12,2,2,40,"3,4",5221858,10,2,1,2,2
45089,2023,6,12,2,2,262,800,3170107,11,20,1,1,1
45089,2023,6,12,2,2,101,138,4202008,83,4,1,2,2
45089,2023,6,12,2,2,373,383,4104428,80,7,0,4,3
45089,2023,6,12,2,2,163,769,5107925,67,15,0,4,3
45080,2023,6,3,7,3,174,885,1302603,11,12,1,2,2
45089,2023,6,12,2,3,230,6,2503209,33,11,1,2,2
45089,2023,6,12,2,2,392,"21,1",4315602,11,20,1,3,1
45089,2023,6,12,2,3,101,206,4216602,11,9,0,4,2
44985,2023,2,28,3,3,277,710,4124053,2,9,1,2,2
45089,2023,6,12,2,3,101,"73,9",2705200,1,12,1,2,2
45089,2023,6,12,2,1,376,129,5004700,67,3,0,1,1
45089,2023,6,12,2,3,381,3,3556354,67,20,0,1,1
45087,2023,6,10,7,2,40,305,3169356,67,20,0,4,1
45089,2023,6,12,2,3,163,163,4113452,49,12,0,3,2
45089,2023,6,12,2,3,393,255,3300308,56,4,0,1,1
45089,2023,6,12,2,3,101,"265,6",3205002,16,12,1,2,2
45089,2023,6,12,2,3,381,489,3106705,11,4,1,1,1
45089,2023,6,12,2,3,116,"656,9",4311007,1,11,1,2,2
45089,2023,6,12,2,3,116,157,3524402,56,21,0,1,1
45089,2023,6,12,2,3,376,668,4109609,67,4,0,1,1
45089,2023,6,12,2,3,40,"700,1",3105608,28,18,1,1,1
45034,2023,4,18,3,2,433,178,1400456,28,3,0,9,1
45089,2023,6,12,2,3,343,"348,7",2211001,20,11,1,2,2
45089,2023,6,12,2,3,101,"274,5",3205002,13,20,1,1,1
45089,2023,6,12,2,3,381,65,3528502,51,4,0,1,1
45089,2023,6,12,2,3,376,339,4117305,15,2,0,3,2
45089,2023,6,12,2,2,101,484,3300100,11,9,1,3,2
44980,2023,2,23,5,4,116,12,4105805,11,4,1,1,1
45089,2023,6,12,2,3,285,457,4310207,1,9,1,2,2
45089,2023,6,12,2,3,369,142,4109807,67,12,1,2,2
45089,2023,6,12,2,3,376,"436,6",4127502,11,2,0,4,2
45089,2023,6,12,2,3,316,367,2611002,80,7,1,2,2
45089,2023,6,12,2,3,116,"134,1",3152170,80,7,0,16,3
45089,2023,6,12,2,3,101,"208,8",4216602,52,12,1,2,2
45089,2023,6,12,2,3,280,"239,8",4203808,11,7,0,2,2
45089,2023,6,12,2,3,470,221,4308607,67,20,0,1,1
45089,2023,6,12,2,3,116,16,2933307,33,11,1,2,2
45089,2023,6,12,2,3,40,531,3106200,35,2,1,3,3
45087,2023,6,10,7,4,290,"561,4",4300406,67,20,0,2,1
45089,2023,6,12,2,3,386,"393,9",2516805,1,11,0,3,2
45089,2023,6,12,2,4,381,"578,6",3114501,67,4,0,2,1
45089,2023,6,12,2,3,392,"0,6",4315602,1,11,1,2,2
45089,2023,6,12,2,3,316,2,2211001,80,11,1,3,2
45089,2023,6,12,2,4,365,581,3103504,67,4,0,1,1
45089,2023,6,12,2,3,163,48,5104609,83,21,0,1,1
45089,2023,6,12,2,4,116,"153,7",4305108,35,2,1,2,2
45089,2023,6,12,2,3,316,107,2207751,80,7,0,6,2
45089,2023,6,12,2,3,101,11,3555406,13,21,0,2,1
45089,2023,6,12,2,4,277,"130,6",4102307,15,4,0,2,1
45089,2023,6,12,2,3,163,"82,8",3128204,80,7,0,3,3
45089,2023,6,12,2,3,381,481,3118601,11,12,1,2,2
45089,2023,6,12,2,3,20,8,5300108,52,9,1,2,2
45089,2023,6,12,2,4,116,226,3518800,11,15,1,5,5
45089,2023,6,12,2,4,282,75,4214300,83,20,0,1,1
45045,2023,4,29,7,3,101,154,4208302,67,9,1,2,2
45053,2023,5,7,1,4,259,"104,3",3200805,80,7,0,2,2
45089,2023,6,12,2,3,116,171,3304557,46,9,1,1,1
45089,2023,6,12,2,2,153,315,4110102,4,7,0,4,2
45089,2023,6,12,2,3,376,650,4127601,67,4,0,1,1
45089,2023,6,12,2,2,277,175,4117701,4,7,0,7,3
45089,2023,6,12,2,4,324,521,2910800,9,1,1,2,1
45089,2023,6,12,2,4,70,19,5300108,11,3,0,2,1
45089,2023,6,12,2,3,364,136,1200401,1,11,1,3,2
45089,2023,6,12,2,4,101,84,2607901,1,7,1,2,2
45089,2023,6,12,2,4,277,"168,5",4117701,28,20,0,3,1
45089,2023,6,12,2,4,373,253,4108957,1,7,0,2,2
45089,2023,6,12,2,4,116,187,3303500,67,12,0,2,2
45090,2023,6,13,3,1,116,310,3132701,9,1,0,2,1
45090,2023,6,13,3,1,101,74,2705200,9,1,0,1,1
45090,2023,6,13,3,1,230,"48,9",2110203,11,3,0,2,1
45089,2023,6,12,2,3,407,128,2611101,67,12,1,2,2
45090,2023,6,13,3,1,116,506,3509254,18,3,0,1,1
45090,2023,6,13,3,1,153,25,3115805,18,20,0,2,1
45090,2023,6,13,3,2,116,382,3529906,28,18,0,1,1
45090,2023,6,13,3,1,163,91,5004601,11,4,0,1,1
45090,2023,6,13,3,2,324,584,2906501,11,12,0,7,2
45090,2023,6,13,3,2,262,397,3147105,11,20,0,1,1
45090,2023,6,13,3,2,381,"582,5",3114501,67,20,0,2,1
45090,2023,6,13,3,2,277,671,4115804,18,4,1,2,1
45090,2023,6,13,3,2,277,671,4115804,11,12,1,2,2
45090,2023,6,13,3,2,381,"154,5",3127701,83,20,0,1,1
45090,2023,6,13,3,2,324,616,2927408,16,12,0,2,2
45090,2023,6,13,3,2,153,"25,5",3533007,11,21,0,1,1
45089,2023,6,12,2,3,116,274,2931905,1,11,0,3,2
45090,2023,6,13,3,1,324,586,2906501,16,12,0,3,2
45090,2023,6,13,3,2,40,5,5221858,16,12,1,6,4
45090,2023,6,13,3,2,101,116,2803203,76,4,0,2,1
45090,2023,6,13,3,2,153,505,5201405,16,12,1,2,2
45090,2023,6,13,3,2,277,"713,5",4124053,16,12,0,2,2
45090,2023,6,13,3,2,277,94,4106902,16,12,1,3,3
45090,2023,6,13,3,2,230,112,2506806,52,9,0,2,2
45090,2023,6,13,3,2,369,146,4113700,16,12,1,2,2
45058,2023,5,12,6,3,262,104,3201902,78,9,1,3,3
45090,2023,6,13,3,2,116,"251,2",4318705,78,9,1,2,2
45090,2023,6,13,3,2,153,62,3549805,16,9,1,2,2
45090,2023,6,13,3,2,222,"148,9",2306108,48,2,1,3,2
45090,2023,6,13,3,2,116,77,3305802,83,4,0,1,1
45090,2023,6,13,3,2,376,"157,1",4114104,18,4,0,1,1
45090,2023,6,13,3,2,116,270,4304606,67,12,1,4,3
45090,2023,6,13,3,2,116,116,4106902,78,9,1,2,2
45090,2023,6,13,3,2,232,"7,7",2611606,11,9,0,4,2
45090,2023,6,13,3,2,101,"68,5",2611606,11,12,1,3,2
45090,2023,6,13,3,2,369,148,4113700,16,12,1,3,3
45090,2023,6,13,3,2,110,"47,4",2408003,11,12,0,3,2
45090,2023,6,13,3,2,116,248,4318705,78,9,0,2,2
45090,2023,6,13,3,2,20,25,5208004,67,20,0,2,1
45090,2023,6,13,3,2,116,188,3303500,83,3,0,1,1
45090,2023,6,13,3,2,101,82,2607901,82,9,1,2,2
45090,2023,6,13,3,2,116,488,3509254,67,20,1,2,1
45090,2023,6,13,3,2,232,"53,7",2611309,49,4,0,1,1
45046,2023,4,30,1,2,40,443,3147402,67,3,1,3,1
45090,2023,6,13,3,2,116,326,3526209,15,4,0,1,1
45090,2023,6,13,3,2,163,1063,5104104,52,9,1,3,2
45054,2023,5,8,2,3,280,25,4201307,82,7,1,3,2
45090,2023,6,13,3,2,376,437,4127502,83,4,0,3,1
45090,2023,6,13,3,2,381,496,3106705,9,15,1,5,5
45090,2023,6,13,3,2,116,15,4104006,67,4,0,2,1