id_data,ano,mes,dia,id_dia_semana,periodo,br,km,id_municipio,id_causa_acidente,id_tipo_acidente,id_uso_solo,pessoas,veiculos
45090,2023,6,13,3,2,101,168,4218004,11,15,0,4,4
45090,2023,6,13,3,2,386,"382,5",4320859,1,11,0,3,2
45090,2023,6,13,3,2,60,113,5208400,16,12,0,2,2
45090,2023,6,13,3,3,290,116,4306767,67,15,0,3,3
45090,2023,6,13,3,2,406,"112,4",2410108,67,20,0,3,1
45090,2023,6,13,3,3,376,616,4125506,11,12,1,3,2
45090,2023,6,13,3,3,101,"94,7",2408102,52,9,1,2,2
45085,2023,6,8,5,3,101,"44,6",2606804,2,9,1,3,2
45090,2023,6,13,3,3,163,"107,1",4206603,13,21,0,1,1
45090,2023,6,13,3,3,101,95,2408102,11,12,0,3,3
45055,2023,5,9,3,2,116,"524,1",3113404,67,9,1,4,3
45090,2023,6,13,3,3,40,506,3154606,83,12,1,4,3
45090,2023,6,13,3,3,70,8,5200258,52,12,1,2,2
45090,2023,6,13,3,3,408,85,2610608,18,20,0,2,1
45090,2023,6,13,3,3,467,"93,7",2303501,15,20,0,1,1
45090,2023,6,13,3,3,324,1,2910800,83,12,1,2,2
45062,2023,5,16,3,2,101,41,4209102,33,11,0,3,2
45090,2023,6,13,3,3,230,402,2101400,2,10,1,2,2
45090,2023,6,13,3,3,304,31,2408003,11,11,1,2,2
45090,2023,6,13,3,3,101,384,3304557,35,2,1,2,2
45090,2023,6,13,3,3,116,245,4318705,80,11,1,2,2
45059,2023,5,13,7,1,101,346,4208807,49,20,1,1,1
45090,2023,6,13,3,3,101,142,4202008,67,4,0,1,1
45090,2023,6,13,3,3,104,63,2604106,52,12,1,2,2
45090,2023,6,13,3,3,316,"111,2",1506609,1,11,0,5,2
45090,2023,6,13,3,2,493,1,3301900,67,2,1,3,2
45090,2023,6,13,3,3,493,"1,5",3301900,28,18,1,1,1
45090,2023,6,13,3,3,381,500,3106705,83,12,1,2,2
45090,2023,6,13,3,3,369,"185,5",4101507,11,11,1,2,2
45090,2023,6,13,3,3,101,43,2606804,35,2,1,2,2
45090,2023,6,13,3,3,324,545,2901106,16,12,0,2,2
45090,2023,6,13,3,4,101,285,3201308,1,9,1,2,2
45090,2023,6,13,3,4,101,454,3203403,11,20,0,4,1
45090,2023,6,13,3,4,116,230,3550308,67,12,1,2,2
45090,2023,6,13,3,4,60,100,5201108,56,21,1,1,1
45090,2023,6,13,3,3,158,264,4311205,49,12,0,4,2
45090,2023,6,13,3,3,376,"456,4",4127502,83,4,0,2,2
45090,2023,6,13,3,3,116,318,2902104,82,2,1,2,2
45090,2023,6,13,3,3,101,128,4202008,52,9,0,2,2
45090,2023,6,13,3,3,174,615,1400027,7,20,0,3,2
45090,2023,6,13,3,4,101,264,3205002,49,12,1,4,2
45090,2023,6,13,3,3,470,"259,5",4204806,83,21,0,2,2
45090,2023,6,13,3,4,222,1,2304400,33,9,0,3,2
45090,2023,6,13,3,4,251,32,5206206,18,7,1,5,3
45090,2023,6,13,3,4,116,464,3168408,28,18,0,1,1
45090,2023,6,13,3,4,163,985,1506807,1,11,0,2,2
45090,2023,6,13,3,4,101,234,#N/D,11,4,0,3,2
45090,2023,6,13,3,3,80,25,5300108,9,1,0,3,2
45090,2023,6,13,3,4,386,83,4311429,49,4,0,1,1
45090,2023,6,13,3,4,386,"140,6",4126256,28,18,0,1,1
45090,2023,6,13,3,4,116,"145,9",3301702,84,9,0,5,4
45091,2023,6,14,4,1,116,342,2931509,25,20,0,3,2
45091,2023,6,14,4,1,101,"51,6",2702801,83,4,0,3,1
45091,2023,6,14,4,2,116,10,2304400,16,12,1,3,2
45091,2023,6,14,4,2,40,"803,6",3140803,67,20,0,1,1
45091,2023,6,14,4,2,304,51,2301109,1,11,0,2,2
45091,2023,6,14,4,2,280,27,4201307,1,11,1,3,2
45091,2023,6,14,4,2,277,"113,5",4104204,10,2,1,3,2
45091,2023,6,14,4,2,116,143,3549904,11,12,1,5,3
45091,2023,6,14,4,2,280,26,4201307,11,12,0,2,2
45091,2023,6,14,4,2,40,104,3301702,52,9,0,2,2
45091,2023,6,14,4,2,40,"531,5",3106200,61,2,1,2,2
45091,2023,6,14,4,2,277,"726,4",4108304,4,20,1,2,1
45091,2023,6,14,4,2,101,100,2403251,28,21,0,5,4
45091,2023,6,14,4,2,381,88,3518800,4,4,1,1,1
45091,2023,6,14,4,2,324,624,2927408,16,12,1,3,1
45091,2023,6,14,4,2,386,349,1712009,67,12,1,2,2
45090,2023,6,13,3,3,116,"412,5",3127701,33,11,1,3,2
45091,2023,6,14,4,2,101,272,3305752,1,11,1,2,2
45091,2023,6,14,4,2,364,205,5107602,1,11,1,2,2
45091,2023,6,14,4,2,101,"212,8",4211900,11,4,1,1,1
45091,2023,6,14,4,2,406,171,2312403,16,15,0,3,3
45091,2023,6,14,4,2,101,"48,8",2600054,83,12,1,2,2
45091,2023,6,14,4,2,232,"81,9",2606408,72,11,1,2,2
45091,2023,6,14,4,2,116,"584,5",3139409,16,9,0,3,2
45091,2023,6,14,4,2,40,"743,3",3160702,21,20,0,2,1
45091,2023,6,14,4,2,232,"13,8",2607901,67,2,0,2,2
45035,2023,4,19,4,3,277,"609,8",4124020,1,11,1,8,2
45091,2023,6,14,4,2,480,"129,2",4204202,80,7,1,3,2
45091,2023,6,14,4,2,116,155,3549904,16,12,0,6,5
45091,2023,6,14,4,2,50,261,5205109,11,20,0,5,1
45091,2023,6,14,4,2,101,"180,7",2929305,82,9,0,9,2
45091,2023,6,14,4,2,158,"567,5",4317103,1,11,1,3,2
45091,2023,6,14,4,2,290,"353,9",4319604,11,12,0,5,2
45091,2023,6,14,4,2,285,"230,4",4304952,49,3,0,1,1
45091,2023,6,14,4,2,116,180,3303500,13,21,0,2,1
45091,2023,6,14,4,2,101,186,4202305,15,20,1,1,1
45091,2023,6,14,4,2,316,268,2708907,58,9,0,4,2
45091,2023,6,14,4,2,116,227,3518800,11,9,1,3,3
45091,2023,6,14,4,2,235,65,2506905,20,11,0,2,2
45091,2023,6,14,4,2,116,"149,9",4305108,67,15,1,5,4
45091,2023,6,14,4,2,158,"156,5",4313904,67,11,1,3,2
45091,2023,6,14,4,2,116,148,4305108,67,4,1,2,1
45091,2023,6,14,4,2,343,"0,9",2211001,16,9,0,3,3
45091,2023,6,14,4,2,101,58,2910503,83,20,0,5,1
45091,2023,6,14,4,2,376,"471,2",4119905,11,3,0,2,2
45091,2023,6,14,4,2,101,84,2408102,1,9,1,2,2
45091,2023,6,14,4,2,116,51,4104006,15,4,0,1,1
45091,2023,6,14,4,2,469,2,4108304,33,11,1,3,2
45091,2023,6,14,4,2,381,82,3550308,11,15,1,3,3
45038,2023,4,22,7,4,316,5,2211001,1,7,1,2,2
45091,2023,6,14,4,3,40,1,5300108,67,20,1,2,1
45091,2023,6,14,4,3,116,201,3305554,51,12,1,3,2
45091,2023,6,14,4,3,101,50,3555406,1,11,1,2,2
45087,2023,6,10,7,3,116,"36,9",4322509,33,11,1,2,2
45088,2023,6,11,1,1,470,102,4201257,11,20,0,2,1
45091,2023,6,14,4,3,316,148,2706307,1,11,0,4,2
45091,2023,6,14,4,3,230,157,2504009,1,11,0,3,2
45091,2023,6,14,4,3,381,491,3106705,52,9,1,3,3
45091,2023,6,14,4,2,470,54,4202404,1,11,1,2,2
45091,2023,6,14,4,3,101,255,3205002,1,11,1,2,2
45091,2023,6,14,4,3,101,199,2708808,4,12,0,2,2
45091,2023,6,14,4,3,116,184,3303500,83,12,1,2,2
45091,2023,6,14,4,3,116,514,3509254,11,4,0,2,1
45091,2023,6,14,4,3,386,"435,2",2207959,33,11,0,3,2
45091,2023,6,14,4,3,376,"304,4",4115754,15,4,0,2,1
45091,2023,6,14,4,2,101,297,3301900,1,11,1,2,2
45091,2023,6,14,4,3,282,"503,3",4219507,80,11,1,3,2
45091,2023,6,14,4,3,101,"14,4",2606200,4,3,0,1,1
45091,2023,6,14,4,3,101,"123,9",2503001,15,20,0,1,1
45063,2023,5,17,4,1,364,705,1100205,11,4,0,1,1
45091,2023,6,14,4,3,230,12,2503209,52,9,1,3,2
45091,2023,6,14,4,3,376,445,4127502,67,20,0,4,1
45013,2023,3,28,3,3,116,"153,8",4305108,1,11,1,2,2
45091,2023,6,14,4,3,282,"3,7",4205407,67,9,1,2,2
45091,2023,6,14,4,3,277,324,4109401,67,20,0,2,1
45091,2023,6,14,4,3,381,74,3550308,83,3,0,1,1
45091,2023,6,14,4,2,381,54,3528502,67,4,0,2,1
45091,2023,6,14,4,3,424,10,2610806,83,11,0,3,2
45091,2023,6,14,4,3,285,"190,6",4311304,49,20,0,1,1
45091,2023,6,14,4,3,470,"47,3",4202404,1,9,1,4,3
45091,2023,6,14,4,3,365,610,3170206,83,12,0,4,3
45091,2023,6,14,4,2,470,141,4214805,15,7,0,2,2
45091,2023,6,14,4,3,116,"16,1",2933307,1,11,1,2,2
45088,2023,6,11,1,2,101,53,3301009,11,12,1,2,2
45091,2023,6,14,4,3,116,547,2308302,16,12,1,2,2
45091,2023,6,14,4,3,364,706,1100205,52,9,1,2,1
45091,2023,6,14,4,3,70,8,5300108,1,11,0,4,2
45091,2023,6,14,4,3,101,199,2904902,82,7,0,2,2
45091,2023,6,14,4,3,465,22,3304557,78,11,1,2,2
45091,2023,6,14,4,3,163,836,5107909,16,12,1,4,3
45091,2023,6,14,4,2,415,54,2914802,15,20,0,1,1
45091,2023,6,14,4,3,304,294,2407104,16,9,0,2,2
45091,2023,6,14,4,4,20,7,5300108,67,20,1,2,1
45091,2023,6,14,4,4,104,"61,2",2604106,11,12,1,2,2
45091,2023,6,14,4,3,316,256,2108504,1,2,0,2,2
45091,2023,6,14,4,4,104,63,2604106,60,2,1,2,2
45091,2023,6,14,4,4,116,184,3303500,78,9,1,3,2
45091,2023,6,14,4,3,373,241,4108957,11,20,0,1,1
45091,2023,6,14,4,3,116,42,3305802,10,2,1,2,2
45091,2023,6,14,4,3,116,"265,6",4304606,1,11,1,2,2
45091,2023,6,14,4,3,101,395,3204401,52,10,1,2,2
45091,2023,6,14,4,4,277,299,4120606,67,20,1,6,1
45091,2023,6,14,4,3,316,5,2211001,28,21,1,2,1
45091,2023,6,14,4,4,116,143,3301702,1,2,1,2,2
45091,2023,6,14,4,3,50,193,3170107,11,12,0,2,2
45091,2023,6,14,4,4,343,588,2203909,49,9,1,2,2
45091,2023,6,14,4,4,272,368,4104303,46,2,1,2,2
45091,2023,6,14,4,4,364,438,1100114,83,20,0,2,1
45091,2023,6,14,4,3,116,137,3302502,67,2,1,3,2
45091,2023,6,14,4,4,101,129,4202008,19,7,0,2,2
45091,2023,6,14,4,4,116,397,2927507,67,12,0,5,2
45091,2023,6,14,4,4,101,"417,8",3302601,83,7,0,4,2
45091,2023,6,14,4,4,282,"541,6",4204202,13,20,0,1,1
45092,2023,6,15,5,1,40,576,3131901,49,4,0,1,1
45092,2023,6,15,5,1,230,"391,4",2513927,80,7,1,2,2
45092,2023,6,15,5,1,101,121,2708600,2,3,0,2,1
45091,2023,6,14,4,3,369,439,4128005,15,4,0,1,1
45092,2023,6,15,5,1,101,25,4209102,33,11,1,2,2
45092,2023,6,15,5,1,304,"116,4",2404853,15,4,0,2,1
45092,2023,6,15,5,1,116,440,3542602,83,20,1,4,2
45092,2023,6,15,5,2,101,137,3203205,1,11,0,2,2
45092,2023,6,15,5,1,470,134,4214805,49,20,0,1,1
45092,2023,6,15,5,2,316,157,2706307,20,11,0,3,2
45092,2023,6,15,5,1,116,"5,9",4120804,4,3,1,2,1
45092,2023,6,15,5,2,373,"174,4",4119905,83,11,1,2,2
45092,2023,6,15,5,2,116,209,3518800,67,9,1,3,2
45092,2023,6,15,5,2,101,42,2606804,67,12,0,2,2
45092,2023,6,15,5,2,101,"258,8",4212304,15,20,0,1,1
45092,2023,6,15,5,2,116,158,3524402,51,3,0,2,2
45092,2023,6,15,5,2,101,"332,1",4218707,11,12,1,2,2
45091,2023,6,14,4,4,230,"462,4",2109502,67,20,0,1,1
45092,2023,6,15,5,2,285,"338,6",4304705,1,11,1,2,2
45092,2023,6,15,5,2,381,942,3125101,83,20,0,2,2
45092,2023,6,15,5,2,381,752,3169307,11,4,0,1,1
45003,2023,3,18,7,3,158,327,2409332,80,7,1,2,2
45045,2023,4,29,7,1,316,"228,3",2102002,28,18,0,1,1
45092,2023,6,15,5,2,277,"167,7",4117701,11,20,0,1,1
45057,2023,5,11,5,1,280,16,4216206,82,7,0,4,3
45092,2023,6,15,5,2,116,142,4305108,67,20,1,1,1
45092,2023,6,15,5,2,319,61,1100205,67,12,0,3,2
45092,2023,6,15,5,2,354,713,3115508,11,20,0,1,1
45092,2023,6,15,5,2,232,"124,6",2604106,4,20,1,5,1
45092,2023,6,15,5,1,324,"576,5",2929503,13,20,0,1,1
45092,2023,6,15,5,2,386,410,2516805,83,20,0,2,2
45081,2023,6,4,1,4,60,"64,2",5200100,9,1,0,5,1
45092,2023,6,15,5,2,104,142,2512507,52,11,0,2,2
45092,2023,6,15,5,2,101,"24,1",2803807,72,11,0,3,2
45092,2023,6,15,5,2,410,22,2931905,80,7,0,2,2
45092,2023,6,15,5,2,386,"410,8",2516805,83,20,0,6,2
45092,2023,6,15,5,2,116,207,3305554,1,11,0,2,2
45092,2023,6,15,5,2,60,"37,5",5208707,78,9,1,2,2
45092,2023,6,15,5,2,373,"478,6",4106506,1,11,0,2,2
45092,2023,6,15,5,2,393,209,3306206,82,20,0,1,1
45092,2023,6,15,5,1,20,403,2208205,11,12,0,2,2
45092,2023,6,15,5,3,230,495,1500859,67,7,1,3,3
45092,2023,6,15,5,2,251,"366,6",3127800,1,12,0,6,3
45092,2023,6,15,5,2,280,"127,4",4215000,1,9,1,2,2
45092,2023,6,15,5,2,163,1029,5106422,1,11,1,2,2
45092,2023,6,15,5,2,381,76,3550308,64,7,0,2,1
45092,2023,6,15,5,2,376,474,4119905,67,4,0,2,1
45092,2023,6,15,5,3,101,"247,4",3205002,13,20,0,1,1
45092,2023,6,15,5,2,116,7,4210100,11,20,1,1,1
45092,2023,6,15,5,3,101,266,3205002,67,11,1,2,2
45092,2023,6,15,5,3,158,536,4118501,35,2,1,2,2
45092,2023,6,15,5,3,116,448,3542602,67,12,0,3,2
45092,2023,6,15,5,3,290,77,4309209,13,4,0,3,1
45092,2023,6,15,5,3,381,486,3106705,11,12,1,2,2
45092,2023,6,15,5,2,104,30,2615409,2,10,1,2,2
45092,2023,6,15,5,3,101,138,4202008,83,4,1,1,1
45092,2023,6,15,5,3,116,561,3505401,67,3,0,2,1
45092,2023,6,15,5,3,101,"37,4",2701704,4,3,0,2,1
45092,2023,6,15,5,3,20,"41,3",5300108,67,20,0,2,1
45092,2023,6,15,5,3,163,587,5103502,16,12,1,4,2
45092,2023,6,15,5,3,10,296,2103257,28,18,0,1,1
45072,2023,5,26,6,2,101,205,4216602,67,2,1,2,2
45092,2023,6,15,5,3,101,143,4208302,11,12,0,2,2
45092,2023,6,15,5,3,163,"109,9",5107602,11,20,0,2,1
45092,2023,6,15,5,3,40,113,3301702,16,9,0,2,2
45092,2023,6,15,5,3,101,"85,3",2607901,16,12,0,2,2
45092,2023,6,15,5,3,153,"60,7",3549805,16,12,1,2,2
45092,2023,6,15,5,4,232,146,2613107,80,2,1,2,2
45092,2023,6,15,5,3,267,"61,8",3106903,1,11,1,2,2
45092,2023,6,15,5,3,101,"123,8",4208203,33,11,0,2,2
45092,2023,6,15,5,3,40,"5,2",5300108,67,12,1,2,2
45092,2023,6,15,5,3,101,400,3302007,78,2,0,4,3
45092,2023,6,15,5,3,158,113,4313706,67,20,0,1,1
45092,2023,6,15,5,3,101,"189,3",2704005,11,12,1,3,2
45092,2023,6,15,5,4,153,66,3549805,28,18,0,1,1
45092,2023,6,15,5,3,402,33,2207702,11,12,1,4,3
45092,2023,6,15,5,3,354,"753,7",3133006,1,11,1,2,2
45092,2023,6,15,5,3,101,757,2914653,1,11,0,2,2
45092,2023,6,15,5,4,230,172,1503705,11,12,0,3,2
45092,2023,6,15,5,3,101,"318,8",3304904,67,9,0,1,1
45092,2023,6,15,5,3,364,2,3550902,11,15,0,5,3
45092,2023,6,15,5,4,116,"227,2",3550308,64,21,1,1,1
45092,2023,6,15,5,3,230,472,2516201,5,20,0,2,1
45092,2023,6,15,5,4,232,109,2601904,12,20,0,5,1
45092,2023,6,15,5,4,116,211,3518800,78,9,1,2,2
45092,2023,6,15,5,4,70,7,5200258,1,11,1,2,2
45092,2023,6,15,5,4,420,254,2922409,80,7,0,4,2
45092,2023,6,15,5,3,364,424,1100114,33,11,0,1,1
45092,2023,6,15,5,4,290,86,4314902,11,4,1,1,1
45092,2023,6,15,5,4,101,488,3300100,35,2,1,2,2
45040,2023,4,24,2,4,101,269,3304300,67,12,1,2,2
45092,2023,6,15,5,2,235,348,2918407,9,1,0,2,2
45092,2023,6,15,5,3,222,"313,5",2313401,46,12,1,2,2
45092,2023,6,15,5,4,153,430,5201108,49,4,1,1,1
45092,2023,6,15,5,4,101,"375,9",4207007,11,20,0,3,1
45092,2023,6,15,5,4,386,"360,2",4307807,83,20,0,1,1
45092,2023,6,15,5,4,364,559,5105903,11,20,0,2,1
45092,2023,6,15,5,4,10,"257,3",2105302,52,11,0,2,2
45092,2023,6,15,5,4,369,162,4103701,16,12,1,2,2
45092,2023,6,15,5,4,316,270,2204808,11,3,0,3,1
45092,2023,6,15,5,4,163,"311,3",5007208,60,2,0,5,2
45092,2023,6,15,5,4,70,521,2211407,52,11,0,2,2
45093,2023,6,16,6,1,101,"265,7",3205002,18,4,1,1,1
45093,2023,6,16,6,1,116,427,2910800,9,1,1,1,1
45093,2023,6,16,6,1,116,211,3518800,67,12,1,3,2
45093,2023,6,16,6,1,381,"671,5",3149903,11,4,0,2,1
45093,2023,6,16,6,1,101,"196,6",4202305,49,20,1,1,1
45092,2023,6,15,5,4,163,266,5003702,11,4,1,1,1
45093,2023,6,16,6,1,40,"5,1",5221858,1,11,1,2,2
45089,2023,6,12,2,2,116,"700,8",3143906,20,9,1,2,2
45092,2023,6,15,5,4,365,706,3142809,83,3,0,4,1
45093,2023,6,16,6,1,116,"816,3",2933307,83,1,1,1,1
45025,2023,4,9,1,3,50,"18,3",3170206,1,12,0,2,2
45092,2023,6,15,5,3,116,176,3305109,1,12,1,3,2
45093,2023,6,16,6,2,70,"18,7",5300108,11,12,0,2,2
45093,2023,6,16,6,2,386,"34,8",4308508,49,12,1,2,2
45093,2023,6,16,6,1,226,"32,5",1713809,11,10,0,1,1
45081,2023,6,4,1,4,101,299,2112803,49,12,1,2,2
45092,2023,6,15,5,3,393,298,3300407,28,12,1,3,2
45093,2023,6,16,6,2,101,199,4216602,67,12,1,2,2
45093,2023,6,16,6,2,101,"214,7",4211900,67,12,1,3,2
45093,2023,6,16,6,2,381,"400,9",3107703,67,4,0,1,1
45093,2023,6,16,6,2,101,214,4211900,52,12,1,3,3
45093,2023,6,16,6,2,101,74,2611606,72,11,0,1,1
45093,2023,6,16,6,2,101,"85,4",2607901,78,9,1,2,2
45093,2023,6,16,6,2,116,"270,8",3552809,49,12,1,2,2
45093,2023,6,16,6,2,282,"507,9",4219507,49,20,0,1,1
45092,2023,6,15,5,2,493,21,3302502,67,21,0,1,1
45093,2023,6,16,6,2,277,254,4110706,67,9,0,2,2
45093,2023,6,16,6,2,470,141,4214805,11,12,1,2,2
45093,2023,6,16,6,2,153,511,5201405,11,15,0,4,4
45093,2023,6,16,6,2,373,"450,7",4105409,82,7,0,4,3
45085,2023,6,8,5,2,476,275,4125605,67,12,1,2,2
45093,2023,6,16,6,2,101,132,4202008,67,12,1,4,3
45093,2023,6,16,6,2,116,"53,2",3527207,78,21,0,1,1
45093,2023,6,16,6,2,153,486,1716109,83,12,0,3,2
45093,2023,6,16,6,2,116,158,3549904,67,12,0,2,2
45093,2023,6,16,6,2,381,484,3106705,52,12,1,2,2
45089,2023,6,12,2,2,101,313,3304904,52,9,1,2,2
45093,2023,6,16,6,2,60,"226,9",5205455,64,4,0,1,1
45093,2023,6,16,6,2,40,"597,6",3146107,52,12,0,3,2
45093,2023,6,16,6,2,153,210,3127107,83,20,0,3,1
45093,2023,6,16,6,2,470,68,4207502,67,2,0,2,2
45093,2023,6,16,6,2,101,48,3301009,67,12,1,2,2
45093,2023,6,16,6,2,40,"21,6",3147006,82,7,0,2,2
45093,2023,6,16,6,2,101,121,2708600,2,3,0,1,1
45093,2023,6,16,6,1,104,19,2615003,1,2,0,2,2
45093,2023,6,16,6,2,262,"446,1",3145208,2,9,0,2,2
45093,2023,6,16,6,2,324,517,2910800,82,9,1,2,2
45093,2023,6,16,6,2,282,"21,3",4211900,11,11,1,2,2
45093,2023,6,16,6,2,116,83,4119509,28,18,0,1,1
45093,2023,6,16,6,2,381,"778,5",3110905,83,20,0,1,1
45093,2023,6,16,6,2,20,6,5300108,83,12,1,3,3
45093,2023,6,16,6,2,386,410,2516805,4,20,0,2,1
45093,2023,6,16,6,2,116,5,2304400,16,12,1,2,2
45067,2023,5,21,1,2,364,98,1200450,64,20,0,2,1
45029,2023,4,13,5,4,280,"77,5",4208906,16,12,0,5,4
45093,2023,6,16,6,3,376,"599,9",4106902,67,12,0,3,2
45061,2023,5,15,2,4,116,"104,2",3554102,35,2,0,2,2
45093,2023,6,16,6,3,280,59,4206504,67,12,1,2,2
45093,2023,6,16,6,3,222,"1,5",2304400,61,2,1,3,2
45093,2023,6,16,6,2,101,"1,8",2705606,19,20,0,1,1
45093,2023,6,16,6,3,50,"117,2",5206206,67,20,0,2,1
45093,2023,6,16,6,3,319,62,1100205,1,11,1,2,2
45093,2023,6,16,6,2,101,67,3301009,16,12,1,2,2
45093,2023,6,16,6,3,101,"293,7",3201308,11,21,1,1,1
45093,2023,6,16,6,3,40,551,3144805,78,9,1,2,2
45093,2023,6,16,6,3,20,"10,5",5300108,83,9,1,4,2
45093,2023,6,16,6,3,40,"632,5",3118304,20,11,1,3,2
45093,2023,6,16,6,3,116,243,4318705,16,12,0,3,2
45093,2023,6,16,6,3,282,2,4205407,52,9,1,2,2
45093,2023,6,16,6,3,116,"7,5",4210100,11,11,0,2,2
45093,2023,6,16,6,3,381,329,3144706,11,12,0,4,2
45093,2023,6,16,6,3,163,110,5107602,11,4,0,1,1
45093,2023,6,16,6,3,101,"97,9",2602902,28,18,0,1,1
45093,2023,6,16,6,3,70,"11,3",5300108,52,9,0,2,2
45093,2023,6,16,6,3,230,120,1504208,16,12,1,2,2
45093,2023,6,16,6,3,277,17,4118204,13,21,0,2,1
45093,2023,6,16,6,3,101,"253,9",3205002,28,18,1,1,1
45093,2023,6,16,6,3,40,40,3147006,67,4,1,1,1
45093,2023,6,16,6,3,381,298,3103009,82,10,0,4,2
45093,2023,6,16,6,3,116,"157,5",3549904,11,21,0,1,1
45093,2023,6,16,6,3,163,840,5107909,1,2,0,2,2
45041,2023,4,25,3,3,116,275,3168606,57,21,1,2,1
45093,2023,6,16,6,3,101,129,4202008,44,20,0,3,1
45093,2023,6,16,6,3,116,184,3303500,67,12,1,3,2
45093,2023,6,16,6,3,277,73,4125506,16,12,0,3,3
45093,2023,6,16,6,3,277,77,4125506,11,11,0,2,2
45093,2023,6,16,6,3,262,"570,2",3119807,83,20,0,1,1
45093,2023,6,16,6,3,158,"517,9",4118501,67,20,1,1,1
45093,2023,6,16,6,3,290,"581,8",4300406,1,9,0,2,2
45093,2023,6,16,6,3,135,185,2903201,60,2,0,2,2
45093,2023,6,16,6,3,359,"527,7",5003207,11,20,0,2,1
45093,2023,6,16,6,3,230,292,2110005,1,11,1,2,2
45093,2023,6,16,6,3,116,"94,7",3538006,11,9,0,2,2
45093,2023,6,16,6,3,343,196,2208403,9,1,0,1,1
45093,2023,6,16,6,3,10,456,4117602,10,12,1,3,3
45093,2023,6,16,6,3,364,12,1100304,83,11,1,4,4
45093,2023,6,16,6,3,262,367,3136652,52,9,1,2,2
45093,2023,6,16,6,4,343,"7,9",2207702,67,9,1,2,2
45093,2023,6,16,6,4,101,32,3201605,16,12,0,2,2
45093,2023,6,16,6,4,369,484,4106308,67,7,0,6,2
45093,2023,6,16,6,3,425,100,1100338,1,11,1,2,2
45093,2023,6,16,6,4,277,71,4125506,16,12,0,2,2
45093,2023,6,16,6,3,110,363,2907509,20,11,0,2,2
45093,2023,6,16,6,4,343,"10,3",2207702,1,11,1,2,2
45093,2023,6,16,6,3,116,"534,8",3159357,11,12,0,3,2
45093,2023,6,16,6,3,364,364,5107800,61,11,0,2,2
45093,2023,6,16,6,3,116,"403,8",3127701,11,21,0,1,1
45093,2023,6,16,6,4,364,712,1100205,7,21,1,1,1
45093,2023,6,16,6,3,101,140,4202008,13,21,0,2,1
45093,2023,6,16,6,3,262,24,3154150,67,21,0,1,1
45093,2023,6,16,6,4,20,"7,3",5300108,51,12,1,2,2
45093,2023,6,16,6,3,70,384,5102678,2,11,1,2,2
45093,2023,6,16,6,3,280,"290,2",4107850,33,11,1,2,2
45093,2023,6,16,6,4,470,52,4202404,67,11,1,2,2
45093,2023,6,16,6,4,381,"634,2",3145604,67,20,0,2,1
45093,2023,6,16,6,4,40,"353,8",3125705,67,21,0,1,1
45093,2023,6,16,6,3,435,119,1100056,29,7,0,2,2
45093,2023,6,16,6,4,101,84,2501807,13,4,1,2,1
45093,2023,6,16,6,4,459,"8,6",3110301,83,20,0,1,1
45093,2023,6,16,6,4,287,"248,7",2409332,1,11,1,2,2
45093,2023,6,16,6,4,116,403,3529906,67,21,0,3,2
45093,2023,6,16,6,4,101,134,4202008,1,2,0,2,2
45082,2023,6,5,2,1,465,22,3304557,80,7,1,7,2
45093,2023,6,16,6,4,40,"717,9",3105608,4,20,0,1,1
45093,2023,6,16,6,3,116,560,2922805,60,2,0,2,2
45093,2023,6,16,6,4,369,"152,7",4113700,11,12,1,3,2
45093,2023,6,16,6,4,290,92,4314902,51,20,1,2,2
45093,2023,6,16,6,4,101,285,3201308,83,4,1,1,1
45094,2023,6,17,7,1,116,"18,5",3526605,49,3,0,2,1
45093,2023,6,16,6,4,40,"512,9",3154606,11,9,0,2,2
45094,2023,6,17,7,1,381,37,3504107,11,9,1,2,2
45092,2023,6,15,5,3,116,210,4122305,33,11,1,2,2
45094,2023,6,17,7,1,316,212,2211308,9,1,1,2,1
45093,2023,6,16,6,4,277,684,4125704,83,20,0,1,1
45094,2023,6,17,7,1,277,"123,1",4102307,80,7,0,2,2
45093,2023,6,16,6,4,381,241,3158953,7,2,0,2,2
45094,2023,6,17,7,1,324,"2,6",2910800,49,12,1,2,2
45094,2023,6,17,7,1,116,210,3518800,67,4,1,1,1
45094,2023,6,17,7,1,153,679,1709500,82,10,0,2,1
45094,2023,6,17,7,1,158,691,5101803,11,20,0,2,2
45094,2023,6,17,7,1,277,"66,9",4125506,49,4,1,1,1
45094,2023,6,17,7,1,407,126,2611101,2,4,1,1,1
45094,2023,6,17,7,1,230,"12,8",2503209,11,21,1,1,1
45094,2023,6,17,7,1,324,"570,4",2929503,60,2,0,2,2
45094,2023,6,17,7,1,282,32,4215703,67,20,0,1,1
45094,2023,6,17,7,1,470,"201,8",4302105,11,20,0,1,1
45094,2023,6,17,7,1,415,"50,1",2914802,80,7,1,2,1
45094,2023,6,17,7,1,101,205,4216602,11,20,0,1,1
45094,2023,6,17,7,2,386,"347,1",1712009,49,20,1,1,1
45094,2023,6,17,7,2,343,"339,1",2211001,16,12,0,2,2
45094,2023,6,17,7,2,50,"60,9",3170206,49,4,1,1,1
45094,2023,6,17,7,1,381,455,3106200,11,4,1,1,1
45094,2023,6,17,7,1,40,121,3301702,11,4,1,1,1
45094,2023,6,17,7,2,40,"783,2",3136702,83,4,0,1,1
45094,2023,6,17,7,2,369,148,4113700,49,9,0,3,2