id_data,ano,mes,dia,id_dia_semana,periodo,br,km,id_municipio,id_causa_acidente,id_tipo_acidente,id_uso_solo,pessoas,veiculos
45094,2023,6,17,7,1,40,521,3118601,15,21,0,1,1
45093,2023,6,16,6,4,262,850,3117306,83,20,0,4,2
45094,2023,6,17,7,2,364,204,5107602,11,21,1,1,1
45093,2023,6,16,6,4,376,501,4119905,83,20,0,1,1
45094,2023,6,17,7,1,381,"489,5",3106705,11,4,0,1,1
45094,2023,6,17,7,2,369,"484,1",4106308,83,20,0,3,1
45094,2023,6,17,7,2,410,2,2926608,82,9,1,3,2
45094,2023,6,17,7,1,101,374,4207007,16,12,0,2,2
45094,2023,6,17,7,1,393,"170,3",3306008,67,4,0,1,1
45094,2023,6,17,7,1,364,"551,4",5107701,18,3,0,2,1
45094,2023,6,17,7,1,10,"262,3",1500958,49,10,1,4,2
45094,2023,6,17,7,2,364,"196,4",1100189,83,12,1,3,2
45094,2023,6,17,7,2,101,206,4216602,11,12,1,3,2
45094,2023,6,17,7,2,116,81,3305802,1,11,0,2,2
45094,2023,6,17,7,1,287,261,2409332,11,20,0,5,1
45094,2023,6,17,7,2,104,16,2708303,80,7,0,4,2
45094,2023,6,17,7,2,40,122,3301702,67,11,1,3,3
45094,2023,6,17,7,1,116,183,4216057,48,20,0,1,1
45094,2023,6,17,7,2,101,66,2611606,11,4,1,1,1
45094,2023,6,17,7,2,343,341,2211001,6,12,1,2,2
45094,2023,6,17,7,2,116,51,3527207,67,20,0,1,1
45094,2023,6,17,7,1,101,313,3304904,15,3,0,2,2
45078,2023,6,1,5,3,364,"721,9",1100205,64,4,1,1,1
45094,2023,6,17,7,2,101,"199,7",4216602,61,2,1,2,2
45090,2023,6,13,3,2,364,"342,5",1100122,67,15,1,4,4
45094,2023,6,17,7,2,116,292,3300407,11,20,0,1,1
45094,2023,6,17,7,2,40,234,3161700,64,20,0,2,1
45094,2023,6,17,7,2,267,"50,5",3140209,67,12,0,3,2
45094,2023,6,17,7,2,116,143,4305108,67,12,1,3,2
45094,2023,6,17,7,2,116,45,2305233,1,9,1,2,2
45094,2023,6,17,7,2,424,101,2602407,1,11,0,2,2
45094,2023,6,17,7,2,376,616,4125506,67,12,1,2,2
45094,2023,6,17,7,3,116,"421,5",2910800,67,4,1,2,2
45094,2023,6,17,7,2,304,216,2401909,28,18,0,1,1
45094,2023,6,17,7,2,277,"430,3",4128658,16,12,1,2,2
45094,2023,6,17,7,2,324,618,2927408,67,12,1,2,2
45094,2023,6,17,7,2,135,34,2101251,67,3,0,2,1
45094,2023,6,17,7,3,470,"45,5",4205902,80,7,0,2,2
45094,2023,6,17,7,2,356,42,3302205,7,21,0,1,1
45094,2023,6,17,7,2,282,"62,5",4214300,67,12,0,3,2
45094,2023,6,17,7,3,101,"77,2",4313508,67,20,0,1,1
45093,2023,6,16,6,4,230,765,1504455,7,3,0,5,1
45094,2023,6,17,7,3,40,"521,8",3154606,16,12,0,2,2
45094,2023,6,17,7,2,280,101,4215802,80,10,0,2,2
45094,2023,6,17,7,2,282,"535,8",4204202,49,20,0,1,1
45094,2023,6,17,7,2,10,365,2105427,2,7,1,2,2
45094,2023,6,17,7,1,30,"357,7",2904605,16,12,0,2,2
45094,2023,6,17,7,3,116,149,3549904,67,21,0,2,1
45094,2023,6,17,7,3,459,19,3538501,49,20,0,1,1
45094,2023,6,17,7,3,70,3,5300108,67,9,1,2,2
45094,2023,6,17,7,3,386,"30,9",4308508,82,7,0,3,3
45094,2023,6,17,7,3,174,209,5106828,11,3,0,1,1
45094,2023,6,17,7,3,116,"308,1",2306900,22,20,1,2,1
45094,2023,6,17,7,3,285,"283,8",4314100,28,18,0,1,1
45094,2023,6,17,7,3,282,"570,5",4211405,16,12,0,2,2
45094,2023,6,17,7,3,101,262,3205002,83,12,0,4,2
45094,2023,6,17,7,3,116,124,4107652,11,4,0,2,1
45094,2023,6,17,7,3,232,"83,1",2606408,11,9,0,2,2
45094,2023,6,17,7,3,116,"653,5",3161403,67,20,0,2,1
45085,2023,6,8,5,3,101,83,2501807,16,15,0,3,3
45094,2023,6,17,7,1,158,407,5107180,9,1,0,2,1
45094,2023,6,17,7,3,262,326,2401305,49,12,1,2,2
45094,2023,6,17,7,2,277,199,4117701,83,20,0,1,1
45094,2023,6,17,7,3,70,305,5107008,38,20,0,1,1
45094,2023,6,17,7,3,282,22,4215703,1,11,1,2,2
45094,2023,6,17,7,3,80,44,5215603,83,7,1,2,2
45094,2023,6,17,7,3,101,103,2403251,16,12,1,3,2
45094,2023,6,17,7,3,155,277,1502954,11,12,0,2,2
45094,2023,6,17,7,3,470,"39,9",4205902,1,9,0,2,2
45094,2023,6,17,7,3,50,"189,9",3170107,11,12,0,2,2
45094,2023,6,17,7,3,376,"352,6",4117305,83,20,0,2,1
45094,2023,6,17,7,3,116,272,3552809,52,9,0,2,2
45094,2023,6,17,7,3,369,164,4103701,67,20,0,1,1
45094,2023,6,17,7,3,316,"36,2",2203305,67,12,0,2,2
45094,2023,6,17,7,3,392,"681,2",4319372,80,10,0,2,2
45094,2023,6,17,7,3,282,408,4105003,83,20,0,1,1
45094,2023,6,17,7,3,293,"12,3",4304663,11,20,1,1,1
45094,2023,6,17,7,3,40,502,3124104,16,12,0,2,2
45094,2023,6,17,7,2,316,75,1507409,82,9,0,3,2
45094,2023,6,17,7,3,101,206,4216602,67,9,1,2,2
45094,2023,6,17,7,2,282,502,4219507,2,11,1,5,2
45094,2023,6,17,7,3,282,"372,3",4205209,18,20,0,2,1
45094,2023,6,17,7,3,101,"634,6",2916302,82,10,0,2,2
45094,2023,6,17,7,4,70,"10,5",5200258,35,2,1,2,2
45094,2023,6,17,7,4,101,146,3203205,17,11,1,2,2
45094,2023,6,17,7,3,101,164,3203205,67,9,0,2,2
45094,2023,6,17,7,4,101,"70,4",2611606,61,2,1,2,2
45094,2023,6,17,7,3,277,"646,1",4105300,82,20,0,1,1
45094,2023,6,17,7,4,20,"8,6",5300108,61,2,1,2,2
45094,2023,6,17,7,3,432,189,1400175,49,21,0,1,1
45094,2023,6,17,7,4,262,105,3205069,83,10,1,2,2
45094,2023,6,17,7,4,369,184,4101507,67,11,1,2,2
45094,2023,6,17,7,3,381,942,3125101,49,4,0,1,1
45094,2023,6,17,7,3,101,155,2611804,11,4,1,1,1
45094,2023,6,17,7,4,116,157,3549904,16,12,1,2,2
45094,2023,6,17,7,4,316,"10,8",2211001,67,4,1,1,1
45094,2023,6,17,7,3,163,"478,6",2401305,41,20,1,1,1
45094,2023,6,17,7,4,116,422,2910800,48,2,1,2,2
45094,2023,6,17,7,4,116,559,3139409,11,7,0,3,2
45094,2023,6,17,7,4,116,"243,8",4318705,16,12,1,5,2
45094,2023,6,17,7,4,465,10,3305554,49,10,0,8,4
45094,2023,6,17,7,4,386,"135,4",4126256,49,20,0,1,1
45094,2023,6,17,7,4,101,"48,5",3555406,1,11,1,3,2
45094,2023,6,17,7,4,163,913,5104559,82,7,0,4,2
45094,2023,6,17,7,4,116,211,3518800,49,12,1,2,2
45094,2023,6,17,7,4,101,203,4216602,11,4,1,5,1
45094,2023,6,17,7,4,101,186,2704005,83,20,1,1,1
45094,2023,6,17,7,4,163,985,1506807,80,7,0,3,2
45094,2023,6,17,7,4,376,"2,8",4101408,16,12,1,4,2
45094,2023,6,17,7,4,465,20,3303500,7,7,0,3,2
45094,2023,6,17,7,4,232,"122,1",2604106,67,20,0,3,1
45094,2023,6,17,7,4,277,348,4109401,67,21,0,1,1
45094,2023,6,17,7,2,364,201,5107602,11,12,1,2,2
45094,2023,6,17,7,4,101,57,2801504,28,18,0,1,1
45094,2023,6,17,7,4,418,89,2923001,80,7,1,3,2
45094,2023,6,17,7,3,116,642,3125952,20,11,0,3,2
45094,2023,6,17,7,4,116,"704,4",3143906,81,12,1,2,2
45094,2023,6,17,7,4,285,"291,2",4314100,49,20,0,2,1
45094,2023,6,17,7,4,493,104,3305554,49,20,0,1,1
45094,2023,6,17,7,4,232,"9,2",2607901,60,2,0,4,2
45095,2023,6,18,1,1,407,"124,5",2611101,83,21,1,1,1
45094,2023,6,17,7,4,324,350,2906873,9,3,0,2,1
45094,2023,6,17,7,4,285,"475,9",4305871,11,12,0,3,2
45094,2023,6,17,7,4,381,"929,2",3133600,49,20,0,1,1
45094,2023,6,17,7,4,365,"345,4",#N/D,10,2,1,2,2
45094,2023,6,17,7,4,116,"421,6",3101805,49,21,0,1,1
45095,2023,6,18,1,1,376,"627,1",4125506,49,20,0,1,1
45094,2023,6,17,7,4,101,116,2412203,49,20,0,4,1
45094,2023,6,17,7,4,282,"491,2",4205308,52,10,0,2,2
45095,2023,6,18,1,1,285,"285,7",4314100,49,20,0,1,1
45094,2023,6,17,7,4,316,96,2708006,9,1,0,2,1
45095,2023,6,18,1,1,101,143,3203205,64,20,0,1,1
45095,2023,6,18,1,1,101,"274,8",4207304,25,2,0,2,2
45095,2023,6,18,1,1,101,127,3203205,64,21,1,1,1
45095,2023,6,18,1,1,116,125,4107652,11,4,1,1,1
45095,2023,6,18,1,1,230,35,2110203,11,20,0,1,1
45095,2023,6,18,1,1,470,"51,5",4202404,80,10,1,4,2
45095,2023,6,18,1,1,282,"19,2",4211900,18,7,1,3,3
45031,2023,4,15,7,3,493,1,3301900,67,11,1,2,2
45095,2023,6,18,1,1,101,212,4211900,49,4,1,1,1
45095,2023,6,18,1,1,116,"533,2",3159357,49,20,0,2,1
45095,2023,6,18,1,1,20,8,5300108,67,4,1,1,1
45095,2023,6,18,1,1,101,204,4216602,11,4,1,2,1
45095,2023,6,18,1,1,101,23,2803807,18,20,0,4,1
45095,2023,6,18,1,1,101,358,4215455,11,7,0,2,2
45095,2023,6,18,1,1,116,"700,6",3143906,67,20,1,1,1
45095,2023,6,18,1,1,304,"35,9",2408003,80,7,0,2,2
45095,2023,6,18,1,1,40,"765,5",3136702,49,4,0,1,1
45095,2023,6,18,1,1,285,"322,2",4314100,9,20,0,2,1
45094,2023,6,17,7,4,230,5,2101509,11,12,0,2,2
45095,2023,6,18,1,1,381,60,3528502,13,3,1,1,1
45095,2023,6,18,1,1,101,103,3301009,11,3,0,1,1
45095,2023,6,18,1,1,230,359,2508802,83,20,0,2,1
45095,2023,6,18,1,1,101,317,4212650,11,4,1,2,1
45095,2023,6,18,1,1,101,"203,3",4216602,49,4,1,3,2
45095,2023,6,18,1,1,101,"328,7",4203956,67,12,0,8,4
45095,2023,6,18,1,2,101,360,4215455,11,20,0,1,1
45095,2023,6,18,1,2,282,"383,1",4206702,49,20,0,1,1
45095,2023,6,18,1,1,116,"507,6",3170057,11,20,0,1,1
45095,2023,6,18,1,1,101,"259,8",3205002,45,18,1,1,1
45095,2023,6,18,1,1,174,515,1400100,49,7,0,7,2
45095,2023,6,18,1,1,277,725,4108304,52,12,1,3,2
45095,2023,6,18,1,2,277,"4,5",4118204,67,4,1,4,1
45095,2023,6,18,1,1,116,"455,6",3123700,20,7,1,2,2
45095,2023,6,18,1,1,470,"71,2",4207502,67,7,1,2,2
45095,2023,6,18,1,2,116,415,2910800,49,12,0,3,2
45095,2023,6,18,1,2,101,213,4211900,67,4,0,1,1
45095,2023,6,18,1,2,116,42,2305233,35,2,1,2,2
45095,2023,6,18,1,2,282,"21,5",4215703,11,4,0,1,1
45095,2023,6,18,1,1,476,"340,8",4118600,67,7,0,2,2
45095,2023,6,18,1,2,373,"185,5",4119905,11,12,0,3,3
45095,2023,6,18,1,2,116,"536,9",2310605,18,20,0,5,1
45095,2023,6,18,1,1,364,341,1100122,80,7,1,3,3
45095,2023,6,18,1,2,242,797,2903201,67,12,1,3,2
45095,2023,6,18,1,2,163,263,3169109,18,20,0,1,1
45094,2023,6,17,7,4,364,362,1100155,80,10,0,3,2
45095,2023,6,18,1,1,364,341,1100122,82,9,0,4,2
45040,2023,4,24,2,1,364,"699,9",1100205,11,21,0,1,1
45095,2023,6,18,1,2,376,114,4100608,11,20,1,1,1
45066,2023,5,20,7,1,101,"95,8",4202107,11,12,0,4,3
45095,2023,6,18,1,2,116,"16,8",2933307,33,11,1,2,2
45095,2023,6,18,1,1,101,562,2902252,80,7,0,7,2
45095,2023,6,18,1,2,20,"8,7",5300108,1,9,1,3,2
45095,2023,6,18,1,1,116,"38,5",2305233,83,20,1,1,1
45095,2023,6,18,1,2,282,"16,2",4211900,16,12,1,2,2
45095,2023,6,18,1,2,493,19,3302502,67,10,1,4,3
45095,2023,6,18,1,2,356,"279,3",3124906,83,20,0,1,1
45095,2023,6,18,1,2,40,11,5221858,1,11,1,3,2
45095,2023,6,18,1,2,277,317,4109401,67,20,0,4,1
45095,2023,6,18,1,2,101,329,3304557,18,4,1,1,1
45095,2023,6,18,1,2,116,21,4101200,67,20,0,2,2
45095,2023,6,18,1,2,101,"232,3",4211900,52,9,0,2,2
45095,2023,6,18,1,2,369,188,4101507,67,12,1,2,2
45095,2023,6,18,1,3,40,"507,6",3154606,67,15,1,6,3
45095,2023,6,18,1,3,40,7,5300108,52,12,1,4,2
45094,2023,6,17,7,4,101,335,4218707,11,12,0,3,2
45095,2023,6,18,1,3,60,"30,4",5300108,16,15,1,4,3
45071,2023,5,25,5,2,324,610,2930709,64,12,0,2,2
45095,2023,6,18,1,3,116,215,3518800,11,4,0,2,1
45095,2023,6,18,1,3,116,445,3542602,17,11,0,4,2
45095,2023,6,18,1,3,381,"625,3",3145604,28,20,0,4,1
45095,2023,6,18,1,3,381,"906,6",3110608,83,20,0,1,1
45095,2023,6,18,1,2,230,41,2110203,28,21,1,2,1
45095,2023,6,18,1,3,116,"123,6",3508504,67,12,0,5,2
45095,2023,6,18,1,3,40,"732,9",3145703,83,21,0,2,1
45095,2023,6,18,1,3,40,8,5212501,83,20,1,1,1
45095,2023,6,18,1,2,381,404,1101435,72,11,1,2,2
45095,2023,6,18,1,3,101,"214,4",4211900,16,12,1,3,2
45095,2023,6,18,1,3,20,100,5222203,80,7,0,4,3
45095,2023,6,18,1,3,153,"75,6",5218003,1,11,1,2,2
45095,2023,6,18,1,3,376,417,4127502,52,9,0,2,2
45095,2023,6,18,1,3,163,490,2401305,11,21,0,1,1
45095,2023,6,18,1,3,101,158,4213500,20,11,0,2,2
45095,2023,6,18,1,3,10,453,4117602,13,4,1,2,1
45095,2023,6,18,1,3,242,459,1708205,18,20,0,4,1
45095,2023,6,18,1,3,290,369,4323457,12,3,0,1,1
45095,2023,6,18,1,3,101,819,2915601,15,21,0,1,1
45095,2023,6,18,1,3,232,"138,9",2604106,52,3,1,1,1
45095,2023,6,18,1,3,410,2,2926608,2,11,1,2,2
45095,2023,6,18,1,3,232,"18,6",2607901,67,12,0,2,2
45095,2023,6,18,1,3,407,561,2207801,63,3,0,4,1
45095,2023,6,18,1,3,381,"173,8",3127701,80,7,0,3,2
45095,2023,6,18,1,2,277,42,4116208,7,21,0,1,1
45095,2023,6,18,1,3,277,"667,9",4115804,83,4,1,5,1
45095,2023,6,18,1,3,101,158,4213500,1,9,0,2,2
45095,2023,6,18,1,3,101,81,2408102,20,11,1,3,2
45095,2023,6,18,1,2,324,387,2911253,82,7,0,5,2
45095,2023,6,18,1,3,101,268,3304300,67,12,0,3,2
45095,2023,6,18,1,3,50,91,3170206,28,12,0,4,2
45095,2023,6,18,1,3,116,"8,5",2304400,49,9,1,2,2
45095,2023,6,18,1,3,101,"236,1",4211900,67,20,0,2,1
45095,2023,6,18,1,2,174,514,5103304,9,3,0,3,1
45095,2023,6,18,1,3,116,"478,2",3122504,1,11,1,2,2
45095,2023,6,18,1,3,476,115,4105805,33,11,1,6,2
45095,2023,6,18,1,3,230,"141,3",2509206,35,2,1,2,2
45095,2023,6,18,1,3,316,168,1702158,83,12,0,6,4
45095,2023,6,18,1,4,116,72,3305802,67,2,0,2,2
45095,2023,6,18,1,3,369,507,2303501,1,11,1,3,2
45095,2023,6,18,1,3,393,281,3300308,1,7,1,2,2
45095,2023,6,18,1,4,101,19,4321667,11,3,1,2,2
45095,2023,6,18,1,3,364,"238,1",1100049,1,11,1,3,2
45095,2023,6,18,1,3,423,65,2603306,11,7,0,6,2
45095,2023,6,18,1,3,414,439,5201108,83,11,1,5,2
45095,2023,6,18,1,3,282,"657,4",4217204,33,9,0,2,2
45095,2023,6,18,1,3,101,217,2922300,80,7,0,4,4
45095,2023,6,18,1,3,101,217,4211900,51,21,0,1,1
45095,2023,6,18,1,3,163,938,5104559,2,12,0,7,2
45095,2023,6,18,1,3,230,"1,3",2101509,11,11,1,2,2
45095,2023,6,18,1,3,470,"128,8",4209904,16,12,0,4,2
45095,2023,6,18,1,4,406,155,2402600,9,1,0,2,2
45095,2023,6,18,1,4,282,"58,2",4214300,1,11,0,6,2
45095,2023,6,18,1,4,50,73,3170206,11,12,1,7,3
45095,2023,6,18,1,4,40,109,3301702,16,12,0,3,2
45095,2023,6,18,1,4,60,385,5218805,61,2,1,2,2
45095,2023,6,18,1,3,364,"11,2",1100304,1,11,0,2,2
45095,2023,6,18,1,4,101,97,2408102,1,2,0,2,2
45095,2023,6,18,1,4,230,"115,5",2506806,49,4,0,2,1
45095,2023,6,18,1,4,101,382,4207007,60,2,0,2,2
45095,2023,6,18,1,4,277,261,4120606,80,7,0,4,2
45095,2023,6,18,1,4,364,31,3127107,49,10,0,2,2
45095,2023,6,18,1,3,465,13,3305554,1,7,1,3,2
45095,2023,6,18,1,3,369,"126,9",4112702,67,11,0,3,2
45095,2023,6,18,1,4,232,114,2604106,52,11,0,3,2
45095,2023,6,18,1,4,116,"251,5",4209300,80,7,0,6,3
45095,2023,6,18,1,4,376,621,4125506,67,12,0,2,2
45095,2023,6,18,1,3,293,269,4306601,49,20,0,2,1
45095,2023,6,18,1,4,116,"91,1",4125506,16,12,0,3,2
45095,2023,6,18,1,4,101,"56,1",2611606,60,2,0,2,2
45095,2023,6,18,1,4,277,56,4125506,2,11,0,4,3
45095,2023,6,18,1,4,285,"502,4",4306932,72,11,0,2,2
45095,2023,6,18,1,3,493,1,3301900,20,11,0,2,2
45095,2023,6,18,1,3,135,38,2911105,13,20,0,5,1
45095,2023,6,18,1,4,50,164,3170107,12,4,0,2,1
45095,2023,6,18,1,3,153,336,1709302,67,2,1,2,2
45095,2023,6,18,1,4,343,336,2211001,49,21,0,1,1
45095,2023,6,18,1,4,364,9,3550902,67,4,0,1,1
45095,2023,6,18,1,4,70,17,5205513,82,10,0,3,2
45095,2023,6,18,1,4,386,"236,2",2516102,49,20,0,2,1
45095,2023,6,18,1,4,101,158,4213500,12,12,0,2,2
45095,2023,6,18,1,4,40,524,3118601,49,20,1,1,1
45095,2023,6,18,1,4,406,"158,2",2402600,49,1,0,2,1
45095,2023,6,18,1,4,232,"5,2",2611606,3,4,1,1,1
45095,2023,6,18,1,3,262,"14,7",3140530,11,7,0,2,2
45095,2023,6,18,1,4,376,"6,7",4115200,48,20,1,4,1
45095,2023,6,18,1,4,381,"173,8",3127701,49,7,0,2,2
45095,2023,6,18,1,4,343,180,2208403,49,10,1,2,2
45096,2023,6,19,2,1,50,178,3170107,80,7,0,2,2
45095,2023,6,18,1,4,10,"251,5",2105302,49,12,1,6,2
45095,2023,6,18,1,3,222,"172,5",2105401,52,7,1,2,2
45072,2023,5,26,6,2,116,173,3305109,16,12,1,6,4
45096,2023,6,19,2,1,153,"1,7",3103751,48,20,1,1,1
45096,2023,6,19,2,1,282,315,3556354,49,10,0,23,2
45096,2023,6,19,2,1,369,60,4102406,67,3,0,1,1
45096,2023,6,19,2,2,386,350,4307807,57,2,1,2,2
45096,2023,6,19,2,1,277,79,4125506,11,3,0,1,1
45096,2023,6,19,2,2,101,"200,2",4216602,11,12,1,2,2
45096,2023,6,19,2,2,101,69,2611606,1,9,0,3,2
45095,2023,6,18,1,4,40,96,3301702,49,20,0,1,1
45095,2023,6,18,1,4,135,71,2928406,80,7,0,4,2
45096,2023,6,19,2,2,116,205,3518800,72,7,1,2,2
45096,2023,6,19,2,2,277,579,2303501,52,21,0,1,1
45096,2023,6,19,2,2,381,89,3518800,52,9,1,3,2
45096,2023,6,19,2,2,290,"470,9",4316402,11,10,0,2,2
45096,2023,6,19,2,2,101,39,4209102,11,21,1,1,1
45096,2023,6,19,2,2,101,78,2611606,16,12,0,2,2
45096,2023,6,19,2,2,386,"350,7",4307807,35,2,1,2,2
45096,2023,6,19,2,2,381,857,3152501,11,20,0,4,1
45096,2023,6,19,2,2,235,"6,3",2804805,16,12,1,6,2
45096,2023,6,19,2,2,116,266,4304606,83,4,1,2,1
45096,2023,6,19,2,2,232,7,2611606,1,11,1,4,2
45096,2023,6,19,2,2,104,"86,5",2707701,80,7,0,2,2
45096,2023,6,19,2,2,116,"548,6",3157252,13,3,0,2,1
45096,2023,6,19,2,2,392,67,4314407,11,11,0,2,2
45096,2023,6,19,2,2,101,"78,2",2611606,34,9,1,2,2
45096,2023,6,19,2,1,153,197,2309201,34,4,1,1,1
45096,2023,6,19,2,1,110,"183,7",2509701,18,4,0,1,1
45096,2023,6,19,2,2,116,"414,5",3127701,82,11,1,2,2
45096,2023,6,19,2,2,101,79,2110203,63,9,0,2,2
45096,2023,6,19,2,2,163,"258,9",5003702,72,11,1,2,2
45096,2023,6,19,2,2,381,920,3110509,11,20,0,1,1
45096,2023,6,19,2,2,163,832,5107909,11,12,1,2,2
45096,2023,6,19,2,2,381,918,3110509,11,4,0,1,1
45093,2023,6,16,6,1,435,83,1100064,79,4,1,1,1
45096,2023,6,19,2,2,101,"23,9",2606200,28,21,0,2,1
45096,2023,6,19,2,2,70,523,2211407,1,11,1,2,2
45096,2023,6,19,2,2,465,"0,4",3305554,67,12,0,2,2
45072,2023,5,26,6,3,116,"74,7",2500775,29,4,0,1,1
45096,2023,6,19,2,2,101,161,4218004,83,12,0,2,2
45096,2023,6,19,2,2,116,17,2933307,16,12,1,3,2
45096,2023,6,19,2,2,101,333,3304557,16,7,1,3,2
45095,2023,6,18,1,1,116,59,3305802,35,2,1,3,2
45095,2023,6,18,1,1,364,519,1100023,67,20,1,2,1
45096,2023,6,19,2,2,262,"48,1",3203346,16,12,0,2,2
45096,2023,6,19,2,2,381,825,3113602,11,20,0,4,1
45070,2023,5,24,4,3,104,"105,1",2515104,16,12,0,2,2
44961,2023,2,4,7,1,80,"39,3",5215603,67,12,0,2,2
45096,2023,6,19,2,2,101,263,3205002,11,12,0,3,3
45096,2023,6,19,2,2,369,150,4113700,1,9,1,2,2
45096,2023,6,19,2,2,101,69,2611606,16,12,1,3,3
45096,2023,6,19,2,2,163,"835,7",5107909,49,12,1,3,2
45096,2023,6,19,2,2,101,"354,2",4215455,11,3,0,1,1
45096,2023,6,19,2,2,364,126,1200401,82,21,0,2,2
45096,2023,6,19,2,3,470,"59,1",4202404,1,11,1,2,2
45096,2023,6,19,2,3,153,501,5208707,1,9,1,2,2
45096,2023,6,19,2,1,393,"10,8",3201209,11,4,0,1,1
45096,2023,6,19,2,2,465,5,3305554,11,2,1,2,2
45096,2023,6,19,2,3,262,"360,4",3106705,81,12,0,4,3
45096,2023,6,19,2,3,386,"369,8",4308078,11,20,0,1,1
45096,2023,6,19,2,3,101,46,2606804,16,15,1,3,3
45096,2023,6,19,2,3,116,513,3509254,83,21,0,3,2
45096,2023,6,19,2,3,153,62,3549805,52,9,1,3,3
45096,2023,6,19,2,3,101,"195,1",4202305,83,12,1,2,2
45096,2023,6,19,2,2,116,"699,7",3143906,1,11,1,2,2
45096,2023,6,19,2,3,367,27,2925303,1,9,1,2,2
45094,2023,6,17,7,4,30,"268,9",2905206,67,12,0,2,2
45030,2023,4,14,6,4,116,577,3139409,15,20,0,2,1
45096,2023,6,19,2,3,50,71,3170206,16,12,1,3,3
45096,2023,6,19,2,3,290,86,4314902,52,4,1,1,1
45096,2023,6,19,2,3,101,96,2408102,1,9,0,2,2
45096,2023,6,19,2,3,40,613,3118007,56,4,0,1,1
45096,2023,6,19,2,3,423,109,2603207,49,9,0,2,2
45092,2023,6,15,5,4,393,298,3300407,56,12,0,3,2
45096,2023,6,19,2,2,364,"32,5",5216304,49,4,0,1,1
45096,2023,6,19,2,3,116,"232,8",3302254,28,9,0,7,2
45096,2023,6,19,2,3,324,588,2906501,11,20,0,1,1
45069,2023,5,23,3,3,60,464,5211909,52,12,0,4,3
45096,2023,6,19,2,3,116,"526,2",3113404,11,11,0,3,2
45096,2023,6,19,2,3,101,492,3300100,82,7,1,3,3
45096,2023,6,19,2,3,101,230,3305604,11,12,0,2,2
45096,2023,6,19,2,3,381,"495,8",3106705,52,9,1,7,2
45096,2023,6,19,2,3,290,98,4314902,52,2,1,2,2
45096,2023,6,19,2,3,435,"84,2",1100064,12,11,1,2,2
45096,2023,6,19,2,3,116,769,3138401,1,12,1,2,2
45096,2023,6,19,2,4,386,"343,7",1712009,1,11,1,2,2
45096,2023,6,19,2,3,110,340,2900702,1,11,1,3,2
45096,2023,6,19,2,3,153,"279,9",3533700,16,12,0,3,2
45096,2023,6,19,2,3,116,"551,8",3157252,49,21,0,6,2
45096,2023,6,19,2,3,116,"521,3",3113404,1,11,0,2,2
45096,2023,6,19,2,3,277,"594,6",2303501,36,12,1,3,2
45096,2023,6,19,2,4,381,40,3504107,67,12,1,3,3
45096,2023,6,19,2,3,158,331,2409332,67,12,1,3,2
45096,2023,6,19,2,3,393,"10,8",3201209,61,2,0,2,2
45096,2023,6,19,2,3,277,82,4106902,16,12,0,3,3
45096,2023,6,19,2,3,116,"816,9",2933307,1,11,1,2,2
45096,2023,6,19,2,4,365,"603,9",3170206,11,20,0,2,1
45096,2023,6,19,2,3,230,1,2510808,11,4,1,1,1
45096,2023,6,19,2,4,277,729,4108304,67,9,1,3,2
45096,2023,6,19,2,4,101,55,2510907,28,21,0,2,1
45096,2023,6,19,2,4,101,185,2610004,11,7,1,3,2
45096,2023,6,19,2,4,101,55,2510907,15,4,0,1,1
45096,2023,6,19,2,3,230,"117,2",2506806,1,12,0,5,2
45096,2023,6,19,2,4,116,125,4107652,52,9,0,2,2
45096,2023,6,19,2,4,163,"104,3",4216701,49,4,1,1,1
45096,2023,6,19,2,3,277,"647,3",4105300,60,2,1,4,2
45096,2023,6,19,2,3,153,"137,7",3541604,52,4,0,1,1
45096,2023,6,19,2,4,376,207,4101408,33,2,1,2,2
45096,2023,6,19,2,4,70,800,5102504,9,1,0,2,1
45096,2023,6,19,2,4,116,93,4125506,67,20,0,1,1
45096,2023,6,19,2,4,381,"810,5",3113602,29,21,0,2,1
45096,2023,6,19,2,4,324,"570,1",2929503,15,20,0,3,1
45096,2023,6,19,2,4,153,352,4121505,49,20,0,1,1
45040,2023,4,24,2,3,174,333,5106752,15,20,0,1,1
45097,2023,6,20,3,1,116,"216,5",3518800,1,12,1,2,2
45097,2023,6,20,3,1,163,"61,1",5107602,11,3,0,2,1
45097,2023,6,20,3,1,153,"38,1",3534005,9,1,0,3,1
45052,2023,5,6,7,1,101,"81,4",2501807,52,11,0,3,2
45097,2023,6,20,3,2,304,"54,3",2301109,16,12,1,3,2
45096,2023,6,19,2,3,153,"563,3",1707553,60,2,0,2,2
45097,2023,6,20,3,2,280,"186,9",4210100,9,1,1,1,1
45097,2023,6,20,3,2,101,145,4208302,78,12,1,2,2
45097,2023,6,20,3,2,116,14,2304400,11,21,1,1,1
45097,2023,6,20,3,2,470,52,4202404,33,11,1,2,2
45095,2023,6,18,1,2,158,332,2409332,67,4,1,1,1
45097,2023,6,20,3,1,381,159,3127701,9,1,1,1,1
45097,2023,6,20,3,2,101,497,2914802,1,2,0,2,2
45097,2023,6,20,3,1,262,"19,8",3154150,21,20,0,4,1
45096,2023,6,19,2,2,277,"687,5",4125704,1,11,0,2,2
45097,2023,6,20,3,2,40,99,3301702,67,21,0,1,1
45047,2023,5,1,2,4,316,36,1506500,49,11,1,2,2