id_data,ano,mes,dia,id_dia_semana,periodo,br,km,id_municipio,id_causa_acidente,id_tipo_acidente,id_uso_solo,pessoas,veiculos
45100,2023,6,23,6,3,101,131,4202008,78,9,1,2,2
45100,2023,6,23,6,3,480,129,4204202,11,20,1,1,1
45100,2023,6,23,6,3,423,73,2608305,1,11,1,2,2
45100,2023,6,23,6,3,235,3,2800308,16,12,1,3,3
45100,2023,6,23,6,2,316,317,2208007,1,11,1,2,2
45100,2023,6,23,6,3,116,282,3515004,28,18,0,1,1
45100,2023,6,23,6,3,101,"94,6",2408102,52,9,1,2,2
45100,2023,6,23,6,3,158,571,3100609,33,7,0,5,2
45100,2023,6,23,6,4,267,"295,9",3104908,67,12,0,3,2
45100,2023,6,23,6,3,101,415,4201406,33,11,1,2,2
45100,2023,6,23,6,4,230,"333,7",2510808,80,7,1,6,2
45100,2023,6,23,6,3,101,486,3300100,20,9,1,3,2
45100,2023,6,23,6,4,230,133,2509206,15,20,0,3,1
45100,2023,6,23,6,4,381,"431,7",3156700,83,20,0,1,1
45100,2023,6,23,6,3,116,"11,9",2933307,33,11,1,2,2
45100,2023,6,23,6,4,101,263,3205002,67,7,0,2,2
45100,2023,6,23,6,4,40,509,3154606,14,12,0,2,2
45100,2023,6,23,6,4,116,185,3303500,78,12,1,3,3
45100,2023,6,23,6,4,116,399,4303509,49,10,1,3,3
45100,2023,6,23,6,3,158,119,4313706,67,20,0,5,1
45100,2023,6,23,6,2,40,"523,5",3118601,52,9,1,3,2
45100,2023,6,23,6,4,282,494,4219507,82,10,0,2,2
45100,2023,6,23,6,3,470,224,4308607,28,18,0,2,1
45092,2023,6,15,5,4,376,"177,5",4115200,67,12,1,3,2
45100,2023,6,23,6,4,153,496,5208707,11,12,0,4,4
45100,2023,6,23,6,4,116,147,3301702,16,12,1,2,1
45100,2023,6,23,6,3,343,310,2200400,80,7,1,2,2
45100,2023,6,23,6,4,101,"86,5",4202107,67,21,1,1,1
45100,2023,6,23,6,4,488,5,2500775,1,11,1,3,3
45100,2023,6,23,6,4,226,"0,2",2408102,67,11,1,3,2
45100,2023,6,23,6,4,101,77,3301009,80,7,0,2,2
45100,2023,6,23,6,3,116,580,2904308,83,20,0,2,1
45100,2023,6,23,6,4,156,819,1600501,46,11,1,2,2
45100,2023,6,23,6,3,316,23,2601102,9,1,1,1,1
45100,2023,6,23,6,4,116,413,3127701,82,10,1,2,2
45100,2023,6,23,6,4,495,30,3303906,1,11,1,4,2
45100,2023,6,23,6,4,470,67,4207502,49,4,1,1,1
45100,2023,6,23,6,4,101,378,2911204,48,2,0,3,2
45100,2023,6,23,6,4,163,282,4114609,11,20,1,1,1
45100,2023,6,23,6,4,324,"513,7",2910800,67,2,1,2,2
45100,2023,6,23,6,4,116,"519,9",3113404,67,20,0,1,1
45100,2023,6,23,6,4,381,"445,2",2110005,83,20,0,4,1
45100,2023,6,23,6,4,163,227,5002407,67,12,0,4,2
45100,2023,6,23,6,4,282,342,4203600,49,11,1,2,2
45101,2023,6,24,7,1,381,87,3518800,60,2,1,2,2
45100,2023,6,23,6,4,101,220,2909802,1,10,1,3,2
45100,2023,6,23,6,4,232,31,2609402,49,12,0,2,2
45101,2023,6,24,7,1,116,98,3538006,67,12,0,3,3
45100,2023,6,23,6,1,101,"324,1",4203956,81,20,0,2,2
45101,2023,6,24,7,1,101,"76,8",2707701,67,4,0,2,2
45101,2023,6,24,7,1,230,121,1504208,11,9,1,3,3
45101,2023,6,24,7,1,324,541,2901106,49,9,0,1,1
45101,2023,6,24,7,1,116,26,1507755,83,4,0,1,1
45101,2023,6,24,7,1,381,858,3152501,18,20,0,1,1
45101,2023,6,24,7,1,116,242,4318705,1,12,1,2,2
45101,2023,6,24,7,1,319,"59,5",1100205,1,11,1,2,2
45101,2023,6,24,7,1,116,126,4107652,83,4,1,1,1
45101,2023,6,24,7,1,230,121,1504208,11,12,0,2,2
45101,2023,6,24,7,1,158,"533,5",4118501,50,4,1,2,2
45101,2023,6,24,7,1,116,"111,2",4106902,61,2,0,2,2
45101,2023,6,24,7,1,280,"30,5",4201307,49,3,1,2,1
45101,2023,6,24,7,1,230,120,1504208,11,11,1,2,2
45101,2023,6,24,7,1,285,"205,2",4311304,80,7,0,3,2
45101,2023,6,24,7,1,101,"206,9",4216602,49,3,1,3,1
45100,2023,6,23,6,3,116,2,2900207,9,1,0,1,1
45101,2023,6,24,7,1,282,"408,9",4209003,67,20,1,4,2
45101,2023,6,24,7,1,40,"505,4",3154606,11,20,0,1,1
45101,2023,6,24,7,1,40,4,5300108,16,12,0,4,3
45100,2023,6,23,6,4,101,"204,2",2801702,63,4,0,1,1
45101,2023,6,24,7,1,158,"135,5",4212106,48,4,0,1,1
45098,2023,6,21,4,3,493,"0,1",3301900,20,12,1,3,3
44996,2023,3,11,7,3,316,10,2211001,1,9,1,2,2
45101,2023,6,24,7,2,116,229,3550308,67,21,1,1,1
45101,2023,6,24,7,2,101,215,4211900,11,12,0,3,2
45101,2023,6,24,7,2,101,216,4211900,83,21,0,1,1
45101,2023,6,24,7,2,116,"277,2",3168606,49,21,1,2,1
45101,2023,6,24,7,2,116,294,4306767,11,20,0,1,1
45101,2023,6,24,7,2,277,"577,4",2303501,60,2,1,2,2
45101,2023,6,24,7,2,369,507,2303501,49,7,0,3,2
45101,2023,6,24,7,1,60,420,5007901,67,21,0,1,1
45101,2023,6,24,7,2,116,"526,2",3113404,1,2,1,2,2
45101,2023,6,24,7,1,210,106,1600535,72,11,1,3,2
45101,2023,6,24,7,1,282,"445,5",4213401,49,3,0,1,1
45101,2023,6,24,7,1,476,278,4125605,80,7,1,2,2
45101,2023,6,24,7,2,101,216,4211900,67,21,1,1,1
45101,2023,6,24,7,1,174,14,1100304,11,12,1,2,2
45101,2023,6,24,7,1,116,"11,7",2933307,49,9,1,2,2
45101,2023,6,24,7,1,163,"807,1",5107909,82,20,0,1,1
45101,2023,6,24,7,2,259,"8,8",3203130,15,7,0,4,2
45101,2023,6,24,7,2,101,80,2110203,11,12,0,2,2
45101,2023,6,24,7,2,277,684,4125704,11,20,0,1,1
45100,2023,6,23,6,4,135,11,2111300,33,11,1,3,2
45101,2023,6,24,7,2,280,301,4213609,60,2,0,3,2
45101,2023,6,24,7,2,40,"7,2",5300108,81,2,1,3,2
45097,2023,6,20,3,3,116,"41,2",2305233,9,1,1,2,1
45101,2023,6,24,7,2,324,"517,6",2910800,1,11,1,4,3
45089,2023,6,12,2,2,235,"44,8",2506905,2,11,0,2,2
45101,2023,6,24,7,2,116,146,3301702,1,12,0,2,2
45101,2023,6,24,7,2,70,1,5200258,52,12,0,5,2
45101,2023,6,24,7,2,101,145,4208302,16,12,1,3,3
45101,2023,6,24,7,2,316,247,2700409,80,10,0,3,2
45101,2023,6,24,7,2,392,"20,3",4315602,28,21,0,1,1
45101,2023,6,24,7,2,20,236,2302404,1,12,0,3,2
45101,2023,6,24,7,2,101,"219,7",3202504,52,9,0,3,2
45101,2023,6,24,7,2,262,"732,3",5003207,1,11,0,3,2
45101,2023,6,24,7,2,60,"84,8",5201108,52,4,0,1,1
45101,2023,6,24,7,2,116,173,3305109,52,9,1,1,1
45101,2023,6,24,7,2,365,595,3103504,67,9,0,4,4
45100,2023,6,23,6,4,50,101,5206206,60,2,1,2,2
45101,2023,6,24,7,2,230,"130,5",2509206,83,20,0,2,1
45090,2023,6,13,3,2,386,366,4308078,1,11,0,4,3
45101,2023,6,24,7,2,376,629,4125506,83,12,1,2,2
45101,2023,6,24,7,2,70,13,5300108,20,12,0,2,2
45101,2023,6,24,7,2,493,24,3302502,11,9,1,2,2
45101,2023,6,24,7,2,116,414,2910800,67,20,0,1,1
45100,2023,6,23,6,4,10,"244,9",2105302,49,12,0,5,3
45101,2023,6,24,7,2,116,"216,5",3518800,78,9,1,3,2
45101,2023,6,24,7,2,230,"463,7",2516201,16,12,1,2,2
45101,2023,6,24,7,2,369,173,4122404,72,11,1,2,2
45101,2023,6,24,7,2,101,32,4321667,83,12,1,3,3
45101,2023,6,24,7,2,343,"263,4",2202208,1,11,1,2,2
45058,2023,5,12,6,2,365,"624,9",3170206,67,21,1,1,1
45101,2023,6,24,7,3,290,"84,7",4314902,16,12,0,1,1
45101,2023,6,24,7,2,101,"113,8",4208203,67,9,0,2,2
45101,2023,6,24,7,2,465,21,3303500,82,9,1,2,2
45101,2023,6,24,7,3,369,195,4101507,13,20,0,1,1
45101,2023,6,24,7,3,30,"349,6",2904605,49,4,0,1,1
45101,2023,6,24,7,2,70,"723,8",5102504,28,20,0,1,1
45101,2023,6,24,7,2,101,322,3303302,67,12,0,2,2
45101,2023,6,24,7,3,386,"240,2",2516102,11,20,0,3,1
45101,2023,6,24,7,2,135,178,2111508,52,7,0,2,2
45101,2023,6,24,7,2,40,"87,7",3147006,49,20,0,1,1
45101,2023,6,24,7,3,381,"930,3",3133600,16,12,0,3,2
45101,2023,6,24,7,3,10,223,2104552,1,7,0,3,2
45101,2023,6,24,7,3,381,510,3130101,44,12,1,2,2
45101,2023,6,24,7,3,277,77,4125506,83,12,0,6,4
45101,2023,6,24,7,3,343,175,2208403,29,20,0,2,1
45086,2023,6,9,6,1,116,278,3300407,52,12,1,3,2
45101,2023,6,24,7,3,470,"138,2",4214805,1,11,0,3,2
45101,2023,6,24,7,3,101,330,4218707,49,9,0,2,2
45101,2023,6,24,7,3,116,"18,7",4106902,16,9,1,5,2
45101,2023,6,24,7,3,369,"133,6",4109807,20,9,0,4,2
45094,2023,6,17,7,4,277,721,4108304,16,12,1,1,1
45101,2023,6,24,7,3,376,130,4116901,11,4,0,1,1
45101,2023,6,24,7,3,158,"97,8",5006309,67,21,1,1,1
45101,2023,6,24,7,3,316,260,2109908,20,9,1,3,2
45101,2023,6,24,7,3,280,124,4215000,20,11,1,2,2
45101,2023,6,24,7,3,373,"182,9",4119905,49,4,1,1,1
45101,2023,6,24,7,3,153,"42,7",4124103,1,11,1,3,2
45101,2023,6,24,7,3,277,79,4106902,52,9,1,2,2
45101,2023,6,24,7,3,101,"224,5",3305604,28,20,0,5,1
45101,2023,6,24,7,3,116,"519,8",3113404,33,11,0,3,2
45101,2023,6,24,7,3,469,"1,1",4108304,1,11,1,3,3
45101,2023,6,24,7,3,343,"340,7",2211001,72,11,1,2,2
45101,2023,6,24,7,3,364,"239,4",1100049,49,9,1,4,2
45101,2023,6,24,7,3,116,"200,9",4314423,80,7,0,3,2
45101,2023,6,24,7,3,116,175,3305109,67,12,1,3,2
45101,2023,6,24,7,3,424,"16,7",2610806,11,12,1,3,3
45101,2023,6,24,7,3,282,"557,2",4211454,7,20,0,2,2
45101,2023,6,24,7,3,316,74,1502400,11,9,0,2,2
45101,2023,6,24,7,3,101,"233,9",2707503,1,11,0,3,2
45101,2023,6,24,7,3,232,164,2614709,80,7,0,5,3
45101,2023,6,24,7,3,381,"940,6",3125101,61,2,1,5,2
45101,2023,6,24,7,3,101,104,2500601,13,4,0,2,1
45101,2023,6,24,7,3,70,0,5200258,16,12,0,3,2
45101,2023,6,24,7,3,470,208,4302105,49,20,0,1,1
45101,2023,6,24,7,3,116,"412,5",3127701,1,11,1,3,2
45101,2023,6,24,7,3,277,"587,5",2303501,72,11,1,2,2
45101,2023,6,24,7,4,40,516,3154606,11,21,1,1,1
45101,2023,6,24,7,4,116,243,4318705,1,11,1,2,2
45101,2023,6,24,7,3,421,7,1100023,49,9,0,5,2
45101,2023,6,24,7,3,101,"489,3",2915502,16,12,0,4,2
45101,2023,6,24,7,3,242,587,2913200,67,20,0,1,1
45101,2023,6,24,7,4,20,"5,9",5300108,52,4,1,1,1
45101,2023,6,24,7,4,343,"592,2",2203909,1,11,1,3,3
45101,2023,6,24,7,4,381,479,3118601,11,12,0,7,3
45101,2023,6,24,7,4,116,228,3518800,67,21,1,1,1
45101,2023,6,24,7,4,116,401,3529906,83,20,0,2,1
45101,2023,6,24,7,4,163,694,5105259,1,11,0,2,2
45101,2023,6,24,7,3,40,117,3301702,30,12,1,2,2
45101,2023,6,24,7,4,153,103,4109708,1,11,0,4,2
45101,2023,6,24,7,3,116,586,3139409,81,2,0,3,2
45101,2023,6,24,7,4,116,164,2311801,1,2,1,2,2
45101,2023,6,24,7,4,116,180,3141702,35,2,1,2,2
45101,2023,6,24,7,4,495,24,3303906,67,20,0,1,1
45101,2023,6,24,7,4,104,"28,1",2615409,67,7,0,2,2
45101,2023,6,24,7,4,116,"415,1",3127701,1,11,1,2,2
45101,2023,6,24,7,4,153,514,5201405,28,18,1,1,1
45101,2023,6,24,7,4,146,"399,4",3128709,83,20,0,3,1
45101,2023,6,24,7,4,101,102,3301009,28,12,0,3,2
45101,2023,6,24,7,4,101,"86,7",2607901,25,12,1,4,3
45101,2023,6,24,7,4,116,"702,2",3143906,52,9,1,2,2
45101,2023,6,24,7,3,101,85,2607901,67,9,0,3,3
45101,2023,6,24,7,3,421,36,1101401,67,20,0,1,1
45101,2023,6,24,7,4,282,"273,2",4216800,49,20,0,2,2
45101,2023,6,24,7,4,493,24,3302502,83,12,0,2,2
45101,2023,6,24,7,3,40,"141,4",3136306,1,11,1,5,2
45101,2023,6,24,7,3,70,725,5102504,42,2,0,3,2
45101,2023,6,24,7,4,364,248,5211909,11,20,0,2,1
45101,2023,6,24,7,4,60,411,5007901,11,20,0,1,1
45101,2023,6,24,7,3,135,286,2203107,82,7,0,4,2
45101,2023,6,24,7,4,101,135,4202008,49,20,1,1,1
45101,2023,6,24,7,4,101,140,3203205,49,20,1,1,1
45101,2023,6,24,7,4,392,51,4315602,67,21,0,1,1
45101,2023,6,24,7,4,101,147,2404200,52,7,1,5,2
45101,2023,6,24,7,4,116,"24,2",2301000,28,18,1,1,1
45101,2023,6,24,7,4,116,176,3305109,11,12,1,2,2
45101,2023,6,24,7,4,153,116,3555356,13,21,0,2,1
45101,2023,6,24,7,4,290,"719,9",4322400,49,4,1,2,1
45101,2023,6,24,7,4,153,"409,5",1713304,67,21,0,34,1
45101,2023,6,24,7,4,40,114,3301702,1,11,1,3,2
45101,2023,6,24,7,4,101,66,3301009,1,11,0,2,2
45101,2023,6,24,7,4,493,95,3305554,67,12,0,3,2
45102,2023,6,25,1,1,476,116,4105805,11,9,1,2,2
45102,2023,6,25,1,1,285,"292,7",4314100,1,11,0,2,2
45102,2023,6,25,1,1,277,327,4109401,67,20,0,1,1
45102,2023,6,25,1,1,116,271,3552809,60,2,0,2,2
45102,2023,6,25,1,1,369,"82,5",4106407,83,9,0,2,2
45102,2023,6,25,1,1,158,580,3100609,49,11,0,2,2
45101,2023,6,24,7,4,70,7,5101803,49,7,1,3,2
45102,2023,6,25,1,1,116,174,3305109,49,12,1,2,2
45102,2023,6,25,1,1,369,"144,9",4113700,16,12,1,5,3
45102,2023,6,25,1,1,116,"769,3",3138401,78,21,0,3,2
45102,2023,6,25,1,1,101,123,4208203,61,2,1,3,2
45101,2023,6,24,7,4,232,176,2601706,49,7,1,4,2
45101,2023,6,24,7,4,364,317,5213103,80,7,0,2,2
45102,2023,6,25,1,1,116,211,3518800,67,7,1,2,1
45102,2023,6,25,1,1,381,57,3528502,49,4,1,1,1
45102,2023,6,25,1,1,116,247,4318705,83,20,1,1,1
45102,2023,6,25,1,1,116,"140,5",3549904,81,2,1,2,2
45102,2023,6,25,1,1,369,452,4128005,18,20,0,1,1
45102,2023,6,25,1,1,471,"149,8",4316808,1,11,1,6,2
45102,2023,6,25,1,1,222,312,2313401,46,4,1,2,1
45102,2023,6,25,1,1,277,72,4125506,80,11,1,3,2
45102,2023,6,25,1,1,116,455,2928802,11,12,0,3,2
45102,2023,6,25,1,1,135,52,2101251,56,4,1,2,1
45102,2023,6,25,1,1,116,218,3518800,11,12,1,2,2
45102,2023,6,25,1,1,116,218,3518800,49,12,1,2,2
45102,2023,6,25,1,1,369,"501,5",4106308,49,4,0,1,1
45102,2023,6,25,1,1,290,"73,4",4309209,49,20,1,1,1
45102,2023,6,25,1,1,101,"75,6",2611606,11,4,1,1,1
45102,2023,6,25,1,1,423,"94,5",2606002,67,7,1,2,2
45102,2023,6,25,1,1,116,719,3143906,18,21,0,2,1
45102,2023,6,25,1,1,116,142,3301702,11,12,0,2,2
45102,2023,6,25,1,1,493,96,3305554,11,4,0,1,1
45102,2023,6,25,1,1,153,"49,3",3549805,49,10,1,3,3
45102,2023,6,25,1,1,467,"81,2",2303501,83,20,0,1,1
45101,2023,6,24,7,4,101,406,3302007,48,2,0,2,2
45102,2023,6,25,1,1,101,"267,5",4212304,67,20,0,1,1
45101,2023,6,24,7,4,101,404,3302007,11,3,1,1,1
45102,2023,6,25,1,1,116,115,4106902,11,4,1,2,1
45102,2023,6,25,1,2,116,156,3549904,67,12,1,3,2
45102,2023,6,25,1,2,116,215,3518800,60,2,1,3,2
45101,2023,6,24,7,2,116,176,3305109,67,12,1,3,2
45095,2023,6,18,1,1,116,425,2910800,9,1,1,1,1
45102,2023,6,25,1,2,20,399,2303709,44,21,0,1,1
45101,2023,6,24,7,4,471,660,4317301,16,12,1,4,3
45102,2023,6,25,1,2,472,553,4322400,67,4,0,1,1
45102,2023,6,25,1,1,101,"99,7",2504603,49,20,0,1,1
45102,2023,6,25,1,1,70,312,5103601,67,20,0,1,1
45102,2023,6,25,1,2,330,789,2918001,18,7,0,5,2
45102,2023,6,25,1,2,116,258,3303955,11,4,0,1,1
45102,2023,6,25,1,2,116,227,3518800,49,4,1,2,1
45102,2023,6,25,1,2,60,174,5200050,83,20,0,1,1
45102,2023,6,25,1,2,242,844,2903201,13,20,0,3,1
45102,2023,6,25,1,2,116,"222,3",3518800,48,12,1,2,2
45102,2023,6,25,1,2,116,273,3552809,67,20,1,1,1
45054,2023,5,8,2,4,158,109,5006309,56,4,0,2,1
45102,2023,6,25,1,2,153,493,5208707,67,4,1,3,2
45102,2023,6,25,1,2,50,174,5204805,18,20,0,1,1
45102,2023,6,25,1,2,116,253,4320008,67,12,1,2,2
45102,2023,6,25,1,2,101,48,4209102,49,21,0,2,1
45102,2023,6,25,1,2,381,"915,8",3110509,51,4,0,1,1
45102,2023,6,25,1,2,101,51,4209102,52,12,1,2,2
45102,2023,6,25,1,2,116,224,4306403,1,11,1,3,2
45102,2023,6,25,1,1,101,612,2920908,83,7,0,3,2
45102,2023,6,25,1,2,10,"8,8",1502939,52,20,0,1,1
45102,2023,6,25,1,2,373,"245,8",4108957,67,20,0,1,1
45102,2023,6,25,1,2,393,168,3306008,20,9,1,3,3
45102,2023,6,25,1,2,376,1,4101408,1,9,1,9,2
45102,2023,6,25,1,2,222,"4,7",2303709,67,15,1,3,3
45102,2023,6,25,1,2,293,"303,6",4317103,29,20,0,2,1
45102,2023,6,25,1,2,381,61,3528502,11,4,0,1,1
45102,2023,6,25,1,2,317,120,1200450,28,3,0,2,1
45102,2023,6,25,1,2,381,"526,2",3109006,13,20,0,2,1
44994,2023,3,9,5,4,262,52,3139409,67,21,0,1,1
45090,2023,6,13,3,2,230,162,2504009,1,11,0,2,2
45102,2023,6,25,1,3,330,805,2918001,82,20,0,3,2
45102,2023,6,25,1,3,282,213,4209300,52,11,0,3,2
45102,2023,6,25,1,3,116,414,3127701,1,11,1,2,2
45102,2023,6,25,1,2,146,"409,9",3144102,83,10,0,9,3
45102,2023,6,25,1,2,282,302,3556354,83,20,0,1,1
45102,2023,6,25,1,3,470,"57,2",4202404,82,9,1,3,2
45102,2023,6,25,1,3,343,15,2207702,49,4,1,3,3
45102,2023,6,25,1,3,470,"18,6",4207106,16,12,0,2,2
45102,2023,6,25,1,3,101,"115,7",2412203,48,2,0,2,2
45102,2023,6,25,1,3,232,"51,6",2611309,16,12,0,4,3
45102,2023,6,25,1,3,116,171,3304557,1,9,1,2,2
45102,2023,6,25,1,3,277,167,4117701,67,20,0,4,1
45102,2023,6,25,1,3,156,434,1600709,15,20,0,2,1
45102,2023,6,25,1,3,116,"508,7",3170057,83,12,1,2,2
45102,2023,6,25,1,3,101,253,3205002,16,9,1,2,2
45102,2023,6,25,1,2,135,23,2111300,11,4,1,1,1
45102,2023,6,25,1,2,116,"146,1",3301702,9,1,1,9,3
45102,2023,6,25,1,3,101,"25,5",2512903,29,4,0,6,2
45102,2023,6,25,1,3,101,135,4202008,33,11,1,2,2
45102,2023,6,25,1,3,116,"130,5",2513158,28,18,0,16,1
45102,2023,6,25,1,3,116,"100,5",3538006,67,12,0,4,2
45102,2023,6,25,1,3,101,"85,9",2501807,49,2,0,2,2
45102,2023,6,25,1,3,116,763,3138401,11,12,1,3,2
45102,2023,6,25,1,3,101,110,3205010,44,12,0,6,2
45102,2023,6,25,1,3,50,174,3170107,16,12,1,4,2
45102,2023,6,25,1,3,408,86,2610608,11,4,0,1,1
45102,2023,6,25,1,3,101,365,4215455,11,12,1,3,2
45102,2023,6,25,1,3,40,"621,1",3118304,11,12,1,3,2
45102,2023,6,25,1,3,163,116,1502202,82,9,0,3,2
45102,2023,6,25,1,3,262,"419,2",3130200,49,12,0,5,2
45102,2023,6,25,1,3,324,621,2927408,49,12,0,3,2
45102,2023,6,25,1,3,153,30,1722107,11,20,0,2,1
45102,2023,6,25,1,3,364,579,5105903,13,21,1,1,1
45102,2023,6,25,1,4,60,47,5200308,1,12,0,5,2
45102,2023,6,25,1,3,470,70,4207502,49,11,1,2,2
45102,2023,6,25,1,3,359,219,5003306,1,9,0,6,2
45102,2023,6,25,1,3,163,832,5107909,1,9,1,4,2
45102,2023,6,25,1,3,153,17,3115805,1,2,0,1,1
45102,2023,6,25,1,3,116,584,3139409,80,7,0,2,2
45102,2023,6,25,1,4,20,11,5300108,1,12,1,2,2
45102,2023,6,25,1,4,277,"67,8",4125506,11,12,1,2,2
45102,2023,6,25,1,3,116,116,3302502,52,9,0,3,2
45102,2023,6,25,1,4,40,"514,7",3154606,1,2,1,6,2
45102,2023,6,25,1,2,280,"250,4",4203808,16,12,0,5,2
45102,2023,6,25,1,4,235,298,2918407,52,20,0,1,1
45102,2023,6,25,1,4,158,312,4310538,48,2,1,2,2
45102,2023,6,25,1,4,116,428,2305704,67,4,0,17,1
45102,2023,6,25,1,3,343,"304,4",2200400,67,12,0,2,2
45102,2023,6,25,1,4,376,"175,7",4115200,49,11,1,2,2
45102,2023,6,25,1,4,163,994,1506807,28,20,0,2,2
45102,2023,6,25,1,3,153,28,5218003,13,21,0,2,1
45102,2023,6,25,1,3,282,"673,1",3535705,49,7,0,4,2
45102,2023,6,25,1,4,364,"341,2",1100122,11,4,0,2,1
45102,2023,6,25,1,4,235,350,2918407,49,11,1,3,3
45102,2023,6,25,1,4,158,360,4306379,1,11,0,3,3
45102,2023,6,25,1,4,493,17,3301850,67,4,0,1,1
45102,2023,6,25,1,3,343,"262,8",2202208,52,4,0,3,1
45102,2023,6,25,1,4,101,404,4210407,11,20,0,1,1
45102,2023,6,25,1,4,230,"36,2",2110203,11,12,1,2,2
45102,2023,6,25,1,4,116,"117,2",3554102,11,20,0,1,1
45102,2023,6,25,1,4,280,25,4201307,2,7,1,2,2
45102,2023,6,25,1,4,369,187,4101507,33,11,1,2,2
45102,2023,6,25,1,4,282,29,4215703,49,7,1,4,2
45102,2023,6,25,1,4,116,35,2305233,9,1,0,1,1
45102,2023,6,25,1,3,116,"60,9",4212205,61,2,0,2,2
45102,2023,6,25,1,4,101,"222,5",3202504,60,2,0,2,2
45102,2023,6,25,1,3,110,288,2913705,9,1,0,2,2
45070,2023,5,24,4,3,280,82,4204509,80,7,1,3,2
45102,2023,6,25,1,4,470,126,4209904,2,7,0,3,2
45102,2023,6,25,1,4,226,"301,9",2101608,67,12,0,3,2
45102,2023,6,25,1,3,407,"104,6",2917706,82,7,0,5,2
45102,2023,6,25,1,4,50,270,5205109,18,20,0,1,1
45102,2023,6,25,1,4,116,"173,8",3305109,38,12,1,6,2
45102,2023,6,25,1,4,476,170,4101804,28,18,0,1,1
45102,2023,6,25,1,4,364,714,1100205,35,2,1,3,2
45102,2023,6,25,1,4,116,200,3304144,67,12,0,2,2
45102,2023,6,25,1,4,267,48,3140209,9,1,0,5,1
45102,2023,6,25,1,4,116,157,3549904,11,4,0,1,1
45102,2023,6,25,1,4,116,"616,3",3145877,18,3,0,2,2
45103,2023,6,26,2,1,369,150,4113700,17,11,1,2,2
45102,2023,6,25,1,4,163,478,2401305,16,12,1,2,2
45103,2023,6,26,2,1,163,257,5003702,11,12,1,5,2
45102,2023,6,25,1,4,101,508,3300100,11,7,1,2,2
45103,2023,6,26,2,1,277,254,4110706,49,20,0,1,1
45103,2023,6,26,2,1,101,"714,9",2910727,25,7,1,2,2
45103,2023,6,26,2,1,101,137,3203205,67,20,0,1,1
45103,2023,6,26,2,1,364,246,5105200,18,9,0,1,1
45103,2023,6,26,2,1,116,171,3304557,67,12,1,2,2
45103,2023,6,26,2,1,381,"686,1",3138203,11,20,0,1,1
45103,2023,6,26,2,1,116,182,3303500,80,7,1,4,3
45103,2023,6,26,2,1,116,"269,5",3552809,11,12,1,2,2
45103,2023,6,26,2,1,101,127,2503001,4,20,1,1,1
45103,2023,6,26,2,1,174,424,5106182,67,1,0,2,2
45103,2023,6,26,2,2,60,3,5300108,11,15,0,4,4
45103,2023,6,26,2,2,101,310,3304904,11,12,1,2,2
45103,2023,6,26,2,2,277,722,4108304,1,11,0,3,2
45103,2023,6,26,2,1,471,"176,6",4315701,67,4,0,1,1
45103,2023,6,26,2,2,356,10,3302205,1,11,1,2,2
45103,2023,6,26,2,2,101,"38,8",4209102,78,4,1,3,2
45103,2023,6,26,2,2,116,16,2304285,16,9,1,3,3
45103,2023,6,26,2,2,40,120,3301702,11,12,1,2,2
45103,2023,6,26,2,2,158,640,5106257,1,11,0,2,2
45103,2023,6,26,2,2,101,269,3205002,52,9,1,2,2
45103,2023,6,26,2,2,116,11,4210100,71,7,0,2,1
45103,2023,6,26,2,2,10,463,4117602,52,12,1,2,2
45103,2023,6,26,2,1,158,"138,8",5001003,51,20,0,1,1
45103,2023,6,26,2,2,116,"39,2",4322509,1,11,1,3,2
45097,2023,6,20,3,1,20,169,5200803,9,1,0,6,2
45103,2023,6,26,2,2,230,"156,3",2504009,16,12,1,2,2
45103,2023,6,26,2,2,101,353,4208807,9,1,0,1,1
45103,2023,6,26,2,2,116,519,3113404,67,11,0,2,2
45103,2023,6,26,2,2,381,451,3156700,16,12,1,3,2
45103,2023,6,26,2,2,116,251,4318705,67,9,1,1,1
45103,2023,6,26,2,2,319,63,1100205,17,11,1,2,2
45103,2023,6,26,2,2,282,"95,3",4200705,83,3,0,1,1
45103,2023,6,26,2,2,381,335,3144706,83,4,0,1,1
45103,2023,6,26,2,2,280,260,4207908,25,12,0,3,2
45103,2023,6,26,2,2,277,720,4108304,1,11,0,2,2
45103,2023,6,26,2,2,101,209,4216602,11,20,1,1,1
45103,2023,6,26,2,2,116,255,3304003,67,20,0,1,1
45101,2023,6,24,7,4,282,525,4219705,49,11,1,2,2
45103,2023,6,26,2,2,304,32,2408003,1,11,1,2,2
45103,2023,6,26,2,2,50,"153,3",5204805,18,20,0,3,1
45103,2023,6,26,2,2,116,"5,5",4210100,1,11,1,3,2
45103,2023,6,26,2,2,423,"91,2",2606002,67,12,1,3,2
45103,2023,6,26,2,2,70,11,5300108,1,12,1,4,2
45103,2023,6,26,2,2,116,493,3509254,13,4,0,2,1
45103,2023,6,26,2,2,40,"613,8",3118007,52,9,0,3,2
45103,2023,6,26,2,2,116,"530,6",3113404,11,12,0,2,2
45074,2023,5,28,1,4,116,22,2306256,49,21,1,1,1
45103,2023,6,26,2,2,381,315,3144706,83,20,0,4,1
45103,2023,6,26,2,2,406,169,2312403,16,12,0,2,2
45103,2023,6,26,2,2,316,2,2211001,1,12,1,2,2
45103,2023,6,26,2,2,116,"569,5",3139409,82,20,0,5,2