id_data,ano,mes,dia,id_dia_semana,periodo,br,km,id_municipio,id_causa_acidente,id_tipo_acidente,id_uso_solo,pessoas,veiculos
45109,2023,7,2,1,4,116,502,2302503,1,11,1,3,2
45109,2023,7,2,1,3,364,474,5104906,11,3,0,1,1
45109,2023,7,2,1,4,101,294,4207304,1,11,1,2,2
45109,2023,7,2,1,4,101,50,3555406,11,11,1,2,2
45109,2023,7,2,1,3,135,95,2105401,1,7,1,4,2
45109,2023,7,2,1,4,472,578,4322400,67,20,1,2,1
45109,2023,7,2,1,3,163,1082,5104104,11,20,0,1,1
45109,2023,7,2,1,4,285,350,4304705,52,10,0,5,2
45109,2023,7,2,1,3,293,251,4306601,9,21,1,2,1
45109,2023,7,2,1,4,262,"556,2",5005608,9,1,0,1,1
45109,2023,7,2,1,4,376,"177,5",4115200,49,15,1,4,3
45109,2023,7,2,1,4,101,206,4216602,11,9,1,2,2
45109,2023,7,2,1,4,101,248,3305604,11,20,0,1,1
45109,2023,7,2,1,4,116,137,3302502,28,4,1,1,1
45109,2023,7,2,1,4,423,"75,5",2608255,41,20,0,2,1
45109,2023,7,2,1,4,405,"8,7",2516904,11,7,1,2,2
45109,2023,7,2,1,3,135,169,2111508,36,12,0,4,2
45109,2023,7,2,1,4,277,"532,9",4109757,83,20,0,1,1
45110,2023,7,3,2,1,230,"71,8",2515971,25,21,0,2,1
45109,2023,7,2,1,3,414,436,5201108,83,9,1,3,2
45061,2023,5,15,2,2,235,"58,7",2506905,1,11,0,3,3
45110,2023,7,3,2,1,386,"342,2",1712009,49,20,1,2,1
45110,2023,7,3,2,1,476,146,4106902,49,20,1,1,1
45110,2023,7,3,2,1,277,587,2303501,83,9,1,2,2
45110,2023,7,3,2,1,116,175,3305109,51,7,0,1,1
45110,2023,7,3,2,1,101,276,3305752,2,4,1,1,1
45110,2023,7,3,2,1,210,3,1600303,80,10,1,2,2
45110,2023,7,3,2,1,116,219,3518800,28,18,1,1,1
45110,2023,7,3,2,1,163,"437,8",2401305,11,1,0,5,1
45110,2023,7,3,2,1,210,103,1600535,16,12,0,2,2
45109,2023,7,2,1,4,116,566,2922805,1,7,0,2,2
45110,2023,7,3,2,1,116,"662,4",3161403,28,18,0,1,1
45109,2023,7,2,1,3,116,421,3127701,1,11,0,3,2
45110,2023,7,3,2,2,242,315,1716604,9,1,0,1,1
45110,2023,7,3,2,2,381,86,3550308,11,9,1,1,1
45109,2023,7,2,1,2,465,1,3305554,1,21,1,2,2
45110,2023,7,3,2,2,476,"278,8",4125605,80,11,1,2,2
45110,2023,7,3,2,2,381,"88,9",3518800,78,12,1,2,2
45110,2023,7,3,2,2,226,"49,5",2201903,16,9,0,5,2
45110,2023,7,3,2,2,427,"59,2",2405702,28,21,0,2,1
45110,2023,7,3,2,1,262,"114,3",3154903,11,7,0,4,2
45110,2023,7,3,2,2,101,"290,5",3201308,16,12,0,2,2
45110,2023,7,3,2,2,40,118,3301702,11,21,1,1,1
45110,2023,7,3,2,2,230,6,2503209,16,12,1,2,2
45110,2023,7,3,2,1,10,"6,4",1502939,67,12,0,2,2
45110,2023,7,3,2,2,364,714,1100205,67,9,1,2,2
45110,2023,7,3,2,2,101,"118,1",4208203,11,21,1,1,1
45110,2023,7,3,2,2,235,"52,7",2506905,33,11,1,2,2
45110,2023,7,3,2,2,101,"315,8",3304904,11,12,0,2,1
45110,2023,7,3,2,2,40,"607,5",3118007,1,11,0,2,2
45110,2023,7,3,2,2,153,"647,7",1707306,67,20,0,2,1
45110,2023,7,3,2,2,330,792,2918001,82,7,0,4,2
45110,2023,7,3,2,2,116,217,3518800,11,12,1,2,2
45110,2023,7,3,2,2,101,"290,6",3201308,67,11,1,2,2
45110,2023,7,3,2,2,174,"14,5",1100304,1,9,1,2,2
45110,2023,7,3,2,2,381,2,3106705,28,9,1,3,2
45110,2023,7,3,2,2,116,504,3509254,67,4,0,2,1
45110,2023,7,3,2,2,365,350,3170750,1,9,0,2,2
45110,2023,7,3,2,2,50,"35,3",3103504,28,18,0,12,1
45110,2023,7,3,2,2,116,"124,4",3508504,13,21,0,1,1
45022,2023,4,6,5,2,40,522,3118601,11,12,1,2,2
45110,2023,7,3,2,2,40,9,5212501,1,9,1,2,2
45110,2023,7,3,2,2,101,"196,2",3301306,11,20,0,3,1
45110,2023,7,3,2,2,470,74,4311304,49,4,1,1,1
45110,2023,7,3,2,2,408,52,2609501,16,12,1,3,2
45110,2023,7,3,2,2,470,"66,9",4207502,11,12,1,5,2
45110,2023,7,3,2,2,282,4,4205407,11,9,1,2,2
45110,2023,7,3,2,2,163,350,3517406,11,4,0,1,1
45110,2023,7,3,2,2,101,439,2932200,16,7,0,4,2
45110,2023,7,3,2,2,376,667,4109609,67,4,0,1,1
45110,2023,7,3,2,2,101,"51,5",3301009,13,21,0,2,1
45110,2023,7,3,2,2,116,505,3509254,15,3,0,5,1
45110,2023,7,3,2,2,364,192,5211909,1,11,0,4,2
45110,2023,7,3,2,2,40,"673,6",3113206,11,20,0,1,1
45110,2023,7,3,2,2,50,204,3121258,67,20,0,6,1
45110,2023,7,3,2,2,153,356,5211800,1,11,1,2,2
45110,2023,7,3,2,2,20,238,2307635,1,11,1,2,2
45110,2023,7,3,2,2,280,48,4206504,82,12,1,2,2
45110,2023,7,3,2,2,153,190,5221601,67,12,0,3,2
45110,2023,7,3,2,3,116,"614,9",3145877,1,11,0,2,2
45110,2023,7,3,2,2,364,122,1200401,1,11,1,2,2
45110,2023,7,3,2,3,116,"3,1",2304400,1,9,1,2,2
45110,2023,7,3,2,3,153,433,5201108,16,12,1,2,2
45110,2023,7,3,2,3,153,81,2512200,1,11,0,5,2
45110,2023,7,3,2,3,101,214,4211900,16,12,0,3,3
45110,2023,7,3,2,2,40,77,3303906,64,20,0,4,1
45103,2023,6,26,2,3,116,573,2904308,48,2,1,2,2
45105,2023,6,28,4,2,472,"132,8",4321808,52,11,0,2,2
45110,2023,7,3,2,3,381,485,3106705,1,12,1,2,2
45110,2023,7,3,2,3,40,"6,5",5221858,1,9,1,2,2
45110,2023,7,3,2,2,376,"388,8",4127502,67,20,0,1,1
45110,2023,7,3,2,3,50,"158,5",5204805,18,20,0,5,1
45110,2023,7,3,2,2,282,"2,4",4205407,52,9,1,2,2
45110,2023,7,3,2,3,369,175,4122404,49,12,1,3,3
45110,2023,7,3,2,3,70,282,5107040,67,11,1,2,2
45110,2023,7,3,2,3,101,96,2408102,67,9,1,2,2
45110,2023,7,3,2,3,367,"22,7",2925303,11,12,1,2,2
45110,2023,7,3,2,3,110,179,2926608,52,7,1,5,2
45110,2023,7,3,2,3,210,1,1600303,16,12,1,2,2
45110,2023,7,3,2,3,10,454,4117602,11,12,1,2,2
45110,2023,7,3,2,3,463,"97,2",5006606,81,9,0,2,2
45110,2023,7,3,2,3,101,232,3202207,80,10,0,4,3
45110,2023,7,3,2,3,381,"493,7",3106705,28,21,1,2,1
45110,2023,7,3,2,3,40,"4,5",5300108,52,9,0,2,2
45110,2023,7,3,2,3,392,351,2409332,1,11,1,2,2
45110,2023,7,3,2,3,40,545,3144805,52,9,0,2,2
45110,2023,7,3,2,3,101,194,4202305,16,12,1,2,2
45110,2023,7,3,2,3,116,1,4314902,80,12,1,5,2
45110,2023,7,3,2,3,60,370,2401305,29,21,0,1,1
45110,2023,7,3,2,3,116,739,3138005,20,12,0,4,2
45110,2023,7,3,2,3,282,"666,4",3535705,35,2,0,3,2
45110,2023,7,3,2,4,101,112,4208203,11,12,1,2,2
45110,2023,7,3,2,3,101,278,3305752,67,3,1,1,1
45110,2023,7,3,2,4,280,"27,3",4201307,1,2,0,2,2
45110,2023,7,3,2,3,101,"64,5",2611606,16,12,0,2,2
45110,2023,7,3,2,4,448,"3,7",4307708,11,4,0,1,1
45110,2023,7,3,2,4,101,"215,8",4211900,16,9,1,2,2
45110,2023,7,3,2,4,116,3,2304400,1,9,1,3,2
45107,2023,6,30,6,4,10,"93,9",1508126,9,1,0,1,1
45110,2023,7,3,2,4,101,292,3201308,80,7,1,2,2
45110,2023,7,3,2,3,163,"482,8",2401305,80,10,0,3,3
45110,2023,7,3,2,2,317,285,1200252,83,11,0,2,2
45110,2023,7,3,2,3,316,"103,8",2702504,49,11,0,3,2
45110,2023,7,3,2,4,116,417,3127701,11,21,1,1,1
45110,2023,7,3,2,4,163,277,4120853,11,20,0,1,1
45110,2023,7,3,2,4,308,206,1501709,11,7,1,2,2
45110,2023,7,3,2,4,282,"526,4",4219705,82,7,0,3,2
45110,2023,7,3,2,4,70,190,5210406,1,11,1,2,2
45110,2023,7,3,2,4,116,"98,9",3531605,33,9,1,4,2
45110,2023,7,3,2,4,116,842,2933307,82,7,0,12,3
45111,2023,7,4,3,1,116,"60,9",3518404,67,12,0,3,2
45110,2023,7,3,2,4,135,50,2101251,12,3,0,2,1
45111,2023,7,4,3,1,280,"73,2",4208906,67,12,1,2,2
45111,2023,7,4,3,1,423,"117,7",2610301,16,12,0,3,2
45108,2023,7,1,7,1,153,519,1718451,49,3,0,1,1
45111,2023,7,4,3,1,158,564,4317103,80,10,0,2,2
45111,2023,7,4,3,1,101,"155,5",4213500,67,21,0,1,1
45111,2023,7,4,3,1,116,100,3538006,67,3,0,1,1
45111,2023,7,4,3,2,116,207,3518800,83,15,1,4,4
45111,2023,7,4,3,2,470,218,4302105,33,11,1,2,2
45111,2023,7,4,3,2,393,266,3300308,83,3,0,5,1
45111,2023,7,4,3,2,101,"125,1",4202008,28,21,0,2,1
45111,2023,7,4,3,2,101,187,3200607,1,11,0,2,2
45111,2023,7,4,3,2,232,71,2606408,1,12,0,2,2
45111,2023,7,4,3,2,277,176,4117701,11,20,0,5,1
45111,2023,7,4,3,2,381,56,3528502,83,21,0,1,1
45111,2023,7,4,3,2,354,"751,7",3133006,1,11,1,2,2
45111,2023,7,4,3,2,423,76,2608255,63,21,0,2,1
45111,2023,7,4,3,2,101,"30,3",4209102,1,11,0,2,2
45111,2023,7,4,3,2,290,151,4301107,28,18,1,1,1
45111,2023,7,4,3,2,343,23,2207702,1,7,0,2,2
45107,2023,6,30,6,1,101,"211,7",4211900,83,2,1,2,2
45049,2023,5,3,4,3,319,64,1100205,16,15,1,11,3
45039,2023,4,23,1,4,376,"333,9",4117305,18,4,0,1,1
45111,2023,7,4,3,2,282,"3,4",4205407,67,12,1,2,2
45111,2023,7,4,3,2,50,73,3170206,78,9,0,3,2
45111,2023,7,4,3,2,116,138,3549904,67,12,0,3,2
45111,2023,7,4,3,2,235,"28,7",2401107,83,7,0,2,2
45111,2023,7,4,3,2,158,677,5106257,9,20,0,2,1
45097,2023,6,20,3,4,153,"330,3",4110706,33,11,1,3,2
45111,2023,7,4,3,2,343,"344,3",2211001,33,11,1,2,2
45111,2023,7,4,3,2,376,601,4106902,67,12,1,3,2
45094,2023,6,17,7,3,324,520,2910800,67,12,0,2,2
45111,2023,7,4,3,2,343,"4,2",2211001,11,15,1,4,4
45111,2023,7,4,3,2,235,"16,1",2804805,83,20,0,1,1
45111,2023,7,4,3,2,70,9,5300108,52,9,1,2,2
45111,2023,7,4,3,2,277,729,4108304,44,12,1,3,3
45111,2023,7,4,3,2,116,272,3552809,11,9,0,2,2
45111,2023,7,4,3,2,277,61,4125506,28,20,0,1,1
45111,2023,7,4,3,2,101,"196,3",4202305,11,4,1,1,1
45111,2023,7,4,3,2,135,2,2111300,11,12,1,2,2
45111,2023,7,4,3,2,116,306,4309308,1,11,1,2,2
45111,2023,7,4,3,2,285,"325,1",4314100,83,20,0,1,1
45111,2023,7,4,3,2,101,"67,5",2611606,16,12,1,2,2
45111,2023,7,4,3,2,290,92,4314902,67,3,1,4,1
45060,2023,5,14,1,1,116,223,3518800,67,11,1,4,2
45103,2023,6,26,2,2,407,"0,4",2918407,11,12,1,2,2
45111,2023,7,4,3,2,101,"214,4",4211900,52,11,1,3,3
45111,2023,7,4,3,2,230,314,2514909,67,20,0,2,1
45111,2023,7,4,3,1,251,305,3157005,9,1,0,2,1
45043,2023,4,27,5,2,267,61,3106903,11,21,0,1,1
44959,2023,2,2,5,2,101,76,2611606,67,20,0,3,2
45111,2023,7,4,3,1,452,70,5213004,67,4,0,2,1
45085,2023,6,8,5,4,365,604,3170206,11,21,0,1,1
45111,2023,7,4,3,2,116,"139,9",2513158,1,11,1,3,2
45111,2023,7,4,3,2,364,"407,6",1100114,16,12,0,2,2
45080,2023,6,3,7,2,135,351,2201903,16,12,1,2,2
45111,2023,7,4,3,3,60,"24,8",5300108,67,21,0,1,1
45111,2023,7,4,3,3,153,"49,9",4307005,20,11,0,2,2
45111,2023,7,4,3,2,101,50,4209102,1,11,0,2,2
45053,2023,5,7,1,2,285,20,4318622,80,7,0,2,2
45111,2023,7,4,3,3,476,"196,5",4113205,1,2,1,2,2
45097,2023,6,20,3,3,50,166,3170107,11,12,0,2,2
45111,2023,7,4,3,3,381,82,3550308,67,12,1,3,3
45111,2023,7,4,3,3,381,"499,9",3106705,11,15,1,3,3
45111,2023,7,4,3,3,381,"590,2",3114501,83,4,1,3,1
45027,2023,4,11,3,2,116,220,3518800,67,12,0,2,2
45111,2023,7,4,3,3,324,556,2615201,67,11,0,3,2
45111,2023,7,4,3,3,469,"13,5",4108304,33,11,1,2,2
45107,2023,6,30,6,3,393,285,3306305,20,11,1,2,2
45111,2023,7,4,3,3,472,"504,7",4310603,11,20,0,5,2
45111,2023,7,4,3,3,101,79,2707701,28,18,0,1,1
45101,2023,6,24,7,2,381,484,3106705,11,15,1,5,4
45111,2023,7,4,3,3,153,609,2308906,1,11,0,4,2
45111,2023,7,4,3,3,40,102,3301702,80,7,1,2,2
45111,2023,7,4,3,3,101,55,2801504,11,20,0,1,1
45111,2023,7,4,3,3,116,"10,6",2933307,11,11,1,2,2
45111,2023,7,4,3,3,40,554,3144805,52,9,1,2,2
45111,2023,7,4,3,3,282,"16,3",4211900,81,11,1,3,2
45111,2023,7,4,3,2,40,617,3118007,11,4,0,1,1
45111,2023,7,4,3,3,230,10,2503209,11,12,0,3,3
45111,2023,7,4,3,3,101,"384,5",4207007,67,12,0,2,2
45111,2023,7,4,3,3,101,274,3305752,1,2,0,6,2
45111,2023,7,4,3,3,146,"489,6",3151800,16,12,1,3,2
45111,2023,7,4,3,3,282,"3,6",4205407,11,12,0,2,2
45111,2023,7,4,3,3,101,"185,1",2704005,1,2,1,3,2
45111,2023,7,4,3,3,116,"699,6",3143906,1,12,1,3,2
45111,2023,7,4,3,3,101,"243,2",3205002,60,2,1,3,2
45111,2023,7,4,3,3,116,9,4120804,9,1,1,2,1
45111,2023,7,4,3,3,262,"42,1",3201902,67,7,0,3,2
45111,2023,7,4,3,3,277,82,4125506,52,9,0,2,2
45111,2023,7,4,3,3,40,546,3144805,67,15,0,4,4
45111,2023,7,4,3,4,285,"416,5",4313904,33,11,1,3,2
45111,2023,7,4,3,3,435,23,1100304,67,20,0,1,1
45009,2023,3,24,6,2,282,"0,5",4205407,11,12,0,4,3
45111,2023,7,4,3,3,101,"242,8",3205002,60,2,1,2,2
45111,2023,7,4,3,4,116,106,3301850,83,21,0,2,1
45111,2023,7,4,3,3,232,66,2604106,67,12,1,4,3
45111,2023,7,4,3,4,116,174,3304557,52,9,0,5,2
45111,2023,7,4,3,4,101,44,3555406,11,4,1,1,1
45111,2023,7,4,3,4,230,3,1500602,67,21,0,1,1
45111,2023,7,4,3,4,470,47,4202404,63,21,0,1,1
45111,2023,7,4,3,3,135,20,2911105,67,10,0,3,2
45111,2023,7,4,3,3,232,394,2613909,9,1,0,2,1
45111,2023,7,4,3,4,116,"85,7",4119509,1,12,0,4,2
45111,2023,7,4,3,3,20,"122,1",2313302,63,3,0,2,1
45111,2023,7,4,3,4,369,174,4122404,2,7,1,2,2
45111,2023,7,4,3,4,369,91,4106407,9,1,0,1,1
45110,2023,7,3,2,4,40,106,3301702,44,9,1,5,2
45111,2023,7,4,3,4,116,"583,6",3139409,11,20,0,1,1
45111,2023,7,4,3,4,101,"282,3",4207304,11,4,0,1,1
45111,2023,7,4,3,4,153,"515,5",5201405,1,11,1,4,2
45112,2023,7,5,4,1,222,"1,2",2304400,18,4,1,1,1
45111,2023,7,4,3,4,101,86,2607901,52,9,1,2,2
45112,2023,7,5,4,1,20,"5,5",5208004,11,4,1,1,1
45112,2023,7,5,4,1,116,584,3139409,1,11,0,2,2
45112,2023,7,5,4,1,101,"129,2",4202008,49,4,0,1,1
45112,2023,7,5,4,1,116,"59,5",3518404,28,4,1,1,1
45112,2023,7,5,4,2,101,"199,1",4202305,67,12,1,3,2
45112,2023,7,5,4,1,70,0,5200258,11,20,0,1,1
45112,2023,7,5,4,1,116,182,3303500,78,12,1,2,2
45112,2023,7,5,4,2,70,10,5300108,1,12,1,2,2
45111,2023,7,4,3,4,40,123,3301702,56,12,1,2,2
45105,2023,6,28,4,2,40,"517,6",3154606,1,11,1,2,2
45112,2023,7,5,4,2,376,"2,2",4115200,28,18,0,1,1
45112,2023,7,5,4,1,163,589,5106224,67,20,0,2,1
45112,2023,7,5,4,1,116,"273,2",3552809,67,4,1,2,1
45112,2023,7,5,4,2,40,120,3301702,16,12,1,2,2
45112,2023,7,5,4,1,174,290,5106752,61,2,1,4,2
45112,2023,7,5,4,2,316,140,2702553,1,7,1,2,2
45112,2023,7,5,4,2,163,"477,3",2401305,1,11,0,2,2
45112,2023,7,5,4,2,101,87,2607901,16,12,0,2,2
45096,2023,6,19,2,3,290,92,4314902,67,12,1,5,5
45112,2023,7,5,4,2,116,"216,5",3518800,67,21,1,1,1
45112,2023,7,5,4,2,277,122,4104204,11,12,1,1,1
45112,2023,7,5,4,2,153,"103,5",4109708,1,11,0,2,2
45112,2023,7,5,4,2,153,492,5208707,1,12,1,3,2
45112,2023,7,5,4,2,101,89,2507507,16,12,1,4,4
45052,2023,5,6,7,4,116,263,4304606,52,9,1,2,2
45112,2023,7,5,4,2,277,"453,9",4113304,33,11,1,2,2
45112,2023,7,5,4,2,116,255,4307708,78,9,1,3,2
45112,2023,7,5,4,2,381,442,3156700,52,9,0,2,2
45100,2023,6,23,6,2,369,"424,8",4112959,1,11,1,4,3
45112,2023,7,5,4,2,116,356,2413508,1,11,1,2,2
45107,2023,6,30,6,2,230,611,1301704,1,11,1,3,3
45094,2023,6,17,7,4,465,2,3305554,1,9,0,2,2
45112,2023,7,5,4,2,70,"76,3",4108502,83,20,0,5,1
45064,2023,5,18,5,2,101,56,2702801,4,20,0,1,1
45112,2023,7,5,4,2,423,"94,6",2606002,20,7,0,2,2
45112,2023,7,5,4,2,153,"62,5",3549805,67,12,1,2,2
45112,2023,7,5,4,2,101,"200,2",4216602,33,11,1,2,2
45112,2023,7,5,4,2,101,"200,7",4216602,83,15,0,4,4
45112,2023,7,5,4,2,222,3,2304400,1,7,0,2,2
45112,2023,7,5,4,2,386,"344,2",1712009,29,4,1,1,1
45112,2023,7,5,4,2,262,"811,4",3170107,67,21,1,2,2
45112,2023,7,5,4,2,280,"257,8",4203808,67,12,0,3,2
45112,2023,7,5,4,2,116,143,3549904,67,12,1,2,2
45106,2023,6,29,5,2,163,481,2401305,11,12,1,2,2
45112,2023,7,5,4,2,232,182,2601706,1,7,0,5,2
45112,2023,7,5,4,2,369,160,4103701,11,12,1,4,3
45112,2023,7,5,4,2,364,434,2211407,67,21,0,1,1
45112,2023,7,5,4,2,376,158,4114104,16,20,1,1,1
45112,2023,7,5,4,3,470,138,4214805,49,11,1,2,2
45112,2023,7,5,4,3,101,"200,9",4216602,52,9,1,3,2
45108,2023,7,1,7,2,392,"3,7",4304663,67,12,0,2,2
45112,2023,7,5,4,3,369,"145,2",4113700,44,20,1,1,1
45112,2023,7,5,4,3,116,"314,8",3304201,67,4,0,2,2
45073,2023,5,27,7,3,116,"169,9",4305108,67,7,0,5,2
45112,2023,7,5,4,2,80,"31,7",5215603,67,20,0,2,1
45112,2023,7,5,4,2,163,"1,2",4205001,33,11,1,2,2
45112,2023,7,5,4,2,135,65,2101251,1,11,1,3,2
45112,2023,7,5,4,3,230,"17,7",2507507,16,12,0,2,2
45112,2023,7,5,4,3,50,287,5205109,18,20,0,2,1
45112,2023,7,5,4,1,30,311,2926806,9,1,0,2,1
45112,2023,7,5,4,2,101,19,2705606,67,20,0,1,1
45112,2023,7,5,4,2,116,58,3518404,56,4,1,2,1
45112,2023,7,5,4,3,116,227,3518800,52,9,1,2,2
44937,2023,1,11,4,1,230,15,2507507,5,21,1,1,1
45051,2023,5,5,6,3,116,148,4305108,61,2,1,2,2
45112,2023,7,5,4,3,381,499,3106705,52,9,0,2,2
45112,2023,7,5,4,2,376,133,5004700,67,12,0,7,3
45112,2023,7,5,4,2,153,138,5212808,83,20,0,6,1
45112,2023,7,5,4,3,40,"12,9",5212501,1,11,1,2,2
45057,2023,5,11,5,4,470,"177,9",4322806,33,11,1,3,2
45112,2023,7,5,4,3,116,"115,3",4106902,67,12,0,2,2
45112,2023,7,5,4,3,40,"446,1",3147402,30,20,1,2,1
45112,2023,7,5,4,3,343,315,2200400,16,15,0,5,3
45112,2023,7,5,4,3,386,416,4312401,11,12,0,2,2
45112,2023,7,5,4,3,153,505,5201405,11,12,0,2,2
45112,2023,7,5,4,3,116,203,3304144,1,11,0,2,2
45112,2023,7,5,4,3,116,"226,8",3518800,16,12,1,3,3
45112,2023,7,5,4,3,364,"271,7",5104807,67,12,1,2,2
45112,2023,7,5,4,3,153,"53,5",3549805,5,20,0,1,1
45099,2023,6,22,5,2,282,"527,2",4219705,11,20,0,1,1
45112,2023,7,5,4,3,101,287,3201308,67,12,1,2,2
45112,2023,7,5,4,2,40,79,3147006,28,3,0,2,1
45112,2023,7,5,4,2,116,243,4318705,17,11,1,2,2
45112,2023,7,5,4,3,262,"34,9",3139409,81,2,0,2,2
45112,2023,7,5,4,3,101,266,3205002,16,12,1,3,2
45112,2023,7,5,4,3,470,96,4201257,52,7,1,1,1
45112,2023,7,5,4,3,116,"412,5",3127701,33,11,1,2,2
45112,2023,7,5,4,3,116,149,3549904,11,15,1,4,4
45112,2023,7,5,4,3,369,150,4113700,78,12,1,3,3
45112,2023,7,5,4,3,116,12,2933307,16,9,0,3,2
45112,2023,7,5,4,3,290,87,4314902,52,9,1,2,2
45112,2023,7,5,4,3,116,172,3304557,16,12,1,3,3
45112,2023,7,5,4,3,459,29,3527207,81,12,1,3,2
45112,2023,7,5,4,3,290,"100,7",4314902,52,9,1,5,2
45112,2023,7,5,4,3,40,121,3301702,78,9,1,2,2
45112,2023,7,5,4,4,153,63,3549805,64,21,1,3,2
45112,2023,7,5,4,3,135,7,2111300,1,11,1,3,2
45112,2023,7,5,4,3,101,"204,7",3203130,1,11,0,3,2
45112,2023,7,5,4,3,230,333,2510808,67,11,1,6,2
45112,2023,7,5,4,3,116,276,3515004,16,12,1,2,2
45112,2023,7,5,4,4,343,4,2211001,11,4,0,2,2
45112,2023,7,5,4,3,101,310,3304904,11,12,0,3,2
44973,2023,2,16,5,2,376,168,4115200,67,4,0,2,1
45112,2023,7,5,4,4,101,"148,8",4208302,52,9,0,2,2
45112,2023,7,5,4,4,153,"497,3",5208707,9,4,1,1,1
45112,2023,7,5,4,3,110,341,2900702,80,7,0,3,2
45112,2023,7,5,4,4,324,526,2910800,9,1,1,2,1
45112,2023,7,5,4,4,493,57,3301702,52,9,0,4,2
45112,2023,7,5,4,4,101,490,2915502,1,11,0,4,2
45104,2023,6,27,3,3,163,484,2401305,72,7,0,3,2
45112,2023,7,5,4,3,364,709,1100205,1,11,1,2,2
45112,2023,7,5,4,3,101,867,2931350,67,20,0,1,1
45112,2023,7,5,4,2,262,"444,1",3145208,1,11,1,3,2
45112,2023,7,5,4,3,425,65,1100338,9,1,0,2,1
45112,2023,7,5,4,4,364,343,1100122,17,2,1,4,2
45112,2023,7,5,4,4,242,296,2919009,83,21,0,3,1
45112,2023,7,5,4,4,222,664,2100055,11,21,1,1,1
45088,2023,6,11,1,3,401,6,1400159,80,7,0,4,2
45112,2023,7,5,4,4,116,453,3542602,13,21,0,2,1
45113,2023,7,6,5,1,282,"0,1",4205407,49,20,1,1,1
45113,2023,7,6,5,1,277,"3,7",4118204,67,4,1,2,1
45113,2023,7,6,5,1,116,332,3526209,83,4,0,1,1
45113,2023,7,6,5,1,316,"87,9",2708006,9,1,0,2,1
45113,2023,7,6,5,1,40,10,5212501,49,11,1,6,3
45113,2023,7,6,5,2,40,"523,5",3118601,52,9,1,3,2
45112,2023,7,5,4,4,470,"73,5",4207502,1,9,0,2,2
45113,2023,7,6,5,1,277,82,4106902,49,12,0,4,3
45113,2023,7,6,5,2,10,464,4117602,1,12,1,2,2
45113,2023,7,6,5,2,153,"49,1",3549805,1,11,0,2,2
45113,2023,7,6,5,2,365,"5,5",3143302,52,20,0,1,1
45113,2023,7,6,5,2,101,"198,6",4216602,1,11,1,2,2
45113,2023,7,6,5,2,20,15,5300108,11,9,0,2,2
45113,2023,7,6,5,2,50,45,3103504,18,4,0,2,2
45113,2023,7,6,5,2,230,631,1500602,49,21,1,1,1
45113,2023,7,6,5,2,324,608,2930709,16,15,1,4,4
45113,2023,7,6,5,2,40,"41,4",3147006,1,11,0,2,2
45113,2023,7,6,5,2,470,"218,9",4302105,11,21,0,1,1
45065,2023,5,19,6,4,101,206,4216602,16,12,1,2,2
45113,2023,7,6,5,2,116,54,3527207,49,12,0,2,2
45113,2023,7,6,5,2,116,"234,5",4307609,16,12,1,2,2
45113,2023,7,6,5,1,116,"6,2",3122355,11,4,0,3,1
45113,2023,7,6,5,2,343,313,2200400,81,11,0,3,2
45113,2023,7,6,5,2,153,61,3549805,52,9,1,2,2
45113,2023,7,6,5,2,262,"511,8",5000708,67,20,0,2,1
45113,2023,7,6,5,2,386,"34,1",4308508,1,11,1,3,2
45097,2023,6,20,3,4,285,122,4322509,67,20,1,3,2
45113,2023,7,6,5,2,376,174,4115200,78,21,1,1,1
45108,2023,7,1,7,4,104,67,2604106,67,12,1,2,2
45113,2023,7,6,5,2,116,224,3518800,67,12,1,2,2
45113,2023,7,6,5,2,116,220,3518800,67,9,1,2,2
45113,2023,7,6,5,2,373,"172,5",4119905,67,11,1,2,2
45113,2023,7,6,5,2,101,145,4208302,11,12,1,2,2
45113,2023,7,6,5,2,101,383,3304557,1,2,1,2,2
45113,2023,7,6,5,2,381,390,3105400,16,12,0,3,2
45113,2023,7,6,5,2,101,176,2401404,15,20,0,2,1
45113,2023,7,6,5,2,316,"170,7",1702158,83,2,0,2,2
45113,2023,7,6,5,2,40,"508,8",3154606,16,9,1,5,2
45113,2023,7,6,5,2,423,96,2702405,66,3,0,3,2
45113,2023,7,6,5,2,376,"490,5",4119905,11,12,1,2,2
45113,2023,7,6,5,2,40,"446,2",3147402,64,21,1,2,1
45112,2023,7,5,4,1,153,"83,7",2512200,11,20,0,13,1
45084,2023,6,7,4,3,80,17,5215603,18,10,0,2,1
45113,2023,7,6,5,3,308,170,1508035,11,12,0,2,2
45113,2023,7,6,5,3,381,494,3106705,11,12,0,4,2
45110,2023,7,3,2,3,407,125,2611101,1,12,1,2,2
45113,2023,7,6,5,2,230,112,2506806,64,4,0,1,1
45113,2023,7,6,5,2,364,"229,6",1100049,67,12,0,2,2
45113,2023,7,6,5,2,116,"625,4",3145877,51,20,0,1,1
45003,2023,3,18,7,1,153,682,5216007,18,3,0,1,1
45109,2023,7,2,1,2,242,393,2929909,1,2,0,5,2
45113,2023,7,6,5,3,277,"730,8",4108304,52,9,1,2,2
45113,2023,7,6,5,3,304,296,2407104,11,11,1,3,2
45052,2023,5,6,7,3,470,65,4207502,49,12,0,3,2
45113,2023,7,6,5,3,70,9,5300108,35,2,1,2,2
45113,2023,7,6,5,2,222,170,1501576,11,12,0,3,3
45113,2023,7,6,5,3,343,326,2211001,28,21,0,2,1
45065,2023,5,19,6,1,116,"148,1",4305108,11,20,1,5,1
45113,2023,7,6,5,3,153,"431,2",5201108,83,12,1,2,2
45113,2023,7,6,5,3,116,213,3518800,28,4,1,1,1
45113,2023,7,6,5,3,101,185,4202305,61,2,0,2,2
45113,2023,7,6,5,3,163,261,5003702,44,21,0,1,1
45113,2023,7,6,5,3,381,486,3106705,67,15,1,3,3
45013,2023,3,28,3,3,393,298,3300407,20,11,1,2,2
45070,2023,5,24,4,2,40,740,3160702,21,20,0,1,1
45113,2023,7,6,5,3,101,"145,3",3203205,16,12,1,2,2