id_data,ano,mes,dia,id_dia_semana,periodo,br,km,id_municipio,id_causa_acidente,id_tipo_acidente,id_uso_solo,pessoas,veiculos
45113,2023,7,6,5,3,116,223,3518800,67,12,0,3,2
45113,2023,7,6,5,3,40,11,5212501,61,2,1,2,2
45113,2023,7,6,5,3,282,2,4205407,78,12,1,2,2
45113,2023,7,6,5,3,381,63,3528502,11,12,0,4,3
45113,2023,7,6,5,3,392,350,2409332,35,2,0,2,2
45113,2023,7,6,5,3,116,8,2304400,81,9,1,2,2
45113,2023,7,6,5,3,282,"17,4",4211900,67,4,0,2,2
45113,2023,7,6,5,3,427,87,2402006,67,11,0,2,2
45113,2023,7,6,5,3,364,496,1100023,49,20,0,1,1
45113,2023,7,6,5,3,364,124,1200401,36,12,1,2,2
45113,2023,7,6,5,4,153,"515,1",5201405,1,9,0,3,2
45113,2023,7,6,5,4,230,122,1504208,1,11,1,2,2
45110,2023,7,3,2,2,116,82,3305802,60,2,1,2,2
45113,2023,7,6,5,3,116,6,2304400,16,12,1,3,2
45113,2023,7,6,5,3,116,"633,1",3122009,11,20,0,1,1
45113,2023,7,6,5,3,116,"762,7",3138401,33,11,1,3,2
45113,2023,7,6,5,4,101,163,2402204,1,11,1,2,2
45113,2023,7,6,5,4,277,10,4118204,49,20,0,2,1
45113,2023,7,6,5,4,304,"38,8",2408003,60,2,1,2,2
45113,2023,7,6,5,4,101,236,3305604,80,7,1,3,2
45113,2023,7,6,5,4,369,"174,7",4122404,13,12,1,3,2
45113,2023,7,6,5,3,116,118,4106902,67,15,1,4,4
45113,2023,7,6,5,4,381,493,3106705,67,9,1,2,2
45113,2023,7,6,5,3,153,62,4207809,1,11,1,4,2
45113,2023,7,6,5,3,364,298,5213103,82,10,1,2,2
45113,2023,7,6,5,2,153,100,4204301,1,11,0,2,2
45113,2023,7,6,5,3,158,83,4313706,52,10,0,3,3
45113,2023,7,6,5,3,364,288,5104807,18,3,0,4,1
45113,2023,7,6,5,3,282,"530,8",4204350,11,9,1,3,3
45113,2023,7,6,5,3,495,5,3305802,16,12,1,2,2
45113,2023,7,6,5,4,405,160,2409407,15,7,1,2,2
45113,2023,7,6,5,4,70,537,2211407,60,2,0,2,2
45113,2023,7,6,5,4,465,5,3305554,25,7,1,3,2
45113,2023,7,6,5,2,262,"506,2",5000708,13,20,0,5,1
45113,2023,7,6,5,4,116,296,3300407,49,12,1,2,2
45113,2023,7,6,5,2,317,178,1200179,63,3,0,2,1
45113,2023,7,6,5,4,285,"292,3",4314100,83,20,1,1,1
45113,2023,7,6,5,4,272,547,3554409,13,18,0,1,1
45113,2023,7,6,5,4,364,1246,5103304,18,20,0,1,1
45114,2023,7,7,6,1,101,209,4216602,83,4,1,2,1
45113,2023,7,6,5,4,381,33,3504107,80,7,1,2,2
45114,2023,7,7,6,1,40,801,3140803,83,20,0,1,1
45114,2023,7,7,6,1,153,504,5201405,67,2,1,2,2
45114,2023,7,7,6,1,116,156,3549904,49,20,1,1,1
45113,2023,7,6,5,4,222,675,2100055,52,11,1,3,2
45114,2023,7,7,6,1,280,"25,5",4201307,49,21,1,1,1
45114,2023,7,7,6,2,70,18,5300108,52,12,0,2,2
45114,2023,7,7,6,1,285,218,4304952,48,20,0,1,1
45114,2023,7,7,6,2,386,401,2516805,83,4,0,4,1
45114,2023,7,7,6,2,101,"282,9",3201308,50,12,0,2,2
45114,2023,7,7,6,2,116,220,3518800,78,9,1,2,2
45114,2023,7,7,6,2,116,245,4318705,52,9,1,2,2
45114,2023,7,7,6,2,116,"704,1",3143906,33,11,1,2,2
45114,2023,7,7,6,2,20,10,5300108,67,21,1,1,1
45114,2023,7,7,6,2,277,109,4104204,67,12,1,2,2
45054,2023,5,8,2,3,101,"433,6",4217709,67,12,1,3,3
45114,2023,7,7,6,2,60,392,5218805,67,9,0,2,2
45114,2023,7,7,6,2,20,2,5300108,67,12,1,2,2
45114,2023,7,7,6,2,101,122,4208203,78,12,1,2,2
45114,2023,7,7,6,2,116,11,2304400,16,12,1,2,2
45113,2023,7,6,5,2,423,"77,3",2608305,16,12,0,3,3
45114,2023,7,7,6,2,324,475,2931103,83,20,0,1,1
45114,2023,7,7,6,2,232,13,2607901,4,3,1,2,1
45114,2023,7,7,6,2,40,"34,3",3147006,35,2,0,2,2
45114,2023,7,7,6,2,282,606,2704609,1,11,1,2,2
45114,2023,7,7,6,2,153,"493,9",5208707,67,12,1,2,2
45114,2023,7,7,6,2,101,"298,5",2112803,67,2,1,2,2
45114,2023,7,7,6,2,101,211,4211900,28,12,1,2,2
45114,2023,7,7,6,2,282,"2,9",4205407,78,9,1,2,2
45114,2023,7,7,6,1,40,"677,6",3113206,11,20,0,1,1
45114,2023,7,7,6,2,364,13,1100304,65,21,1,1,1
45114,2023,7,7,6,2,463,"104,2",5006606,49,9,0,2,2
45114,2023,7,7,6,2,116,259,3304003,67,12,0,3,2
44960,2023,2,3,6,3,10,128,2104057,18,7,0,1,1
45114,2023,7,7,6,2,40,83,3147006,28,20,0,2,1
45114,2023,7,7,6,2,50,71,3170206,83,12,1,2,2
45114,2023,7,7,6,2,277,476,4117057,72,11,0,2,2
45114,2023,7,7,6,2,319,64,1100205,11,9,1,2,2
45114,2023,7,7,6,2,381,69,3528502,83,21,0,2,1
45114,2023,7,7,6,2,116,220,3518800,52,9,1,2,2
45114,2023,7,7,6,2,290,587,4300406,67,20,0,1,1
45114,2023,7,7,6,2,116,511,3509254,52,11,0,4,2
45114,2023,7,7,6,2,116,259,3304003,28,4,0,1,1
45114,2023,7,7,6,2,101,35,2701704,13,20,0,3,1
45114,2023,7,7,6,2,116,218,3518800,52,12,0,3,2
45114,2023,7,7,6,2,376,"368,4",4117305,13,20,0,4,1
45114,2023,7,7,6,2,393,238,3306206,67,12,1,4,3
45009,2023,3,24,6,2,343,"335,8",2211001,83,4,1,2,2
45114,2023,7,7,6,2,285,"122,2",4322509,16,12,1,2,2
45114,2023,7,7,6,2,101,265,4212304,52,9,1,6,3
45114,2023,7,7,6,3,343,"15,5",2207702,72,10,1,2,2
45094,2023,6,17,7,2,428,"180,7",2611101,16,12,0,3,2
45114,2023,7,7,6,3,381,83,3550308,29,20,1,1,1
45114,2023,7,7,6,3,405,"3,1",2408003,72,11,1,2,2
45114,2023,7,7,6,3,101,226,4211900,28,18,0,1,1
45114,2023,7,7,6,2,104,"75,7",2604106,52,9,0,2,2
45114,2023,7,7,6,3,101,106,2403251,1,12,1,2,2
45114,2023,7,7,6,2,101,"376,6",2912707,67,9,0,2,2
45114,2023,7,7,6,3,290,110,4306767,67,12,0,3,2
45114,2023,7,7,6,3,324,6,2910800,9,1,0,1,1
45114,2023,7,7,6,3,222,"676,2",2100055,67,1,1,3,2
45114,2023,7,7,6,2,277,348,4109401,67,12,1,2,2
45114,2023,7,7,6,3,116,"34,6",2301000,76,2,0,3,2
45114,2023,7,7,6,2,153,71,1722081,64,20,0,3,1
45114,2023,7,7,6,3,324,592,2906501,11,12,0,4,2
45114,2023,7,7,6,3,285,"438,7",4302584,1,11,0,2,2
45114,2023,7,7,6,3,80,348,5220207,11,4,0,1,1
45114,2023,7,7,6,3,101,"121,3",4208203,16,12,1,3,3
45078,2023,6,1,5,3,101,"263,8",3205002,67,4,1,1,1
45114,2023,7,7,6,3,408,"63,6",2604007,1,11,1,2,2
45114,2023,7,7,6,3,40,"553,5",3144805,67,15,0,11,4
45114,2023,7,7,6,3,282,"16,4",4211900,1,11,1,3,3
45114,2023,7,7,6,3,116,224,3518800,67,9,1,3,3
45114,2023,7,7,6,3,101,109,2403251,16,11,1,3,2
45114,2023,7,7,6,3,376,4,4125506,11,15,1,6,3
45114,2023,7,7,6,3,153,21,5218003,67,20,0,2,1
45114,2023,7,7,6,3,40,5,5221858,1,11,1,2,2
45114,2023,7,7,6,3,230,"158,8",2504009,33,11,1,3,2
45114,2023,7,7,6,3,230,10,1500602,20,12,1,3,2
45114,2023,7,7,6,3,116,401,3529906,11,20,0,1,1
45114,2023,7,7,6,3,101,106,2602902,4,20,0,1,1
45114,2023,7,7,6,3,101,106,2602902,11,3,0,1,1
45114,2023,7,7,6,3,163,"985,9",1506807,1,11,0,2,2
45114,2023,7,7,6,3,280,27,4201307,80,11,1,2,2
45114,2023,7,7,6,3,101,"207,6",4216602,16,12,0,2,2
45114,2023,7,7,6,3,116,"701,7",3143906,1,11,1,2,2
45114,2023,7,7,6,3,101,160,4213500,67,20,0,1,1
45114,2023,7,7,6,3,316,5,2211001,67,12,1,6,3
45114,2023,7,7,6,3,101,"743,5",2914653,67,4,0,1,1
45114,2023,7,7,6,3,232,"16,9",2607901,1,12,0,3,2
45114,2023,7,7,6,3,116,269,4304606,52,4,1,1,1
45114,2023,7,7,6,3,116,"278,9",3515004,52,12,1,2,2
45114,2023,7,7,6,3,493,16,3301850,67,2,0,5,3
45052,2023,5,6,7,4,116,"143,8",4305108,83,4,1,1,1
45114,2023,7,7,6,3,101,"100,3",2403251,52,9,1,2,2
45114,2023,7,7,6,3,155,322,1504208,67,15,0,3,3
45114,2023,7,7,6,3,277,610,4124020,1,11,1,3,2
45114,2023,7,7,6,3,40,118,3301702,67,12,1,2,2
45114,2023,7,7,6,3,267,7,3138401,82,10,0,3,3
45114,2023,7,7,6,4,101,195,4202305,52,9,1,3,3
45114,2023,7,7,6,3,101,329,3304557,52,9,1,2,2
45114,2023,7,7,6,4,135,188,2903201,49,7,1,4,2
45114,2023,7,7,6,3,376,"15,6",4115200,35,2,1,2,2
45114,2023,7,7,6,3,40,122,3301702,52,9,1,2,2
45114,2023,7,7,6,3,153,112,1722081,1,11,0,3,2
45114,2023,7,7,6,3,262,445,5003488,9,1,0,1,1
45114,2023,7,7,6,3,280,25,4201307,33,11,1,2,2
45114,2023,7,7,6,3,376,"226,3",4103800,1,9,0,3,2
45114,2023,7,7,6,3,364,135,1200401,81,9,0,3,3
45114,2023,7,7,6,3,230,2,2101509,60,2,1,2,2
45114,2023,7,7,6,4,116,136,3549904,67,20,0,2,1
45114,2023,7,7,6,4,280,"32,9",4201307,1,11,0,2,2
45114,2023,7,7,6,4,101,"243,5",3205002,67,3,0,2,1
45114,2023,7,7,6,4,230,1,2510808,1,9,1,2,2
45114,2023,7,7,6,4,116,675,2918001,67,20,0,2,1
45112,2023,7,5,4,2,262,129,5000203,83,20,0,1,1
45114,2023,7,7,6,3,101,321,2925758,67,7,0,3,2
45114,2023,7,7,6,4,116,"97,4",4125506,46,12,1,3,2
45114,2023,7,7,6,4,381,478,3118601,61,2,1,2,2
45114,2023,7,7,6,4,116,174,4121208,11,10,0,5,4
45114,2023,7,7,6,3,393,171,3306008,13,4,1,1,1
45114,2023,7,7,6,4,40,10,5212501,11,20,0,1,1
45114,2023,7,7,6,4,116,298,3522208,60,2,1,2,2
45114,2023,7,7,6,4,470,"65,7",4207502,72,11,1,2,2
45114,2023,7,7,6,4,70,"0,2",5101803,1,11,0,2,2
45114,2023,7,7,6,4,324,559,2901106,11,12,0,2,2
45114,2023,7,7,6,4,116,"139,9",2513158,49,11,1,2,2
45114,2023,7,7,6,2,101,584,2905602,36,12,0,2,2
45114,2023,7,7,6,4,80,"34,3",5215603,18,4,0,1,1
45114,2023,7,7,6,4,101,231,3202207,35,2,0,3,2
45114,2023,7,7,6,4,163,9,2922102,67,21,0,1,1
45114,2023,7,7,6,3,407,"428,5",2204352,11,20,0,1,1
45114,2023,7,7,6,4,376,"167,9",4115200,67,4,0,1,1
45114,2023,7,7,6,4,364,341,1100122,17,11,1,3,2
45114,2023,7,7,6,3,135,12,2111300,67,12,0,2,2
45114,2023,7,7,6,4,70,10,5200258,11,2,1,2,2
45114,2023,7,7,6,4,101,"219,9",4211900,67,4,0,2,1
45114,2023,7,7,6,4,376,"227,6",4101408,1,11,0,8,2
45114,2023,7,7,6,4,116,"102,5",3538006,28,18,0,1,1
45114,2023,7,7,6,4,101,"267,6",3205002,49,9,1,2,2
45114,2023,7,7,6,4,153,103,4109708,1,11,0,2,2
45114,2023,7,7,6,4,290,456,2929255,4,20,0,5,1
45114,2023,7,7,6,4,470,"46,5",4202404,49,21,0,1,1
45114,2023,7,7,6,4,364,238,1100049,11,12,1,5,2
45115,2023,7,8,7,1,101,129,3205010,67,21,0,1,1
45114,2023,7,7,6,4,280,277,4207908,80,7,0,3,2
45114,2023,7,7,6,4,158,328,2409332,67,4,1,4,4
45114,2023,7,7,6,4,101,"86,3",4202107,67,4,1,2,1
45115,2023,7,8,7,1,414,"356,5",5205513,49,4,0,1,1
45114,2023,7,7,6,4,116,172,3305109,67,12,0,2,2
45114,2023,7,7,6,4,470,228,4308607,11,20,0,1,1
45114,2023,7,7,6,4,316,55,2106326,83,12,0,3,2
45114,2023,7,7,6,4,116,"137,7",2513158,49,4,0,1,1
45115,2023,7,8,7,1,470,176,4213708,48,2,0,2,2
45115,2023,7,8,7,1,101,201,4216602,67,20,1,1,1
45115,2023,7,8,7,1,101,99,2504603,11,20,0,3,1
45114,2023,7,7,6,2,365,770,3134202,11,12,0,4,2
45115,2023,7,8,7,1,376,1,4101408,2,18,1,1,1
45115,2023,7,8,7,1,101,41,2606804,11,12,1,2,2
45115,2023,7,8,7,1,101,188,4202305,49,4,1,2,1
45115,2023,7,8,7,1,101,328,4203956,11,20,1,1,1
45115,2023,7,8,7,1,304,"67,8",2301109,28,18,0,6,1
45115,2023,7,8,7,1,116,185,3303500,11,4,1,1,1
45115,2023,7,8,7,1,277,584,2303501,83,3,0,1,1
45115,2023,7,8,7,2,116,205,3518800,52,9,1,2,2
45115,2023,7,8,7,1,101,"277,1",3305752,18,20,0,2,1
45115,2023,7,8,7,2,381,506,3106705,11,21,1,2,1
45115,2023,7,8,7,1,476,120,4105805,17,11,1,2,2
45115,2023,7,8,7,1,277,588,2303501,48,20,0,1,1
45107,2023,6,30,6,4,101,"268,2",3205002,16,15,1,3,3
45115,2023,7,8,7,2,293,176,4301602,53,18,0,1,1
45115,2023,7,8,7,2,282,131,4202602,11,20,0,4,1
45115,2023,7,8,7,1,116,"532,5",3113404,67,21,0,1,1
45115,2023,7,8,7,2,101,372,4207007,11,20,0,1,1
45115,2023,7,8,7,2,101,265,3205002,9,1,1,1,1
45114,2023,7,7,6,4,381,297,3103009,83,4,0,2,2
45115,2023,7,8,7,2,459,"11,2",3110301,49,20,1,2,1
45115,2023,7,8,7,1,163,859,5107909,18,20,0,1,1
45115,2023,7,8,7,2,343,39,2202000,9,1,0,2,1
45115,2023,7,8,7,2,101,39,4209102,11,21,0,1,1
45079,2023,6,2,6,3,101,348,4208807,67,9,0,2,2
45115,2023,7,8,7,2,367,40,2925303,67,20,0,4,1
45115,2023,7,8,7,2,101,"138,8",4202008,83,4,1,1,1
45115,2023,7,8,7,2,116,173,3305109,28,18,1,2,1
45115,2023,7,8,7,2,381,88,3518800,11,9,1,3,3
45115,2023,7,8,7,2,381,73,3550308,67,21,0,2,1
45115,2023,7,8,7,2,242,785,2903201,81,9,0,3,2
45115,2023,7,8,7,2,101,180,3200607,1,11,0,2,2
45115,2023,7,8,7,2,304,"51,1",2408003,67,9,0,4,2
45115,2023,7,8,7,2,101,200,4216602,11,3,1,1,1
45115,2023,7,8,7,2,101,68,2611606,11,4,1,1,1
45115,2023,7,8,7,2,104,87,2600302,35,2,1,2,2
45115,2023,7,8,7,2,280,74,4208906,1,11,0,2,2
45115,2023,7,8,7,2,316,14,1504422,49,15,1,3,3
45115,2023,7,8,7,2,101,"297,5",3301900,11,12,0,2,2
45111,2023,7,4,3,2,116,245,4318705,11,9,0,1,1
45115,2023,7,8,7,2,116,325,3526209,61,2,1,2,2
45115,2023,7,8,7,2,101,"140,2",3203205,16,12,0,4,2
45115,2023,7,8,7,2,364,14,1100304,16,12,1,3,3
45115,2023,7,8,7,2,116,188,3546801,13,3,0,2,1
45115,2023,7,8,7,2,222,223,2312908,67,21,0,2,1
45115,2023,7,8,7,2,251,"6,1",5300108,52,9,1,2,2
45115,2023,7,8,7,2,101,406,3302007,2,11,1,2,2
45115,2023,7,8,7,2,242,780,2903201,20,11,0,2,2
45115,2023,7,8,7,2,259,"58,4",3201506,16,11,1,2,2
45115,2023,7,8,7,2,381,"866,5",3152501,1,11,0,3,2
45115,2023,7,8,7,2,230,13,2503209,16,12,1,3,2
45115,2023,7,8,7,2,415,49,2914802,20,9,1,2,2
45115,2023,7,8,7,3,116,217,3518800,78,12,0,3,2
45115,2023,7,8,7,3,116,173,3305109,11,21,1,1,1
45115,2023,7,8,7,2,153,497,1716109,1,11,1,2,2
45115,2023,7,8,7,3,116,158,3524402,28,21,1,2,1
45115,2023,7,8,7,2,153,"305,4",5218607,13,20,0,1,1
45115,2023,7,8,7,3,80,150,5219456,67,20,0,1,1
45115,2023,7,8,7,3,116,156,3549904,28,4,0,1,1
45115,2023,7,8,7,3,101,246,2908309,82,7,0,5,2
45115,2023,7,8,7,3,101,250,2908309,1,11,0,2,2
45115,2023,7,8,7,3,116,"243,2",4318705,16,12,1,2,2
45115,2023,7,8,7,1,343,"159,8",2201960,11,20,0,1,1
45115,2023,7,8,7,3,116,211,3518800,1,9,1,2,2
45115,2023,7,8,7,2,470,292,4203600,1,11,0,5,2
45115,2023,7,8,7,3,230,"121,2",2512754,83,20,1,3,1
45115,2023,7,8,7,3,101,68,2611606,1,9,1,2,2
45115,2023,7,8,7,3,369,169,4122404,11,11,0,3,2
45115,2023,7,8,7,3,40,"14,6",5212501,83,20,1,4,2
45115,2023,7,8,7,3,343,3,2207702,52,11,0,2,2
45115,2023,7,8,7,1,50,171,3170107,67,2,0,2,2
45115,2023,7,8,7,3,381,481,3118601,67,21,1,2,2
45115,2023,7,8,7,2,163,832,5107909,16,15,1,3,3
45115,2023,7,8,7,3,316,132,2705309,4,3,0,1,1
45115,2023,7,8,7,3,101,"95,1",4202107,33,11,1,3,3
45115,2023,7,8,7,3,470,"49,5",4202404,49,20,0,1,1
45115,2023,7,8,7,3,60,132,5208707,16,12,0,2,2
45115,2023,7,8,7,3,163,"484,4",2401305,1,11,1,3,2
45115,2023,7,8,7,3,381,71,3528502,67,21,0,1,1
45115,2023,7,8,7,3,135,"11,2",2111300,67,3,1,2,2
45115,2023,7,8,7,3,60,"116,8",5221197,44,21,0,2,1
45115,2023,7,8,7,3,376,245,4101408,67,20,0,1,1
45115,2023,7,8,7,3,20,"46,7",5300108,52,9,0,2,2
45115,2023,7,8,7,3,101,876,2931350,11,21,1,1,1
45115,2023,7,8,7,3,101,"59,9",2110203,83,4,0,1,1
45115,2023,7,8,7,2,116,573,3139409,11,20,0,2,1
45115,2023,7,8,7,3,361,"4,2",2510808,82,7,1,2,2
45115,2023,7,8,7,2,365,606,3170206,49,12,1,2,2
45115,2023,7,8,7,3,392,"645,5",4309506,67,20,0,2,1
45115,2023,7,8,7,3,232,13,2607901,15,21,0,2,1
45115,2023,7,8,7,3,376,432,4127502,67,4,0,2,1
45115,2023,7,8,7,3,40,2,5221858,81,9,1,2,2
45115,2023,7,8,7,3,116,273,3552809,80,7,1,2,2
45115,2023,7,8,7,3,158,"326,9",2409332,33,9,1,3,2
45115,2023,7,8,7,3,60,"460,9",5211909,49,20,0,1,1
45115,2023,7,8,7,4,101,"208,9",4216602,11,9,0,5,3
45115,2023,7,8,7,4,343,"174,1",2208403,60,2,1,2,2
45115,2023,7,8,7,3,235,"35,8",2401107,48,11,1,2,2
45115,2023,7,8,7,3,101,404,3302007,52,9,0,2,2
45115,2023,7,8,7,3,101,185,3301306,28,20,0,2,1
45115,2023,7,8,7,3,463,"50,4",5006606,80,7,0,7,2
45100,2023,6,23,6,1,230,341,2510808,12,2,0,4,2
45115,2023,7,8,7,3,116,192,3303500,67,20,1,1,1
45115,2023,7,8,7,3,364,136,1200401,33,11,1,3,2
45115,2023,7,8,7,3,101,"724,2",2910727,48,4,0,1,1
45115,2023,7,8,7,3,116,"536,7",3159357,1,11,1,3,3
45115,2023,7,8,7,4,60,385,5218805,11,2,1,2,2
45111,2023,7,4,3,2,285,504,4306932,11,12,0,4,3
45115,2023,7,8,7,4,476,157,4101804,33,11,0,4,2
45115,2023,7,8,7,4,423,96,2606002,49,10,0,2,2
45115,2023,7,8,7,4,50,173,3170107,11,15,1,7,4
45115,2023,7,8,7,4,101,274,3305752,1,10,1,2,1
45115,2023,7,8,7,4,272,433,4108601,1,12,0,2,2
45115,2023,7,8,7,4,101,"206,9",4216602,11,11,1,4,3
45115,2023,7,8,7,4,116,"528,5",2307205,1,11,0,3,2
45115,2023,7,8,7,4,361,11,2510808,52,7,0,2,2
45115,2023,7,8,7,4,376,371,4110078,15,21,0,1,1
45115,2023,7,8,7,4,101,207,4216602,11,4,1,1,1
45115,2023,7,8,7,4,70,"1,8",5101803,1,11,1,3,2
45115,2023,7,8,7,4,116,413,3127701,52,11,1,3,3
45115,2023,7,8,7,4,277,659,4115606,49,20,0,1,1
45115,2023,7,8,7,4,20,"25,5",5300108,11,12,0,3,2
45115,2023,7,8,7,4,116,83,3305802,49,11,0,2,2
45115,2023,7,8,7,4,101,30,3301009,1,11,0,5,2
45115,2023,7,8,7,4,262,754,3156908,56,20,0,4,1
45115,2023,7,8,7,4,40,526,3118601,67,4,1,1,1
45115,2023,7,8,7,3,364,"507,7",1100023,11,20,0,1,1
45115,2023,7,8,7,4,60,210,5221908,28,20,0,1,1
45115,2023,7,8,7,4,470,"176,5",4213708,52,9,0,3,2
45115,2023,7,8,7,4,393,169,3306008,67,20,0,2,1
45115,2023,7,8,7,4,116,"111,8",2513158,83,4,0,1,1
45115,2023,7,8,7,4,10,461,4117602,11,4,1,1,1
45115,2023,7,8,7,4,80,23,5300108,11,10,0,4,2
45115,2023,7,8,7,4,282,508,4219507,48,2,0,2,2
45115,2023,7,8,7,4,40,448,3109907,49,20,0,3,1
45115,2023,7,8,7,3,101,734,2914653,82,7,0,3,2
45116,2023,7,9,1,1,116,227,3550308,67,4,1,1,1
45115,2023,7,8,7,4,414,"439,5",5201108,49,12,1,3,2
45115,2023,7,8,7,4,50,"253,5",5205109,9,20,0,3,1
45116,2023,7,9,1,1,101,"366,5",4215455,67,4,0,1,1
45115,2023,7,8,7,4,153,283,5214861,49,12,1,2,2
45116,2023,7,9,1,1,101,213,4211900,12,9,1,2,2
45115,2023,7,8,7,4,262,"800,7",3170107,16,12,1,4,2
45116,2023,7,9,1,1,40,277,3169356,9,1,1,1,1
45115,2023,7,8,7,4,230,"3,5",1500602,80,7,1,3,2
45115,2023,7,8,7,4,101,"439,8",4215653,49,21,1,1,1
45116,2023,7,9,1,1,163,"500,1",2401305,18,20,0,1,1
45115,2023,7,8,7,4,316,620,2112209,49,11,1,3,2
45116,2023,7,9,1,1,386,404,2516805,49,20,0,1,1
45116,2023,7,9,1,1,376,394,4110078,67,3,0,4,1
45116,2023,7,9,1,1,116,"114,8",4106902,11,4,0,1,1
45115,2023,7,8,7,4,282,"582,9",3538204,80,7,0,7,2
45115,2023,7,8,7,4,364,264,5107404,5,4,0,2,1
45116,2023,7,9,1,1,116,252,4320008,9,1,1,2,1
45116,2023,7,9,1,1,101,151,4208302,49,20,0,1,1
45116,2023,7,9,1,1,20,6,5300108,61,2,1,2,2
45116,2023,7,9,1,1,116,"27,8",4208104,48,20,0,2,1
45116,2023,7,9,1,1,476,154,4101804,56,4,1,2,2
45115,2023,7,8,7,4,230,308,2203909,49,12,1,2,2
45116,2023,7,9,1,1,116,107,4125506,11,21,0,1,1
45116,2023,7,9,1,1,101,"177,7",2608206,11,4,0,5,1
45116,2023,7,9,1,1,290,95,4314902,11,12,1,2,1
45116,2023,7,9,1,1,280,"124,9",4215000,11,20,1,1,1
45116,2023,7,9,1,1,101,278,3305752,83,20,0,1,1
45116,2023,7,9,1,1,40,591,3131901,80,7,0,2,2
45116,2023,7,9,1,1,101,432,4217709,11,12,0,4,2
45116,2023,7,9,1,1,116,12,2304400,18,21,1,1,1
45116,2023,7,9,1,1,470,174,4322806,80,7,1,6,3
45115,2023,7,8,7,4,361,84,2511301,11,4,1,1,1
45116,2023,7,9,1,1,287,530,4318002,11,21,0,1,1
45116,2023,7,9,1,1,343,2,2211001,16,12,1,1,1
45116,2023,7,9,1,1,232,10,2607901,11,12,0,2,2
45116,2023,7,9,1,2,116,"156,6",4114302,11,20,0,2,1
45116,2023,7,9,1,1,50,"264,8",5205109,46,3,0,6,3
45116,2023,7,9,1,2,381,71,3528502,67,12,1,3,2
45116,2023,7,9,1,1,280,59,4208906,49,4,0,2,1
45116,2023,7,9,1,1,101,382,4207007,80,20,0,7,4
45116,2023,7,9,1,1,277,165,4117701,11,20,0,1,1
45116,2023,7,9,1,1,101,140,4202008,67,21,0,1,1
45116,2023,7,9,1,2,376,538,4117701,67,20,0,3,1
45116,2023,7,9,1,1,116,"151,5",4305108,49,20,0,1,1
45116,2023,7,9,1,2,116,"607,5",3162559,11,20,0,3,1
45116,2023,7,9,1,2,101,"252,8",4212304,2,20,1,1,1
45116,2023,7,9,1,2,242,829,2903201,82,7,0,6,2
45116,2023,7,9,1,2,101,46,2606804,49,12,1,2,2
45116,2023,7,9,1,1,282,572,4211405,49,20,1,1,1
45115,2023,7,8,7,4,116,424,2910800,33,11,0,2,2
45116,2023,7,9,1,1,267,273,3101201,18,20,0,1,1
45116,2023,7,9,1,2,40,"553,5",3144805,1,12,1,2,2
45116,2023,7,9,1,2,376,"407,5",4127502,49,4,0,2,1
45116,2023,7,9,1,2,251,"34,4",5300108,49,7,1,3,2
45116,2023,7,9,1,2,116,561,3505401,67,20,0,3,2
45116,2023,7,9,1,2,153,"31,5",3533007,1,11,1,7,2
45116,2023,7,9,1,2,381,"940,9",3125101,15,4,0,2,1
45116,2023,7,9,1,2,262,"477,6",3107406,1,11,1,3,2
45109,2023,7,2,1,2,116,172,3304557,18,20,0,1,1
45116,2023,7,9,1,2,376,"0,5",4114203,11,12,0,3,2
45116,2023,7,9,1,2,101,130,3300936,80,4,0,2,2
45116,2023,7,9,1,2,277,715,4124053,52,20,0,1,1
45116,2023,7,9,1,2,381,498,3106705,67,4,1,2,2
45116,2023,7,9,1,2,381,74,3550308,11,7,0,2,1
45116,2023,7,9,1,2,101,322,3303302,51,4,1,1,1
45116,2023,7,9,1,2,262,30,2112803,67,7,0,3,2
45116,2023,7,9,1,2,381,40,3504107,51,9,1,2,2
45116,2023,7,9,1,2,101,"265,8",3205002,67,15,1,6,4
45113,2023,7,6,5,2,423,98,2702405,11,10,0,2,2
45060,2023,5,14,1,4,293,271,4306601,67,2,0,2,2
45116,2023,7,9,1,2,135,313,2203107,80,7,0,4,2
45116,2023,7,9,1,2,101,117,4208203,33,11,0,2,2
45116,2023,7,9,1,2,101,125,4208203,78,9,0,3,3
45116,2023,7,9,1,2,101,502,3300100,1,9,1,2,2
45116,2023,7,9,1,1,487,122,5004601,67,3,0,3,1
45116,2023,7,9,1,2,153,"46,5",2906105,83,20,0,1,1
45116,2023,7,9,1,2,277,"131,4",4102307,13,20,0,3,1
45116,2023,7,9,1,2,101,"259,9",3205002,67,21,1,1,1
45116,2023,7,9,1,2,316,242,2601607,9,1,0,1,1
45116,2023,7,9,1,2,393,264,3300308,67,20,0,1,1
45116,2023,7,9,1,3,158,331,2409332,1,11,1,6,3
45116,2023,7,9,1,2,267,"31,6",3104403,67,4,0,2,1
45116,2023,7,9,1,3,153,706,1703867,18,20,0,2,1
45116,2023,7,9,1,3,101,262,3304300,11,20,1,2,1
45116,2023,7,9,1,3,277,586,2303501,1,11,0,4,2
45116,2023,7,9,1,2,316,70,1502400,18,20,0,1,1
45116,2023,7,9,1,3,116,561,3505401,67,20,0,3,1
45116,2023,7,9,1,3,116,141,3301702,1,12,0,3,2
45116,2023,7,9,1,2,116,324,2306900,67,20,0,1,1
45116,2023,7,9,1,2,381,54,3528502,52,9,1,4,2
45116,2023,7,9,1,2,262,361,2401305,49,20,0,1,1
45116,2023,7,9,1,3,316,154,2107357,18,3,0,1,1
45116,2023,7,9,1,3,376,"159,5",4114104,83,20,0,1,1
45116,2023,7,9,1,3,101,"165,3",3203205,82,3,0,3,1
45116,2023,7,9,1,3,116,"415,8",3127701,83,4,0,1,1
45116,2023,7,9,1,2,135,"244,1",2108454,83,20,0,4,1
45116,2023,7,9,1,3,230,366,2508802,49,12,1,2,2