id_data,ano,mes,dia,id_dia_semana,periodo,br,km,id_municipio,id_causa_acidente,id_tipo_acidente,id_uso_solo,pessoas,veiculos
45116,2023,7,9,1,3,116,"751,6",2925105,49,20,0,1,1
45116,2023,7,9,1,3,376,"172,9",4115200,28,18,1,1,1
45116,2023,7,9,1,3,40,58,3303906,11,4,0,2,1
45116,2023,7,9,1,3,116,"301,8",4309308,49,20,0,1,1
45116,2023,7,9,1,2,365,"393,5",3148004,67,20,0,2,1
45082,2023,6,5,2,2,222,672,2100055,2,11,0,2,2
45116,2023,7,9,1,3,365,"626,9",3170206,83,9,0,2,2
45116,2023,7,9,1,3,480,"126,2",4204202,11,7,0,2,2
45116,2023,7,9,1,3,40,"604,3",3118007,28,20,0,1,1
45116,2023,7,9,1,3,101,214,4211900,67,12,1,2,2
45116,2023,7,9,1,3,101,9,2801603,4,3,0,3,1
45116,2023,7,9,1,2,376,"437,3",4127502,15,20,0,2,1
45116,2023,7,9,1,3,40,"668,7",3113206,1,11,0,6,2
45116,2023,7,9,1,1,493,110,3302007,11,20,0,2,1
45116,2023,7,9,1,3,116,180,3300456,61,2,1,2,2
45116,2023,7,9,1,2,364,1,3151602,83,20,0,1,1
45116,2023,7,9,1,3,369,"198,8",4101408,80,7,1,2,2
45116,2023,7,9,1,2,40,"132,5",3136306,51,3,0,1,1
45116,2023,7,9,1,3,116,21,4101200,67,20,0,4,1
45116,2023,7,9,1,3,235,"3,7",2804805,16,12,1,2,2
45116,2023,7,9,1,3,101,409,4201406,67,4,0,2,1
45116,2023,7,9,1,3,285,496,4306932,83,20,1,1,1
45116,2023,7,9,1,3,277,"1,3",4108304,17,11,1,3,2
45116,2023,7,9,1,3,290,94,4314902,13,21,1,2,1
45116,2023,7,9,1,3,101,"318,2",4212650,18,20,1,1,1
45116,2023,7,9,1,3,381,"778,6",3110905,64,20,0,3,1
45116,2023,7,9,1,3,401,5,1400175,15,7,0,5,2
45116,2023,7,9,1,3,101,"373,9",3202603,80,7,0,11,3
45116,2023,7,9,1,3,386,"292,3",4315131,49,11,0,4,2
45116,2023,7,9,1,3,40,100,3301702,64,9,0,3,2
44991,2023,3,6,2,1,393,283,3306305,2,7,0,3,2
45116,2023,7,9,1,3,381,504,3106705,11,15,0,9,3
45116,2023,7,9,1,3,376,"629,5",4125506,35,2,1,3,2
45116,2023,7,9,1,2,381,"940,3",3125101,29,4,0,2,1
45116,2023,7,9,1,3,163,546,4102406,49,11,1,5,3
45116,2023,7,9,1,4,381,502,3106705,11,21,0,2,2
45116,2023,7,9,1,3,40,"693,5",3101631,1,11,1,6,2
45116,2023,7,9,1,4,60,"89,9",5201108,49,9,1,2,2
45116,2023,7,9,1,3,116,"216,3",4213302,80,7,0,11,6
45116,2023,7,9,1,4,116,"497,2",3130903,49,11,0,2,2
45116,2023,7,9,1,3,470,"47,7",4202404,52,9,1,2,2
45116,2023,7,9,1,3,40,"696,3",3105608,13,12,0,5,2
45116,2023,7,9,1,3,116,427,4306056,9,1,1,1,1
45116,2023,7,9,1,3,40,514,3154606,67,12,1,2,2
45116,2023,7,9,1,3,423,"69,8",2608305,82,7,0,4,2
45116,2023,7,9,1,3,153,"114,6",3525706,11,20,0,1,1
45116,2023,7,9,1,4,386,"422,8",4312401,1,11,1,3,2
45116,2023,7,9,1,4,282,"503,1",4219507,11,4,1,1,1
45116,2023,7,9,1,4,262,"423,3",3130200,16,12,0,2,2
45116,2023,7,9,1,3,101,"40,7",2606804,16,12,1,3,2
45116,2023,7,9,1,3,116,402,3127701,82,4,0,5,1
45116,2023,7,9,1,3,10,"147,9",2109007,28,20,0,1,1
45116,2023,7,9,1,3,381,"832,3",3164407,9,1,0,1,1
45116,2023,7,9,1,3,316,"2,8",2211001,60,2,1,2,2
45116,2023,7,9,1,4,116,266,4304606,78,9,1,3,2
45116,2023,7,9,1,4,277,"586,9",2303501,80,7,1,5,2
45116,2023,7,9,1,4,493,57,3301702,9,1,0,3,2
45116,2023,7,9,1,3,116,114,4106902,11,20,0,1,1
45116,2023,7,9,1,3,101,407,4201406,83,20,0,3,1
45116,2023,7,9,1,3,262,"385,1",5008008,67,12,0,4,2
45116,2023,7,9,1,3,465,17,3303500,11,10,1,2,2
45116,2023,7,9,1,3,116,"82,7",3531605,52,11,0,2,2
45116,2023,7,9,1,4,153,"94,9",4109708,52,7,0,4,2
45116,2023,7,9,1,4,153,60,3549805,67,12,1,3,3
45116,2023,7,9,1,3,262,"57,1",3139409,11,12,0,2,2
45116,2023,7,9,1,4,116,"264,2",4304606,49,4,1,1,1
45116,2023,7,9,1,4,487,"130,4",4127908,11,12,0,3,2
45116,2023,7,9,1,4,153,60,3549805,49,12,1,4,2
45116,2023,7,9,1,4,262,"136,6",3154903,83,20,0,3,1
45116,2023,7,9,1,4,365,626,3170206,52,12,1,1,1
45116,2023,7,9,1,4,10,158,2109007,49,21,0,2,1
45116,2023,7,9,1,4,101,88,2507507,67,4,0,2,2
45116,2023,7,9,1,3,343,347,2211001,80,7,1,2,2
45116,2023,7,9,1,4,116,"542,7",3113404,48,20,0,1,1
45116,2023,7,9,1,4,174,14,1100304,33,9,1,2,2
45116,2023,7,9,1,4,158,"150,3",4313904,80,7,0,3,2
45116,2023,7,9,1,4,470,4,4211306,67,12,1,2,2
45116,2023,7,9,1,4,465,6,3305554,49,12,0,2,2
45116,2023,7,9,1,4,116,"8,8",2933307,83,12,0,2,2
45116,2023,7,9,1,4,277,"0,2",4118204,67,4,1,1,1
45116,2023,7,9,1,4,262,"78,5",3201902,83,3,0,1,1
45116,2023,7,9,1,4,386,"45,1",4320206,67,20,0,1,1
45117,2023,7,10,2,1,232,9,2607901,52,12,1,2,2
45117,2023,7,10,2,1,40,"524,3",3118601,48,20,0,1,1
45117,2023,7,10,2,1,116,"122,6",3508504,11,4,0,1,1
45117,2023,7,10,2,1,367,"25,4",2925303,67,20,0,4,2
45116,2023,7,9,1,3,60,"153,4",5002605,49,10,0,3,2
45117,2023,7,10,2,1,116,100,4125506,15,20,1,3,1
45117,2023,7,10,2,1,40,"630,1",3118304,56,21,1,1,1
45116,2023,7,9,1,4,230,"204,3",2510501,3,4,0,2,1
45117,2023,7,10,2,1,230,504,2503704,81,12,1,2,2
45116,2023,7,9,1,4,316,314,2208007,67,12,0,2,2
45117,2023,7,10,2,2,116,"209,7",3518800,11,12,1,2,2
45095,2023,6,18,1,4,158,507,4106506,1,11,0,2,2
45117,2023,7,10,2,1,267,123,5006200,9,1,0,2,2
45116,2023,7,9,1,3,40,300,3169356,67,20,0,1,1
45117,2023,7,10,2,2,116,207,3518800,16,15,0,7,3
45117,2023,7,10,2,2,101,500,2914802,18,20,0,2,1
45117,2023,7,10,2,1,316,162,1508035,11,7,0,2,2
45117,2023,7,10,2,2,101,"203,5",4216602,52,9,0,3,2
45117,2023,7,10,2,2,116,"701,8",3143906,20,11,1,2,2
45117,2023,7,10,2,2,60,330,2401305,11,4,0,1,1
45117,2023,7,10,2,2,392,346,2409332,1,9,1,2,2
45117,2023,7,10,2,1,30,312,2926806,67,12,0,4,2
45117,2023,7,10,2,2,277,83,4106902,83,4,1,1,1
45117,2023,7,10,2,2,459,69,3165800,83,20,0,1,1
45117,2023,7,10,2,2,40,"741,6",3160702,11,2,1,2,2
45117,2023,7,10,2,2,40,"518,5",3118601,16,21,1,1,1
45117,2023,7,10,2,2,116,"44,6",4104006,15,3,0,3,1
45117,2023,7,10,2,2,101,232,4211900,15,4,0,1,1
44994,2023,3,9,5,3,135,539,2209757,80,7,1,4,2
45117,2023,7,10,2,2,324,612,2930709,78,9,1,2,2
45117,2023,7,10,2,2,230,7,2503209,13,21,1,1,1
45117,2023,7,10,2,2,376,432,4127502,83,4,0,1,1
45117,2023,7,10,2,2,146,"409,1",3128709,1,11,0,2,2
45117,2023,7,10,2,1,277,"1,8",4108304,67,4,1,2,1
45117,2023,7,10,2,2,381,60,3528502,83,20,0,1,1
45109,2023,7,2,1,3,40,524,3118601,78,9,1,2,2
45117,2023,7,10,2,2,101,297,3301900,67,21,1,1,1
45117,2023,7,10,2,2,70,3,5101803,52,12,1,3,2
45117,2023,7,10,2,2,116,"111,9",3554102,28,18,1,1,1
45117,2023,7,10,2,2,135,114,2106755,52,7,0,7,2
45093,2023,6,16,6,3,101,"68,8",2611606,78,21,1,1,1
45117,2023,7,10,2,2,135,517,2204402,80,10,0,6,2
45117,2023,7,10,2,2,354,"753,4",3133006,1,11,1,2,2
45117,2023,7,10,2,2,101,98,4212809,16,12,1,4,4
45117,2023,7,10,2,2,101,70,2611606,1,9,1,2,2
45073,2023,5,27,7,2,280,"47,9",4206504,49,11,0,2,2
45117,2023,7,10,2,2,230,25,2507507,29,9,1,2,2
45117,2023,7,10,2,1,285,"52,4",4218103,21,4,0,1,1
45117,2023,7,10,2,2,70,"0,3",5101803,82,9,1,2,2
45117,2023,7,10,2,2,364,123,1200401,16,9,1,2,2
45117,2023,7,10,2,2,116,850,2933307,83,20,0,1,1
45117,2023,7,10,2,2,163,43,4120358,4,20,1,1,1
45113,2023,7,6,5,2,163,654,5106224,11,20,0,1,1
45117,2023,7,10,2,3,470,55,4202404,20,11,1,2,2
45039,2023,4,23,1,2,407,"46,9",2611101,67,20,0,2,1
45117,2023,7,10,2,3,376,650,4127601,83,3,0,3,1
45117,2023,7,10,2,3,101,"203,9",4216602,67,4,1,2,2
45117,2023,7,10,2,2,116,561,3505401,67,4,0,5,1
45025,2023,4,9,1,3,480,"130,1",4204202,83,12,1,3,2
45117,2023,7,10,2,3,365,752,3134202,28,21,0,2,1
45117,2023,7,10,2,2,435,84,1100064,2,9,1,2,2
45117,2023,7,10,2,3,472,576,4322400,1,11,0,2,2
45070,2023,5,24,4,4,287,379,4317400,11,20,0,1,1
45117,2023,7,10,2,3,470,"60,3",4202404,72,11,1,3,2
45117,2023,7,10,2,3,376,"446,2",4127502,11,4,0,1,1
45117,2023,7,10,2,3,101,452,3302601,83,2,0,2,2
45093,2023,6,16,6,4,407,68,2611101,9,20,0,1,1
45117,2023,7,10,2,3,376,176,4115200,67,12,1,6,2
45117,2023,7,10,2,3,101,484,3300100,1,21,1,2,1
45117,2023,7,10,2,3,324,545,2901106,20,9,1,2,2
45117,2023,7,10,2,2,364,641,1100809,11,20,0,4,1
45117,2023,7,10,2,3,40,"637,8",3118304,67,12,0,2,2
45117,2023,7,10,2,3,230,"111,3",2506806,67,12,0,4,2
45118,2023,7,11,3,1,116,"13,6",4101200,67,4,0,2,1
45117,2023,7,10,2,3,40,"24,4",5212501,67,11,1,2,2
45117,2023,7,10,2,3,470,9,4211306,15,20,1,1,1
45117,2023,7,10,2,3,277,355,4109401,67,20,0,2,1
45117,2023,7,10,2,3,153,"599,5",2308906,18,20,0,6,2
45117,2023,7,10,2,3,70,2,5101803,1,11,1,2,2
45117,2023,7,10,2,3,324,"523,5",2910800,18,20,0,2,1
45117,2023,7,10,2,3,60,311,5200134,18,20,0,1,1
45117,2023,7,10,2,3,376,"3,5",4125506,67,12,0,5,2
45117,2023,7,10,2,3,40,413,3120904,1,11,0,4,2
45117,2023,7,10,2,3,376,679,4109609,83,20,0,6,1
45117,2023,7,10,2,3,280,"127,5",4215000,49,10,1,4,3
45117,2023,7,10,2,2,282,70,4214300,11,7,0,2,2
45117,2023,7,10,2,3,293,"270,4",4306601,83,20,0,1,1
45117,2023,7,10,2,3,376,"447,2",4127502,83,20,0,3,1
45117,2023,7,10,2,3,101,91,2507507,11,21,0,1,1
45117,2023,7,10,2,3,381,"478,3",3118601,78,21,1,1,1
45117,2023,7,10,2,3,381,"482,8",3106705,67,12,1,2,2
45117,2023,7,10,2,3,262,481,5000708,3,10,0,4,2
45117,2023,7,10,2,3,116,276,3515004,52,9,1,2,2
45117,2023,7,10,2,3,101,"288,3",3201308,52,9,1,3,3
45117,2023,7,10,2,3,367,"26,9",2925303,33,10,1,2,2
45117,2023,7,10,2,4,324,606,2930709,16,12,1,2,2
45117,2023,7,10,2,3,101,175,2908200,67,2,1,2,2
45117,2023,7,10,2,1,153,"497,4",5208707,60,2,1,2,2
45117,2023,7,10,2,4,381,"484,6",3106705,16,12,1,3,3
45117,2023,7,10,2,3,101,"214,8",4211900,67,21,1,1,1
45117,2023,7,10,2,3,280,"7,2",4216206,1,11,0,3,2
45117,2023,7,10,2,3,235,"71,5",2802304,80,10,0,5,2
45117,2023,7,10,2,3,101,217,4211900,67,12,1,2,2
45117,2023,7,10,2,4,423,100,2702405,25,12,0,2,2
45117,2023,7,10,2,4,476,147,4106902,10,2,1,2,2
45117,2023,7,10,2,4,116,275,3168606,20,11,1,4,2
45117,2023,7,10,2,4,101,"68,8",3204906,60,2,0,2,2
45117,2023,7,10,2,3,282,463,4213401,33,11,1,2,2
45117,2023,7,10,2,4,116,108,3554102,61,2,1,3,2
45117,2023,7,10,2,4,153,"44,8",3534005,28,18,0,4,1
45117,2023,7,10,2,4,277,242,4110706,49,20,0,1,1
45117,2023,7,10,2,4,262,"444,7",3145208,61,2,1,2,2
45117,2023,7,10,2,4,381,"643,5",3159902,28,4,0,33,2
45117,2023,7,10,2,4,376,"209,5",4114203,83,12,0,8,2
45117,2023,7,10,2,4,116,"151,4",4305108,61,2,1,2,2
45117,2023,7,10,2,4,230,330,2510808,46,11,0,2,2
45117,2023,7,10,2,4,101,41,4209102,83,4,1,2,1
45117,2023,7,10,2,4,364,132,1200401,16,12,1,3,2
45118,2023,7,11,3,1,116,219,3518800,83,4,1,1,1
45117,2023,7,10,2,4,419,236,5001102,1,7,1,3,2
45118,2023,7,11,3,1,116,"308,9",3304201,35,2,1,2,2
45118,2023,7,11,3,1,101,387,3304557,11,4,1,1,1
45118,2023,7,11,3,1,116,0,3541901,12,4,0,2,2
45118,2023,7,11,3,1,381,428,3110004,11,4,0,1,1
45118,2023,7,11,3,1,116,"44,9",4104006,15,3,0,6,1
45117,2023,7,10,2,4,70,673,5102504,28,18,0,1,1
45118,2023,7,11,3,1,40,"446,1",3147402,83,21,1,1,1
45117,2023,7,10,2,3,101,212,4211900,67,9,0,3,2
45118,2023,7,11,3,2,480,"128,6",4204202,29,20,1,1,1
45117,2023,7,10,2,3,376,546,4117701,46,12,0,1,1
45118,2023,7,11,3,1,70,1,5101803,49,12,1,2,2
45118,2023,7,11,3,1,101,290,4207304,18,4,0,1,1
45118,2023,7,11,3,2,153,"49,5",3549805,20,12,0,3,2
45118,2023,7,11,3,2,101,270,3205002,35,21,1,2,1
45118,2023,7,11,3,2,116,678,3142106,52,9,0,3,3
45118,2023,7,11,3,2,381,526,3109006,64,4,0,1,1
45118,2023,7,11,3,2,116,144,3301702,52,12,1,2,2
45118,2023,7,11,3,2,116,359,2413508,16,12,1,2,2
45118,2023,7,11,3,2,116,219,3518800,52,9,0,2,2
45118,2023,7,11,3,2,282,"387,7",4209003,16,12,1,2,2
45117,2023,7,10,2,4,226,298,2101608,49,10,1,2,2
45118,2023,7,11,3,2,116,"414,2",3127701,33,11,1,2,2
45118,2023,7,11,3,2,101,59,3301009,61,2,1,2,2
45118,2023,7,11,3,2,101,"70,2",2110203,13,21,0,2,1
45118,2023,7,11,3,2,163,118,5107602,82,9,0,1,1
45118,2023,7,11,3,2,101,328,3304557,16,12,1,4,2
45118,2023,7,11,3,2,381,32,3504107,16,9,1,2,2
45118,2023,7,11,3,2,280,28,4201307,33,11,1,2,2
45118,2023,7,11,3,2,282,"3,5",4205407,11,12,1,2,2
45118,2023,7,11,3,2,316,48,1506500,16,12,1,3,2
45118,2023,7,11,3,2,116,172,3305109,16,12,1,5,4
45118,2023,7,11,3,2,20,383,2303709,67,12,0,6,3
45118,2023,7,11,3,2,153,119,2512200,67,20,0,2,1
45115,2023,7,8,7,2,40,120,3301702,52,9,1,3,2
45104,2023,6,27,3,3,381,67,3528502,6,20,0,2,1
45113,2023,7,6,5,2,60,156,5002605,11,20,0,4,1
45118,2023,7,11,3,2,101,150,2802106,20,11,1,2,2
45118,2023,7,11,3,2,116,502,2302503,16,12,1,2,2
45118,2023,7,11,3,2,369,142,4109807,52,9,1,2,2
45118,2023,7,11,3,2,369,"484,4",4106308,83,20,0,1,1
45118,2023,7,11,3,2,116,214,3518800,67,12,1,3,2
45118,2023,7,11,3,2,20,221,5218300,82,7,0,5,2
45110,2023,7,3,2,3,116,14,1507755,11,20,0,1,1
45118,2023,7,11,3,2,101,"1,3",4321501,61,2,0,2,2
44976,2023,2,19,1,4,343,"347,2",2211001,11,2,1,5,3
45118,2023,7,11,3,2,163,1040,5105606,1,2,1,2,2
45118,2023,7,11,3,2,101,489,3300100,11,20,0,1,1
45118,2023,7,11,3,2,316,310,2208007,11,2,1,2,2
45118,2023,7,11,3,3,101,896,2906907,83,20,0,2,1
45118,2023,7,11,3,3,376,679,4109609,67,9,0,2,2
45116,2023,7,9,1,2,101,411,2912707,83,20,0,1,1
45070,2023,5,24,4,2,153,"2,5",4303004,1,11,1,2,2
45106,2023,6,29,5,2,158,327,2409332,1,11,1,3,2
45118,2023,7,11,3,3,20,3,5300108,1,11,1,2,2
45060,2023,5,14,1,4,153,"401,6",4303004,67,2,0,4,2
45118,2023,7,11,3,2,116,"52,5",3527207,67,20,1,1,1
45118,2023,7,11,3,2,423,177,2600500,11,3,1,3,1
45118,2023,7,11,3,3,116,"100,1",3538006,52,9,0,3,2
45118,2023,7,11,3,3,104,"62,5",2604106,35,2,1,4,2
45118,2023,7,11,3,3,365,"717,8",3142809,82,20,0,3,2
45118,2023,7,11,3,3,343,"341,9",2211001,11,12,1,2,2
45118,2023,7,11,3,3,20,"381,3",2303709,67,15,0,4,3
45118,2023,7,11,3,3,158,386,4113304,11,20,0,2,1
45118,2023,7,11,3,3,277,50,4116208,20,11,0,2,2
45118,2023,7,11,3,3,230,"85,9",2501807,28,21,1,2,1
45117,2023,7,10,2,1,290,477,4316402,9,1,0,1,1
45118,2023,7,11,3,3,470,"60,6",4202404,20,7,1,2,2
45118,2023,7,11,3,3,158,326,2409332,67,9,1,2,2
45118,2023,7,11,3,3,290,132,4306767,11,9,0,1,1
45118,2023,7,11,3,3,40,"411,3",3120904,28,18,0,1,1
45118,2023,7,11,3,3,282,"69,7",4214300,83,7,0,4,2
45118,2023,7,11,3,3,277,"176,8",4117701,67,20,0,1,1
45118,2023,7,11,3,3,40,7,5212501,1,11,1,2,2
45118,2023,7,11,3,3,101,"35,8",2508901,63,4,0,5,1
45118,2023,7,11,3,3,116,"149,6",3549904,52,9,1,3,2
45118,2023,7,11,3,3,282,17,4211900,16,12,0,3,2
45118,2023,7,11,3,3,101,310,3304904,16,12,1,2,2
45118,2023,7,11,3,3,101,198,4202305,16,12,1,2,2
45118,2023,7,11,3,3,50,"237,3",5205109,18,20,0,3,1
45118,2023,7,11,3,4,101,312,3304904,16,12,0,2,2
45118,2023,7,11,3,3,116,"412,5",3127701,33,11,1,3,2
45118,2023,7,11,3,4,381,82,3550308,28,18,1,1,1
45118,2023,7,11,3,3,319,61,1100205,52,12,1,3,2
45118,2023,7,11,3,4,280,"4,5",4216206,1,11,1,2,2
45118,2023,7,11,3,4,414,"423,8",5200100,52,20,0,1,1
45118,2023,7,11,3,4,40,"8,1",5300108,78,9,1,2,2
45118,2023,7,11,3,4,40,"40,9",3147006,1,11,1,2,2
45118,2023,7,11,3,3,429,174,1100320,11,4,0,1,1
45118,2023,7,11,3,4,222,"1,2",2304400,52,12,1,4,2
45118,2023,7,11,3,3,158,534,4118501,60,2,0,2,2
45118,2023,7,11,3,3,174,"107,5",5102504,67,9,0,5,3
45118,2023,7,11,3,4,101,214,3202504,1,11,1,2,2
45118,2023,7,11,3,3,116,72,3305802,82,9,0,2,2
45107,2023,6,30,6,3,163,"658,7",5007406,11,12,0,2,2
45118,2023,7,11,3,4,40,"758,9",3125002,60,2,0,2,2
45118,2023,7,11,3,4,376,"407,4",4127502,28,18,0,1,1
45118,2023,7,11,3,4,324,618,2927408,52,9,1,3,3
45118,2023,7,11,3,4,369,142,4113700,11,21,0,2,1
45118,2023,7,11,3,4,251,"56,2",5300108,38,12,0,2,2
45118,2023,7,11,3,4,277,"0,5",4118204,49,12,0,3,3
45118,2023,7,11,3,4,101,"263,9",3205002,1,11,0,2,2
44978,2023,2,21,3,3,226,40,2407104,67,12,1,2,2
44998,2023,3,13,2,2,304,294,2407104,72,11,0,4,2
45118,2023,7,11,3,4,40,"7,1",5221858,11,12,1,4,3
45118,2023,7,11,3,4,116,105,3554102,67,12,1,3,2
45108,2023,7,1,7,3,110,365,2907509,16,12,0,3,2
45119,2023,7,12,4,1,101,94,2408102,1,9,1,2,2
45119,2023,7,12,4,1,277,132,4104204,25,4,0,5,1
45119,2023,7,12,4,1,101,70,2611606,44,20,0,1,1
45093,2023,6,16,6,3,277,162,4117701,11,7,0,5,3
45119,2023,7,12,4,1,40,"545,2",3144805,83,15,1,10,5
45119,2023,7,12,4,1,50,147,5210109,18,20,0,2,1
45119,2023,7,12,4,1,251,279,3157005,11,20,0,40,1
45119,2023,7,12,4,1,158,271,5008305,67,12,1,2,2
45110,2023,7,3,2,3,343,"2,3",2211001,17,11,1,2,2
45119,2023,7,12,4,1,405,"2,7",2408003,18,20,0,1,1
45119,2023,7,12,4,1,101,73,3301009,82,7,0,6,2
45119,2023,7,12,4,1,262,433,5003488,35,2,0,2,2
45119,2023,7,12,4,1,101,"2,3",4205803,51,4,0,2,1
45119,2023,7,12,4,2,153,"61,2",3549805,11,21,1,2,1
45119,2023,7,12,4,2,101,"46,9",4209102,67,12,1,3,2
45119,2023,7,12,4,1,110,118,2901601,11,20,0,4,1
45119,2023,7,12,4,2,364,204,5107602,1,9,1,2,2
45119,2023,7,12,4,1,429,156,1100320,83,20,0,1,1
45118,2023,7,11,3,2,364,424,1100114,82,11,1,2,2
45119,2023,7,12,4,2,381,"547,5",3155306,18,20,0,2,1
45039,2023,4,23,1,3,365,704,3142809,16,15,0,12,4
45119,2023,7,12,4,2,316,"314,7",2208007,1,11,1,3,2
45119,2023,7,12,4,2,101,65,3301009,81,11,1,4,2
45119,2023,7,12,4,2,232,"9,8",2607901,52,9,1,2,2
45119,2023,7,12,4,2,10,458,4117602,67,12,0,2,2
45119,2023,7,12,4,2,232,"194,7",2612406,1,11,1,3,2
45119,2023,7,12,4,2,60,100,5201108,16,12,0,2,2
45119,2023,7,12,4,2,116,209,3518800,16,12,1,2,2
45119,2023,7,12,4,2,116,183,3303500,78,9,0,2,2
44995,2023,3,10,6,1,101,103,2403251,36,12,1,2,2
45119,2023,7,12,4,2,116,223,3518800,11,12,1,3,3
45119,2023,7,12,4,2,407,11,2600203,2,20,0,2,1
45119,2023,7,12,4,2,101,"151,8",3203205,1,11,0,8,4
45047,2023,5,1,2,3,376,679,4109609,83,12,0,2,2
45117,2023,7,10,2,4,230,"147,4",2108009,11,12,0,5,2
45119,2023,7,12,4,2,116,110,3554102,16,12,0,3,2
45119,2023,7,12,4,2,110,147,2606606,28,18,1,1,1
45119,2023,7,12,4,2,10,255,2105302,16,12,1,2,2
45119,2023,7,12,4,2,153,"533,9",4302808,4,20,0,5,1
45118,2023,7,11,3,4,104,36,2501609,18,20,0,2,1
45119,2023,7,12,4,2,369,186,4101507,1,11,1,3,2
45119,2023,7,12,4,2,116,179,3141702,11,9,0,2,2
45119,2023,7,12,4,2,470,174,4322806,4,20,1,1,1
45119,2023,7,12,4,2,373,"213,8",4110102,11,20,0,1,1
45109,2023,7,2,1,4,153,137,1702109,49,20,1,1,1
45119,2023,7,12,4,2,101,194,4216602,4,21,1,1,1
45119,2023,7,12,4,2,393,281,3306305,2,11,1,2,2
45119,2023,7,12,4,2,290,64,4309209,83,20,1,3,1
45119,2023,7,12,4,2,20,134,2928901,82,3,0,4,1
45087,2023,6,10,7,3,468,"105,4",4321907,67,11,1,2,2
45119,2023,7,12,4,2,70,2,5300108,28,20,1,1,1
45119,2023,7,12,4,2,104,"140,3",2512507,51,7,0,2,2
45119,2023,7,12,4,2,116,"49,5",3305802,83,12,1,2,2
45119,2023,7,12,4,2,282,54,4214300,4,21,0,1,1
45119,2023,7,12,4,2,235,54,2506905,28,18,1,1,1
45068,2023,5,22,2,3,316,62,1502400,1,11,1,2,2
45119,2023,7,12,4,2,110,18,2401107,51,20,0,1,1
45119,2023,7,12,4,2,470,177,4322806,11,12,1,3,3
45119,2023,7,12,4,3,116,82,3305802,9,1,1,1,1
45119,2023,7,12,4,2,369,"42,7",4101101,11,9,0,2,2
45119,2023,7,12,4,3,304,72,2301109,52,20,0,2,1
45119,2023,7,12,4,2,232,197,2612406,1,11,1,7,2
45119,2023,7,12,4,3,101,358,2933505,20,11,1,2,2
45119,2023,7,12,4,3,304,46,2301109,1,20,1,2,2
45119,2023,7,12,4,3,290,400,4316972,64,11,0,3,2
45119,2023,7,12,4,3,153,"109,1",4109708,2,11,1,2,2
45119,2023,7,12,4,3,116,"759,1",3138401,80,11,1,2,2
45119,2023,7,12,4,2,290,"459,3",4316402,15,20,0,1,1
45119,2023,7,12,4,2,476,331,4118600,49,11,0,6,2
45119,2023,7,12,4,3,304,296,2407104,11,12,1,2,2
45119,2023,7,12,4,3,101,76,2408102,72,12,0,3,2
45119,2023,7,12,4,2,101,300,3304904,1,9,0,2,2
45119,2023,7,12,4,3,285,"564,9",4318903,1,11,1,2,2
45119,2023,7,12,4,3,116,826,2933307,1,9,1,2,2
45118,2023,7,11,3,2,101,150,2611804,9,1,0,3,2
45119,2023,7,12,4,3,381,442,3156700,67,12,1,2,2
45119,2023,7,12,4,3,20,405,2303709,82,9,0,4,2
45119,2023,7,12,4,3,324,614,2927408,52,12,1,3,2
45078,2023,6,1,5,4,282,"209,2",4209300,80,7,0,3,2
45119,2023,7,12,4,3,381,"709,9",3144607,67,3,0,1,1
45084,2023,6,7,4,4,406,151,2402600,11,10,1,2,2
45118,2023,7,11,3,3,465,4,3305554,1,11,1,2,2
45119,2023,7,12,4,3,381,58,3528502,67,15,1,5,3
45119,2023,7,12,4,3,101,"152,7",4208302,13,21,0,2,1
45119,2023,7,12,4,3,319,61,1100205,67,11,1,2,2
45119,2023,7,12,4,3,101,306,3304904,67,12,1,2,2
45119,2023,7,12,4,3,40,5,5221858,78,2,1,4,2
45119,2023,7,12,4,3,153,"107,9",1722081,67,20,0,6,1
45119,2023,7,12,4,3,470,138,4214805,1,11,1,3,2
45119,2023,7,12,4,3,280,31,4201307,67,12,1,6,5
45119,2023,7,12,4,3,101,218,4211900,11,4,0,2,2
45119,2023,7,12,4,3,369,"148,1",4113700,16,12,1,2,2
45119,2023,7,12,4,3,282,"1,5",4205407,16,12,1,2,2
45119,2023,7,12,4,3,222,339,2105153,1,11,1,2,2
45119,2023,7,12,4,3,407,"0,8",2918407,67,12,1,2,2
45119,2023,7,12,4,4,369,440,4128005,49,20,0,1,1
45119,2023,7,12,4,4,471,174,4315701,1,11,1,2,2
45119,2023,7,12,4,3,319,62,1100205,67,21,1,1,1
45087,2023,6,10,7,2,101,488,3300100,33,11,0,6,2
45063,2023,5,17,4,2,101,117,4208203,1,11,0,2,2
45119,2023,7,12,4,3,116,417,3127701,1,21,1,2,2
45119,2023,7,12,4,3,376,"469,9",4119905,18,4,0,1,1
45119,2023,7,12,4,3,471,148,4316808,33,9,1,2,2
45119,2023,7,12,4,3,116,"701,8",3143906,1,11,1,3,2
45119,2023,7,12,4,4,407,4,2918407,16,12,1,3,3
45119,2023,7,12,4,3,50,"151,7",3170107,11,20,0,2,1
45119,2023,7,12,4,4,290,58,4309050,15,20,0,2,1
45119,2023,7,12,4,3,364,"344,5",1100122,67,12,1,3,3
44979,2023,2,22,4,2,135,"2,7",2111300,13,21,0,2,1
45119,2023,7,12,4,3,116,"45,5",4322509,67,20,0,2,1
45119,2023,7,12,4,3,364,426,1100114,61,2,1,4,2
45119,2023,7,12,4,4,293,17,4304663,15,20,0,1,1
45119,2023,7,12,4,4,116,523,4314407,4,4,0,1,1