id_data,ano,mes,dia,id_dia_semana,periodo,br,km,id_municipio,id_causa_acidente,id_tipo_acidente,id_uso_solo,pessoas,veiculos
45119,2023,7,12,4,4,280,71,4208906,2,11,0,2,2
45119,2023,7,12,4,4,369,"147,2",4113700,11,11,0,2,2
45119,2023,7,12,4,4,20,"203,7",2302404,11,2,1,2,2
45120,2023,7,13,5,1,290,165,4318408,11,20,0,1,1
45119,2023,7,12,4,4,364,686,1100809,60,2,0,3,2
45119,2023,7,12,4,4,376,316,4117305,56,4,0,2,1
45119,2023,7,12,4,4,101,745,2914653,1,11,1,2,2
45119,2023,7,12,4,3,116,"535,6",3159357,11,21,0,1,1
45119,2023,7,12,4,4,373,"273,2",4120606,11,20,0,1,1
45119,2023,7,12,4,4,101,394,3304557,1,12,1,3,2
45119,2023,7,12,4,4,116,272,3552809,11,12,1,2,2
45120,2023,7,13,5,1,20,16,5300108,67,3,0,2,1
45120,2023,7,13,5,1,463,"107,3",5006606,80,7,1,2,2
45120,2023,7,13,5,1,101,"281,8",4207304,11,20,0,1,1
45120,2023,7,13,5,2,153,513,5201405,1,12,1,2,2
45120,2023,7,13,5,1,277,69,4125506,67,20,0,3,1
45120,2023,7,13,5,2,116,285,3515004,78,12,1,2,2
45120,2023,7,13,5,2,101,269,3205002,52,21,1,1,1
45120,2023,7,13,5,2,116,"167,4",4121208,20,12,1,5,2
45120,2023,7,13,5,2,101,"11,8",2508901,72,11,1,2,2
45120,2023,7,13,5,2,153,58,3549805,11,12,1,2,2
45120,2023,7,13,5,2,153,"510,9",1718451,1,11,0,3,2
45120,2023,7,13,5,2,40,515,3154606,16,12,0,2,2
45072,2023,5,26,6,2,316,"1,6",1500800,52,11,1,4,2
45120,2023,7,13,5,2,116,"497,9",3130903,83,21,0,1,1
45056,2023,5,10,4,4,470,"248,5",4301651,9,21,0,2,1
45117,2023,7,10,2,3,101,387,3304557,1,11,0,2,2
45120,2023,7,13,5,2,135,187,2903201,82,7,0,5,4
45118,2023,7,11,3,2,436,5,5001003,1,11,0,2,2
45120,2023,7,13,5,2,230,120,1504208,16,12,1,2,2
45120,2023,7,13,5,2,369,"152,1",4113700,16,12,1,2,2
45120,2023,7,13,5,2,101,90,2504603,67,11,1,2,2
45120,2023,7,13,5,2,104,"30,1",2615409,1,11,1,3,2
45120,2023,7,13,5,2,364,"353,1",1100122,11,12,0,6,2
45120,2023,7,13,5,2,116,"415,8",3127701,67,21,1,1,1
45120,2023,7,13,5,2,222,"2,7",2304400,67,12,1,3,3
45120,2023,7,13,5,2,104,"139,4",2512507,18,10,1,4,4
45120,2023,7,13,5,2,50,"177,8",3170107,11,4,1,1,1
45120,2023,7,13,5,2,316,244,2700409,1,11,1,2,2
45120,2023,7,13,5,1,376,"547,5",4102307,15,3,0,2,1
45120,2023,7,13,5,2,116,92,3538006,11,20,0,1,1
45120,2023,7,13,5,2,262,93,3201902,67,12,0,2,2
45119,2023,7,12,4,4,277,156,4117701,30,4,0,5,1
45120,2023,7,13,5,2,262,"393,7",3140704,67,20,0,1,1
45120,2023,7,13,5,3,324,"2,4",2910800,83,4,1,1,1
45120,2023,7,13,5,2,386,"273,8",4308300,16,12,0,3,2
45120,2023,7,13,5,2,262,"89,2",3201902,28,15,0,5,3
45120,2023,7,13,5,3,367,29,2925303,72,11,0,4,2
45120,2023,7,13,5,2,116,273,3552809,11,12,1,2,2
45120,2023,7,13,5,3,376,"176,3",4115200,16,12,1,2,2
45120,2023,7,13,5,2,116,"295,1",3304110,16,12,0,2,2
45114,2023,7,7,6,2,428,"189,8",2611101,17,11,1,2,2
45104,2023,6,27,3,2,364,14,1100304,1,11,1,3,3
45118,2023,7,11,3,4,402,35,2207702,72,11,1,2,2
45120,2023,7,13,5,3,262,528,5001102,83,3,0,4,1
45108,2023,7,1,7,2,381,"489,2",3106705,82,9,1,3,2
45120,2023,7,13,5,2,163,1064,5104104,49,12,0,2,2
45120,2023,7,13,5,2,101,"214,9",4211900,52,12,1,2,2
45120,2023,7,13,5,3,101,282,3301900,11,12,0,2,2
45120,2023,7,13,5,3,40,109,3301702,16,12,0,2,2
45088,2023,6,11,1,3,470,187,4322806,67,20,0,3,1
45120,2023,7,13,5,3,101,"96,4",2408102,16,12,0,2,2
45120,2023,7,13,5,3,393,"258,5",3300308,11,12,1,2,2
45120,2023,7,13,5,3,101,157,4213500,51,9,0,2,2
45120,2023,7,13,5,3,230,"16,6",2507507,67,12,1,4,4
45120,2023,7,13,5,2,392,"2,2",4304663,56,4,1,1,1
45120,2023,7,13,5,3,40,"38,8",3147006,1,11,1,7,2
45120,2023,7,13,5,3,101,40,3301009,1,11,0,6,2
45112,2023,7,5,4,2,110,365,2907509,80,7,0,2,2
45120,2023,7,13,5,3,232,17,2607901,11,12,1,4,3
45120,2023,7,13,5,3,40,"482,8",3167202,41,20,0,1,1
45120,2023,7,13,5,3,349,258,2909307,83,20,0,5,1
45120,2023,7,13,5,3,101,"203,4",4216602,52,15,1,3,3
45120,2023,7,13,5,3,386,"348,4",1712009,11,15,0,3,3
45120,2023,7,13,5,3,153,"514,6",5201405,33,11,1,2,2
45120,2023,7,13,5,3,116,153,4305108,67,2,1,2,2
45103,2023,6,26,2,2,101,385,4207007,11,12,0,2,2
45120,2023,7,13,5,3,40,"9,3",5212501,35,2,1,2,2
45120,2023,7,13,5,3,163,"70,6",4217204,52,11,1,2,2
45120,2023,7,13,5,3,364,"374,1",1100155,1,11,0,2,2
45120,2023,7,13,5,3,101,"20,8",4209102,81,7,0,2,2
45120,2023,7,13,5,2,392,"62,5",4314407,4,20,1,1,1
45120,2023,7,13,5,1,262,439,3145208,9,1,1,1,1
45120,2023,7,13,5,3,101,123,4208203,11,11,0,2,2
45120,2023,7,13,5,4,470,"57,4",4202404,60,2,1,4,2
45120,2023,7,13,5,4,493,6,3301900,11,21,1,1,1
45012,2023,3,27,2,4,104,57,2705507,9,1,0,1,1
45120,2023,7,13,5,4,101,52,3555406,9,12,1,2,2
45120,2023,7,13,5,3,163,476,2401305,1,11,1,2,2
45120,2023,7,13,5,3,364,188,1200138,80,7,0,3,2
45120,2023,7,13,5,4,376,82,4108908,16,12,0,5,2
45120,2023,7,13,5,4,116,275,3168606,67,2,1,3,3
45120,2023,7,13,5,3,463,104,5006606,81,2,0,2,2
45120,2023,7,13,5,4,222,"1,5",2304400,35,2,1,2,2
45120,2023,7,13,5,3,40,24,3306008,52,11,0,2,2
45120,2023,7,13,5,2,293,209,4301602,7,20,0,2,1
45120,2023,7,13,5,3,116,"117,5",4319000,67,4,0,1,1
45120,2023,7,13,5,4,40,"510,5",3154606,67,12,1,3,2
45120,2023,7,13,5,4,116,609,3162559,11,20,0,1,1
45120,2023,7,13,5,4,10,454,4117602,52,9,1,3,2
45120,2023,7,13,5,4,116,127,3302502,49,4,0,1,1
45120,2023,7,13,5,2,282,34,4200606,28,18,0,2,1
45120,2023,7,13,5,4,116,"214,5",3518800,18,4,1,2,1
45120,2023,7,13,5,4,476,118,4105805,61,2,1,2,2
45108,2023,7,1,7,3,101,"163,1",4218004,61,2,1,4,3
45120,2023,7,13,5,4,101,170,4218004,67,21,1,2,1
45120,2023,7,13,5,4,116,272,3552809,83,9,1,2,2
45120,2023,7,13,5,4,116,272,3552809,83,12,1,3,2
45120,2023,7,13,5,4,280,"128,5",4215000,1,11,1,3,2
45120,2023,7,13,5,4,316,251,2511509,25,12,0,2,2
45120,2023,7,13,5,4,290,15,4317608,11,20,0,1,1
45120,2023,7,13,5,4,70,"3,2",5300108,1,9,0,3,2
45120,2023,7,13,5,4,163,848,5107909,16,11,0,3,2
45120,2023,7,13,5,4,101,"133,5",4202008,1,11,1,2,2
45120,2023,7,13,5,4,101,"66,4",3204906,83,4,1,2,1
45121,2023,7,14,6,1,230,200,2512002,28,20,0,2,1
45121,2023,7,14,6,1,116,126,4107652,49,12,1,2,2
45120,2023,7,13,5,4,70,520,2211407,2,11,1,2,2
45121,2023,7,14,6,1,230,23,2507507,67,20,1,1,1
45121,2023,7,14,6,1,287,297,4319406,67,20,0,3,1
45121,2023,7,14,6,1,101,374,4207007,18,12,0,2,2
45121,2023,7,14,6,1,116,"148,8",3549904,67,4,1,3,3
45121,2023,7,14,6,1,470,70,4207502,1,11,0,2,2
45121,2023,7,14,6,1,101,308,3304904,78,21,1,1,1
45121,2023,7,14,6,1,381,857,3152501,1,12,0,3,3
45121,2023,7,14,6,2,369,155,4113700,49,4,1,1,1
45120,2023,7,13,5,4,381,87,3518800,28,18,1,1,1
45121,2023,7,14,6,2,116,207,3518800,35,2,0,2,2
45121,2023,7,14,6,2,116,207,3518800,44,12,1,3,2
45121,2023,7,14,6,1,163,86,5107602,28,3,0,2,1
45121,2023,7,14,6,2,101,"18,9",3204054,20,11,0,2,2
45121,2023,7,14,6,2,386,"427,9",2207959,20,11,0,3,2
45121,2023,7,14,6,1,153,"128,8",3515301,49,20,0,1,1
45121,2023,7,14,6,2,381,532,3133709,83,20,0,1,1
45121,2023,7,14,6,2,116,255,4320008,4,7,1,3,3
45121,2023,7,14,6,2,40,"717,8",3105608,67,4,0,2,1
45121,2023,7,14,6,2,101,518,3300100,82,9,1,4,2
45121,2023,7,14,6,2,40,104,3301702,11,12,1,2,2
45121,2023,7,14,6,2,101,106,2403251,67,15,0,7,3
45121,2023,7,14,6,2,101,105,2403251,11,12,1,2,2
45121,2023,7,14,6,2,153,495,5208707,78,12,1,2,2
45121,2023,7,14,6,2,463,"37,9",5006606,76,20,0,2,1
45121,2023,7,14,6,2,116,"143,3",4305108,67,21,1,1,1
45121,2023,7,14,6,2,60,97,5201108,52,11,0,3,2
45120,2023,7,13,5,4,158,396,5107180,82,7,0,2,2
45121,2023,7,14,6,2,116,275,3168606,20,11,1,3,3
45121,2023,7,14,6,2,101,417,3302601,11,7,0,2,2
45121,2023,7,14,6,2,116,281,3300407,11,4,0,1,1
45121,2023,7,14,6,2,101,210,3301306,13,3,0,1,1
45121,2023,7,14,6,2,163,824,5107909,9,1,1,1,1
45121,2023,7,14,6,2,116,252,4320008,16,9,1,3,2
45121,2023,7,14,6,2,235,57,2506905,28,11,0,2,2
45120,2023,7,13,5,4,40,"442,8",3147402,83,20,0,1,1
45121,2023,7,14,6,2,101,197,4202305,1,11,0,2,2
45121,2023,7,14,6,1,101,"236,7",2708204,28,18,0,1,1
45121,2023,7,14,6,2,414,439,5201108,49,11,1,58,2
45121,2023,7,14,6,2,101,68,2611606,6,21,1,1,1
45121,2023,7,14,6,2,101,67,2611606,6,21,1,1,1
45121,2023,7,14,6,2,153,"62,3",3549805,11,15,1,7,4
45121,2023,7,14,6,2,324,604,2930709,67,21,1,1,1
45121,2023,7,14,6,2,116,276,3515004,78,9,1,3,2
45121,2023,7,14,6,2,101,70,3301009,20,11,1,2,2
45121,2023,7,14,6,2,40,77,3303906,67,20,0,3,1
45121,2023,7,14,6,2,101,110,2602902,83,21,0,2,1
45121,2023,7,14,6,2,153,499,5208707,16,12,1,2,2
45121,2023,7,14,6,2,116,"800,4",3101508,1,11,0,3,3
45121,2023,7,14,6,2,116,"138,9",3549904,67,4,1,4,3
45089,2023,6,12,2,3,262,144,3203700,20,11,0,9,2
45121,2023,7,14,6,2,365,291,3136306,11,7,0,2,1
45121,2023,7,14,6,2,423,"91,3",2606002,1,11,1,3,2
45121,2023,7,14,6,2,116,"82,4",3544301,11,15,0,4,3
45121,2023,7,14,6,2,316,"553,5",2103000,67,11,1,2,2
45121,2023,7,14,6,2,101,"167,5",2806305,72,11,0,3,2
45121,2023,7,14,6,2,232,"409,7",2613909,1,11,1,3,2
45089,2023,6,12,2,2,116,273,3552809,82,7,0,3,3
45056,2023,5,10,4,2,349,872,2909307,67,20,0,3,1
45121,2023,7,14,6,2,364,711,1100205,16,12,1,2,2
45121,2023,7,14,6,3,381,844,3164407,16,12,0,3,2
45121,2023,7,14,6,3,135,"48,2",2101251,1,10,1,2,2
45121,2023,7,14,6,3,232,47,2616407,28,18,0,1,1
45121,2023,7,14,6,2,116,151,4305108,67,9,1,4,2
45121,2023,7,14,6,3,101,121,4208203,11,21,1,1,1
45121,2023,7,14,6,3,280,144,4210100,52,3,0,1,1
45099,2023,6,22,5,4,386,327,4312054,80,7,0,4,2
45121,2023,7,14,6,3,262,34,3201902,67,20,0,3,1
45121,2023,7,14,6,3,104,89,2512705,52,10,1,2,2
45121,2023,7,14,6,3,235,"54,7",2506905,1,11,1,2,2
45066,2023,5,20,7,4,364,947,1100205,60,12,0,2,2
45121,2023,7,14,6,3,116,"813,1",2933307,13,20,0,2,1
45121,2023,7,14,6,3,222,"314,1",2313401,1,9,1,2,2
45121,2023,7,14,6,3,493,100,3305554,83,20,0,1,1
45121,2023,7,14,6,3,101,"333,7",4218707,16,12,1,3,2
45121,2023,7,14,6,2,101,105,2403251,11,2,1,2,2
45121,2023,7,14,6,2,163,217,5002407,67,12,1,2,2
45121,2023,7,14,6,3,316,297,2208007,11,21,0,1,1
45121,2023,7,14,6,3,230,"74,5",2515971,28,21,0,2,1
45121,2023,7,14,6,3,116,106,3554102,67,21,0,1,1
45121,2023,7,14,6,3,101,"85,6",2501807,16,9,1,2,2
45029,2023,4,13,5,2,40,756,3125002,20,11,0,2,2
45121,2023,7,14,6,3,101,"50,6",3555406,1,11,1,2,2
45121,2023,7,14,6,3,101,54,4209102,67,12,1,4,3
45121,2023,7,14,6,3,101,322,3202405,67,20,0,1,1
45121,2023,7,14,6,3,414,"428,3",5200100,1,11,0,4,2
45121,2023,7,14,6,3,116,221,3518800,67,12,1,2,2
45121,2023,7,14,6,3,116,112,3554102,67,12,1,3,2
45121,2023,7,14,6,3,101,123,4208203,16,12,0,2,2
45121,2023,7,14,6,3,20,2,5300108,11,12,1,3,2
45121,2023,7,14,6,3,101,"272,5",3205002,1,11,0,5,2
45121,2023,7,14,6,3,324,"620,7",2927408,16,9,1,2,2
45121,2023,7,14,6,3,381,"487,5",3106705,11,15,0,4,4
45121,2023,7,14,6,3,116,170,3304557,67,12,0,2,2
45121,2023,7,14,6,3,101,"331,3",2925758,83,12,0,3,2
45121,2023,7,14,6,3,116,"829,6",2933307,16,12,0,2,2
45121,2023,7,14,6,3,364,"207,3",1100189,16,12,0,4,2
45121,2023,7,14,6,3,277,"594,7",2303501,16,21,1,1,1
45121,2023,7,14,6,3,101,"273,9",3205002,67,12,0,2,2
45121,2023,7,14,6,3,282,1,4205407,1,9,1,2,2
45121,2023,7,14,6,3,381,390,3105400,11,12,0,2,2
45121,2023,7,14,6,3,158,"139,9",5001003,67,15,0,9,3
45121,2023,7,14,6,3,101,50,2611606,78,9,1,4,3
45121,2023,7,14,6,3,364,119,2409605,83,20,0,3,1
45121,2023,7,14,6,3,101,"241,5",3205002,11,2,1,2,2
45121,2023,7,14,6,3,40,"8,8",5212501,61,2,1,7,2
45121,2023,7,14,6,3,101,199,4216602,38,9,1,3,3
45121,2023,7,14,6,3,116,761,3138401,11,12,1,5,3
45121,2023,7,14,6,3,364,"267,7",5104807,82,9,0,9,3
45121,2023,7,14,6,3,101,87,2507507,52,9,1,2,2
45121,2023,7,14,6,3,101,"157,3",2611804,1,9,0,2,2
45121,2023,7,14,6,2,410,33,2931905,1,11,0,2,2
45121,2023,7,14,6,3,101,267,3205002,35,2,1,2,2
45121,2023,7,14,6,3,163,766,5107925,11,12,0,3,2
45121,2023,7,14,6,4,101,"267,1",3205002,52,9,1,2,2
45097,2023,6,20,3,3,40,"602,8",3118007,2,11,1,2,2
45121,2023,7,14,6,2,116,177,3305109,52,9,1,2,2
45121,2023,7,14,6,4,285,"460,2",4310207,33,11,1,2,2
45121,2023,7,14,6,3,101,297,4209409,67,12,1,4,2
45121,2023,7,14,6,3,101,"291,9",3201308,52,11,1,2,2
45096,2023,6,19,2,3,285,"255,5",4308854,83,20,0,1,1
45121,2023,7,14,6,4,290,93,4314902,67,4,0,1,1
45076,2023,5,30,3,3,285,"194,8",4311304,9,1,0,1,1
45121,2023,7,14,6,4,116,184,3546801,78,9,1,2,2
45121,2023,7,14,6,3,316,"606,2",2112209,16,12,0,5,2
45121,2023,7,14,6,4,50,"19,5",3170206,34,4,0,3,1
45121,2023,7,14,6,3,365,"672,3",3142809,1,11,0,6,3
45121,2023,7,14,6,4,101,70,3204906,1,9,1,2,2
45121,2023,7,14,6,4,40,526,3118601,52,9,1,2,2
45121,2023,7,14,6,4,376,176,4115200,78,21,1,2,1
45121,2023,7,14,6,3,356,16,3302205,1,11,0,2,2
45121,2023,7,14,6,4,316,92,2708006,49,11,0,3,2
45121,2023,7,14,6,4,153,493,1716109,1,11,1,2,2
45121,2023,7,14,6,4,381,"3,5",3106705,28,18,1,1,1
45121,2023,7,14,6,4,280,"41,1",4201307,82,7,0,3,2
45121,2023,7,14,6,3,116,"164,8",4305108,11,20,0,1,1
45121,2023,7,14,6,4,308,151,1502202,11,11,1,2,2
45121,2023,7,14,6,4,401,10,1400175,11,4,0,1,1
45121,2023,7,14,6,4,116,220,3518800,67,12,1,1,1
45121,2023,7,14,6,4,470,265,4204806,82,7,0,5,2
45121,2023,7,14,6,4,343,"12,6",2207702,82,9,1,3,2
45121,2023,7,14,6,4,101,"200,2",3301306,1,11,1,3,2
45121,2023,7,14,6,4,40,"490,5",3124104,5,21,0,2,1
45121,2023,7,14,6,2,40,528,3118601,15,21,1,1,1
45121,2023,7,14,6,4,116,"523,2",3113404,16,12,0,5,2
45121,2023,7,14,6,4,40,"808,3",3140803,67,4,0,1,1
45121,2023,7,14,6,4,465,2,3305554,9,1,0,1,1
45121,2023,7,14,6,4,60,23,5200308,48,20,0,1,1
45121,2023,7,14,6,3,174,161,5103957,82,7,0,2,2
45121,2023,7,14,6,4,280,"133,3",4215000,9,1,0,1,1
45121,2023,7,14,6,4,230,"282,2",2110005,82,7,0,6,2
45121,2023,7,14,6,4,101,456,3300100,1,11,1,2,2
45121,2023,7,14,6,4,101,43,4209102,52,9,1,2,2
45122,2023,7,15,7,1,158,"323,8",2409332,67,4,0,1,1
45121,2023,7,14,6,4,158,334,2409332,11,4,0,2,2
45122,2023,7,15,7,1,364,"237,5",1100049,49,20,1,1,1
45121,2023,7,14,6,4,381,227,3106309,9,1,0,1,1
45122,2023,7,15,7,1,101,"317,5",4212650,11,12,1,5,5
45122,2023,7,15,7,1,101,137,4202008,49,20,1,1,1
45122,2023,7,15,7,1,50,"279,9",5205109,48,7,1,2,2
45122,2023,7,15,7,1,116,222,3518800,35,2,1,2,2
45122,2023,7,15,7,1,116,146,3301702,67,12,1,2,2
45122,2023,7,15,7,1,386,276,4308300,11,4,0,1,1
45122,2023,7,15,7,1,153,667,5209101,67,3,0,1,1
45122,2023,7,15,7,1,101,330,3304557,11,4,0,1,1
45122,2023,7,15,7,1,101,323,4203956,49,4,1,1,1
45122,2023,7,15,7,1,135,99,2105401,11,20,0,1,1
45122,2023,7,15,7,1,116,231,4310801,49,4,1,1,1
45122,2023,7,15,7,1,101,102,2500601,11,4,0,2,1
45122,2023,7,15,7,1,282,"503,5",4219507,49,20,1,1,1
45122,2023,7,15,7,1,381,49,3504107,11,4,1,1,1
45122,2023,7,15,7,1,316,80,2609907,11,20,0,4,1
45122,2023,7,15,7,1,262,"357,8",3106705,9,1,0,1,1
45122,2023,7,15,7,1,163,755,5107925,67,20,1,1,1
45121,2023,7,14,6,4,101,130,2931400,67,20,0,1,1
45122,2023,7,15,7,1,280,35,4201307,83,20,0,1,1
45122,2023,7,15,7,1,282,630,4204905,11,20,0,2,2
45122,2023,7,15,7,2,153,384,1718709,11,20,0,5,1
45122,2023,7,15,7,1,40,"824,6",3167509,13,20,0,1,1
45121,2023,7,14,6,4,116,609,3162559,67,21,0,1,1
45122,2023,7,15,7,1,267,482,2307106,11,4,1,2,1
45122,2023,7,15,7,2,101,39,2606804,2,11,0,4,2
45122,2023,7,15,7,2,101,"271,5",3205002,52,12,0,3,2
45122,2023,7,15,7,2,116,275,3168606,11,12,1,2,2
45122,2023,7,15,7,2,20,"331,3",2303006,67,15,0,4,3
45122,2023,7,15,7,2,101,124,2412203,1,9,1,2,2
45122,2023,7,15,7,2,40,"109,3",3301702,67,9,1,3,2
45122,2023,7,15,7,2,40,532,3106200,78,9,1,6,2
45122,2023,7,15,7,2,381,"634,8",3145604,83,20,0,2,1
45122,2023,7,15,7,2,116,"595,8",3162559,11,12,0,2,2
45122,2023,7,15,7,1,277,312,4109401,11,20,0,1,1
45122,2023,7,15,7,2,472,411,4318002,49,4,0,1,1
45122,2023,7,15,7,2,364,354,1100122,11,3,0,4,1
45122,2023,7,15,7,2,267,"29,2",5001904,1,11,1,2,2
45122,2023,7,15,7,2,330,"875,8",2912707,63,20,0,4,1
45122,2023,7,15,7,2,116,186,3303500,52,9,1,2,2
45122,2023,7,15,7,2,40,"4,5",5300108,11,12,1,6,3
45122,2023,7,15,7,2,163,9,2922102,11,20,0,1,1
45122,2023,7,15,7,2,392,349,2409332,1,11,1,4,2
45122,2023,7,15,7,2,40,"517,5",3154606,1,11,1,2,2
45122,2023,7,15,7,2,428,187,2611101,17,11,1,3,2
45122,2023,7,15,7,2,364,492,1100023,67,12,0,7,2
45122,2023,7,15,7,2,101,51,2600054,52,9,1,2,2
45122,2023,7,15,7,2,381,486,3106705,78,9,1,2,2
45122,2023,7,15,7,2,116,633,2917607,1,11,1,4,2
45122,2023,7,15,7,2,116,414,3526100,80,7,0,3,2
45122,2023,7,15,7,2,343,340,2211001,11,20,1,3,1
45122,2023,7,15,7,2,470,"62,9",4207502,20,11,0,3,2
45122,2023,7,15,7,2,80,11,5300108,1,11,0,5,2
45122,2023,7,15,7,3,101,"288,8",3201308,67,9,1,3,2
45122,2023,7,15,7,3,40,"145,2",3136306,1,11,0,5,2
45122,2023,7,15,7,2,282,"28,3",4215703,82,9,1,3,2
45122,2023,7,15,7,2,282,"490,1",4205308,67,20,0,2,1
45122,2023,7,15,7,2,222,"310,7",2112902,82,7,0,2,2
45122,2023,7,15,7,3,285,293,4314100,1,11,0,2,2
45122,2023,7,15,7,3,343,343,2211001,33,11,1,3,2
45122,2023,7,15,7,2,163,838,5007935,64,20,0,2,1
45122,2023,7,15,7,3,116,"115,9",3133303,1,12,1,3,2
45122,2023,7,15,7,3,70,7,5300108,52,12,0,2,2
45122,2023,7,15,7,3,60,"22,2",5300108,11,20,0,2,1
45122,2023,7,15,7,3,101,70,3204906,1,12,1,1,1
45122,2023,7,15,7,3,116,858,2933307,33,11,0,3,2
45122,2023,7,15,7,3,230,178,2512002,16,12,0,3,2
45122,2023,7,15,7,3,101,"148,5",4208302,11,12,1,2,2
45122,2023,7,15,7,3,20,225,5218300,1,11,1,3,2
45122,2023,7,15,7,3,116,"12,7",4322509,67,20,0,1,1
45122,2023,7,15,7,3,101,826,2925501,64,21,0,1,1
45122,2023,7,15,7,3,101,113,4208203,28,21,1,1,1
45122,2023,7,15,7,3,20,"108,4",2313302,52,7,0,1,1
45122,2023,7,15,7,3,163,735,5107925,49,20,0,2,1
45122,2023,7,15,7,3,470,"228,1",4216057,83,20,0,2,1
45122,2023,7,15,7,3,316,31,2203305,82,9,0,2,2
45122,2023,7,15,7,3,116,"282,1",3515004,11,12,0,4,3
45098,2023,6,21,4,4,290,719,4322400,81,12,1,4,2
45122,2023,7,15,7,3,116,213,3305554,1,11,1,4,2
45122,2023,7,15,7,2,369,"495,9",4106308,16,12,0,2,2
45122,2023,7,15,7,3,285,"562,7",4318903,80,7,0,6,2
45122,2023,7,15,7,3,116,"247,9",4318705,51,11,1,2,2
45061,2023,5,15,2,1,116,228,3550308,11,12,1,3,3
45122,2023,7,15,7,3,470,"45,7",4205902,51,7,0,5,2
45122,2023,7,15,7,3,101,144,4208302,67,12,1,3,3
45122,2023,7,15,7,3,116,229,3550308,52,9,1,1,1
45122,2023,7,15,7,3,101,144,4208302,67,12,1,2,2
45096,2023,6,19,2,4,116,"363,4",4321105,11,20,1,1,1
45122,2023,7,15,7,3,280,232,4203808,20,11,1,4,3
45122,2023,7,15,7,3,428,186,2611101,49,9,1,3,2
45122,2023,7,15,7,3,101,"355,7",2933505,67,20,0,2,1
45122,2023,7,15,7,3,40,5,5221858,11,12,1,2,2
45122,2023,7,15,7,3,277,334,4109401,67,4,0,1,1
45122,2023,7,15,7,3,116,"822,6",2933307,49,12,1,3,3
45122,2023,7,15,7,3,60,255,5209952,49,20,0,1,1
45122,2023,7,15,7,3,230,119,2512754,49,9,0,3,3
45122,2023,7,15,7,3,470,"3,9",4211306,67,12,0,3,2
45122,2023,7,15,7,3,316,12,2211001,20,9,0,2,2
45122,2023,7,15,7,2,381,"769,7",3110905,83,7,0,8,2
45122,2023,7,15,7,3,101,296,3301900,11,15,0,3,3
45122,2023,7,15,7,2,381,"776,4",3110905,52,9,0,1,1
45122,2023,7,15,7,3,376,"4,1",4101408,17,11,1,2,2
45122,2023,7,15,7,3,163,799,5003306,49,9,0,3,2
45122,2023,7,15,7,4,153,723,1707652,67,12,1,6,2
45122,2023,7,15,7,4,116,544,2310605,80,7,0,3,2
45122,2023,7,15,7,4,116,53,3527207,11,12,0,3,2
45122,2023,7,15,7,3,101,"436,5",4217709,52,12,1,4,2
45122,2023,7,15,7,4,153,521,2305209,1,12,0,3,2
45122,2023,7,15,7,4,386,"437,6",2207959,1,11,0,6,2
45122,2023,7,15,7,3,116,"53,2",3527207,67,12,0,7,5
45122,2023,7,15,7,4,235,"53,4",2506905,2,7,1,2,2
45122,2023,7,15,7,3,116,175,4121208,82,9,0,5,2
45122,2023,7,15,7,4,376,371,4110078,67,20,0,1,1
45122,2023,7,15,7,3,116,"605,9",3162559,11,4,1,3,2
45122,2023,7,15,7,3,116,218,4204558,1,11,1,2,1
45122,2023,7,15,7,4,282,558,4211454,49,10,0,3,2
45122,2023,7,15,7,3,232,515,2612208,16,12,0,6,2
45122,2023,7,15,7,4,40,10,5212501,18,20,1,1,1
45122,2023,7,15,7,3,104,116,2610202,80,7,1,3,2
45122,2023,7,15,7,4,50,"96,3",5206206,1,12,1,2,2
45122,2023,7,15,7,4,101,933,2922003,20,7,1,4,2
45122,2023,7,15,7,4,262,368,2401305,1,11,1,2,2
45122,2023,7,15,7,4,163,834,5107909,1,12,1,2,2
45122,2023,7,15,7,4,381,"86,1",3550308,67,9,1,2,2
45122,2023,7,15,7,3,420,"271,2",2932101,49,2,0,2,2
45122,2023,7,15,7,4,376,"175,7",4115200,52,9,1,2,2
45122,2023,7,15,7,4,101,419,3302601,18,20,0,1,1
45122,2023,7,15,7,4,116,161,3524402,67,4,0,1,1
45122,2023,7,15,7,4,153,107,2512200,81,2,1,2,2
45122,2023,7,15,7,3,40,138,3136306,49,20,0,1,1
45122,2023,7,15,7,4,163,847,5107909,11,12,0,2,2
45121,2023,7,14,6,4,262,194,3136207,7,20,0,1,1
45122,2023,7,15,7,3,242,366,2923506,83,20,0,1,1
45122,2023,7,15,7,4,101,"205,8",4216602,1,12,1,4,2
45122,2023,7,15,7,4,101,942,2922003,1,2,0,2,2
45122,2023,7,15,7,4,101,214,4211900,49,12,0,2,2
45122,2023,7,15,7,4,101,825,2925501,80,7,0,3,2
45122,2023,7,15,7,4,280,"54,4",4206504,49,4,1,1,1
45122,2023,7,15,7,4,423,14,2408508,83,1,0,1,1
45123,2023,7,16,1,1,277,712,4124053,49,20,1,1,1
45122,2023,7,15,7,4,476,145,4106902,2,12,0,3,2
45122,2023,7,15,7,4,116,"542,2",3159357,80,7,0,3,2
45122,2023,7,15,7,4,393,298,3300407,67,10,1,3,3
45123,2023,7,16,1,1,282,510,4219507,49,10,0,4,2
45122,2023,7,15,7,3,364,198,5107602,11,12,1,2,2
45123,2023,7,16,1,1,364,14,3127107,49,20,0,1,1