id_data,ano,mes,dia,id_dia_semana,periodo,br,km,id_municipio,id_causa_acidente,id_tipo_acidente,id_uso_solo,pessoas,veiculos
45125,2023,7,18,3,4,393,168,3306008,67,12,1,2,2
45129,2023,7,22,7,2,116,"414,7",3127701,61,2,1,2,2
45129,2023,7,22,7,3,116,99,3305802,83,7,0,4,2
45129,2023,7,22,7,3,116,32,4208104,82,7,0,6,3
45129,2023,7,22,7,3,470,"69,9",4207502,20,12,1,2,2
45129,2023,7,22,7,3,153,426,5201108,51,20,0,2,1
45129,2023,7,22,7,3,282,221,4209300,28,20,1,2,1
45129,2023,7,22,7,3,116,497,3130903,28,20,0,1,1
45129,2023,7,22,7,3,232,"71,1",2606408,1,2,0,2,2
45129,2023,7,22,7,3,80,22,5300108,67,11,0,7,3
45129,2023,7,22,7,3,116,191,3303500,35,2,0,2,2
45129,2023,7,22,7,3,116,191,3303500,16,7,0,3,3
45129,2023,7,22,7,3,70,47,5101803,67,20,0,5,1
45129,2023,7,22,7,3,376,84,5003454,1,11,0,3,2
45129,2023,7,22,7,4,116,241,4313409,16,12,1,8,3
45129,2023,7,22,7,4,369,"447,2",4128005,49,7,1,3,2
45129,2023,7,22,7,2,101,302,3304904,61,2,1,2,2
45129,2023,7,22,7,3,369,"151,9",4113700,16,12,1,2,2
45129,2023,7,22,7,3,364,"237,6",1100049,11,12,1,2,2
45129,2023,7,22,7,4,116,6,2304400,1,9,1,3,2
45129,2023,7,22,7,4,101,279,3205002,11,12,1,2,2
45129,2023,7,22,7,4,101,"268,5",3205002,11,12,1,3,2
45129,2023,7,22,7,3,467,"77,2",3169109,83,20,0,1,1
45129,2023,7,22,7,4,50,99,5206206,46,20,1,1,1
45129,2023,7,22,7,3,262,"114,2",3205069,1,11,0,2,2
45129,2023,7,22,7,4,343,"274,3",2202208,9,1,1,1,1
45129,2023,7,22,7,4,101,66,2611606,1,9,0,2,2
45065,2023,5,19,6,4,376,"3,5",4125506,10,2,1,2,2
45129,2023,7,22,7,4,381,"453,5",3156700,80,7,1,2,2
45129,2023,7,22,7,3,262,"453,1",3145208,67,10,0,1,1
45129,2023,7,22,7,3,70,522,2211407,1,11,1,4,3
45129,2023,7,22,7,4,101,320,3303302,61,2,1,3,3
45129,2023,7,22,7,4,316,"4,6",2211001,35,2,1,2,2
45129,2023,7,22,7,4,101,"253,5",4212304,49,20,1,1,1
45129,2023,7,22,7,4,262,415,3147105,11,20,0,2,1
45129,2023,7,22,7,3,262,"38,2",3139409,1,11,1,4,3
45129,2023,7,22,7,4,153,"260,3",1705508,82,10,0,6,3
45129,2023,7,22,7,3,20,"259,7",2306603,29,4,0,3,1
45129,2023,7,22,7,3,282,"96,7",4200705,49,10,0,5,3
45129,2023,7,22,7,4,104,"88,2",2512705,35,2,1,2,2
45129,2023,7,22,7,4,70,14,5300108,49,12,0,2,2
45129,2023,7,22,7,2,230,8,1500602,52,7,1,2,2
45129,2023,7,22,7,3,280,"212,4",4218301,83,20,0,1,1
45129,2023,7,22,7,4,116,12,2933307,20,11,1,3,2
45129,2023,7,22,7,4,324,231,2906873,49,11,1,2,2
45129,2023,7,22,7,4,20,156,2928901,67,20,0,1,1
45129,2023,7,22,7,4,493,1,3301900,67,21,1,1,1
45129,2023,7,22,7,4,50,176,3170107,52,9,1,3,2
45129,2023,7,22,7,4,60,"3,3",5300108,1,12,0,2,2
45129,2023,7,22,7,4,101,254,3304300,67,9,0,3,2
45129,2023,7,22,7,4,232,58,2611309,80,7,1,4,2
45129,2023,7,22,7,4,50,"78,2",3170206,16,12,0,4,2
45129,2023,7,22,7,4,101,"301,4",2112803,4,20,1,1,1
45129,2023,7,22,7,4,402,"3,9",2202000,11,20,0,1,1
45129,2023,7,22,7,4,163,495,2401305,49,20,0,1,1
45129,2023,7,22,7,4,101,"312,1",4209409,49,11,1,2,2
45129,2023,7,22,7,4,364,509,1100023,80,10,0,3,2
45129,2023,7,22,7,4,101,"112,3",4208203,11,4,1,1,1
45129,2023,7,22,7,4,376,597,4106902,16,12,1,3,3
45008,2023,3,23,5,3,316,7,2211001,16,12,1,3,2
45129,2023,7,22,7,4,116,275,3515004,82,12,0,2,2
45129,2023,7,22,7,4,101,132,4202008,1,7,1,2,2
45129,2023,7,22,7,2,470,2,4211306,1,11,0,2,2
45129,2023,7,22,7,4,135,12,2111300,11,11,1,1,1
45129,2023,7,22,7,4,277,"726,8",4108304,83,20,1,1,1
45129,2023,7,22,7,4,392,"5,5",4315602,67,20,0,3,1
45130,2023,7,23,1,1,101,"215,8",4211900,16,12,1,3,3
45129,2023,7,22,7,4,381,"482,5",3106705,61,2,1,3,3
45130,2023,7,23,1,1,365,757,3134202,11,4,1,1,1
45130,2023,7,23,1,1,101,149,4208302,49,3,1,3,1
45130,2023,7,23,1,1,316,"13,5",2211001,67,20,1,1,1
45130,2023,7,23,1,1,101,"213,3",4211900,67,21,1,2,1
45130,2023,7,23,1,1,116,"10,4",4210100,80,7,0,6,2
45130,2023,7,23,1,1,230,119,1504208,80,7,1,3,2
45130,2023,7,23,1,1,324,577,2929503,83,12,0,2,1
45129,2023,7,22,7,4,316,72,2206407,70,20,0,3,1
45130,2023,7,23,1,1,101,485,3300100,83,21,0,2,1
45130,2023,7,23,1,1,135,227,2202752,11,21,0,1,1
45130,2023,7,23,1,1,369,79,4123907,11,20,0,1,1
45130,2023,7,23,1,1,364,381,1100155,9,1,0,1,1
45130,2023,7,23,1,1,381,486,3106705,18,3,0,2,1
45130,2023,7,23,1,1,116,295,4309308,67,20,0,4,1
45130,2023,7,23,1,1,287,"265,9",4319406,49,7,0,6,2
45130,2023,7,23,1,1,116,99,4125506,83,4,0,1,1
45130,2023,7,23,1,1,163,281,5003702,49,20,0,1,1
45130,2023,7,23,1,1,158,"107,8",4313706,11,20,0,1,1
45130,2023,7,23,1,1,293,"442,8",4315305,79,20,1,2,2
45130,2023,7,23,1,1,40,"417,5",3120904,82,20,0,4,1
45130,2023,7,23,1,1,467,"83,8",2303501,60,2,0,2,2
45130,2023,7,23,1,1,40,"692,2",3101631,18,7,0,3,2
45130,2023,7,23,1,1,304,"114,1",2400208,60,2,0,2,2
45130,2023,7,23,1,2,116,"210,8",3518800,11,12,1,2,2
45122,2023,7,15,7,2,463,33,5006606,83,20,0,1,1
45130,2023,7,23,1,1,116,"121,9",3508504,67,4,0,1,1
45130,2023,7,23,1,1,101,49,3301009,81,7,0,2,2
45130,2023,7,23,1,1,135,65,2110203,67,3,0,1,1
45049,2023,5,3,4,2,235,337,2918407,16,11,1,2,2
45130,2023,7,23,1,1,116,"316,4",2306900,52,21,0,1,1
45130,2023,7,23,1,1,153,12,4320602,49,10,0,4,2
45130,2023,7,23,1,2,101,145,3203205,11,9,1,3,3
45129,2023,7,22,7,4,407,"0,6",2918407,48,2,1,2,2
45130,2023,7,23,1,2,116,605,4301305,11,12,0,2,2
45130,2023,7,23,1,2,101,280,4207304,49,4,0,1,1
45130,2023,7,23,1,2,60,"65,8",5200100,67,20,0,7,1
45129,2023,7,22,7,4,101,115,2412203,67,20,0,2,1
45130,2023,7,23,1,1,364,"564,4",5105903,20,7,0,3,2
45130,2023,7,23,1,2,251,"306,6",3157005,64,20,0,2,1
45130,2023,7,23,1,2,101,50,2600054,11,12,1,4,2
45130,2023,7,23,1,2,262,"369,1",3136652,18,20,0,3,1
45130,2023,7,23,1,1,116,"568,8",3139409,49,20,0,1,1
45130,2023,7,23,1,2,230,"340,3",2510808,67,20,0,3,1
45130,2023,7,23,1,2,393,106,1507755,15,7,1,3,2
45130,2023,7,23,1,2,381,364,3161908,25,7,1,4,2
45130,2023,7,23,1,1,230,242,2207009,11,20,0,1,1
45130,2023,7,23,1,2,364,425,1100114,1,9,1,2,2
45130,2023,7,23,1,2,116,276,3515004,82,12,1,3,2
45130,2023,7,23,1,2,40,5,5221858,44,21,1,2,1
45130,2023,7,23,1,2,381,46,3504107,67,12,1,2,2
45130,2023,7,23,1,2,324,545,2901106,72,11,1,3,2
45130,2023,7,23,1,2,365,"623,5",3170206,67,4,1,2,2
45130,2023,7,23,1,2,381,507,3162922,52,9,1,2,2
45130,2023,7,23,1,2,101,69,2611606,1,2,1,3,3
45130,2023,7,23,1,2,40,"320,4",3169356,11,20,0,1,1
45130,2023,7,23,1,2,116,"141,6",3549904,16,15,1,4,3
45130,2023,7,23,1,2,376,"109,5",4118402,9,1,1,1,1
45130,2023,7,23,1,2,356,65,3302205,67,4,0,1,1
45130,2023,7,23,1,2,290,299,4302808,80,7,0,7,3
45130,2023,7,23,1,2,101,"31,8",4209102,16,12,0,4,2
45130,2023,7,23,1,2,470,176,4322806,72,11,1,6,2
45130,2023,7,23,1,2,304,283,2407104,2,11,0,2,2
45130,2023,7,23,1,2,101,752,2914653,33,11,0,5,2
45130,2023,7,23,1,2,116,"142,3",3549904,67,9,0,4,2
45130,2023,7,23,1,2,110,"241,8",2923100,11,2,1,3,2
45130,2023,7,23,1,2,267,"374,3",5005400,67,20,0,5,1
45130,2023,7,23,1,1,262,"776,1",5003207,67,20,1,1,1
45130,2023,7,23,1,3,365,808,3129103,11,20,0,2,1
45130,2023,7,23,1,2,277,122,4104204,67,4,0,1,1
45130,2023,7,23,1,2,280,"70,2",4208906,1,11,1,2,2
45130,2023,7,23,1,2,282,"533,3",4204350,51,10,0,4,2
45130,2023,7,23,1,3,230,73,1507151,11,10,0,2,2
45130,2023,7,23,1,3,101,"258,5",3205002,67,11,1,3,2
45084,2023,6,7,4,2,101,"333,4",4218707,16,12,1,2,2
45130,2023,7,23,1,2,30,330,2904605,67,20,0,2,1
45130,2023,7,23,1,3,232,12,2607901,16,12,0,3,2
45130,2023,7,23,1,3,101,190,4202305,11,12,1,2,2
45130,2023,7,23,1,3,116,76,3544301,16,12,0,2,2
45130,2023,7,23,1,2,405,93,2404903,80,7,0,2,2
45130,2023,7,23,1,3,40,"653,4",3120409,11,20,0,1,1
45130,2023,7,23,1,3,232,"12,9",2607901,11,12,0,4,2
45130,2023,7,23,1,3,381,516,3130101,83,21,0,1,1
45130,2023,7,23,1,3,381,30,3504107,78,12,0,2,2
45130,2023,7,23,1,3,40,"41,9",3147006,67,20,1,2,1
45130,2023,7,23,1,3,262,"35,1",3201902,13,7,0,4,2
45130,2023,7,23,1,3,101,198,4202305,11,12,1,2,2
45130,2023,7,23,1,3,163,168,4113452,11,11,1,2,2
45130,2023,7,23,1,3,50,"57,9",3170206,13,21,0,1,1
45130,2023,7,23,1,3,280,276,4107850,83,20,0,1,1
45130,2023,7,23,1,3,304,297,2407104,20,11,1,4,2
45130,2023,7,23,1,3,101,44,2606804,82,10,1,2,2
45130,2023,7,23,1,3,116,"103,4",3301850,83,4,0,5,2
45130,2023,7,23,1,3,60,"111,4",5208400,11,21,0,2,1
45130,2023,7,23,1,3,369,"373,8",4104303,1,11,1,3,2
45130,2023,7,23,1,3,70,0,5200258,67,3,0,2,1
45130,2023,7,23,1,3,280,"23,2",4201307,80,11,1,2,2
45130,2023,7,23,1,3,146,"462,5",3108404,33,11,0,6,2
45130,2023,7,23,1,3,232,"14,7",2607901,44,12,1,8,3
45130,2023,7,23,1,3,316,"4,9",2211001,49,12,1,4,3
45130,2023,7,23,1,3,60,284,5211701,67,20,0,6,1
45130,2023,7,23,1,3,116,264,4304606,1,12,1,4,3
45130,2023,7,23,1,3,381,"484,3",3106705,11,12,1,3,2
45130,2023,7,23,1,3,40,13,5212501,1,12,1,2,2
45130,2023,7,23,1,3,262,"477,8",3107406,11,12,1,2,2
45130,2023,7,23,1,3,381,616,3145604,28,18,0,1,1
45130,2023,7,23,1,3,146,"484,6",3151800,67,12,0,5,3
45130,2023,7,23,1,3,262,399,3147105,83,21,0,1,1
45130,2023,7,23,1,3,101,51,3555406,1,7,1,2,2
45130,2023,7,23,1,3,280,276,4207908,16,12,0,5,2
45130,2023,7,23,1,3,386,"419,8",4312401,67,3,0,3,1
45130,2023,7,23,1,3,116,"80,5",2303501,49,12,0,2,2
45130,2023,7,23,1,3,232,10,2611606,67,12,0,4,4
45130,2023,7,23,1,3,285,"35,3",4218103,20,9,0,4,3
45130,2023,7,23,1,3,470,126,4209904,65,21,0,2,1
45130,2023,7,23,1,3,60,58,5200100,52,12,0,2,2
45130,2023,7,23,1,3,262,316,2401305,28,21,0,2,1
45130,2023,7,23,1,3,493,96,3305554,11,4,0,2,1
45130,2023,7,23,1,3,356,180,3305000,11,4,0,3,1
45130,2023,7,23,1,3,381,"499,7",3106705,49,20,1,2,1
45130,2023,7,23,1,3,101,135,4202008,11,20,1,1,1
45130,2023,7,23,1,3,324,516,2910800,11,2,1,2,2
45130,2023,7,23,1,3,262,"34,9",3139409,20,7,1,3,2
45130,2023,7,23,1,3,20,19,5300108,1,11,1,5,3
45130,2023,7,23,1,3,262,371,5008008,11,12,0,4,2
45130,2023,7,23,1,3,101,"71,3",2611606,16,12,1,2,2
45130,2023,7,23,1,3,101,"450,5",4216404,67,12,0,3,2
45130,2023,7,23,1,3,163,"257,8",5003702,67,9,0,2,2
45130,2023,7,23,1,2,116,413,3127701,72,11,1,4,2
45130,2023,7,23,1,3,116,"204,5",3503901,78,9,0,5,3
45130,2023,7,23,1,3,392,"112,7",4304507,1,11,0,3,2
45130,2023,7,23,1,3,40,108,3301702,21,9,1,2,2
45130,2023,7,23,1,3,40,104,3301702,1,11,0,2,2
45130,2023,7,23,1,3,40,96,5206206,11,12,1,2,2
45128,2023,7,21,6,4,101,322,3303302,52,9,0,2,2
45130,2023,7,23,1,3,101,"898,9",2906907,11,3,0,1,1
45130,2023,7,23,1,4,158,323,2409332,61,2,1,6,2
45130,2023,7,23,1,3,232,"382,3",2603405,82,20,0,1,1
45130,2023,7,23,1,4,116,139,3549904,11,9,1,2,2
45130,2023,7,23,1,4,470,211,4302105,36,7,0,2,2
45130,2023,7,23,1,4,277,"80,5",4106902,16,12,1,2,2
45130,2023,7,23,1,4,116,274,3300407,80,10,0,5,4
45130,2023,7,23,1,3,364,"164,1",1100189,18,20,0,1,1
45130,2023,7,23,1,4,101,"144,8",4208302,16,12,1,2,2
45130,2023,7,23,1,3,386,160,4300471,11,12,0,2,2
45130,2023,7,23,1,4,230,78,2314003,33,10,1,3,3
45130,2023,7,23,1,3,50,"180,2",3170107,49,4,1,4,1
45130,2023,7,23,1,4,280,"71,3",4208906,82,7,0,2,2
45130,2023,7,23,1,3,101,"250,8",3205002,67,15,0,4,3
45130,2023,7,23,1,4,40,"9,1",5212501,49,2,1,4,3
45130,2023,7,23,1,4,381,71,3528502,83,21,0,1,1
45130,2023,7,23,1,4,40,425,3120904,49,4,0,1,1
45130,2023,7,23,1,4,116,"156,9",2311801,16,12,0,6,2
45130,2023,7,23,1,4,277,133,4102307,67,11,0,4,2
45130,2023,7,23,1,3,393,178,3306008,1,11,1,2,2
45130,2023,7,23,1,4,163,"315,9",3517406,80,10,0,5,2
45130,2023,7,23,1,2,420,"341,6",2917607,11,3,0,1,1
45130,2023,7,23,1,4,316,"252,6",2511509,35,2,1,2,2
45130,2023,7,23,1,3,402,22,2109601,80,10,0,10,3
45130,2023,7,23,1,4,376,"3,8",4101408,61,2,1,2,2
45130,2023,7,23,1,4,242,806,2903201,28,18,0,3,1
45130,2023,7,23,1,3,381,"159,5",3127701,1,9,0,2,2
45130,2023,7,23,1,4,116,764,3138401,9,1,1,1,1
45130,2023,7,23,1,3,101,223,3305604,1,11,1,2,2
45130,2023,7,23,1,3,424,16,2610806,67,21,0,1,1
45130,2023,7,23,1,4,40,41,3147006,49,20,1,2,2
45130,2023,7,23,1,4,20,21,5300108,83,12,1,2,2
45130,2023,7,23,1,4,153,89,1722081,2,10,0,5,2
45130,2023,7,23,1,3,101,634,2920908,56,20,0,2,1
45130,2023,7,23,1,4,365,"854,5",3159803,9,1,0,2,1
45130,2023,7,23,1,3,101,303,4209409,36,4,1,3,2
45130,2023,7,23,1,4,153,353,4122008,80,10,0,2,2
45130,2023,7,23,1,4,101,"285,1",4207304,52,12,1,6,2
45130,2023,7,23,1,4,277,593,2303501,67,21,1,1,1
45130,2023,7,23,1,4,101,"285,2",4207304,82,11,1,8,3
45130,2023,7,23,1,4,369,"390,9",4114005,9,1,0,7,2
45130,2023,7,23,1,4,493,"114,5",3302007,28,18,0,1,1
45130,2023,7,23,1,4,230,114,1504208,16,12,1,2,2
45130,2023,7,23,1,4,135,71,2110203,11,12,1,2,2
45130,2023,7,23,1,3,361,"32,6",2504207,9,4,0,1,1
45130,2023,7,23,1,4,116,284,4203253,49,20,0,1,1
45130,2023,7,23,1,4,116,"284,5",4203253,11,20,0,1,1
45130,2023,7,23,1,4,101,"145,2",4208302,60,2,0,2,2
45130,2023,7,23,1,4,324,358,2906873,49,12,0,2,2
45130,2023,7,23,1,4,101,94,2408102,49,3,1,2,1
45130,2023,7,23,1,4,116,116,4106902,11,21,1,1,1
45130,2023,7,23,1,4,364,686,1100809,81,2,0,3,3
45130,2023,7,23,1,4,493,48,3301702,67,12,1,3,2
45130,2023,7,23,1,4,10,"288,1",1504059,25,12,0,4,2
45130,2023,7,23,1,4,493,100,3305554,46,20,0,2,1
45130,2023,7,23,1,4,343,109,2202703,80,7,0,41,2
45130,2023,7,23,1,4,277,"482,1",4117057,18,20,0,2,1
45130,2023,7,23,1,4,493,"18,5",3301850,81,2,1,3,2
45130,2023,7,23,1,4,101,487,3300100,49,12,1,6,2
45130,2023,7,23,1,4,308,221,1500909,80,7,0,7,2
45130,2023,7,23,1,4,376,"37,8",4117107,83,3,0,2,1
45130,2023,7,23,1,4,101,503,3300100,1,12,1,3,2
45131,2023,7,24,2,1,116,"222,4",3518800,35,2,0,2,2
45131,2023,7,24,2,1,365,"32,3",3143302,64,20,0,1,1
45130,2023,7,23,1,4,70,547,5106109,16,12,0,4,2
45131,2023,7,24,2,1,158,278,5008305,49,20,0,1,1
45131,2023,7,24,2,1,60,20,5300108,56,4,0,1,1
45130,2023,7,23,1,4,480,"67,5",4301701,49,20,0,3,1
45131,2023,7,24,2,1,226,68,1722081,18,20,0,4,1
45131,2023,7,24,2,1,343,307,2200400,80,2,1,3,2
45130,2023,7,23,1,4,153,646,2308906,28,18,0,2,1
45131,2023,7,24,2,2,369,141,4109807,16,12,1,3,3
45131,2023,7,24,2,1,116,555,2308302,64,7,0,4,3
45131,2023,7,24,2,2,40,"524,1",3118601,78,12,1,2,2
45131,2023,7,24,2,2,343,185,2208403,9,1,0,2,1
45131,2023,7,24,2,2,101,"214,8",3202504,52,10,1,2,2
45131,2023,7,24,2,2,316,108,1506609,11,1,0,2,1
45131,2023,7,24,2,1,101,"86,6",4202107,67,20,1,3,1
45131,2023,7,24,2,2,116,123,4106902,78,9,1,5,3
45131,2023,7,24,2,2,101,68,2611606,16,12,0,2,2
45131,2023,7,24,2,2,116,160,3524402,52,12,1,2,2
45131,2023,7,24,2,1,116,411,2910800,28,4,1,2,1
45131,2023,7,24,2,2,381,603,3145604,83,3,0,5,1
45131,2023,7,24,2,2,324,619,2927408,1,9,0,3,2
45131,2023,7,24,2,2,476,161,4101804,52,9,0,3,3
45131,2023,7,24,2,2,40,461,3167202,16,12,0,2,2
45131,2023,7,24,2,2,40,"517,7",3154606,78,2,0,2,2
45131,2023,7,24,2,2,116,"137,8",4305108,67,2,0,2,2
45131,2023,7,24,2,2,324,625,2927408,28,21,1,2,1
45131,2023,7,24,2,2,290,90,4314902,16,21,1,1,1
45131,2023,7,24,2,2,20,3,5300108,11,12,1,2,2
45131,2023,7,24,2,2,101,269,3205002,17,11,1,2,2
45131,2023,7,24,2,2,381,"659,3",3159902,11,20,0,1,1
45131,2023,7,24,2,2,316,3,2211001,11,9,1,2,2
45131,2023,7,24,2,2,116,177,3305109,16,12,1,2,2
45131,2023,7,24,2,2,101,"148,9",4208302,52,4,1,1,1
45131,2023,7,24,2,2,101,"174,1",4206009,11,20,0,1,1
45131,2023,7,24,2,2,50,"281,1",5205109,11,12,1,2,2
45131,2023,7,24,2,2,277,"124,5",4102307,52,9,0,3,2
45131,2023,7,24,2,2,373,190,4119905,67,20,0,2,1
45131,2023,7,24,2,2,163,748,5003306,11,21,0,2,1
45131,2023,7,24,2,2,262,"380,3",3136652,83,20,0,4,2
45131,2023,7,24,2,2,316,62,1502400,1,11,1,2,2
45131,2023,7,24,2,2,364,82,5204102,52,3,0,1,1
45131,2023,7,24,2,2,80,128,2903235,11,20,0,3,1
45107,2023,6,30,6,4,153,333,1709302,20,11,1,2,2
45131,2023,7,24,2,2,277,"48,5",4116208,67,4,0,1,1
45131,2023,7,24,2,2,20,7,5300108,67,20,1,1,1
45131,2023,7,24,2,2,343,343,2211001,52,11,0,2,2
45131,2023,7,24,2,2,386,"74,8",4302154,1,11,1,4,2
45131,2023,7,24,2,2,232,410,2613909,16,12,0,3,3
45131,2023,7,24,2,2,146,"491,5",3151800,20,9,1,2,2
45131,2023,7,24,2,2,230,72,2515971,16,20,0,3,1
45131,2023,7,24,2,2,20,40,5300108,6,21,0,2,2
45131,2023,7,24,2,2,101,"298,3",2112803,1,11,1,3,2
45131,2023,7,24,2,2,153,334,4110706,82,9,0,2,2
45131,2023,7,24,2,2,101,"488,9",3300100,18,7,1,3,2
45131,2023,7,24,2,2,101,67,2611606,16,12,1,2,2
45131,2023,7,24,2,1,316,"185,3",2114007,9,1,0,3,1
45131,2023,7,24,2,2,153,519,1718451,28,18,0,1,1
45131,2023,7,24,2,2,407,"123,5",2930105,82,3,0,6,1
45131,2023,7,24,2,2,101,923,2922003,80,7,0,5,3
45131,2023,7,24,2,2,277,"714,2",4124053,67,12,0,4,2
45131,2023,7,24,2,2,381,630,3145604,15,20,0,2,1
45131,2023,7,24,2,3,116,"108,9",3301850,67,21,1,1,1
45131,2023,7,24,2,3,101,108,2403251,16,12,1,2,2
45123,2023,7,16,1,2,163,51,3514809,52,20,0,4,1
45131,2023,7,24,2,3,116,"12,4",2304400,44,12,1,2,2
45131,2023,7,24,2,3,465,1,3305554,1,11,1,5,2
45131,2023,7,24,2,3,101,84,4313508,1,9,1,2,2
45131,2023,7,24,2,2,381,"533,5",3133709,15,20,0,5,2
45130,2023,7,23,1,3,316,309,2208007,51,20,1,1,1
45072,2023,5,26,6,3,376,258,4103503,33,11,1,2,2
45131,2023,7,24,2,2,230,"1,2",2101509,11,9,1,3,2
45131,2023,7,24,2,3,230,"133,9",2509206,18,20,0,5,1
45131,2023,7,24,2,3,101,23,4215703,33,11,1,2,2
45131,2023,7,24,2,2,381,"629,4",3145604,83,20,0,2,1
45131,2023,7,24,2,3,280,12,4216206,11,12,0,2,2
45131,2023,7,24,2,2,410,5,2926608,1,11,0,4,2
45131,2023,7,24,2,3,367,83,2910727,11,11,1,2,2
45131,2023,7,24,2,3,381,635,3159902,83,4,0,5,1
45131,2023,7,24,2,3,324,3,2910800,1,2,1,2,2
45131,2023,7,24,2,3,116,257,4307708,1,11,1,2,2
45125,2023,7,18,3,2,282,517,4219705,49,9,0,2,2
45131,2023,7,24,2,3,101,49,3555406,1,11,1,2,2
45131,2023,7,24,2,3,304,"36,8",2301109,83,12,0,3,3
45131,2023,7,24,2,3,116,"596,9",3162559,1,11,0,2,2
45131,2023,7,24,2,3,316,2,2211001,17,11,1,2,2
45131,2023,7,24,2,3,101,"97,3",2806701,16,21,0,3,3
45131,2023,7,24,2,3,381,"626,1",3145604,61,12,0,5,2
45131,2023,7,24,2,3,470,217,4302105,1,11,1,5,2
45131,2023,7,24,2,3,467,"86,1",2303501,52,9,1,1,1
45131,2023,7,24,2,2,470,222,4308607,1,12,1,3,2
45131,2023,7,24,2,2,262,36,5008305,81,2,0,2,2
45131,2023,7,24,2,3,304,"296,7",2407104,20,7,1,2,2
45131,2023,7,24,2,3,116,645,2917607,28,18,0,1,1
45131,2023,7,24,2,3,116,38,3508603,6,21,1,1,1
45131,2023,7,24,2,3,116,181,3303500,52,11,1,3,2
45131,2023,7,24,2,3,470,"137,4",4214805,1,9,1,2,2
45131,2023,7,24,2,3,163,"70,8",4217204,1,11,1,2,2
45131,2023,7,24,2,3,116,"262,7",4304606,11,21,1,1,1
45131,2023,7,24,2,3,369,158,4103701,11,12,1,2,2
45131,2023,7,24,2,3,407,"154,8",1707702,67,3,0,2,1
45131,2023,7,24,2,3,414,"375,5",5205513,9,1,1,1,1
45131,2023,7,24,2,3,153,297,5218607,48,4,0,1,1
45131,2023,7,24,2,4,116,269,4304606,6,21,1,1,1
45131,2023,7,24,2,3,381,"251,2",#N/D,51,7,1,2,2
45131,2023,7,24,2,3,163,688,5105259,16,12,1,3,2
45131,2023,7,24,2,3,101,309,3304904,16,12,1,2,2
45131,2023,7,24,2,4,282,"3,4",4205407,67,11,1,3,2
45131,2023,7,24,2,3,116,410,3127701,2,4,1,1,1
45131,2023,7,24,2,4,210,3,1600303,52,9,1,3,2
45131,2023,7,24,2,3,376,"174,4",4115200,1,2,1,2,2
45131,2023,7,24,2,4,153,491,5208707,61,2,1,3,2
45131,2023,7,24,2,3,158,89,5006309,67,21,0,1,1
45131,2023,7,24,2,3,230,306,2203909,11,4,1,1,1
45131,2023,7,24,2,4,101,"61,4",3204906,67,21,1,2,1
45131,2023,7,24,2,4,50,84,3170206,11,12,0,4,4
45131,2023,7,24,2,4,101,24,3555406,13,21,0,2,1
45131,2023,7,24,2,3,470,"3,9",4211306,1,11,1,2,2
45131,2023,7,24,2,4,324,515,2910800,2,11,1,3,2
45131,2023,7,24,2,4,101,80,2611606,64,21,1,2,1
45131,2023,7,24,2,4,277,19,4118204,46,21,0,1,1
45131,2023,7,24,2,3,386,"104,4",4318457,11,20,0,1,1
45131,2023,7,24,2,3,423,87,2613206,67,4,0,1,1
45131,2023,7,24,2,4,316,285,2203404,1,11,1,1,1
45131,2023,7,24,2,3,282,607,2704609,1,11,1,2,2
45131,2023,7,24,2,2,381,"584,1",3114501,83,20,0,1,1
45131,2023,7,24,2,4,101,387,3304557,80,11,0,2,2
45131,2023,7,24,2,4,104,12,2615003,28,18,0,1,1
45131,2023,7,24,2,4,40,93,3147006,82,7,0,6,2
45132,2023,7,25,3,1,101,"283,4",3201308,83,4,0,2,1
45132,2023,7,25,3,1,381,"846,2",3164407,9,1,0,4,1
45132,2023,7,25,3,1,101,377,4207007,1,11,1,2,2
45132,2023,7,25,3,1,316,306,2208007,9,1,1,1,1
45131,2023,7,24,2,3,470,65,4207502,1,9,0,2,2
45131,2023,7,24,2,3,470,"50,8",4202404,1,9,0,2,2
45131,2023,7,24,2,4,381,"207,3",3144359,1,11,0,2,2
45132,2023,7,25,3,2,101,51,2600054,7,9,1,2,2
45132,2023,7,25,3,2,381,507,3162922,18,4,1,1,1
45132,2023,7,25,3,2,101,"154,9",4213500,28,21,0,1,1
45132,2023,7,25,3,2,116,222,3518800,11,15,0,4,3
45132,2023,7,25,3,2,135,161,2903201,67,20,0,4,1
45132,2023,7,25,3,2,101,99,2408102,52,11,1,2,2
45132,2023,7,25,3,2,324,622,2927408,28,18,1,1,1
45132,2023,7,25,3,2,10,460,4117602,67,12,0,3,2
45132,2023,7,25,3,2,343,341,2211001,16,9,1,2,2
45132,2023,7,25,3,2,381,87,3518800,11,9,0,3,3
45132,2023,7,25,3,2,163,838,5107909,11,12,1,2,2
45132,2023,7,25,3,2,381,57,3528502,28,4,0,3,2
45004,2023,3,19,1,2,381,"442,2",3156700,82,7,1,2,2
45132,2023,7,25,3,2,116,"42,2",2305233,16,12,1,2,2
45132,2023,7,25,3,2,101,"73,9",2403608,9,1,0,2,1
45132,2023,7,25,3,2,277,7,4118204,67,20,0,3,1
45025,2023,4,9,1,4,40,623,3118304,15,20,0,5,2
45132,2023,7,25,3,2,101,154,4213500,16,12,0,2,2
45132,2023,7,25,3,2,101,39,2606804,11,20,0,1,1