id_data,ano,mes,dia,id_dia_semana,periodo,br,km,id_municipio,id_causa_acidente,id_tipo_acidente,id_uso_solo,pessoas,veiculos
45132,2023,7,25,3,2,50,73,3170206,52,9,1,2,2
45068,2023,5,22,2,3,230,698,1501725,67,12,0,3,2
45132,2023,7,25,3,2,316,312,2208007,12,21,1,1,1
45108,2023,7,1,7,3,407,"126,2",2611101,61,2,1,2,2
45132,2023,7,25,3,2,116,220,3518800,52,12,1,2,2
45132,2023,7,25,3,2,101,"106,2",4212502,67,12,0,3,2
45132,2023,7,25,3,2,116,"513,7",3170057,83,12,0,2,2
45132,2023,7,25,3,2,369,75,4123907,80,7,0,3,2
45132,2023,7,25,3,2,40,"501,6",3124104,52,12,0,2,2
45132,2023,7,25,3,2,101,"74,5",4208906,1,9,0,2,2
45132,2023,7,25,3,2,470,42,4205902,16,12,1,2,2
45132,2023,7,25,3,2,116,448,2901700,18,20,0,1,1
45132,2023,7,25,3,2,163,2,2922102,11,12,0,4,2
45132,2023,7,25,3,3,470,"135,4",4214805,1,11,1,2,2
45101,2023,6,24,7,3,101,131,4202008,1,21,1,2,2
45088,2023,6,11,1,3,116,"549,2",3157252,1,2,0,4,3
45132,2023,7,25,3,3,280,"24,7",4201307,1,11,1,2,2
45103,2023,6,26,2,3,101,319,3303302,52,9,1,2,2
45132,2023,7,25,3,2,386,237,2516102,11,4,0,3,1
45132,2023,7,25,3,3,101,"42,8",2606804,1,11,0,2,2
45132,2023,7,25,3,3,277,712,4124053,16,12,1,2,2
45132,2023,7,25,3,3,369,237,4112108,11,3,0,1,1
45132,2023,7,25,3,2,495,27,3303906,51,4,1,1,1
45132,2023,7,25,3,2,101,95,2900702,67,21,0,1,1
45108,2023,7,1,7,2,282,501,4219507,13,20,0,1,1
45132,2023,7,25,3,3,277,"660,3",4115606,67,20,0,1,1
45132,2023,7,25,3,3,465,5,3305554,1,7,1,2,2
45132,2023,7,25,3,3,381,"24,1",3507605,11,20,0,2,1
45132,2023,7,25,3,3,381,486,3106705,78,9,0,2,2
45132,2023,7,25,3,3,101,575,3303807,1,12,1,3,2
45132,2023,7,25,3,3,101,145,4208302,67,9,1,2,2
45132,2023,7,25,3,3,116,149,4305108,44,12,1,2,2
45132,2023,7,25,3,3,381,482,3106705,52,9,0,2,2
45132,2023,7,25,3,3,153,435,5201108,11,3,1,1,1
45132,2023,7,25,3,3,20,241,2307635,67,20,0,1,1
45132,2023,7,25,3,3,40,121,3301702,52,9,1,3,2
45132,2023,7,25,3,3,50,70,3170206,11,12,1,2,2
45132,2023,7,25,3,3,101,"68,1",2611606,80,11,1,3,2
45132,2023,7,25,3,3,101,"38,7",4209102,33,11,1,3,2
45132,2023,7,25,3,3,101,117,4208203,11,12,0,4,3
45132,2023,7,25,3,3,230,19,2507507,11,21,1,1,1
45132,2023,7,25,3,3,116,215,3518800,80,7,1,2,2
45132,2023,7,25,3,2,470,183,4213708,49,20,0,1,1
45132,2023,7,25,3,3,116,281,3515004,49,12,0,3,2
45132,2023,7,25,3,3,470,"74,4",4207502,16,12,1,2,2
45132,2023,7,25,3,3,470,69,4207502,1,11,1,2,2
45132,2023,7,25,3,3,259,50,3201506,1,11,1,2,2
45132,2023,7,25,3,3,116,"533,3",3159357,11,21,0,1,1
45132,2023,7,25,3,3,116,"143,3",4114302,20,11,0,2,2
45132,2023,7,25,3,3,282,528,4204350,16,12,0,2,2
45132,2023,7,25,3,3,116,454,3542602,9,1,0,1,1
45132,2023,7,25,3,3,40,527,3118601,67,12,1,2,2
45132,2023,7,25,3,3,470,123,4206900,9,4,0,1,1
45132,2023,7,25,3,3,116,"152,6",4305108,1,11,1,2,2
45132,2023,7,25,3,3,101,213,4211900,67,21,1,1,1
45132,2023,7,25,3,4,116,504,3130903,46,7,0,2,2
45132,2023,7,25,3,3,369,183,4101507,61,2,1,3,2
45132,2023,7,25,3,3,222,667,2100055,16,12,1,2,2
45132,2023,7,25,3,3,465,16,3305554,11,9,0,3,3
45132,2023,7,25,3,3,163,"339,5",5007208,52,7,0,3,3
45132,2023,7,25,3,3,101,322,3303302,83,12,1,5,2
45132,2023,7,25,3,3,135,2,2111300,51,12,1,3,2
45132,2023,7,25,3,3,373,217,4110102,11,21,0,1,1
45072,2023,5,26,6,3,277,674,4115804,67,20,1,3,2
45132,2023,7,25,3,3,101,532,3300100,67,4,1,1,1
45132,2023,7,25,3,3,101,504,3300100,1,11,1,5,2
45132,2023,7,25,3,3,101,"212,1",4211900,83,4,1,1,1
45132,2023,7,25,3,4,153,513,5201405,48,2,1,2,2
45132,2023,7,25,3,3,251,"31,5",5206206,20,11,1,4,2
45132,2023,7,25,3,3,30,352,2904605,83,3,0,1,1
45132,2023,7,25,3,4,393,"3,2",3201209,9,1,1,1,1
45132,2023,7,25,3,4,101,455,4216404,1,11,0,2,2
45132,2023,7,25,3,3,163,9,2922102,60,2,0,2,2
45132,2023,7,25,3,4,471,"151,6",4316808,5,21,0,1,1
45132,2023,7,25,3,3,376,5,4101408,52,9,1,2,2
45132,2023,7,25,3,3,364,36,1200013,63,12,0,2,2
45132,2023,7,25,3,4,343,589,2203909,67,4,1,2,1
45132,2023,7,25,3,4,376,"659,7",4127601,11,20,0,1,1
45132,2023,7,25,3,4,101,222,4211900,83,20,1,4,2
45132,2023,7,25,3,4,101,"38,3",2606804,28,18,0,2,1
45132,2023,7,25,3,4,101,"268,6",3205002,15,4,1,1,1
45132,2023,7,25,3,4,101,393,3304557,60,2,0,2,2
45132,2023,7,25,3,4,101,"208,2",4216602,83,12,1,2,2
45132,2023,7,25,3,4,116,113,3554102,11,20,1,1,1
45132,2023,7,25,3,4,153,"198,5",5221601,67,12,1,9,2
45133,2023,7,26,4,1,116,129,3508504,11,3,1,3,1
45132,2023,7,25,3,4,110,"113,2",2414605,63,20,0,1,1
45132,2023,7,25,3,4,230,"214,5",2207009,80,7,0,3,2
45132,2023,7,25,3,4,116,808,3101508,11,20,0,1,1
45133,2023,7,26,4,1,364,558,5105903,18,3,0,1,1
45133,2023,7,26,4,1,282,"502,7",4219507,49,4,1,2,2
45132,2023,7,25,3,4,40,82,3303906,11,21,0,1,1
45132,2023,7,25,3,3,163,991,1506807,20,9,1,2,2
45133,2023,7,26,4,1,20,"18,3",5300108,81,2,0,3,2
45133,2023,7,26,4,1,116,145,3549904,11,20,1,1,1
45133,2023,7,26,4,1,343,"15,2",2207702,49,4,1,1,1
45133,2023,7,26,4,1,116,229,3550308,49,12,0,2,2
45133,2023,7,26,4,2,153,215,3517307,16,12,0,1,1
45133,2023,7,26,4,2,50,159,3170107,18,20,0,3,1
45133,2023,7,26,4,2,101,"7,3",2705606,67,20,0,1,1
45132,2023,7,25,3,1,364,1061,1100205,67,20,0,4,1
45133,2023,7,26,4,2,104,"130,6",2504009,1,11,0,2,2
45133,2023,7,26,4,2,40,"564,7",3144805,28,20,0,4,3
45133,2023,7,26,4,2,116,223,3518800,52,9,1,2,2
45133,2023,7,26,4,2,116,274,3552809,52,11,1,2,2
45133,2023,7,26,4,2,381,477,3118601,11,12,1,3,3
45133,2023,7,26,4,2,414,"392,3",5205802,67,20,0,1,1
45133,2023,7,26,4,2,163,253,5003702,67,20,1,1,1
45133,2023,7,26,4,2,262,"364,5",3136652,11,12,0,2,2
45133,2023,7,26,4,2,343,10,2207702,82,9,1,3,2
45133,2023,7,26,4,2,101,"84,1",2501807,13,21,1,2,1
45133,2023,7,26,4,2,40,"39,9",3147006,1,11,1,2,2
45133,2023,7,26,4,2,381,497,3106705,11,12,0,2,2
45133,2023,7,26,4,2,365,"627,2",3170206,52,9,1,3,2
45133,2023,7,26,4,2,101,"213,5",4211900,33,11,1,2,2
45133,2023,7,26,4,2,405,"151,9",2409407,16,12,1,4,2
45133,2023,7,26,4,2,116,228,3550308,67,9,1,2,2
45133,2023,7,26,4,2,116,279,3515004,11,12,1,4,2
45085,2023,6,8,5,3,280,124,4215000,11,12,0,2,2
45133,2023,7,26,4,2,459,"60,6",3131505,1,11,1,2,2
45133,2023,7,26,4,2,101,544,3303807,67,12,0,6,2
45133,2023,7,26,4,2,116,"604,8",3162559,67,12,0,2,2
45133,2023,7,26,4,2,101,204,2922300,52,9,0,1,1
45133,2023,7,26,4,2,470,"57,7",4202404,20,11,0,2,2
45133,2023,7,26,4,2,364,694,1100205,35,2,0,4,2
45133,2023,7,26,4,2,116,"781,8",2925006,82,7,0,4,2
45026,2023,4,10,2,2,116,413,2910800,67,9,0,2,2
45133,2023,7,26,4,2,364,"238,3",1100049,11,9,1,5,4
45133,2023,7,26,4,3,116,230,3550308,78,9,1,4,3
45133,2023,7,26,4,3,277,161,4117701,67,20,0,2,1
45133,2023,7,26,4,3,101,206,4216602,67,9,1,4,3
45133,2023,7,26,4,2,356,139,3301009,5,4,1,2,1
45133,2023,7,26,4,3,493,108,3301702,52,11,1,2,2
45133,2023,7,26,4,3,226,"301,1",2101608,20,11,1,2,2
45133,2023,7,26,4,3,376,"3,2",4125506,1,2,1,2,2
45133,2023,7,26,4,3,285,"475,9",4305871,1,11,1,5,2
45133,2023,7,26,4,3,406,160,2402600,12,12,0,3,3
45133,2023,7,26,4,3,116,"210,2",3518800,67,12,1,3,3
45112,2023,7,5,4,4,116,"412,5",3127701,1,11,1,2,2
45133,2023,7,26,4,2,432,165,1400175,1,7,0,3,2
45133,2023,7,26,4,3,116,3,2304400,48,2,1,2,2
45133,2023,7,26,4,3,469,1,4108304,28,20,1,4,2
45133,2023,7,26,4,3,381,86,3550308,1,9,1,2,2
45129,2023,7,22,7,4,290,75,4309209,67,12,0,4,3
45133,2023,7,26,4,3,230,"26,9",2507507,61,2,1,2,2
45133,2023,7,26,4,3,101,"81,4",2607901,81,2,0,2,2
45133,2023,7,26,4,3,153,"63,8",3549805,11,9,1,6,2
45133,2023,7,26,4,3,116,92,4125506,30,3,0,1,1
45133,2023,7,26,4,3,277,721,4108304,52,12,1,2,2
45133,2023,7,26,4,3,367,68,2925303,13,20,0,1,1
45133,2023,7,26,4,3,40,5,5221858,1,11,1,2,2
45133,2023,7,26,4,3,60,"408,8",5007901,11,12,0,4,2
45133,2023,7,26,4,3,101,"200,2",4216602,67,12,1,2,2
45133,2023,7,26,4,3,393,25,3203809,28,18,0,1,1
45133,2023,7,26,4,2,163,835,5107909,52,9,1,2,2
45133,2023,7,26,4,3,101,363,2911204,5,21,0,2,1
45133,2023,7,26,4,3,116,425,2910800,29,21,1,2,1
45133,2023,7,26,4,3,101,332,3304557,11,3,0,1,1
45133,2023,7,26,4,3,101,328,3303302,11,21,0,1,1
45133,2023,7,26,4,3,262,"34,2",3139409,11,12,1,2,2
45133,2023,7,26,4,3,369,150,4113700,67,15,1,4,4
45133,2023,7,26,4,4,101,"200,3",4216602,52,11,1,2,2
45133,2023,7,26,4,3,381,490,3106705,11,12,1,2,2
45133,2023,7,26,4,4,101,269,3205002,61,2,1,2,2
45133,2023,7,26,4,3,364,124,1200401,2,11,0,3,2
45133,2023,7,26,4,3,364,201,5107602,52,9,1,3,2
45133,2023,7,26,4,4,101,"64,8",2611606,11,21,0,1,1
45133,2023,7,26,4,4,101,"206,7",4216602,52,21,1,1,1
45133,2023,7,26,4,3,364,131,1200401,20,11,0,3,2
45133,2023,7,26,4,4,251,34,5300108,61,2,0,3,2
45121,2023,7,14,6,4,116,56,4212205,11,3,1,3,1
45108,2023,7,1,7,3,381,510,3162922,52,21,0,2,2
45133,2023,7,26,4,4,70,11,5300108,11,20,0,1,1
45133,2023,7,26,4,4,262,531,3138807,83,20,0,1,1
45109,2023,7,2,1,3,60,350,5219712,1,11,0,4,3
45133,2023,7,26,4,4,20,7,5300108,11,20,1,1,1
45133,2023,7,26,4,4,116,482,3524600,56,4,0,5,2
45133,2023,7,26,4,4,324,620,2927408,28,18,1,1,1
45133,2023,7,26,4,4,230,160,2504009,11,2,0,3,2
45133,2023,7,26,4,4,116,132,3302502,18,21,1,1,1
45133,2023,7,26,4,4,153,"516,8",5201405,67,12,0,2,2
45133,2023,7,26,4,4,428,92,2612604,9,1,0,2,2
45133,2023,7,26,4,3,40,42,3147006,11,2,0,3,2
45133,2023,7,26,4,3,480,"125,7",4204202,33,11,0,2,2
45133,2023,7,26,4,3,116,413,3127701,1,11,0,3,2
45133,2023,7,26,4,3,101,318,3304904,78,9,0,3,2
45133,2023,7,26,4,4,465,"14,2",3305554,1,11,1,2,2
45133,2023,7,26,4,4,101,404,3302007,35,2,0,2,2
45133,2023,7,26,4,4,153,3,4303004,67,7,1,2,2
45133,2023,7,26,4,4,222,"2,8",2304400,33,11,1,2,2
45133,2023,7,26,4,3,364,631,1100809,29,3,1,3,1
45133,2023,7,26,4,4,40,523,3154606,9,1,0,2,2
45133,2023,7,26,4,3,116,"24,2",1507755,82,11,0,4,2
45133,2023,7,26,4,4,116,182,3303500,67,4,1,1,1
45134,2023,7,27,5,1,277,63,4125506,11,20,0,1,1
45134,2023,7,27,5,1,116,213,3518800,67,12,0,4,2
45134,2023,7,27,5,1,101,82,3204906,82,7,0,4,3
45134,2023,7,27,5,1,116,"205,2",4122305,52,9,1,28,2
45113,2023,7,6,5,2,158,329,2409332,67,11,0,5,2
45134,2023,7,27,5,2,222,223,2312908,61,2,1,2,2
45134,2023,7,27,5,2,101,"293,6",3201308,78,9,1,2,2
45133,2023,7,26,4,3,393,"1,1",3201209,7,4,1,1,1
45134,2023,7,27,5,2,101,"45,3",2606804,19,12,1,2,2
45134,2023,7,27,5,2,101,"202,8",4216602,11,11,1,2,2
45133,2023,7,26,4,3,116,244,2925907,82,10,0,2,2
45127,2023,7,20,5,2,262,742,5003207,67,20,0,1,1
45134,2023,7,27,5,2,364,370,1100155,82,20,0,2,2
45134,2023,7,27,5,2,10,461,4117602,52,9,0,2,2
45134,2023,7,27,5,2,116,177,3300456,16,12,0,2,2
45134,2023,7,27,5,2,277,687,4125704,13,20,1,1,1
45134,2023,7,27,5,2,110,260,2611002,52,10,0,2,2
45134,2023,7,27,5,2,290,81,4309209,36,15,1,6,5
45134,2023,7,27,5,2,230,20,2507507,11,15,1,3,3
45134,2023,7,27,5,2,493,62,3303500,11,20,0,1,1
45134,2023,7,27,5,2,280,"52,7",4206504,16,12,0,4,2
45134,2023,7,27,5,1,465,1,3305554,80,7,1,2,2
45134,2023,7,27,5,2,364,343,1100122,17,11,1,2,2
45134,2023,7,27,5,2,324,563,2929503,11,15,0,7,3
45134,2023,7,27,5,2,376,"218,3",4112108,1,11,1,4,4
45134,2023,7,27,5,2,343,10,2211001,16,12,1,3,2
45134,2023,7,27,5,2,282,19,4211900,16,12,1,2,2
45134,2023,7,27,5,2,101,199,2904902,7,4,1,1,1
45134,2023,7,27,5,2,101,89,2607901,11,12,1,5,4
45134,2023,7,27,5,2,282,23,4215703,1,11,1,2,2
45134,2023,7,27,5,2,101,493,3300100,82,11,0,4,3
45077,2023,5,31,4,2,369,"178,8",4122404,52,9,1,1,1
45042,2023,4,26,4,3,393,167,3306008,11,2,0,2,2
45134,2023,7,27,5,2,153,530,1718451,49,20,0,1,1
45134,2023,7,27,5,2,356,80,3302056,1,11,0,2,2
45134,2023,7,27,5,2,242,248,2903805,56,4,0,4,1
45134,2023,7,27,5,2,101,"72,5",2611606,16,12,1,3,2
45134,2023,7,27,5,2,60,106,5208400,11,12,0,3,2
45134,2023,7,27,5,2,101,96,3301009,11,20,1,2,1
45134,2023,7,27,5,2,101,"321,7",4212650,67,21,1,1,1
45134,2023,7,27,5,2,381,512,3130101,51,4,1,2,1
45134,2023,7,27,5,2,285,"293,2",4314100,1,9,0,4,2
45134,2023,7,27,5,2,262,"456,5",3145208,83,20,0,1,1
45134,2023,7,27,5,2,408,74,2610608,1,11,1,2,2
45118,2023,7,11,3,4,101,150,3203205,1,11,0,2,2
45082,2023,6,5,2,3,282,221,4209300,1,11,1,2,2
45134,2023,7,27,5,3,116,"520,9",4314407,1,11,1,2,2
45134,2023,7,27,5,2,465,20,3303500,33,11,1,2,2
45134,2023,7,27,5,3,470,"48,5",4202404,67,21,1,1,1
45134,2023,7,27,5,2,101,96,3301009,16,12,1,2,2
45103,2023,6,26,2,2,110,"44,3",2408003,9,1,1,2,1
45134,2023,7,27,5,3,381,"584,3",3114501,11,2,0,3,2
44995,2023,3,10,6,1,101,103,2403251,16,12,1,2,2
45134,2023,7,27,5,2,222,282,2304509,28,18,0,3,1
45134,2023,7,27,5,3,262,"43,7",3203346,1,11,1,2,2
45134,2023,7,27,5,3,230,"16,5",2507507,52,12,1,3,2
45134,2023,7,27,5,3,116,"525,9",3113404,1,11,1,2,2
45134,2023,7,27,5,3,116,"256,9",4307708,67,12,1,3,2
45134,2023,7,27,5,3,101,265,3205002,29,12,1,2,2
45048,2023,5,2,3,2,376,188,4114807,67,12,1,1,1
45134,2023,7,27,5,3,324,475,2931103,83,20,0,2,1
45134,2023,7,27,5,3,101,"353,3",2933505,67,12,0,2,2
45134,2023,7,27,5,3,153,514,5201405,33,11,1,3,2
45134,2023,7,27,5,3,110,"47,4",2408003,11,12,1,2,2
45120,2023,7,13,5,3,40,5,5221858,11,9,1,4,3
45134,2023,7,27,5,3,116,"75,5",2500775,28,21,0,2,1
45134,2023,7,27,5,3,381,"64,5",3528502,67,20,0,3,1
45134,2023,7,27,5,3,222,24,2303709,16,12,0,3,2
45134,2023,7,27,5,3,116,690,3143906,1,11,0,2,2
45134,2023,7,27,5,3,282,18,4211900,78,11,1,2,2
45134,2023,7,27,5,3,116,"10,9",2304400,16,12,1,2,2
45134,2023,7,27,5,3,101,"97,6",2408102,16,12,1,3,2
45134,2023,7,27,5,3,40,"613,5",3118007,72,11,0,4,2
45134,2023,7,27,5,3,40,"3,2",5300108,16,12,1,3,2
45134,2023,7,27,5,3,101,473,3300100,61,2,0,3,2
45134,2023,7,27,5,3,262,387,3126000,11,11,0,2,2
45134,2023,7,27,5,2,40,146,3136306,67,7,0,6,2
45134,2023,7,27,5,3,493,"103,9",3305554,18,2,0,4,2
45134,2023,7,27,5,3,101,95,2408102,51,20,1,4,4
45118,2023,7,11,3,3,101,"27,2",3201605,81,9,0,2,2
45134,2023,7,27,5,3,101,128,3205010,1,12,0,3,2
45134,2023,7,27,5,3,381,536,3133709,83,21,0,1,1
45134,2023,7,27,5,3,116,301,4309308,1,11,1,3,2
45134,2023,7,27,5,3,470,"47,8",4202404,28,18,0,1,1
45134,2023,7,27,5,3,101,145,4208302,52,12,0,2,2
45134,2023,7,27,5,3,10,460,4117602,52,9,1,2,2
45134,2023,7,27,5,3,60,181,5200050,83,20,0,1,1
45123,2023,7,16,1,1,282,"375,8",4205209,28,18,0,1,1
45134,2023,7,27,5,3,101,152,4208302,52,9,1,3,2
45134,2023,7,27,5,3,101,210,4216602,52,9,1,2,2
45134,2023,7,27,5,3,163,20,4124400,1,7,1,5,2
45134,2023,7,27,5,3,101,106,2511509,28,18,0,1,1
45134,2023,7,27,5,3,116,180,3303500,16,12,1,2,2
45134,2023,7,27,5,4,476,"160,4",4101804,28,12,1,4,3
45134,2023,7,27,5,4,20,11,5300108,78,9,1,2,2
45134,2023,7,27,5,4,324,1,2910800,16,12,1,3,3
45134,2023,7,27,5,3,316,25,2601102,49,7,1,3,2
45126,2023,7,19,4,3,116,21,4101200,67,20,0,1,1
45134,2023,7,27,5,4,101,295,3301900,67,15,1,5,4
45134,2023,7,27,5,3,135,453,2206605,3,20,0,5,1
45134,2023,7,27,5,4,381,"671,7",3149903,67,20,0,1,1
45134,2023,7,27,5,4,116,447,3542602,11,20,1,1,1
45134,2023,7,27,5,4,116,"107,1",3554102,5,21,1,2,1
45134,2023,7,27,5,4,40,18,5212501,52,9,1,2,2
44990,2023,3,5,1,2,262,190,3202652,83,4,0,3,1
45134,2023,7,27,5,3,392,"42,7",4315602,1,11,1,2,2
45134,2023,7,27,5,4,101,"256,5",3205002,80,7,0,2,2
45134,2023,7,27,5,4,116,129,4107652,67,2,1,2,2
45134,2023,7,27,5,4,50,"131,2",5210109,28,20,0,1,1
45134,2023,7,27,5,4,381,504,3106705,11,21,1,1,1
45134,2023,7,27,5,4,277,"582,2",2303501,1,21,1,1,1
45134,2023,7,27,5,4,101,334,3304557,16,12,1,3,2
45134,2023,7,27,5,4,448,14,4304606,13,21,1,2,1
45134,2023,7,27,5,4,251,27,5206206,11,20,1,1,1
45134,2023,7,27,5,4,488,2,2500775,11,12,1,2,2
45134,2023,7,27,5,4,116,110,4106902,52,9,1,2,2
45135,2023,7,28,6,1,101,139,4202008,83,4,1,2,1
45135,2023,7,28,6,1,101,213,4211900,11,2,1,3,2
45135,2023,7,28,6,1,369,190,4101507,49,4,0,1,1
45135,2023,7,28,6,1,40,122,3301702,67,12,1,3,2
45134,2023,7,27,5,4,426,"71,9",2511301,9,20,0,2,1
45135,2023,7,28,6,1,101,66,4201307,67,12,0,2,2
45135,2023,7,28,6,1,376,"14,7",4115200,49,4,1,2,1
45135,2023,7,28,6,1,116,"702,3",3143906,67,4,1,1,1
45134,2023,7,27,5,3,277,"586,6",2303501,33,11,1,2,2
45135,2023,7,28,6,2,381,"489,8",3106705,28,18,1,1,1
45135,2023,7,28,6,1,277,"596,8",2303501,18,20,1,1,1
45135,2023,7,28,6,2,381,349,3136207,11,7,0,4,2
45135,2023,7,28,6,2,101,"155,2",4213500,83,21,0,1,1
45135,2023,7,28,6,1,280,"298,5",4213609,28,18,0,1,1
45135,2023,7,28,6,1,163,658,5007406,1,11,0,2,2
45135,2023,7,28,6,1,381,"155,3",3127701,49,10,1,3,2
45135,2023,7,28,6,2,277,724,4108304,16,9,1,6,2
45135,2023,7,28,6,2,50,15,3170206,83,20,0,2,2
45135,2023,7,28,6,2,10,459,4117602,83,20,0,3,2
45135,2023,7,28,6,1,40,509,3154606,67,20,1,1,1
45135,2023,7,28,6,2,277,"702,1",4125704,9,1,0,2,1
45135,2023,7,28,6,2,285,"419,6",4313904,11,20,0,1,1
45135,2023,7,28,6,2,101,"276,7",3205002,16,12,1,2,2
45135,2023,7,28,6,2,116,171,3304557,52,9,1,2,2
45135,2023,7,28,6,2,116,267,4304606,52,4,1,1,1
45135,2023,7,28,6,2,40,1,5300108,52,12,1,2,2
45135,2023,7,28,6,2,235,"53,7",2506905,11,12,1,3,2
45135,2023,7,28,6,1,116,153,3549904,11,20,1,1,1
45135,2023,7,28,6,2,101,"358,2",4215455,2,11,1,2,2
45135,2023,7,28,6,2,116,17,4106902,78,12,0,3,2
45135,2023,7,28,6,2,230,23,2507507,16,15,1,6,5
45135,2023,7,28,6,1,101,71,4201307,16,12,1,2,2
45095,2023,6,18,1,4,364,245,5105200,1,9,0,5,2
45135,2023,7,28,6,2,101,875,2931350,11,12,1,2,2
45071,2023,5,25,5,3,369,"185,2",4101507,35,21,1,2,2
45135,2023,7,28,6,2,40,546,3144805,52,20,0,2,1
45135,2023,7,28,6,2,470,80,4215109,11,4,0,1,1
45063,2023,5,17,4,3,376,177,4115200,67,21,1,1,1
45135,2023,7,28,6,2,116,228,3550308,67,12,1,5,4
45135,2023,7,28,6,2,324,625,2927408,44,21,1,2,1
45135,2023,7,28,6,2,116,"53,2",3527207,1,9,1,4,3
45135,2023,7,28,6,2,101,147,3203205,1,11,1,2,2
45135,2023,7,28,6,2,135,451,2206605,3,20,0,5,1
45135,2023,7,28,6,2,316,"177,2",2211308,28,20,0,1,1
45051,2023,5,5,6,2,287,"306,9",4319406,83,20,0,1,1
45135,2023,7,28,6,2,153,"70,9",4207809,83,20,0,1,1
45135,2023,7,28,6,2,381,"86,5",3550308,61,2,1,4,3
45135,2023,7,28,6,2,262,305,2401305,82,7,0,4,2
45135,2023,7,28,6,3,116,227,3518800,11,4,1,1,1
45131,2023,7,24,2,2,364,667,1100809,41,20,0,3,1
45135,2023,7,28,6,3,230,19,2507507,16,12,1,1,1
45135,2023,7,28,6,2,222,148,2112704,67,20,0,1,1
45135,2023,7,28,6,3,101,"209,3",4216602,67,12,1,4,2
45135,2023,7,28,6,3,101,"340,2",4218707,4,4,1,3,1
45135,2023,7,28,6,3,101,279,3305752,67,3,0,2,1
45135,2023,7,28,6,2,369,176,4122404,11,4,0,1,1
45135,2023,7,28,6,3,101,268,3205002,16,12,1,2,2
45079,2023,6,2,6,4,386,"272,4",4308300,67,20,0,2,1
45135,2023,7,28,6,3,116,234,4307609,20,11,1,2,2
45097,2023,6,20,3,4,116,"28,7",1507755,83,3,0,1,1
45135,2023,7,28,6,3,116,"105,8",3554102,51,4,0,1,1
45135,2023,7,28,6,3,101,94,2408102,16,15,1,3,3
45090,2023,6,13,3,2,285,561,4318903,52,11,0,2,2
45135,2023,7,28,6,3,116,174,3305109,11,12,0,2,2
45135,2023,7,28,6,3,40,13,5212501,61,2,1,3,2
45067,2023,5,21,1,3,364,110,5100409,82,20,0,3,2
45135,2023,7,28,6,3,116,74,2500775,83,3,0,1,1
45129,2023,7,22,7,4,163,22,2922102,12,12,0,3,2
45135,2023,7,28,6,3,163,458,2401305,1,12,0,2,2
45135,2023,7,28,6,3,163,"484,4",2401305,1,11,0,2,2
45135,2023,7,28,6,3,116,288,3522208,78,9,0,3,3
45135,2023,7,28,6,3,40,6,5221858,11,12,1,2,2
45135,2023,7,28,6,3,70,521,2211407,1,11,1,2,2
45135,2023,7,28,6,3,40,570,3131901,20,7,0,6,3
45135,2023,7,28,6,3,290,"417,8",2929255,1,9,1,2,2
45135,2023,7,28,6,3,116,267,4304606,11,12,1,3,2
45135,2023,7,28,6,2,153,134,2512200,83,12,0,1,1
45135,2023,7,28,6,3,20,"122,4",2313302,63,4,0,3,1
45135,2023,7,28,6,3,70,18,5300108,67,11,1,3,2
45135,2023,7,28,6,3,463,65,5006606,67,20,0,2,1
45135,2023,7,28,6,3,210,86,1600535,11,20,0,3,1
45135,2023,7,28,6,2,101,333,3304557,67,4,1,4,3
45135,2023,7,28,6,3,230,"487,5",2500700,82,7,0,7,3
45135,2023,7,28,6,3,290,"6,2",4313508,11,20,0,4,1
45135,2023,7,28,6,3,153,76,3504602,44,12,1,7,2
45132,2023,7,25,3,3,463,"85,5",5006606,67,20,0,2,1
45135,2023,7,28,6,3,101,321,3303302,16,9,1,2,2
45135,2023,7,28,6,3,472,"142,1",4321808,82,9,0,4,2
45135,2023,7,28,6,3,116,"260,1",4304606,11,12,0,2,2
45131,2023,7,24,2,3,116,449,3542602,83,12,0,4,2
45135,2023,7,28,6,3,364,404,5103403,67,12,1,2,2
45135,2023,7,28,6,3,101,"65,9",3204906,11,11,1,2,2
45135,2023,7,28,6,3,343,"539,9",2200509,11,12,0,4,2
45135,2023,7,28,6,4,153,"492,9",5208707,52,9,1,2,2
45135,2023,7,28,6,4,101,292,3201308,52,9,1,2,2
45135,2023,7,28,6,3,471,"150,5",4316808,67,12,1,2,2
45135,2023,7,28,6,3,116,498,3509254,11,20,0,1,1
45135,2023,7,28,6,4,116,99,4125506,11,12,0,3,2
45135,2023,7,28,6,4,40,11,5221858,82,7,1,5,4
45135,2023,7,28,6,4,101,141,3203205,35,2,1,2,2
45135,2023,7,28,6,4,70,"17,5",5300108,78,9,0,3,3
45135,2023,7,28,6,4,101,285,3301900,67,12,0,2,2
45135,2023,7,28,6,3,381,"706,2",3138203,67,4,0,3,1
45135,2023,7,28,6,4,116,198,3304144,81,12,0,2,2
45135,2023,7,28,6,4,163,109,5107602,11,20,0,1,1
45135,2023,7,28,6,4,50,72,3170206,60,2,1,2,2
45135,2023,7,28,6,4,267,"302,8",3115508,1,2,0,3,2
45135,2023,7,28,6,4,369,"443,3",4128005,55,7,0,2,2
45135,2023,7,28,6,4,116,187,3303500,67,3,1,2,1
45135,2023,7,28,6,3,364,"384,2",1100155,1,11,1,2,2
45135,2023,7,28,6,4,316,265,2109908,9,1,0,2,1