id_data,ano,mes,dia,id_dia_semana,periodo,br,km,id_municipio,id_causa_acidente,id_tipo_acidente,id_uso_solo,pessoas,veiculos
45138,2023,7,31,2,2,230,72,2515971,28,18,0,1,1
45039,2023,4,23,1,1,50,176,3170107,11,21,1,2,1
45133,2023,7,26,4,4,470,"212,9",4302105,33,7,1,2,2
45138,2023,7,31,2,2,365,419,3148004,1,10,0,5,2
45138,2023,7,31,2,3,40,"45,7",5212501,83,20,0,1,1
44955,2023,1,29,1,4,290,691,4322400,80,7,0,4,2
45138,2023,7,31,2,3,116,6,2304400,52,9,1,2,2
45138,2023,7,31,2,3,277,2,4118204,28,18,1,1,1
45138,2023,7,31,2,3,277,81,4106902,16,12,1,3,3
45138,2023,7,31,2,3,116,190,3303500,28,18,1,1,1
45138,2023,7,31,2,3,324,577,2929503,16,12,0,2,2
45138,2023,7,31,2,3,282,"3,4",4205407,16,12,0,2,2
45138,2023,7,31,2,3,470,"66,9",4207502,11,11,0,3,2
45138,2023,7,31,2,3,40,"715,9",3105608,67,21,0,1,1
45138,2023,7,31,2,3,226,142,2402105,33,12,0,2,2
45138,2023,7,31,2,3,376,635,4125506,52,20,0,3,1
45138,2023,7,31,2,2,50,"174,8",3170107,67,12,1,1,1
45138,2023,7,31,2,3,101,"204,9",4216602,52,9,1,2,2
45138,2023,7,31,2,3,101,85,2408102,81,9,1,2,2
45138,2023,7,31,2,3,304,"43,7",2408003,11,21,0,2,1
45138,2023,7,31,2,3,364,138,1200401,16,12,1,2,2
45138,2023,7,31,2,3,376,"601,8",4106902,67,12,1,2,2
45137,2023,7,30,1,3,364,140,2409605,51,20,0,3,1
45138,2023,7,31,2,3,319,63,1100205,16,12,1,2,2
45138,2023,7,31,2,3,20,"17,9",5300108,11,12,0,2,2
45138,2023,7,31,2,3,476,"154,5",4101804,11,12,1,2,2
45138,2023,7,31,2,3,101,"152,6",3203205,16,12,0,2,2
45118,2023,7,11,3,3,101,56,3301009,9,21,0,1,1
45138,2023,7,31,2,3,487,"177,6",4104303,20,11,1,3,2
45138,2023,7,31,2,4,369,159,4103701,67,12,1,5,2
45138,2023,7,31,2,3,40,264,3161700,11,20,0,3,1
45138,2023,7,31,2,4,116,240,4313409,11,21,1,2,2
45138,2023,7,31,2,3,116,149,4305108,82,9,1,3,3
45138,2023,7,31,2,4,153,"427,9",5201108,1,9,0,2,2
45138,2023,7,31,2,3,285,"299,9",4314100,33,11,0,3,2
45138,2023,7,31,2,3,116,467,2928802,67,20,0,3,1
45138,2023,7,31,2,3,116,"5,5",2304400,16,12,1,2,2
45138,2023,7,31,2,3,135,12,2111300,9,1,1,2,2
45044,2023,4,28,6,4,476,196,4113205,2,11,1,2,2
45138,2023,7,31,2,3,267,"20,2",3138401,83,4,0,2,1
45138,2023,7,31,2,3,101,124,4208203,35,2,1,2,2
45138,2023,7,31,2,4,262,161,3202454,16,12,0,3,2
45138,2023,7,31,2,4,70,19,5300108,67,3,0,1,1
45138,2023,7,31,2,3,230,5,1500602,1,11,1,3,3
45100,2023,6,23,6,2,101,132,4202008,11,21,1,1,1
45138,2023,7,31,2,4,101,505,3300100,67,12,1,3,2
45138,2023,7,31,2,4,101,553,3303807,1,12,0,3,2
45138,2023,7,31,2,4,110,340,2900702,11,11,0,3,2
45138,2023,7,31,2,4,163,970,1506807,61,2,0,2,2
45138,2023,7,31,2,3,163,"544,3",4102406,11,20,0,2,2
45138,2023,7,31,2,4,101,329,3304557,38,12,0,3,2
45138,2023,7,31,2,4,60,425,5007901,20,7,1,2,2
45138,2023,7,31,2,3,316,348,2202133,52,9,0,4,2
45138,2023,7,31,2,3,463,"86,1",5006606,9,1,0,3,1
45138,2023,7,31,2,4,104,98,2506004,80,7,1,2,2
45138,2023,7,31,2,4,381,501,3106705,82,7,0,3,2
45138,2023,7,31,2,4,415,"59,9",2914802,83,20,0,1,1
45138,2023,7,31,2,2,415,"59,9",2914802,83,20,0,2,1
45138,2023,7,31,2,4,364,669,1100809,51,11,0,3,2
45138,2023,7,31,2,4,104,36,2709301,1,11,1,2,2
45138,2023,7,31,2,4,116,"636,4",4311007,9,21,0,1,1
45138,2023,7,31,2,4,174,16,1100304,1,11,1,2,2
45139,2023,8,1,3,1,101,"170,9",4218004,83,21,0,2,1
45138,2023,7,31,2,4,316,"88,5",2207108,83,20,0,2,1
45139,2023,8,1,3,1,60,"5,6",5300108,11,12,1,3,2
45138,2023,7,31,2,4,158,"428,2",5107180,49,20,0,2,1
45138,2023,7,31,2,4,226,"41,7",2407104,80,10,0,2,2
45139,2023,8,1,3,1,116,161,3524402,2,2,1,3,2
45139,2023,8,1,3,1,424,92,2606002,80,10,0,2,2
45139,2023,8,1,3,1,116,"165,7",2311801,1,12,0,2,2
45139,2023,8,1,3,1,423,59,2608800,67,21,0,2,1
45139,2023,8,1,3,1,101,"265,9",3205002,67,4,1,1,1
45138,2023,7,31,2,4,493,24,3302502,49,12,0,2,2
45139,2023,8,1,3,2,277,703,4125704,25,12,0,2,2
45139,2023,8,1,3,2,392,"718,6",4315107,11,12,0,3,3
45139,2023,8,1,3,2,116,"273,4",3552809,16,12,1,2,2
45139,2023,8,1,3,2,230,27,2507507,78,9,1,2,2
45139,2023,8,1,3,2,343,"329,9",2211001,1,9,0,2,2
45139,2023,8,1,3,2,101,"99,5",2408102,61,2,1,2,2
45139,2023,8,1,3,2,101,"43,5",3555406,67,9,1,2,2
45139,2023,8,1,3,2,116,"227,9",4306403,11,12,0,2,2
45139,2023,8,1,3,2,101,121,4208203,52,9,0,2,2
45139,2023,8,1,3,2,290,108,4306767,67,20,0,1,1
45139,2023,8,1,3,2,70,"2,5",5300108,16,12,1,6,3
45139,2023,8,1,3,1,381,304,3103009,13,18,0,2,1
45129,2023,7,22,7,2,135,"109,6",2210631,11,20,0,1,1
45139,2023,8,1,3,2,116,138,3549904,78,11,1,2,2
45134,2023,7,27,5,2,381,30,3504107,9,1,1,1,1
45139,2023,8,1,3,2,101,"429,8",3302601,11,9,0,2,2
45139,2023,8,1,3,2,381,"482,8",3106705,44,21,1,6,4
45139,2023,8,1,3,2,158,"502,3",4317103,82,7,0,3,2
45139,2023,8,1,3,2,163,117,5107602,52,9,0,3,2
45139,2023,8,1,3,2,277,698,4125704,11,21,0,1,1
45139,2023,8,1,3,2,158,"537,2",4118501,28,20,0,1,1
45139,2023,8,1,3,2,70,514,2211407,52,9,1,2,2
45139,2023,8,1,3,2,116,4,2304400,16,15,0,4,3
45074,2023,5,28,1,1,101,113,2403251,18,20,1,2,1
45139,2023,8,1,3,2,163,603,5106224,1,11,0,5,2
45134,2023,7,27,5,3,116,47,3509957,11,12,0,2,2
45139,2023,8,1,3,2,116,"164,9",4213351,83,20,0,7,1
45139,2023,8,1,3,2,364,711,1100205,1,9,1,2,2
45139,2023,8,1,3,2,285,295,4314100,16,12,1,2,2
45139,2023,8,1,3,2,222,"5,3",2303709,16,9,1,3,3
45135,2023,7,28,6,3,365,605,3170206,28,20,0,1,1
45139,2023,8,1,3,2,101,97,2504603,1,9,1,3,2
45139,2023,8,1,3,2,232,"4,5",2611606,12,4,1,2,2
45139,2023,8,1,3,2,459,"30,1",3527207,11,12,1,3,3
45139,2023,8,1,3,2,467,109,2303501,11,3,1,1,1
45139,2023,8,1,3,2,101,"267,7",3205002,67,12,1,2,2
45139,2023,8,1,3,1,282,"536,3",4204202,5,21,1,1,1
45136,2023,7,29,7,3,163,652,1503606,13,21,0,1,1
45139,2023,8,1,3,2,101,59,3301009,6,21,1,2,1
45139,2023,8,1,3,2,101,"214,6",4211900,80,7,1,2,2
45139,2023,8,1,3,2,116,"117,2",3302502,2,11,1,5,2
45139,2023,8,1,3,2,290,"91,5",4314902,16,12,1,3,2
45123,2023,7,16,1,2,153,"496,3",5208707,16,12,1,4,3
45139,2023,8,1,3,2,101,"316,4",4209409,52,12,0,3,2
45139,2023,8,1,3,2,242,803,2903201,1,11,1,4,2
45139,2023,8,1,3,2,40,22,5212501,16,12,0,2,2
45139,2023,8,1,3,2,101,"400,2",4210407,1,11,0,3,2
45139,2023,8,1,3,2,407,"3,5",2918407,1,11,1,3,2
45139,2023,8,1,3,2,376,3,4125506,16,12,1,4,3
45139,2023,8,1,3,2,101,"198,2",4202305,67,12,1,2,2
45139,2023,8,1,3,2,285,313,4314100,18,20,0,1,1
45139,2023,8,1,3,2,406,149,2402600,1,11,1,2,2
45139,2023,8,1,3,2,104,"92,7",2707701,49,21,0,2,1
45139,2023,8,1,3,2,262,"488,3",3106705,11,4,1,1,1
45139,2023,8,1,3,2,101,484,3300100,61,2,0,2,2
45139,2023,8,1,3,2,427,92,2402006,16,12,0,2,2
45139,2023,8,1,3,2,116,"33,8",3508603,67,4,0,2,1
45139,2023,8,1,3,3,163,"615,7",5007695,1,11,1,2,2
45139,2023,8,1,3,3,116,"25,6",2933307,1,11,1,3,2
45139,2023,8,1,3,2,116,150,4114302,80,11,1,2,2
45139,2023,8,1,3,2,101,65,3301009,1,7,1,3,2
45139,2023,8,1,3,1,20,"93,9",2313302,16,12,0,3,2
45139,2023,8,1,3,2,135,303,2203107,7,20,0,3,1
45139,2023,8,1,3,2,101,"253,5",4212304,18,20,1,2,1
45139,2023,8,1,3,3,116,"134,2",3549904,11,9,1,2,2
45139,2023,8,1,3,3,470,54,4202404,1,11,1,2,2
45139,2023,8,1,3,3,116,826,2933307,33,11,0,2,2
45139,2023,8,1,3,3,230,25,2507507,12,12,1,2,2
45139,2023,8,1,3,3,230,17,2507507,16,11,1,2,2
45139,2023,8,1,3,3,101,"193,2",4202305,6,21,1,1,1
45139,2023,8,1,3,3,116,"58,5",3518404,67,3,1,2,1
45139,2023,8,1,3,3,101,94,2408102,16,12,1,4,3
45139,2023,8,1,3,3,116,183,3303500,67,21,1,1,1
45139,2023,8,1,3,2,116,257,3304003,67,7,0,1,1
45139,2023,8,1,3,3,267,210,5006002,13,20,0,1,1
45139,2023,8,1,3,3,40,12,5212501,67,9,1,3,2
45139,2023,8,1,3,3,282,600,4204707,2,12,0,5,2
45024,2023,4,8,7,3,101,482,3300100,15,10,0,2,2
45139,2023,8,1,3,3,20,56,5300108,11,20,0,1,1
45139,2023,8,1,3,3,262,"47,7",3203346,1,11,1,2,2
45139,2023,8,1,3,3,116,"767,9",3138401,1,11,1,3,2
45139,2023,8,1,3,3,158,326,2409332,1,11,1,2,2
45139,2023,8,1,3,3,381,389,3105400,67,9,0,2,2
45139,2023,8,1,3,3,158,"467,7",4316402,11,20,0,5,1
45139,2023,8,1,3,3,80,9,5300108,6,21,0,1,1
45139,2023,8,1,3,3,40,3,5300108,67,12,1,2,2
45139,2023,8,1,3,3,277,272,4120606,67,20,0,2,1
45139,2023,8,1,3,3,230,"503,6",2503704,81,2,1,2,2
45139,2023,8,1,3,4,101,36,3201605,80,10,0,2,2
45139,2023,8,1,3,3,277,"726,5",4108304,61,2,1,2,2
45139,2023,8,1,3,3,70,19,5300108,52,9,0,2,2
45139,2023,8,1,3,4,116,"16,3",2933307,1,11,1,3,2
45139,2023,8,1,3,3,226,411,2409407,51,20,0,3,1
45139,2023,8,1,3,4,40,108,3301702,64,21,1,2,1
45139,2023,8,1,3,4,153,333,1709302,33,11,1,3,2
45139,2023,8,1,3,3,316,"550,5",2103000,49,20,1,1,1
45139,2023,8,1,3,3,101,73,2705200,1,7,1,2,2
45139,2023,8,1,3,4,367,82,2910727,67,2,1,3,2
45139,2023,8,1,3,4,365,623,3170206,61,2,1,2,2
45139,2023,8,1,3,2,316,"90,6",2207108,5,20,0,2,1
45139,2023,8,1,3,3,101,"43,6",4209102,1,11,1,2,2
45139,2023,8,1,3,4,369,"183,3",4101507,49,20,0,1,1
45139,2023,8,1,3,3,393,181,3303708,80,7,1,2,2
45139,2023,8,1,3,4,101,329,3304557,78,9,1,1,1
45139,2023,8,1,3,4,116,171,3304557,35,2,1,2,2
45139,2023,8,1,3,4,101,164,4218004,21,4,1,1,1
45139,2023,8,1,3,4,153,"429,4",5201108,83,21,1,1,1
45135,2023,7,28,6,2,324,529,2910800,4,20,1,1,1
45139,2023,8,1,3,3,101,319,3304904,52,9,1,2,2
45139,2023,8,1,3,4,101,"210,8",4211900,67,12,1,2,2
45139,2023,8,1,3,4,116,117,3554102,49,4,0,1,1
45139,2023,8,1,3,3,40,332,3125705,60,2,0,4,2
45139,2023,8,1,3,4,465,1,3305554,1,11,1,3,2
45139,2023,8,1,3,4,354,747,3133105,13,21,0,3,2
45139,2023,8,1,3,3,364,"389,7",1100155,41,20,0,1,1
45139,2023,8,1,3,4,101,113,4208203,11,21,0,1,1
45139,2023,8,1,3,4,364,1017,1100205,67,20,0,1,1
45139,2023,8,1,3,4,381,942,3125101,83,1,1,2,1
45036,2023,4,20,5,3,101,64,2910503,83,3,0,1,1
45140,2023,8,2,4,2,40,5,5221858,9,1,1,1,1
45140,2023,8,2,4,2,116,1,2304400,52,12,1,3,2
45140,2023,8,2,4,1,381,550,3132206,67,20,0,1,1
45140,2023,8,2,4,2,101,205,4216602,52,12,1,3,2
45140,2023,8,2,4,2,232,"7,7",2611606,52,11,1,2,2
45140,2023,8,2,4,2,101,271,3205002,16,12,1,3,2
45140,2023,8,2,4,2,101,"200,8",4216602,52,9,1,2,2
45140,2023,8,2,4,2,80,21,5300108,16,3,1,3,1
45140,2023,8,2,4,2,277,589,2303501,16,12,1,2,2
45140,2023,8,2,4,2,392,"679,3",4319372,1,11,1,2,2
45140,2023,8,2,4,2,116,"17,8",2304285,11,15,0,4,4
45136,2023,7,29,7,2,232,16,2607901,1,11,0,3,2
45140,2023,8,2,4,2,116,"533,3",3159357,2,11,1,2,2
45140,2023,8,2,4,2,369,149,4113700,67,12,1,2,2
45140,2023,8,2,4,2,376,601,4106902,78,9,1,3,3
45140,2023,8,2,4,2,116,228,3550308,78,9,1,4,2
45140,2023,8,2,4,2,381,480,3118601,35,2,1,2,2
45140,2023,8,2,4,2,101,"156,9",4213500,44,21,0,1,1
45140,2023,8,2,4,2,153,"510,3",5201405,52,12,1,2,2
45140,2023,8,2,4,2,50,96,5206206,20,11,1,3,2
45140,2023,8,2,4,2,262,117,5000203,67,20,0,3,2
45140,2023,8,2,4,2,277,2,4108304,52,11,1,2,2
45140,2023,8,2,4,2,364,"711,6",1100205,16,15,1,3,3
45140,2023,8,2,4,2,230,11,2503209,11,9,1,2,2
45140,2023,8,2,4,2,470,59,4202404,67,12,1,3,2
45140,2023,8,2,4,2,101,90,2507507,1,9,1,2,2
45140,2023,8,2,4,2,101,"69,5",2611606,1,2,1,2,2
45140,2023,8,2,4,2,158,327,2409332,67,12,0,2,2
45140,2023,8,2,4,2,376,"4,2",5003702,1,11,1,2,2
45140,2023,8,2,4,2,282,"2,7",4205407,51,4,1,3,3
45127,2023,7,20,5,3,153,"493,9",5208707,52,9,1,2,2
45140,2023,8,2,4,2,101,"50,5",2600054,11,9,1,3,3
45140,2023,8,2,4,3,282,"18,5",4211900,2,12,0,2,2
45140,2023,8,2,4,2,280,"46,3",4206504,16,9,0,2,2
45140,2023,8,2,4,2,290,38,4317608,28,4,0,1,1
45108,2023,7,1,7,2,381,"213,5",3144359,1,21,1,3,2
45140,2023,8,2,4,2,10,376,2105427,82,7,1,2,2
45048,2023,5,2,3,2,376,600,4106902,78,9,1,2,2
45140,2023,8,2,4,2,381,"678,9",3149903,67,12,0,5,2
45140,2023,8,2,4,2,277,"427,6",4128658,28,18,0,1,1
45140,2023,8,2,4,2,369,136,4109807,83,2,1,2,2
45140,2023,8,2,4,2,116,"412,5",3127701,33,11,1,2,2
45140,2023,8,2,4,3,40,3,5221858,11,9,0,4,3
45140,2023,8,2,4,3,116,122,4106902,67,12,1,3,2
45140,2023,8,2,4,3,116,122,4106902,11,21,0,1,1
45072,2023,5,26,6,4,476,160,4101804,1,11,1,2,2
45044,2023,4,28,6,2,343,"300,4",2200400,13,21,0,2,1
45140,2023,8,2,4,2,163,"68,8",4217204,1,11,1,2,2
45140,2023,8,2,4,2,153,144,1702109,51,20,1,1,1
45140,2023,8,2,4,2,262,557,3119807,16,11,0,5,3
45140,2023,8,2,4,3,230,"59,8",2504900,1,11,0,4,3
45140,2023,8,2,4,3,262,"104,1",3205069,1,2,1,2,2
45140,2023,8,2,4,2,116,"693,6",3143906,67,11,0,2,2
45140,2023,8,2,4,3,232,418,2613909,52,9,0,3,2
45104,2023,6,27,3,2,116,139,3549904,78,12,0,3,2
45140,2023,8,2,4,2,101,"1,5",3301900,10,2,1,2,2
45140,2023,8,2,4,3,116,145,3549904,16,12,1,2,2
45140,2023,8,2,4,3,153,507,1716109,67,9,0,3,2
45140,2023,8,2,4,3,110,369,2907509,1,11,1,2,2
45137,2023,7,30,1,4,116,"339,4",2931509,25,12,0,3,2
45140,2023,8,2,4,3,230,"403,6",2512101,11,12,0,15,2
45140,2023,8,2,4,2,364,"308,5",1100254,33,11,1,2,2
45140,2023,8,2,4,3,230,11,2503209,83,11,1,2,2
45140,2023,8,2,4,3,376,597,4106902,1,2,1,2,2
45140,2023,8,2,4,3,230,"157,4",2504009,16,12,0,3,3
45140,2023,8,2,4,3,280,"67,6",4208906,35,2,0,3,3
45140,2023,8,2,4,3,364,29,3127107,78,11,1,2,2
45140,2023,8,2,4,3,386,341,1712009,11,12,0,3,2
45140,2023,8,2,4,3,40,6,5221858,16,15,1,4,4
45140,2023,8,2,4,3,135,162,2903201,67,20,0,2,1
45140,2023,8,2,4,3,304,63,2301109,25,9,1,2,2
45140,2023,8,2,4,3,367,26,2925303,1,11,1,2,2
45140,2023,8,2,4,4,470,58,4202404,18,10,0,2,2
45076,2023,5,30,3,4,101,"147,1",2404200,35,2,1,2,2
45140,2023,8,2,4,3,364,346,1100122,52,9,1,3,2
45140,2023,8,2,4,3,101,120,4208203,81,12,0,2,2
45140,2023,8,2,4,4,101,411,3302007,9,1,0,3,3
45140,2023,8,2,4,4,116,175,3305109,78,12,1,4,2
45140,2023,8,2,4,4,116,138,3549904,67,12,0,2,2
45140,2023,8,2,4,4,407,127,2611101,11,12,1,2,2
45044,2023,4,28,6,4,101,"106,2",2403251,83,12,1,3,2
45140,2023,8,2,4,4,116,147,3549904,11,12,1,1,1
45140,2023,8,2,4,4,116,96,3305802,28,18,0,2,2
45140,2023,8,2,4,3,40,"616,8",3118007,67,4,0,1,1
45140,2023,8,2,4,2,101,97,2408102,67,12,1,2,2
45140,2023,8,2,4,4,251,"471,7",3126703,28,18,0,59,1
45140,2023,8,2,4,3,280,"11,8",4216206,67,9,0,2,2
45140,2023,8,2,4,4,287,258,2409332,9,1,0,1,1
45140,2023,8,2,4,3,101,"416,7",4201406,11,11,0,2,2
45140,2023,8,2,4,4,277,"599,1",2303501,81,12,1,4,2
45140,2023,8,2,4,4,376,"213,7",4112108,67,12,0,2,2
45140,2023,8,2,4,3,70,"86,2",4108502,11,20,0,1,1
45140,2023,8,2,4,4,116,230,3550308,49,12,1,2,2
45140,2023,8,2,4,4,116,"97,4",3538006,13,21,0,2,1
45140,2023,8,2,4,4,163,956,5104559,11,21,0,1,1
45140,2023,8,2,4,4,282,"218,2",4209300,49,20,1,2,1
45141,2023,8,3,5,1,324,588,2906501,18,20,1,3,1
45141,2023,8,3,5,1,116,"226,4",3518800,83,9,1,4,3
45141,2023,8,3,5,1,101,325,3303302,67,21,1,2,1
45141,2023,8,3,5,1,290,"63,7",4309209,11,20,0,2,1
45141,2023,8,3,5,1,235,"49,8",2506905,67,1,1,1,1
45141,2023,8,3,5,1,408,"96,1",2613701,9,1,1,1,1
45141,2023,8,3,5,2,70,19,5300108,78,9,0,2,2
45141,2023,8,3,5,2,116,228,3550308,19,15,0,3,3
45141,2023,8,3,5,2,282,"18,2",4211900,11,4,1,1,1
45141,2023,8,3,5,2,153,61,3549805,11,15,1,3,3
45141,2023,8,3,5,2,104,60,2604106,72,11,0,2,2
45141,2023,8,3,5,2,116,"214,7",3518800,52,9,1,4,2
45141,2023,8,3,5,2,116,"17,5",2304285,16,15,1,3,3
45141,2023,8,3,5,2,304,35,2408003,7,4,0,1,1
45141,2023,8,3,5,2,230,"22,8",2507507,11,15,1,4,3
45141,2023,8,3,5,2,493,6,3301900,16,12,0,4,2
45141,2023,8,3,5,1,116,192,3303500,9,1,0,2,1
45141,2023,8,3,5,2,476,152,4101804,52,9,0,3,2
45141,2023,8,3,5,2,116,110,3554102,67,21,0,2,2
45141,2023,8,3,5,2,101,47,3555406,1,11,1,2,2
45131,2023,7,24,2,2,153,527,2305209,28,18,0,1,1
45141,2023,8,3,5,2,116,111,3554102,67,12,1,2,2
45141,2023,8,3,5,2,101,173,3200607,11,20,0,1,1
45141,2023,8,3,5,2,392,"117,8",4304507,11,4,0,3,1
45140,2023,8,2,4,4,10,"16,5",1502939,35,2,1,2,2
45141,2023,8,3,5,2,381,453,3156700,1,11,1,2,2
45141,2023,8,3,5,2,277,"101,8",4106902,67,12,0,2,2
45141,2023,8,3,5,2,364,709,1100205,1,12,1,4,2
45116,2023,7,9,1,2,10,255,2105302,49,12,1,8,4
45141,2023,8,3,5,2,116,227,3518800,78,9,1,2,2
45138,2023,7,31,2,2,116,82,3305802,1,11,1,2,2
45141,2023,8,3,5,2,101,"205,1",4216602,67,15,1,4,3
45141,2023,8,3,5,2,392,"667,7",4305207,83,11,0,3,2
45122,2023,7,15,7,2,116,125,3508504,67,15,0,7,5
45141,2023,8,3,5,2,262,"61,2",3139409,1,11,0,2,2
45141,2023,8,3,5,2,101,"146,7",3203205,67,9,1,2,2
45140,2023,8,2,4,3,10,180,1503457,28,18,0,1,1
45141,2023,8,3,5,2,116,"699,6",3143906,12,11,1,4,3
45141,2023,8,3,5,2,381,495,3106705,11,21,1,1,1
45141,2023,8,3,5,2,376,"218,5",4112108,1,11,1,2,2
45141,2023,8,3,5,2,381,87,3550308,67,9,1,2,2
45140,2023,8,2,4,2,116,186,3303500,67,12,1,2,2
45141,2023,8,3,5,2,40,"611,8",3118007,80,11,1,2,2
45117,2023,7,10,2,4,60,"96,9",5201108,52,12,1,4,3
45141,2023,8,3,5,2,468,132,4321477,11,20,0,2,1
45141,2023,8,3,5,2,381,68,3528502,83,20,0,6,1
45141,2023,8,3,5,2,262,"39,4",3139409,1,11,0,2,2
45141,2023,8,3,5,2,116,422,2910800,33,11,1,3,2
45071,2023,5,25,5,4,116,"256,6",4307708,61,2,1,3,2
45141,2023,8,3,5,2,101,320,3303302,11,21,1,1,1
45141,2023,8,3,5,2,343,"342,9",2211001,33,11,0,2,2
45141,2023,8,3,5,2,282,"433,8",3170602,1,11,0,4,2
45141,2023,8,3,5,3,280,21,4201307,1,11,1,4,2
45141,2023,8,3,5,3,101,"238,6",3205002,2,11,1,2,2
45141,2023,8,3,5,3,116,"66,8",3518404,11,21,0,1,1
45141,2023,8,3,5,3,381,"489,5",3106705,67,21,1,1,1
45141,2023,8,3,5,3,116,"399,4",4303509,67,21,0,1,1
45141,2023,8,3,5,3,280,127,4215000,1,11,1,2,2
45141,2023,8,3,5,3,70,272,5107040,28,18,0,1,1
45012,2023,3,27,2,2,101,166,2910800,51,20,0,1,1
45141,2023,8,3,5,3,101,"294,6",3201308,44,12,1,2,2
45141,2023,8,3,5,3,101,128,3205010,1,11,0,2,2
45141,2023,8,3,5,2,304,176,2400802,13,20,0,1,1
45141,2023,8,3,5,3,116,269,4304606,9,9,1,2,2
45141,2023,8,3,5,3,101,335,3202405,6,21,0,2,1
45141,2023,8,3,5,3,70,76,4108502,29,3,0,1,1
45141,2023,8,3,5,3,369,497,4106308,83,9,1,6,3
45141,2023,8,3,5,3,393,280,3300308,11,2,1,2,2
45141,2023,8,3,5,3,10,253,2105302,11,12,1,4,2
45141,2023,8,3,5,3,230,4,2503209,49,12,1,2,1
45077,2023,5,31,4,3,242,145,2925956,67,21,0,2,2
45137,2023,7,30,1,3,471,175,4315701,1,9,1,2,2
45141,2023,8,3,5,3,101,"51,9",3555406,11,15,1,5,4
45141,2023,8,3,5,3,101,"135,1",4202008,1,11,1,2,2
45141,2023,8,3,5,3,70,6,5200258,66,20,1,2,1
45141,2023,8,3,5,3,116,1,2304400,78,21,1,1,1
45141,2023,8,3,5,3,101,"147,3",3203205,1,11,1,2,2
45141,2023,8,3,5,3,101,"48,7",2600054,1,2,1,2,2
45141,2023,8,3,5,3,277,584,2303501,1,11,1,3,2
45141,2023,8,3,5,3,153,12,3115805,11,20,0,2,1
45141,2023,8,3,5,3,60,"54,5",5200308,11,9,1,2,2
45141,2023,8,3,5,3,116,221,3518800,78,9,0,3,2
45141,2023,8,3,5,3,110,"48,4",2408003,11,12,1,2,2
45141,2023,8,3,5,3,135,0,2111300,52,9,1,2,2
45141,2023,8,3,5,3,116,78,2603009,82,9,0,3,2
45141,2023,8,3,5,3,470,100,4201257,1,11,1,2,2
45141,2023,8,3,5,3,262,370,3136652,11,20,0,1,1
45141,2023,8,3,5,4,386,44,4320206,11,12,0,2,2
45141,2023,8,3,5,4,304,"47,7",2301109,51,20,1,1,1
45141,2023,8,3,5,3,101,76,2611606,51,4,0,1,1
45141,2023,8,3,5,4,101,201,4216602,52,21,1,4,3
45141,2023,8,3,5,3,50,97,5206206,83,11,1,2,2
45141,2023,8,3,5,4,343,"306,4",2200400,80,11,1,2,2
45141,2023,8,3,5,4,153,205,2309201,11,7,0,10,3
45141,2023,8,3,5,4,230,"170,6",2504009,67,12,1,2,2
45141,2023,8,3,5,4,156,820,1600501,1,11,1,2,2
45141,2023,8,3,5,4,316,75,2609907,11,21,0,1,1
45141,2023,8,3,5,4,116,"903,8",2906709,67,20,0,1,1
45141,2023,8,3,5,4,381,"456,5",3106200,1,9,1,3,2
45141,2023,8,3,5,2,110,36,2927606,1,11,0,2,2
45141,2023,8,3,5,4,282,"2,3",4205407,44,12,1,2,2
45141,2023,8,3,5,4,50,156,3170107,11,20,0,1,1
45141,2023,8,3,5,4,408,"98,5",2613701,35,2,0,2,2
45141,2023,8,3,5,4,381,262,3119401,9,1,0,1,1
45141,2023,8,3,5,4,158,"139,1",5001003,52,20,0,2,1
45141,2023,8,3,5,4,163,"258,1",5003702,49,4,1,2,2
45141,2023,8,3,5,4,470,71,4207502,11,21,1,1,1
45141,2023,8,3,5,4,101,3,2607901,60,2,1,2,2
45141,2023,8,3,5,4,392,351,2409332,16,12,0,3,2
45142,2023,8,4,6,1,470,"24,9",4207106,83,20,0,1,1
45142,2023,8,4,6,1,470,113,4206900,1,12,1,6,2
45142,2023,8,4,6,1,277,294,4120606,11,20,0,1,1
45142,2023,8,4,6,1,116,249,4318705,80,7,1,8,2
45142,2023,8,4,6,1,101,"87,5",2507507,11,4,1,1,1
45142,2023,8,4,6,1,448,18,4304606,67,4,0,1,1
45135,2023,7,28,6,1,324,610,2930709,11,21,0,2,1
45142,2023,8,4,6,1,407,"8,4",2918407,72,11,1,2,2
45134,2023,7,27,5,3,101,306,3304904,11,2,0,2,2
45142,2023,8,4,6,1,116,173,3305109,67,9,0,1,1
45142,2023,8,4,6,1,116,"6,8",2933307,83,4,1,2,1
45142,2023,8,4,6,2,116,"227,5",3518800,67,9,1,2,2
45142,2023,8,4,6,2,116,161,3524402,67,11,1,2,2
45142,2023,8,4,6,2,101,441,4215653,13,21,0,1,1
45142,2023,8,4,6,2,40,5,5300108,78,9,1,2,2
45142,2023,8,4,6,1,364,324,5102678,67,20,0,1,1
45142,2023,8,4,6,2,324,612,2927408,78,9,0,1,1
45142,2023,8,4,6,2,369,167,4103701,16,12,0,3,2
45060,2023,5,14,1,3,316,376,2101202,11,12,1,3,2
45141,2023,8,3,5,4,222,309,2313401,80,7,1,2,2
45142,2023,8,4,6,1,40,114,3301702,28,18,1,2,2
45118,2023,7,11,3,4,101,203,4216602,11,12,0,1,1
45142,2023,8,4,6,2,40,5,5221858,52,12,1,2,2
45142,2023,8,4,6,2,50,70,3170206,52,9,1,2,2
45142,2023,8,4,6,2,116,"149,2",4305108,52,9,1,2,2
45142,2023,8,4,6,2,364,712,1100205,1,11,1,2,2
45142,2023,8,4,6,2,242,800,2903201,61,15,0,6,3
45142,2023,8,4,6,1,70,340,5219258,18,3,0,3,1
45142,2023,8,4,6,2,364,711,1100205,16,12,1,2,2