id_data,ano,mes,dia,id_dia_semana,periodo,br,km,id_municipio,id_causa_acidente,id_tipo_acidente,id_uso_solo,pessoas,veiculos
45145,2023,8,7,2,2,101,393,3204401,67,9,0,2,2
45145,2023,8,7,2,2,101,"192,9",4202305,16,12,1,2,2
45145,2023,8,7,2,2,376,"4,2",4101408,20,11,1,2,2
45134,2023,7,27,5,1,369,"178,3",4122404,1,12,0,2,2
45145,2023,8,7,2,2,381,485,3106705,11,21,1,1,1
45145,2023,8,7,2,2,101,387,3304557,11,12,1,3,2
45145,2023,8,7,2,2,116,310,3304201,33,11,0,2,2
45145,2023,8,7,2,2,376,"3,9",4114203,20,4,0,3,3
45145,2023,8,7,2,2,101,"90,2",2602902,52,9,0,2,2
45145,2023,8,7,2,2,101,102,2403251,16,12,1,3,2
45145,2023,8,7,2,2,356,"152,8",3301009,1,11,0,2,2
45145,2023,8,7,2,2,101,270,3205002,11,2,1,2,2
45145,2023,8,7,2,2,381,"85,1",3550308,11,15,1,4,3
45145,2023,8,7,2,2,277,"587,8",2303501,67,12,0,2,2
45145,2023,8,7,2,2,101,471,3300100,67,12,0,2,2
45145,2023,8,7,2,2,381,"545,9",3133709,51,4,0,1,1
45145,2023,8,7,2,2,116,316,3526209,49,4,0,2,1
45145,2023,8,7,2,2,290,79,4309209,4,20,0,1,1
45145,2023,8,7,2,2,316,"7,6",2211001,11,11,1,2,2
45145,2023,8,7,2,2,285,"166,5",4312617,83,20,0,1,1
45145,2023,8,7,2,2,40,564,3144805,83,21,1,1,1
45145,2023,8,7,2,2,230,135,2504009,67,20,0,1,1
45145,2023,8,7,2,2,101,"265,8",3205002,67,21,1,1,1
45141,2023,8,3,5,4,381,85,3550308,11,2,1,2,2
45145,2023,8,7,2,2,158,"568,6",4317103,1,11,1,2,2
45145,2023,8,7,2,2,101,"327,8",3202405,80,7,0,3,2
45145,2023,8,7,2,2,163,470,2401305,67,11,0,3,2
45145,2023,8,7,2,2,101,"371,5",2911204,67,11,0,4,2
45145,2023,8,7,2,3,40,"281,7",3169356,18,20,1,5,1
45145,2023,8,7,2,3,40,"8,2",5212501,83,20,1,2,1
45145,2023,8,7,2,2,116,"106,3",3531605,83,21,0,2,1
45133,2023,7,26,4,3,101,328,3303302,44,12,0,2,2
45145,2023,8,7,2,2,465,"13,5",3305554,1,11,1,2,2
45145,2023,8,7,2,3,116,"135,5",3549904,11,12,0,3,2
45145,2023,8,7,2,3,364,"239,9",1100049,80,11,1,2,2
45145,2023,8,7,2,3,70,76,4108502,11,20,0,3,1
45145,2023,8,7,2,3,290,92,4314902,64,21,1,2,2
45145,2023,8,7,2,3,230,407,2101400,33,11,1,2,2
45123,2023,7,16,1,4,470,"282,9",4202875,80,7,0,7,2
45095,2023,6,18,1,3,226,47,2201903,11,4,1,1,1
45145,2023,8,7,2,3,116,"147,8",4305108,52,9,1,2,2
45145,2023,8,7,2,3,386,329,4312054,11,20,0,2,1
45145,2023,8,7,2,3,116,6,1507755,30,20,0,3,1
45145,2023,8,7,2,3,101,"34,9",4209102,11,4,1,2,2
45123,2023,7,16,1,3,364,1150,5102686,80,7,0,7,2
45137,2023,7,30,1,3,232,194,2612406,1,11,0,3,2
45145,2023,8,7,2,3,277,721,4108304,49,9,1,2,2
45145,2023,8,7,2,2,101,323,3303302,67,15,0,4,4
45145,2023,8,7,2,3,116,128,3508504,28,18,1,1,1
45145,2023,8,7,2,3,280,151,4210100,64,20,0,1,1
45145,2023,8,7,2,3,101,149,4208302,2,11,1,2,2
45145,2023,8,7,2,3,101,"89,8",2607901,16,12,0,2,2
45145,2023,8,7,2,3,153,"43,1",3534005,11,21,0,4,2
45145,2023,8,7,2,2,393,297,3300407,52,9,1,3,2
45145,2023,8,7,2,3,282,386,4209003,15,20,0,2,1
44933,2023,1,7,7,3,116,27,2301000,83,12,1,3,2
45145,2023,8,7,2,3,101,148,4208302,16,9,0,2,2
45145,2023,8,7,2,3,101,"120,9",4208203,11,12,0,2,2
45145,2023,8,7,2,3,277,"720,3",4108304,48,2,1,3,2
45129,2023,7,22,7,2,364,709,1100205,2,11,1,3,2
45123,2023,7,16,1,4,262,325,2401305,33,21,1,2,1
45145,2023,8,7,2,3,262,"811,5",3170107,13,21,1,3,2
45145,2023,8,7,2,4,405,"161,8",2410504,80,7,0,3,2
45145,2023,8,7,2,4,116,214,3518800,83,9,1,4,3
45145,2023,8,7,2,3,70,"380,1",5102678,1,11,1,7,2
45145,2023,8,7,2,3,364,824,1100205,5,3,0,6,2
45145,2023,8,7,2,4,101,159,4213500,15,20,1,1,1
45145,2023,8,7,2,3,40,113,3301702,13,21,1,2,1
45145,2023,8,7,2,4,230,"112,8",1504208,28,18,0,1,1
45145,2023,8,7,2,4,116,186,3546801,35,2,0,2,2
45021,2023,4,5,4,3,406,"170,2",2312403,1,11,1,3,2
45145,2023,8,7,2,4,381,838,3164407,9,20,0,3,2
45145,2023,8,7,2,3,116,"508,3",2302503,1,11,0,4,2
45145,2023,8,7,2,4,116,25,3526605,28,18,0,1,1
45145,2023,8,7,2,4,393,193,3303708,51,4,0,1,1
45145,2023,8,7,2,4,369,"171,8",4122404,11,7,1,2,2
45145,2023,8,7,2,4,376,178,4115200,52,9,1,2,2
45065,2023,5,19,6,2,101,719,2910727,67,21,0,2,1
45146,2023,8,8,3,1,104,"142,5",2512507,28,18,1,1,1
45146,2023,8,8,3,1,153,504,5201405,83,4,1,1,1
45145,2023,8,7,2,4,277,168,4117701,28,18,0,1,1
45146,2023,8,8,3,2,116,176,3305109,11,3,1,1,1
45146,2023,8,8,3,2,101,65,3204906,52,9,1,2,2
45146,2023,8,8,3,2,277,730,4108304,80,7,1,3,2
45146,2023,8,8,3,2,116,126,4107652,52,9,1,2,2
45146,2023,8,8,3,2,116,120,4106902,67,12,1,2,2
45146,2023,8,8,3,2,116,183,3546801,18,12,0,2,2
45146,2023,8,8,3,2,308,179,1508035,67,12,0,2,2
45146,2023,8,8,3,2,282,"17,9",4211900,33,11,0,3,3
45146,2023,8,8,3,2,222,"3,3",2303709,16,12,1,2,2
45146,2023,8,8,3,2,354,"19,7",3304201,51,7,0,3,2
45108,2023,7,1,7,3,101,"23,8",2927002,12,20,0,1,1
45146,2023,8,8,3,2,230,18,2507507,52,9,0,3,2
45146,2023,8,8,3,2,104,"115,2",2508307,11,12,0,5,3
45146,2023,8,8,3,2,376,459,4119905,13,20,0,2,1
45146,2023,8,8,3,2,10,456,4117602,52,9,0,2,2
45146,2023,8,8,3,2,364,"309,7",5104807,2,11,0,2,2
45146,2023,8,8,3,2,101,192,3301306,51,4,0,2,1
45146,2023,8,8,3,2,101,55,2510907,16,12,0,4,2
45146,2023,8,8,3,2,40,"2,4",5221858,78,9,1,2,2
45140,2023,8,2,4,2,262,6,5008305,1,9,1,2,2
45144,2023,8,6,1,3,101,331,3304557,13,21,0,2,1
45146,2023,8,8,3,2,116,316,3549953,15,4,0,1,1
45146,2023,8,8,3,2,101,"80,8",2408102,52,11,1,3,2
45146,2023,8,8,3,2,364,425,1100114,33,11,1,2,2
45131,2023,7,24,2,3,153,107,5219605,1,11,1,4,2
45146,2023,8,8,3,2,116,"522,2",3113404,33,11,1,3,2
45146,2023,8,8,3,2,376,307,4115754,83,3,0,1,1
45146,2023,8,8,3,2,210,12,1600303,1,11,0,2,2
45146,2023,8,8,3,2,116,26,4104006,67,3,0,1,1
45146,2023,8,8,3,2,116,99,3538006,83,21,0,1,1
45146,2023,8,8,3,2,282,"499,2",4219507,49,20,0,1,1
45146,2023,8,8,3,2,343,"343,4",2211001,33,11,1,5,2
45078,2023,6,1,5,3,427,"0,2",2403103,1,11,1,2,2
45146,2023,8,8,3,2,364,294,1100254,13,21,0,2,1
45146,2023,8,8,3,2,381,73,3550308,64,21,0,1,1
45146,2023,8,8,3,2,40,"656,9",3113206,11,20,0,1,1
45146,2023,8,8,3,2,381,88,3518800,28,18,1,2,2
45137,2023,7,30,1,3,174,1017,1303536,18,20,0,1,1
45131,2023,7,24,2,2,70,514,2211407,1,11,1,4,3
45146,2023,8,8,3,2,163,"0,5",2922102,11,20,0,1,1
45146,2023,8,8,3,2,101,488,3300100,20,12,0,2,2
45146,2023,8,8,3,2,381,506,3106705,16,12,1,3,2
45146,2023,8,8,3,2,116,17,2304400,51,20,1,1,1
45146,2023,8,8,3,2,116,"270,5",3552809,52,12,1,4,3
45146,2023,8,8,3,2,369,201,4101408,16,12,1,2,2
45146,2023,8,8,3,2,40,"43,1",3147006,1,12,1,2,2
45146,2023,8,8,3,2,230,14,2503209,44,21,1,1,1
45146,2023,8,8,3,3,153,"62,3",3549805,52,9,1,2,2
45002,2023,3,17,6,3,116,183,3303500,82,7,1,3,2
45146,2023,8,8,3,2,319,60,1100205,67,12,1,2,2
45146,2023,8,8,3,2,163,308,4115853,13,20,0,4,1
45135,2023,7,28,6,3,343,3,2211001,67,11,1,3,3
45146,2023,8,8,3,3,116,198,3304144,2,2,1,2,2
45146,2023,8,8,3,3,60,455,5211909,18,20,0,1,1
45146,2023,8,8,3,3,470,"68,1",4207502,1,12,1,4,2
45146,2023,8,8,3,3,40,"9,2",5212501,35,2,1,2,2
45146,2023,8,8,3,3,40,91,3303906,83,20,0,2,2
45146,2023,8,8,3,3,40,65,3303906,18,4,0,1,1
45146,2023,8,8,3,2,407,"129,8",2611101,11,12,1,2,2
45143,2023,8,5,7,2,101,207,4216602,16,12,0,3,3
45146,2023,8,8,3,3,153,30,3533007,1,11,0,2,2
45146,2023,8,8,3,3,116,38,4104006,67,20,0,4,1
45146,2023,8,8,3,3,381,744,3169307,56,4,0,1,1
45146,2023,8,8,3,2,116,39,3508603,6,21,0,1,1
45146,2023,8,8,3,3,101,432,3302601,4,11,0,4,2
45146,2023,8,8,3,3,324,521,2910800,52,9,1,2,2
45146,2023,8,8,3,3,101,52,3555406,11,9,1,3,2
45145,2023,8,7,2,4,101,297,3301900,11,12,0,2,2
45145,2023,8,7,2,4,324,621,2927408,18,4,1,2,1
45146,2023,8,8,3,1,116,182,3303500,56,12,1,1,1
45087,2023,6,10,7,3,381,219,3106309,9,1,0,1,1
45146,2023,8,8,3,2,101,"56,2",2702801,4,3,0,3,1
45146,2023,8,8,3,3,116,268,4304606,16,12,0,2,2
45098,2023,6,21,4,1,230,25,2507507,80,7,1,2,2
45146,2023,8,8,3,3,70,"504,9",5103403,28,18,0,1,1
45146,2023,8,8,3,3,290,"473,1",4316402,28,21,0,2,1
45146,2023,8,8,3,3,116,171,3304557,15,11,1,2,2
45146,2023,8,8,3,3,101,52,2510907,35,2,0,2,2
45146,2023,8,8,3,3,158,"194,5",4306106,33,11,1,5,2
45146,2023,8,8,3,3,101,"276,5",4207304,67,20,0,1,1
45146,2023,8,8,3,3,101,31,4321667,80,7,1,2,2
45146,2023,8,8,3,3,101,411,4201406,16,12,1,2,2
45146,2023,8,8,3,4,101,309,3304904,11,12,1,3,2
45146,2023,8,8,3,3,101,"265,7",3205002,9,21,1,1,1
45146,2023,8,8,3,4,470,"68,7",4207502,48,4,1,1,1
45146,2023,8,8,3,3,364,133,1200401,16,12,1,2,2
45146,2023,8,8,3,4,40,4,5300108,78,21,0,1,1
45146,2023,8,8,3,4,60,385,5218805,35,2,1,2,2
45146,2023,8,8,3,3,316,302,2605707,67,11,1,5,2
45146,2023,8,8,3,3,163,217,5002407,9,1,0,1,1
45146,2023,8,8,3,4,470,138,4214805,33,11,1,2,2
45146,2023,8,8,3,3,174,21,5106752,9,1,0,2,1
45146,2023,8,8,3,3,116,"216,6",4312476,67,10,0,3,2
45146,2023,8,8,3,2,470,22,4207106,1,18,0,1,1
45146,2023,8,8,3,4,101,"45,6",3555406,11,20,1,1,1
45146,2023,8,8,3,3,392,"7,2",4315602,1,11,0,2,2
45146,2023,8,8,3,4,20,22,5300108,49,4,1,1,1
45146,2023,8,8,3,4,40,52,3303906,81,2,0,3,2
45146,2023,8,8,3,3,290,"175,9",4302709,1,11,0,2,2
45146,2023,8,8,3,3,232,"117,2",2604106,1,9,0,2,2
45146,2023,8,8,3,4,470,297,4203600,49,4,0,1,1
45146,2023,8,8,3,4,381,15,3507605,67,21,0,1,1
45146,2023,8,8,3,4,50,"24,3",3103504,52,20,0,3,1
45146,2023,8,8,3,4,381,85,3550308,52,11,1,3,2
45146,2023,8,8,3,3,116,"376,2",3171501,1,11,1,2,2
45146,2023,8,8,3,4,356,"273,2",3124906,83,4,0,1,1
45146,2023,8,8,3,4,116,273,3552809,15,3,1,1,1
45147,2023,8,9,4,1,50,"184,3",3170107,46,12,0,1,1
45146,2023,8,8,3,4,369,"495,8",4106308,15,20,0,1,1
45147,2023,8,9,4,1,116,172,3305109,25,9,1,2,2
45147,2023,8,9,4,1,116,206,3518800,28,18,0,1,1
45147,2023,8,9,4,2,116,211,3518800,51,4,1,1,1
45147,2023,8,9,4,2,20,"7,2",5300108,67,20,1,2,1
45147,2023,8,9,4,1,116,318,3132701,18,20,0,2,1
45147,2023,8,9,4,2,101,46,2606804,82,11,1,2,2
45147,2023,8,9,4,2,116,"524,5",3113404,1,11,1,2,2
45147,2023,8,9,4,1,101,266,3304300,18,20,0,3,1
45147,2023,8,9,4,2,116,127,4107652,67,12,1,2,2
45147,2023,8,9,4,2,101,432,3302601,83,20,1,1,1
45147,2023,8,9,4,2,40,"1,4",5221858,78,12,0,4,2
45146,2023,8,8,3,3,116,90,3305802,64,10,0,5,2
45147,2023,8,9,4,2,343,345,2211001,52,11,1,2,2
45147,2023,8,9,4,2,277,"3,8",4118204,15,21,1,1,1
45147,2023,8,9,4,2,70,18,5300108,11,11,0,2,2
45147,2023,8,9,4,1,116,16,4104006,67,3,0,1,1
45147,2023,8,9,4,2,70,1,5200258,44,21,0,3,1
45147,2023,8,9,4,2,116,234,3304003,64,3,1,3,1
45147,2023,8,9,4,2,471,174,4315701,33,11,1,3,2
45147,2023,8,9,4,2,365,624,3170206,11,15,1,5,4
45147,2023,8,9,4,2,381,"478,8",3118601,11,21,1,1,1
45145,2023,8,7,2,2,424,"75,6",2603207,1,11,0,3,2
45147,2023,8,9,4,2,101,"120,1",4208203,52,9,0,3,2
45147,2023,8,9,4,2,163,85,3128204,1,7,0,2,2
45147,2023,8,9,4,2,316,1,2211001,1,9,0,2,2
45147,2023,8,9,4,2,20,4,5300108,67,9,1,4,3
45099,2023,6,22,5,2,101,"97,1",2408102,64,21,1,2,2
45147,2023,8,9,4,2,428,189,2611101,17,11,1,2,2
45147,2023,8,9,4,2,277,671,4115804,15,12,1,4,4
45147,2023,8,9,4,2,70,3,5200258,11,20,1,4,1
45147,2023,8,9,4,2,116,270,3552809,78,12,1,2,2
45147,2023,8,9,4,2,376,162,4115200,67,12,0,3,2
45060,2023,5,14,1,4,356,"271,3",3143906,28,21,0,1,1
45147,2023,8,9,4,2,282,"590,5",4217303,44,20,0,2,1
45128,2023,7,21,6,4,101,120,4208203,78,12,0,2,2
45147,2023,8,9,4,2,101,"66,3",2110203,11,20,0,1,1
45107,2023,6,30,6,3,277,721,4108304,46,2,1,2,2
45147,2023,8,9,4,2,277,"698,3",4125704,67,20,0,1,1
45115,2023,7,8,7,4,116,4,2304400,1,2,0,2,2
45147,2023,8,9,4,2,101,101,2504603,81,9,0,2,2
45147,2023,8,9,4,2,277,8,4118204,64,4,0,3,1
45147,2023,8,9,4,2,20,145,5200803,11,20,0,4,1
45147,2023,8,9,4,2,470,23,4207106,4,20,0,1,1
45147,2023,8,9,4,2,376,623,4125506,83,20,0,2,1
45147,2023,8,9,4,2,101,204,4216602,15,21,1,1,1
45147,2023,8,9,4,3,101,"266,4",3205002,16,12,1,3,3
45139,2023,8,1,3,2,381,89,3518800,11,9,0,2,2
45119,2023,7,12,4,3,153,164,3116902,1,11,0,2,2
45147,2023,8,9,4,3,476,"144,1",4106902,78,9,1,2,2
45147,2023,8,9,4,2,101,505,3300100,33,11,1,2,2
45147,2023,8,9,4,2,116,"497,1",3130903,1,9,0,2,2
45147,2023,8,9,4,3,324,"573,9",2929503,67,20,0,2,1
45147,2023,8,9,4,3,259,30,3201506,11,12,0,2,2
45147,2023,8,9,4,2,376,250,4101408,52,9,0,2,2
45147,2023,8,9,4,2,356,110,3301157,67,7,0,5,2
45135,2023,7,28,6,3,262,544,3138807,1,11,0,5,2
45147,2023,8,9,4,3,40,458,3109907,67,21,0,2,1
45147,2023,8,9,4,3,316,"2,3",2211001,16,9,1,2,2
45147,2023,8,9,4,3,153,495,5208707,52,12,1,2,2
45147,2023,8,9,4,3,365,"647,9",3170206,13,20,0,1,1
45129,2023,7,22,7,2,282,"516,1",4219705,49,3,0,2,1
45147,2023,8,9,4,3,116,171,3304557,52,4,1,3,1
45147,2023,8,9,4,3,153,"39,3",3534005,13,21,0,2,1
45147,2023,8,9,4,3,408,78,2610608,72,11,0,3,2
45147,2023,8,9,4,3,101,"74,8",2110203,13,21,0,2,1
45147,2023,8,9,4,3,40,"0,5",5221858,49,12,1,2,2
45147,2023,8,9,4,3,101,"269,7",3205002,17,11,1,2,2
45147,2023,8,9,4,3,116,147,3549904,11,12,1,2,2
45147,2023,8,9,4,3,116,"699,4",3143906,81,12,0,3,3
45147,2023,8,9,4,3,262,"676,7",3104007,67,12,0,3,2
45147,2023,8,9,4,3,104,"150,1",2512507,16,7,0,2,2
45147,2023,8,9,4,3,402,"248,6",2306405,7,20,0,2,1
45147,2023,8,9,4,3,116,312,3302254,1,12,0,8,3
45147,2023,8,9,4,3,232,"57,6",2611309,67,20,0,2,2
45147,2023,8,9,4,3,316,301,2208007,9,1,0,1,1
45147,2023,8,9,4,4,230,28,2507507,52,9,1,3,2
45147,2023,8,9,4,4,277,"729,8",4108304,61,2,1,3,2
45147,2023,8,9,4,4,210,11,1600303,16,12,0,2,2
45147,2023,8,9,4,4,116,161,3524402,11,4,1,1,1
45147,2023,8,9,4,4,282,21,4211900,80,10,1,2,2
45147,2023,8,9,4,4,406,"167,1",2312403,9,1,0,1,1
45147,2023,8,9,4,3,153,123,1722081,1,11,0,2,2
45147,2023,8,9,4,4,116,171,3304557,65,12,0,4,2
45147,2023,8,9,4,4,393,283,3306305,16,12,1,2,2
45147,2023,8,9,4,4,153,20,3115805,81,2,0,2,2
45147,2023,8,9,4,4,290,75,4309209,15,21,0,1,1
45147,2023,8,9,4,4,230,"151,4",2504009,82,10,0,3,2
44934,2023,1,8,1,4,101,730,2910727,18,11,0,9,2
45147,2023,8,9,4,4,282,"424,2",3170602,49,20,0,1,1
45147,2023,8,9,4,2,101,306,3304904,11,12,1,2,2
45147,2023,8,9,4,4,408,67,2610608,11,20,1,1,1
45143,2023,8,5,7,1,116,"807,4",2933307,80,7,0,4,2
45147,2023,8,9,4,4,226,43,2201903,1,2,1,2,2
45147,2023,8,9,4,4,116,"45,5",2309607,83,12,0,4,3
45147,2023,8,9,4,4,343,"267,8",2202208,60,2,1,2,2
45147,2023,8,9,4,4,262,544,3138807,1,11,0,3,2
45147,2023,8,9,4,4,465,14,3305554,11,2,1,2,2
45147,2023,8,9,4,4,381,195,3149952,28,18,0,1,1
45147,2023,8,9,4,4,316,"364,8",2101202,9,1,1,1,1
45147,2023,8,9,4,4,116,"626,3",4301305,9,20,0,1,1
45147,2023,8,9,4,4,101,102,2900702,48,2,0,2,2
45147,2023,8,9,4,4,40,497,3124104,67,20,1,1,1
45148,2023,8,10,5,1,277,"584,4",2303501,83,4,1,1,1
45148,2023,8,10,5,1,476,148,4101804,67,20,1,1,1
45148,2023,8,10,5,1,365,640,3170206,9,1,0,1,1
45148,2023,8,10,5,1,282,1,4205407,11,3,1,1,1
45148,2023,8,10,5,1,101,"190,7",4202305,11,20,0,2,1
45148,2023,8,10,5,1,116,"75,1",2500775,35,2,1,2,2
45148,2023,8,10,5,2,116,120,4106902,67,21,1,2,2
45148,2023,8,10,5,2,116,"702,3",3143906,33,11,1,2,2
45147,2023,8,9,4,3,364,612,5106224,82,20,0,2,1
45148,2023,8,10,5,2,116,277,3168606,67,12,1,3,2
45148,2023,8,10,5,2,116,"828,2",2933307,33,11,1,4,3
45148,2023,8,10,5,2,116,"110,3",3301850,67,12,1,2,2
45148,2023,8,10,5,2,116,210,3518800,11,3,1,1,1
45148,2023,8,10,5,2,381,498,3106705,78,9,0,3,2
45148,2023,8,10,5,2,343,339,2211001,16,12,0,2,2
45148,2023,8,10,5,2,290,"105,3",4306767,67,21,0,1,1
45148,2023,8,10,5,2,381,"456,2",3106200,80,7,1,2,2
45148,2023,8,10,5,2,60,392,5218805,67,4,0,1,1
45148,2023,8,10,5,2,376,130,4116901,51,4,0,1,1
45148,2023,8,10,5,2,101,"411,2",4201406,2,11,1,2,2
45148,2023,8,10,5,2,369,"158,1",4103701,52,9,0,2,2
45148,2023,8,10,5,2,222,"0,5",2304400,52,9,1,3,2
45148,2023,8,10,5,2,116,19,2306256,64,21,1,1,1
45128,2023,7,21,6,2,226,"98,4",2411205,52,11,1,2,2
45147,2023,8,9,4,4,319,576,1301704,67,20,0,5,1
45148,2023,8,10,5,2,110,167,2926608,16,9,1,2,2
45148,2023,8,10,5,2,116,191,3303500,78,9,1,2,2
45108,2023,7,1,7,3,153,"394,9",5217302,13,21,0,2,1
45148,2023,8,10,5,2,277,80,4106902,78,9,1,2,2
45148,2023,8,10,5,2,470,247,4204806,49,20,0,2,1
45148,2023,8,10,5,2,116,"52,5",4212205,11,9,0,2,2
45148,2023,8,10,5,2,101,65,3301009,52,9,1,3,2
45148,2023,8,10,5,2,277,"599,4",2303501,16,12,1,2,2
45148,2023,8,10,5,2,116,"50,1",3527207,9,12,1,2,2
45148,2023,8,10,5,2,235,"0,8",2800308,52,9,1,2,2
45148,2023,8,10,5,2,116,218,3518800,67,12,1,2,2
45148,2023,8,10,5,2,116,467,3168408,80,7,0,3,2
45148,2023,8,10,5,2,101,117,4208203,11,9,0,2,2
45128,2023,7,21,6,3,101,200,2922300,82,7,0,3,2
45148,2023,8,10,5,2,70,6,5300108,11,9,1,3,2
45148,2023,8,10,5,2,116,83,4119509,11,20,0,1,1
45148,2023,8,10,5,2,101,"205,1",4216602,52,9,1,2,2
45129,2023,7,22,7,3,364,352,5213103,11,12,0,1,1
45148,2023,8,10,5,2,222,"372,8",2108504,16,12,0,3,2
45148,2023,8,10,5,2,153,"43,5",4307005,67,21,0,1,1
45000,2023,3,15,4,3,101,"92,8",4202107,16,12,0,2,2
45004,2023,3,19,1,3,376,39,4117107,28,21,0,1,1
45148,2023,8,10,5,3,116,"263,3",4304606,33,11,1,3,2
45140,2023,8,2,4,4,163,"265,7",5003702,35,2,0,2,2
45148,2023,8,10,5,2,116,"64,3",4104006,64,20,0,2,2
45141,2023,8,3,5,1,101,"713,9",2910727,1,11,0,2,2
45148,2023,8,10,5,2,163,466,2401305,67,4,0,1,1
45116,2023,7,9,1,4,293,"300,6",4317103,1,7,0,2,2
45148,2023,8,10,5,3,116,170,3304557,11,12,1,2,2
45090,2023,6,13,3,2,101,60,2611606,10,2,0,3,2
45148,2023,8,10,5,3,116,128,3508504,11,12,1,2,2
45148,2023,8,10,5,3,465,17,3303500,1,11,1,4,2
45148,2023,8,10,5,3,40,"7,1",5221858,1,12,0,2,2
45148,2023,8,10,5,3,101,270,3205002,80,11,1,2,2
45148,2023,8,10,5,2,262,"24,6",3154150,16,9,0,2,2
45148,2023,8,10,5,3,10,256,2105302,1,10,1,3,2
45148,2023,8,10,5,3,116,218,3518800,11,12,1,2,2
45148,2023,8,10,5,3,116,2,4314902,52,9,1,2,2
45148,2023,8,10,5,2,153,281,5214861,67,12,0,3,3
45148,2023,8,10,5,3,304,"42,1",2408003,52,9,0,3,2
45144,2023,8,6,1,4,116,94,4125506,67,20,1,1,1
45148,2023,8,10,5,3,376,553,4117701,11,20,0,1,1
45148,2023,8,10,5,3,116,301,3304110,83,12,0,2,2
45148,2023,8,10,5,3,116,"815,5",3101508,2,11,1,2,2
45148,2023,8,10,5,3,381,482,3106705,11,12,1,2,2
45148,2023,8,10,5,3,381,"487,5",3106705,11,12,1,2,2
45148,2023,8,10,5,3,60,"550,1",5005806,80,7,0,2,2
45143,2023,8,5,7,3,104,84,2600302,67,10,0,3,2
45148,2023,8,10,5,3,369,3,4111803,11,21,0,1,1
45148,2023,8,10,5,3,116,"267,8",4304606,52,9,1,2,2
45148,2023,8,10,5,3,116,223,3518800,67,12,1,2,2
45144,2023,8,6,1,2,381,87,3518800,52,9,0,2,1
45148,2023,8,10,5,2,343,646,2205300,67,20,0,2,1
45148,2023,8,10,5,3,317,280,1200252,82,12,1,3,2
45148,2023,8,10,5,3,116,488,3509254,20,11,1,2,2
45148,2023,8,10,5,3,116,114,4106902,78,12,0,6,2
45148,2023,8,10,5,4,277,723,4108304,1,11,0,2,2
45148,2023,8,10,5,3,101,260,3205002,16,12,0,3,2
45148,2023,8,10,5,4,116,20,2306256,48,2,1,2,2
45138,2023,7,31,2,2,10,257,2105302,81,11,1,2,2
45148,2023,8,10,5,3,163,793,5108501,82,20,0,1,1
45148,2023,8,10,5,4,20,402,2303709,80,7,0,4,2
45148,2023,8,10,5,4,116,196,3503901,51,4,0,1,1
45148,2023,8,10,5,3,101,"441,9",4215653,67,4,0,1,1
45003,2023,3,18,7,2,153,495,4108502,64,20,0,4,1
45148,2023,8,10,5,4,116,"304,6",3304201,67,12,0,2,2
45148,2023,8,10,5,4,101,68,2611606,52,21,1,2,2
45148,2023,8,10,5,4,101,80,2607901,16,12,1,3,2
45148,2023,8,10,5,3,50,176,3170107,16,12,1,2,2
45148,2023,8,10,5,4,116,"1,3",2933307,67,20,0,1,1
45148,2023,8,10,5,3,365,622,3170206,52,9,0,2,2
45148,2023,8,10,5,3,365,613,3170206,67,10,1,2,2
45148,2023,8,10,5,4,101,401,3302007,11,4,0,1,1
45148,2023,8,10,5,3,153,476,4120309,60,2,0,2,2
45148,2023,8,10,5,4,116,"187,5",3303500,67,21,1,1,1
45148,2023,8,10,5,4,232,40,2616407,11,20,0,1,1
45148,2023,8,10,5,4,364,698,1100205,20,11,0,2,2
45148,2023,8,10,5,4,316,"31,3",2601102,9,1,0,1,1
45148,2023,8,10,5,4,101,245,3205002,67,4,0,3,1
45148,2023,8,10,5,4,364,344,1100122,17,11,1,3,2
45148,2023,8,10,5,4,101,41,4209102,11,21,1,1,1
45148,2023,8,10,5,4,40,"16,5",5212501,67,20,1,1,1
45149,2023,8,11,6,1,381,"52,9",3504107,67,9,1,4,4
45148,2023,8,10,5,4,364,341,1100122,33,11,0,4,2
45148,2023,8,10,5,4,116,"7,2",2304400,80,7,1,3,2
45149,2023,8,11,6,1,386,"219,9",4321469,49,12,0,3,2
45149,2023,8,11,6,1,381,502,3106705,11,20,1,1,1
45148,2023,8,10,5,4,174,226,5106828,80,7,0,5,3
45149,2023,8,11,6,1,470,"325,5",2516805,67,20,0,1,1
45149,2023,8,11,6,1,101,"202,8",4216602,83,21,1,1,1
45149,2023,8,11,6,1,116,131,4107652,11,1,0,1,1
45149,2023,8,11,6,1,277,706,4124053,52,9,0,5,3
45149,2023,8,11,6,1,470,"35,2",4205902,67,10,0,2,2
45149,2023,8,11,6,1,421,30,1100023,11,4,0,1,1
45149,2023,8,11,6,1,40,"0,5",3300951,67,4,0,3,2
45149,2023,8,11,6,1,280,51,4206504,35,2,0,3,2
45149,2023,8,11,6,2,158,322,2409332,49,4,1,4,1
45149,2023,8,11,6,2,282,6,4216602,52,9,1,2,2
45148,2023,8,10,5,3,210,248,1600154,80,7,0,2,2
45149,2023,8,11,6,1,116,11,2933307,1,11,1,2,2
45149,2023,8,11,6,2,381,493,3106705,78,12,1,2,2
45149,2023,8,11,6,2,262,195,3136207,11,12,0,2,2
45149,2023,8,11,6,1,116,"807,3",3101508,83,20,0,1,1
45149,2023,8,11,6,2,40,115,3301702,52,9,1,2,2
45149,2023,8,11,6,2,101,148,3203205,16,12,0,2,2
45149,2023,8,11,6,2,50,280,5205109,1,11,1,2,2
45149,2023,8,11,6,2,116,411,3127701,11,2,1,2,2
45149,2023,8,11,6,2,153,"41,8",4124103,51,12,1,3,2
45149,2023,8,11,6,2,50,174,3170107,13,21,1,2,1