id_data,ano,mes,dia,id_dia_semana,periodo,br,km,id_municipio,id_causa_acidente,id_tipo_acidente,id_uso_solo,pessoas,veiculos
45155,2023,8,17,5,4,476,"286,5",4125605,1,9,0,5,3
45144,2023,8,6,1,2,116,186,3303500,11,12,1,4,2
45155,2023,8,17,5,4,40,71,3303906,18,20,0,1,1
45155,2023,8,17,5,4,290,580,4300406,67,20,1,4,1
45155,2023,8,17,5,2,101,"202,2",4216602,16,12,1,2,2
45155,2023,8,17,5,4,369,507,2303501,83,15,0,11,3
45156,2023,8,18,6,1,376,"251,9",4101408,67,18,0,1,1
45156,2023,8,18,6,1,153,570,1718899,11,20,0,2,1
45156,2023,8,18,6,1,470,171,4322806,56,4,0,2,1
45155,2023,8,17,5,3,470,158,4313300,1,11,1,2,2
45156,2023,8,18,6,1,153,493,5208707,28,18,1,1,1
45156,2023,8,18,6,1,40,4,5300108,49,4,1,1,1
45156,2023,8,18,6,1,290,"341,4",4319604,9,1,0,5,1
45156,2023,8,18,6,1,343,"306,2",2200400,67,9,1,2,2
45156,2023,8,18,6,2,116,227,3550308,52,9,0,2,2
45156,2023,8,18,6,2,290,69,4309209,11,12,1,4,2
45156,2023,8,18,6,2,153,"529,8",2305209,5,9,1,2,2
45156,2023,8,18,6,2,101,201,4216602,1,9,1,4,2
45156,2023,8,18,6,2,101,"211,1",4211900,49,12,1,3,3
45156,2023,8,18,6,2,116,634,3122009,11,20,0,1,1
45156,2023,8,18,6,2,392,"346,5",2409332,2,11,1,3,2
45156,2023,8,18,6,1,116,147,3549904,11,4,0,1,1
45156,2023,8,18,6,2,116,"684,5",3143906,2,9,0,2,2
45156,2023,8,18,6,2,369,199,4101408,83,12,0,3,2
45156,2023,8,18,6,1,407,"0,7",2918407,49,7,1,2,2
45156,2023,8,18,6,2,20,11,5208004,1,11,0,3,2
45156,2023,8,18,6,2,101,396,3204401,33,11,1,3,2
45156,2023,8,18,6,2,116,115,4106902,67,12,1,3,2
45156,2023,8,18,6,2,40,46,3303906,28,21,0,2,1
45156,2023,8,18,6,2,153,504,5201405,52,9,0,3,2
45156,2023,8,18,6,2,110,"47,6",2408003,52,7,1,3,3
45156,2023,8,18,6,2,465,6,3305554,11,20,0,1,1
45156,2023,8,18,6,2,101,"146,8",4208302,67,2,0,2,2
45156,2023,8,18,6,2,343,338,2211001,2,12,1,2,2
45156,2023,8,18,6,2,116,420,2910800,4,21,1,1,1
45156,2023,8,18,6,2,116,270,3552809,52,9,1,5,4
45156,2023,8,18,6,2,381,942,3125101,1,9,0,3,2
45156,2023,8,18,6,2,116,"488,5",4322327,80,20,0,2,1
45156,2023,8,18,6,2,463,107,5006606,81,12,1,2,2
45156,2023,8,18,6,2,116,207,3518800,52,9,1,2,2
45156,2023,8,18,6,2,470,"179,8",4213708,33,11,0,3,2
45156,2023,8,18,6,2,251,"505,2",3126703,67,21,0,1,1
45156,2023,8,18,6,2,381,485,3106705,1,21,1,2,1
45156,2023,8,18,6,2,290,"91,2",4314902,52,12,1,3,2
45156,2023,8,18,6,2,101,"115,9",4208203,16,12,1,2,2
45156,2023,8,18,6,2,153,"435,5",5201108,67,15,1,3,3
45156,2023,8,18,6,2,101,"275,9",4207304,49,4,0,1,1
45156,2023,8,18,6,2,116,280,3300407,67,12,0,2,2
45156,2023,8,18,6,2,163,996,1506807,82,9,0,3,2
45156,2023,8,18,6,2,376,"533,5",4117701,67,20,0,1,1
45156,2023,8,18,6,2,316,"24,9",1501501,11,12,0,3,2
45156,2023,8,18,6,2,381,"862,9",3152501,83,15,0,11,5
45156,2023,8,18,6,2,60,37,5208707,16,12,1,2,2
45132,2023,7,25,3,2,101,515,3300100,83,20,0,5,1
45156,2023,8,18,6,2,277,"102,5",4106902,67,12,0,6,2
45156,2023,8,18,6,2,40,"628,7",3118304,20,11,0,2,2
45136,2023,7,29,7,3,101,"199,1",4216602,83,21,1,2,1
45156,2023,8,18,6,2,230,"185,3",2512002,16,12,0,4,2
45156,2023,8,18,6,2,20,"16,4",5300108,11,21,1,1,1
45156,2023,8,18,6,2,101,149,3203205,17,11,1,3,3
45156,2023,8,18,6,2,393,"284,2",3306305,67,12,1,2,2
45156,2023,8,18,6,2,381,"453,3",3156700,81,9,1,2,2
45156,2023,8,18,6,2,277,726,4108304,67,12,0,2,2
45156,2023,8,18,6,2,285,"390,4",4316709,15,7,0,6,2
45156,2023,8,18,6,2,101,"331,6",4218707,16,12,0,3,3
45156,2023,8,18,6,2,116,245,4318705,16,12,1,6,2
45156,2023,8,18,6,2,277,2,4108304,64,20,1,1,1
45156,2023,8,18,6,1,459,"71,5",3165800,21,20,0,1,1
45156,2023,8,18,6,2,116,271,3300407,67,12,0,2,2
45156,2023,8,18,6,3,282,17,4211900,1,11,1,2,2
45156,2023,8,18,6,3,153,"62,5",3549805,78,9,1,2,2
45156,2023,8,18,6,3,70,8,5300108,67,12,1,2,2
45156,2023,8,18,6,3,158,"145,7",4313904,67,20,0,1,1
45156,2023,8,18,6,3,158,"137,5",5001003,82,7,0,3,2
45156,2023,8,18,6,3,242,423,2929909,1,11,0,2,2
45156,2023,8,18,6,3,222,"2,5",2304400,16,12,1,3,3
45156,2023,8,18,6,3,116,439,3542602,11,20,1,2,1
45156,2023,8,18,6,3,101,"298,1",2112803,67,4,1,1,1
45156,2023,8,18,6,3,116,169,3304557,11,12,1,2,2
45156,2023,8,18,6,3,146,"477,9",3105301,33,11,0,2,2
45156,2023,8,18,6,3,158,"532,1",4118501,1,11,1,5,2
45156,2023,8,18,6,3,60,"422,2",5007901,20,7,1,4,2
45156,2023,8,18,6,3,493,23,3302502,11,10,1,3,2
45145,2023,8,7,2,1,20,"401,5",2303709,1,11,0,2,2
45156,2023,8,18,6,3,324,"561,9",2901106,16,15,0,6,6
45156,2023,8,18,6,3,101,198,4216602,83,12,1,2,2
45156,2023,8,18,6,3,116,"226,8",3518800,67,12,1,2,2
45156,2023,8,18,6,3,153,701,1703867,33,11,0,2,2
45156,2023,8,18,6,3,116,248,4318705,52,9,1,2,2
45122,2023,7,15,7,3,101,296,3201308,67,12,0,2,2
45156,2023,8,18,6,3,40,119,3301702,67,12,1,1,1
45156,2023,8,18,6,3,381,3,3556354,66,4,1,2,1
45156,2023,8,18,6,3,262,185,3161007,20,11,0,5,2
45156,2023,8,18,6,3,282,"3,8",4205407,28,18,1,1,1
45156,2023,8,18,6,3,364,701,1100205,16,12,1,1,1
45156,2023,8,18,6,3,116,71,2500775,83,9,1,3,3
45156,2023,8,18,6,2,230,"309,8",2203909,49,12,1,2,2
45156,2023,8,18,6,3,104,"81,4",2600302,20,11,0,2,2
45156,2023,8,18,6,3,101,475,3300100,80,7,1,4,3
45156,2023,8,18,6,3,369,139,4109807,1,11,1,2,2
45156,2023,8,18,6,3,70,5,5300108,78,12,1,5,3
45156,2023,8,18,6,3,116,142,3549904,11,15,1,5,5
45156,2023,8,18,6,3,101,76,2707701,4,20,0,1,1
45156,2023,8,18,6,3,230,156,2504009,33,11,0,3,2
45156,2023,8,18,6,3,381,854,3152501,11,4,0,1,1
45156,2023,8,18,6,3,465,15,3305554,11,11,1,2,2
45156,2023,8,18,6,3,428,192,2611101,16,12,1,2,2
45156,2023,8,18,6,3,153,"62,5",3549805,11,12,1,2,2
45156,2023,8,18,6,3,116,"267,7",4203253,1,11,0,5,2
45156,2023,8,18,6,3,423,"76,5",2608255,3,3,0,1,1
45152,2023,8,14,2,3,285,"121,6",4322509,1,21,1,2,2
45156,2023,8,18,6,3,262,6,5008305,80,11,1,2,2
45156,2023,8,18,6,3,116,659,4311007,67,15,1,3,3
45156,2023,8,18,6,3,40,576,3131901,33,11,1,6,2
45156,2023,8,18,6,3,101,"93,5",2804805,18,21,1,1,1
45156,2023,8,18,6,3,116,"94,3",4125506,78,12,0,2,2
45156,2023,8,18,6,3,101,"55,8",4209102,11,12,0,3,2
45156,2023,8,18,6,3,222,"39,6",2303709,16,12,0,3,2
45156,2023,8,18,6,3,116,175,3305109,78,9,1,1,1
45156,2023,8,18,6,4,386,"214,5",4321469,20,10,1,2,2
45156,2023,8,18,6,4,470,"67,7",4207502,11,11,1,2,2
45156,2023,8,18,6,3,40,101,3301702,67,11,0,3,2
45156,2023,8,18,6,4,381,86,3550308,61,2,1,5,4
45156,2023,8,18,6,3,376,"139,6",4116901,11,9,1,2,2
45156,2023,8,18,6,3,376,"139,1",4116901,35,2,0,2,2
45156,2023,8,18,6,3,101,"716,2",2910727,67,12,1,2,2
45156,2023,8,18,6,3,101,"56,7",4201307,11,12,1,2,2
45156,2023,8,18,6,3,116,104,3554102,67,12,0,2,2
45156,2023,8,18,6,4,40,124,3304557,67,21,1,1,1
45156,2023,8,18,6,3,153,80,4207809,15,3,0,2,1
45144,2023,8,6,1,2,364,711,1100205,1,9,1,1,1
45156,2023,8,18,6,4,116,426,2910800,82,7,1,2,2
45156,2023,8,18,6,3,277,83,4106902,67,12,1,2,2
45156,2023,8,18,6,4,116,"702,4",3143906,67,2,1,2,2
45156,2023,8,18,6,3,476,192,4113205,80,7,1,4,2
45156,2023,8,18,6,3,116,105,3554102,67,15,1,3,3
45156,2023,8,18,6,4,101,"258,7",4212304,67,4,0,2,1
45156,2023,8,18,6,4,287,269,2409332,18,7,0,5,2
45156,2023,8,18,6,3,280,"80,4",4204509,1,11,1,2,2
45156,2023,8,18,6,4,408,98,2613701,9,1,0,2,1
45156,2023,8,18,6,4,101,"15,8",3204054,60,2,1,2,2
45156,2023,8,18,6,3,10,153,2109007,67,3,0,1,1
45156,2023,8,18,6,4,343,47,2202000,44,12,1,3,2
45156,2023,8,18,6,4,222,"2,2",2304400,1,9,1,3,2
45156,2023,8,18,6,4,101,287,3201308,83,4,1,2,1
45156,2023,8,18,6,4,101,"82,1",2408102,48,7,1,2,2
45156,2023,8,18,6,4,135,"16,9",2111300,16,12,0,4,3
45156,2023,8,18,6,4,101,"199,6",4216602,52,12,0,3,2
45156,2023,8,18,6,4,116,186,3546801,67,20,0,4,1
45156,2023,8,18,6,4,365,"620,1",3170206,11,20,1,1,1
45156,2023,8,18,6,4,376,541,4117701,13,3,0,1,1
45156,2023,8,18,6,4,488,"0,5",2500775,49,9,1,2,2
45156,2023,8,18,6,4,163,263,5003702,64,20,0,1,1
45156,2023,8,18,6,4,116,"534,2",3159357,9,1,0,1,1
45156,2023,8,18,6,4,324,522,2910800,49,15,1,2,2
45156,2023,8,18,6,4,163,106,5004601,4,20,0,2,1
45156,2023,8,18,6,4,277,1,4118204,81,12,1,2,2
45156,2023,8,18,6,4,493,66,3303500,35,2,0,2,2
45157,2023,8,19,7,1,418,87,2923001,83,4,1,1,1
45156,2023,8,18,6,4,290,273,4303004,82,7,0,3,2
45156,2023,8,18,6,4,356,56,3302205,49,4,0,1,1
45157,2023,8,19,7,1,392,347,2409332,49,20,1,2,1
45157,2023,8,19,7,1,277,98,4106902,11,20,1,1,1
45157,2023,8,19,7,1,101,317,4212650,67,12,0,2,2
45152,2023,8,14,2,2,324,586,2906501,11,20,0,4,1
45157,2023,8,19,7,1,40,22,5212501,67,20,1,1,1
45157,2023,8,19,7,1,381,506,3162922,11,12,1,5,2
45157,2023,8,19,7,1,376,450,4119905,11,3,0,1,1
45157,2023,8,19,7,1,101,"49,8",4209102,49,4,0,1,1
45157,2023,8,19,7,1,153,"577,1",5218391,18,20,0,1,1
45157,2023,8,19,7,1,163,487,2401305,49,20,1,1,1
45157,2023,8,19,7,1,392,"350,9",2409332,1,11,1,4,2
45157,2023,8,19,7,1,101,"276,9",4207304,49,4,0,1,1
45157,2023,8,19,7,1,101,212,4211900,83,4,1,1,1
45157,2023,8,19,7,2,116,"148,4",4305108,83,20,1,1,1
45157,2023,8,19,7,1,376,363,4117305,83,20,0,2,1
45157,2023,8,19,7,2,153,67,3549805,49,20,1,1,1
45157,2023,8,19,7,1,153,387,4303004,80,10,0,2,2
45157,2023,8,19,7,1,101,"121,4",4208203,16,12,1,2,2
45157,2023,8,19,7,2,230,"67,8",2515971,11,20,0,1,1
45157,2023,8,19,7,2,101,8,2606200,4,4,0,1,1
45157,2023,8,19,7,2,277,723,4108304,2,11,1,2,2
45156,2023,8,18,6,4,365,633,3170206,11,20,0,1,1
45157,2023,8,19,7,1,376,"658,5",4127601,28,18,0,2,1
45157,2023,8,19,7,1,259,"84,5",3200805,11,21,0,1,1
45157,2023,8,19,7,2,381,903,3110608,11,20,0,2,1
45135,2023,7,28,6,3,381,491,3106705,78,9,1,2,2
45157,2023,8,19,7,1,381,536,3133709,16,12,0,2,2
45010,2023,3,25,7,1,101,190,4202305,83,4,0,4,3
45157,2023,8,19,7,1,116,724,3138005,9,1,0,2,1
45157,2023,8,19,7,2,101,312,3304904,16,12,1,2,2
45157,2023,8,19,7,2,116,134,3508504,28,18,0,1,1
45157,2023,8,19,7,2,364,"267,3",1100049,3,20,0,2,1
45157,2023,8,19,7,2,393,284,3306305,16,12,1,3,2
45157,2023,8,19,7,2,101,"96,4",3203056,11,12,0,4,2
45157,2023,8,19,7,2,163,"584,5",4102406,11,20,0,1,1
45157,2023,8,19,7,2,116,149,3549904,16,15,1,4,3
45156,2023,8,18,6,4,364,257,1100049,18,20,0,1,1
45138,2023,7,31,2,1,356,96,3301157,25,9,0,3,2
45157,2023,8,19,7,2,40,"378,4",3120904,11,20,0,1,1
45157,2023,8,19,7,2,153,523,2305209,11,2,0,3,2
45157,2023,8,19,7,1,277,75,4106902,83,20,0,1,1
45157,2023,8,19,7,2,153,525,2305209,51,12,0,2,2
45157,2023,8,19,7,2,40,60,3303906,67,20,0,6,2
45157,2023,8,19,7,2,20,348,2303006,1,2,1,3,2
45157,2023,8,19,7,2,381,828,3164407,13,21,0,2,1
45157,2023,8,19,7,2,381,485,3106705,16,15,0,3,3
45157,2023,8,19,7,2,381,815,3113602,11,20,0,1,1
45157,2023,8,19,7,2,316,270,2708907,18,7,0,2,2
45157,2023,8,19,7,2,277,"726,5",4108304,82,9,1,3,2
45157,2023,8,19,7,2,230,"64,6",2515005,67,20,0,3,1
45157,2023,8,19,7,2,235,2,2800308,1,9,1,2,2
45157,2023,8,19,7,2,101,194,4202305,13,21,1,1,1
45157,2023,8,19,7,2,163,"0,1",2922102,67,20,0,1,1
45157,2023,8,19,7,2,277,"616,2",4105300,28,18,0,1,1
45157,2023,8,19,7,2,364,"195,1",1100189,82,9,1,2,2
45157,2023,8,19,7,2,101,"69,1",2611606,12,21,1,1,1
45157,2023,8,19,7,2,101,"331,5",4218707,11,4,1,1,1
45157,2023,8,19,7,2,324,519,2910800,16,12,0,2,2
45157,2023,8,19,7,2,116,"125,2",3133303,11,20,0,1,1
45157,2023,8,19,7,3,381,264,3168705,2,9,0,2,2
45157,2023,8,19,7,2,116,"699,9",3143906,80,7,1,5,2
45157,2023,8,19,7,2,324,620,2927408,52,9,1,2,1
45157,2023,8,19,7,2,101,42,3555406,1,11,0,4,3
45157,2023,8,19,7,3,40,559,3144805,67,21,0,2,1
44989,2023,3,4,7,4,376,176,4115200,52,9,1,2,2
45157,2023,8,19,7,3,381,455,3106200,83,7,1,2,2
45157,2023,8,19,7,2,60,"15,2",5200308,49,20,0,2,1
45157,2023,8,19,7,3,60,"89,8",5201108,67,4,1,2,1
45157,2023,8,19,7,3,101,"237,7",3202207,11,4,1,1,1
45157,2023,8,19,7,2,116,183,3303500,16,12,1,3,2
45157,2023,8,19,7,3,116,"52,5",3527207,28,21,0,2,1
45157,2023,8,19,7,3,262,158,3202454,49,12,1,2,2
45157,2023,8,19,7,3,116,269,3552809,1,11,1,2,2
45157,2023,8,19,7,3,470,"1,2",4211306,61,2,1,2,2
45157,2023,8,19,7,3,316,"488,8",2103307,49,7,1,4,2
45157,2023,8,19,7,3,277,110,4104204,1,7,1,3,2
45157,2023,8,19,7,3,316,"6,5",2211001,16,12,1,2,2
45157,2023,8,19,7,3,116,27,2301000,49,11,0,2,2
45157,2023,8,19,7,2,230,268,2110005,80,7,0,4,2
45157,2023,8,19,7,3,101,216,4211900,33,11,0,4,2
45157,2023,8,19,7,2,20,385,2208205,35,2,0,2,2
45157,2023,8,19,7,3,101,"290,3",3201308,67,21,0,2,1
45157,2023,8,19,7,3,364,268,5104807,11,20,0,1,1
45157,2023,8,19,7,3,116,"425,8",3101805,28,18,0,1,1
45157,2023,8,19,7,3,222,310,2313401,33,11,1,4,3
45157,2023,8,19,7,3,116,"304,3",3132701,1,11,0,2,2
45157,2023,8,19,7,3,101,96,2504603,67,12,1,2,2
45157,2023,8,19,7,4,116,"469,8",3168408,1,7,0,4,2
45157,2023,8,19,7,3,467,"92,5",2303501,83,20,0,1,1
45157,2023,8,19,7,4,101,57,3204906,67,12,0,3,2
45157,2023,8,19,7,3,267,28,5001904,1,21,1,1,1
45157,2023,8,19,7,3,232,305,2614105,9,1,0,2,1
45157,2023,8,19,7,4,101,463,4212254,11,21,0,1,1
45157,2023,8,19,7,4,153,"75,7",3504602,67,12,1,3,2
45157,2023,8,19,7,4,101,"141,7",3203205,1,7,1,3,2
45157,2023,8,19,7,4,293,13,4304663,80,10,1,2,2
45157,2023,8,19,7,3,10,"320,8",2100055,82,9,1,2,2
45157,2023,8,19,7,4,101,44,4321436,1,12,1,3,2
45157,2023,8,19,7,4,40,"12,9",5212501,48,2,1,2,2
45157,2023,8,19,7,4,101,486,3300100,67,12,1,2,2
45157,2023,8,19,7,4,259,57,3201506,49,12,0,2,2
45157,2023,8,19,7,4,153,"313,8",5218607,67,20,0,1,1
45157,2023,8,19,7,4,101,"905,1",2923001,83,20,0,2,1
45157,2023,8,19,7,3,116,176,3305109,29,4,1,2,1
45157,2023,8,19,7,4,469,"12,5",4108304,12,9,1,2,2
45157,2023,8,19,7,4,60,"27,2",5200308,67,12,0,3,2
45157,2023,8,19,7,4,158,"300,4",4310538,49,7,0,2,2
45157,2023,8,19,7,4,381,"4,5",3106705,49,4,0,1,1
45130,2023,7,23,1,1,392,"257,5",4302808,1,11,1,3,2
45157,2023,8,19,7,4,423,"90,5",2606002,49,12,0,4,2
45157,2023,8,19,7,4,116,"817,1",2933307,67,20,0,1,1
45157,2023,8,19,7,3,364,222,1200500,28,2,0,2,2
45156,2023,8,18,6,3,116,243,3304003,1,2,1,2,2
45157,2023,8,19,7,4,459,"31,8",3527207,35,2,1,2,2
45157,2023,8,19,7,4,470,"247,3",4204806,83,20,1,2,1
45157,2023,8,19,7,4,280,66,4208906,20,11,1,2,2
45157,2023,8,19,7,4,232,"94,3",2606408,4,20,0,4,1
45157,2023,8,19,7,4,10,456,4117602,12,12,0,2,2
45157,2023,8,19,7,4,116,"68,2",3531605,1,11,1,3,2
45157,2023,8,19,7,4,153,"274,6",3533700,49,20,0,2,2
45157,2023,8,19,7,4,365,165,3151206,35,2,1,2,2
45157,2023,8,19,7,4,393,"134,5",1507755,67,3,1,1,1
45157,2023,8,19,7,4,60,168,5200050,11,9,1,2,2
45157,2023,8,19,7,3,163,"113,5",1502202,80,7,0,2,2
45157,2023,8,19,7,4,10,331,1507607,11,7,0,2,2
45157,2023,8,19,7,3,174,306,5106752,11,7,0,4,2
45157,2023,8,19,7,4,146,"418,1",3144102,83,4,0,1,1
45157,2023,8,19,7,4,280,"58,9",4206504,83,4,1,1,1
45157,2023,8,19,7,3,116,"701,9",3143906,33,11,1,2,2
45157,2023,8,19,7,4,364,315,1100254,13,21,0,2,1
45157,2023,8,19,7,4,493,"63,2",3303500,28,18,0,1,1
45157,2023,8,19,7,4,101,"506,9",3300100,49,11,1,2,2
45158,2023,8,20,1,1,50,184,3170107,9,1,0,5,1
45158,2023,8,20,1,1,262,"408,5",3130200,19,20,0,1,1
45158,2023,8,20,1,1,116,114,3554102,52,9,0,2,2
45158,2023,8,20,1,1,116,229,3550308,67,9,1,2,2
45158,2023,8,20,1,1,116,241,4318705,67,12,1,3,2
45158,2023,8,20,1,1,116,128,4107652,80,7,1,7,3
45158,2023,8,20,1,1,50,184,3170107,9,1,0,1,1
45158,2023,8,20,1,1,476,"156,2",4101804,80,10,0,2,2
45157,2023,8,19,7,4,116,11,2933307,33,11,0,3,2
45158,2023,8,20,1,1,101,393,3304557,1,2,0,3,2
45247,2023,11,17,6,2,381,490,3106705,86,7,1,2,2
45158,2023,8,20,1,1,101,209,4216602,11,3,0,1,1
45158,2023,8,20,1,1,470,"247,4",4204806,83,4,1,2,1
45158,2023,8,20,1,1,153,681,1709500,49,20,0,1,1
45157,2023,8,19,7,3,110,"382,4",2929503,67,10,0,5,2
45158,2023,8,20,1,1,163,352,3517406,49,10,0,2,2
45158,2023,8,20,1,1,282,"538,1",4204202,11,20,0,1,1
45158,2023,8,20,1,1,101,347,4218707,49,3,0,2,1
45157,2023,8,19,7,4,403,"25,3",2307809,52,7,1,2,2
45158,2023,8,20,1,1,408,99,2613701,67,12,0,3,3
45158,2023,8,20,1,1,163,216,5002407,49,20,0,1,1
45158,2023,8,20,1,1,116,174,4121208,83,20,0,1,1
45158,2023,8,20,1,1,116,"581,4",3139409,49,20,0,1,1
45157,2023,8,19,7,3,316,"42,3",1506500,33,11,1,2,2
45158,2023,8,20,1,2,50,282,5205109,33,11,1,3,2
45158,2023,8,20,1,1,381,480,3118601,11,4,1,1,1
45158,2023,8,20,1,2,376,433,4127502,11,4,0,1,1
45157,2023,8,19,7,4,364,716,1100205,11,2,0,2,2
45158,2023,8,20,1,1,116,273,3515004,83,21,1,1,1
45158,2023,8,20,1,2,163,"418,3",5007901,67,20,0,1,1
45158,2023,8,20,1,2,376,"635,5",4125506,18,4,0,3,2
45158,2023,8,20,1,2,226,"168,3",2403103,67,3,0,2,1
45158,2023,8,20,1,1,343,"13,6",2207702,17,1,1,2,2
45075,2023,5,29,2,3,470,2,4211306,67,12,1,2,2
45158,2023,8,20,1,2,262,53,3203346,83,20,0,1,1
45158,2023,8,20,1,2,116,228,3550308,52,9,1,2,2
45138,2023,7,31,2,4,277,114,4104204,67,2,1,3,2
45158,2023,8,20,1,2,101,"204,6",4216602,49,20,1,1,1
45157,2023,8,19,7,4,465,3,3305554,72,7,0,4,2
45158,2023,8,20,1,2,40,810,3140803,83,4,1,2,2
45158,2023,8,20,1,2,381,688,3138203,28,4,0,2,1
45158,2023,8,20,1,2,60,125,5208400,49,20,0,2,1
45158,2023,8,20,1,2,116,26,2306256,80,10,0,2,2
45158,2023,8,20,1,2,392,12,4315602,67,20,1,1,1
45155,2023,8,17,5,2,101,"398,1",3302007,13,20,1,1,1
45158,2023,8,20,1,2,476,"157,4",4101804,82,7,1,3,3
45158,2023,8,20,1,2,116,"98,8",3538006,28,4,0,1,1
45157,2023,8,19,7,4,10,"236,9",1503457,9,1,0,2,1
45158,2023,8,20,1,2,262,100,3205069,11,4,0,1,1
45158,2023,8,20,1,2,101,235,4203808,33,11,1,2,2
45158,2023,8,20,1,2,424,20,2610806,80,7,0,2,2
45158,2023,8,20,1,2,101,91,2602902,11,20,0,1,1
45158,2023,8,20,1,2,470,"29,5",4205902,11,9,0,3,2
45158,2023,8,20,1,2,470,87,4201703,80,7,0,5,3
45158,2023,8,20,1,2,381,791,3162005,67,4,0,3,1
45158,2023,8,20,1,2,40,"11,9",5212501,49,12,1,2,2
45158,2023,8,20,1,2,232,133,2604106,49,12,1,3,2
45158,2023,8,20,1,2,135,"46,2",2101251,67,3,0,1,1
45158,2023,8,20,1,2,376,"470,8",4119905,67,21,0,1,1
45158,2023,8,20,1,2,153,242,3127008,67,20,1,1,1
45158,2023,8,20,1,2,116,244,3304003,48,2,0,2,2
45158,2023,8,20,1,2,153,"519,8",5201405,67,9,0,6,2
45158,2023,8,20,1,2,230,"35,6",2110203,67,4,1,4,1
45158,2023,8,20,1,3,116,154,3549904,67,12,1,3,2
45158,2023,8,20,1,2,101,"1,8",4205803,83,4,0,1,1
45158,2023,8,20,1,3,40,"64,9",5206206,11,20,0,2,1
45158,2023,8,20,1,3,376,"223,9",4103800,1,11,1,4,2
45158,2023,8,20,1,2,101,398,4210407,11,4,0,2,1
45086,2023,6,9,6,3,369,"150,1",4113700,17,11,1,3,3
45158,2023,8,20,1,2,316,262,2109908,17,11,1,2,2
45158,2023,8,20,1,3,262,93,3100302,67,12,0,2,2
45158,2023,8,20,1,3,40,"782,7",3136702,13,20,0,2,1
45158,2023,8,20,1,3,101,"66,9",2611606,44,12,1,2,2
45158,2023,8,20,1,2,364,"291,6",5104807,52,20,0,2,1
45158,2023,8,20,1,2,163,599,1508050,35,2,0,2,2
45158,2023,8,20,1,3,381,"358,3",3136207,67,11,1,2,2
45158,2023,8,20,1,2,101,273,4207304,1,11,1,4,2
45158,2023,8,20,1,3,381,"712,6",3113909,83,3,0,4,1
45158,2023,8,20,1,3,116,131,4107652,49,4,1,2,1
45158,2023,8,20,1,3,116,"760,8",3138401,1,11,1,2,2
45158,2023,8,20,1,3,60,112,5208400,49,3,0,2,1
45158,2023,8,20,1,3,146,38,3110301,49,11,0,2,2
45158,2023,8,20,1,3,381,727,3113909,15,3,0,1,1
45158,2023,8,20,1,3,101,121,4208203,1,9,1,2,2
45158,2023,8,20,1,3,406,149,2402600,28,18,1,1,1
45158,2023,8,20,1,2,50,"115,1",3170107,64,20,0,2,1
45158,2023,8,20,1,3,471,460,4315602,60,2,1,5,2
45158,2023,8,20,1,3,386,"419,2",4312401,11,4,0,3,1
45158,2023,8,20,1,3,393,"174,4",3306008,83,4,0,3,1
45158,2023,8,20,1,3,40,67,3303906,67,3,0,1,1
45158,2023,8,20,1,3,392,"19,7",4315602,67,20,1,1,1
45158,2023,8,20,1,3,40,52,3303906,83,3,1,4,1
45158,2023,8,20,1,3,101,57,4201307,83,21,1,2,1
45158,2023,8,20,1,3,116,"16,3",2933307,83,21,1,1,1
45158,2023,8,20,1,3,277,691,4125704,67,20,1,5,1
45158,2023,8,20,1,3,40,"708,3",3105608,13,4,0,1,1
45158,2023,8,20,1,3,277,690,4125704,72,11,1,3,2
45158,2023,8,20,1,3,364,693,1100809,2,11,1,4,2
45158,2023,8,20,1,3,235,12,2804805,52,9,0,2,2
45158,2023,8,20,1,3,364,714,1100205,67,9,1,7,2
45158,2023,8,20,1,3,101,"93,8",4202107,28,21,0,1,1
45158,2023,8,20,1,3,262,792,3170107,13,20,0,1,1
45158,2023,8,20,1,3,222,342,2105153,28,7,0,3,2
45158,2023,8,20,1,3,40,"668,1",3113206,11,7,0,6,2
45158,2023,8,20,1,3,262,382,5008008,16,15,0,11,3
45158,2023,8,20,1,3,40,78,3303906,11,4,0,2,1
45158,2023,8,20,1,3,359,150,5000252,49,21,0,1,1
45158,2023,8,20,1,3,153,"713,6",1703867,67,4,0,1,1
45158,2023,8,20,1,3,101,394,3304557,44,12,1,2,2
45158,2023,8,20,1,3,324,"623,8",2927408,35,2,0,2,2
45158,2023,8,20,1,3,393,220,3306206,82,20,0,1,1
45158,2023,8,20,1,4,40,473,3167202,60,2,0,2,2
45158,2023,8,20,1,4,232,10,2607901,28,21,1,1,1
45158,2023,8,20,1,3,116,24,2612208,49,20,1,1,1
45158,2023,8,20,1,3,116,"146,6",4114302,1,9,0,5,2
45158,2023,8,20,1,3,232,135,2604106,35,2,1,2,2
45158,2023,8,20,1,3,386,165,4300471,49,12,0,2,2
45158,2023,8,20,1,3,163,770,5107925,1,9,0,5,2
45158,2023,8,20,1,4,101,205,4216602,16,12,1,4,3
45158,2023,8,20,1,4,50,50,3103504,9,1,1,1,1
45158,2023,8,20,1,3,364,422,1100114,1,11,1,3,2
45158,2023,8,20,1,3,277,"673,8",4115804,2,11,1,3,2
45158,2023,8,20,1,1,476,"160,2",4101804,18,20,1,1,1
45158,2023,8,20,1,4,101,58,2806107,67,12,0,3,2
45158,2023,8,20,1,3,40,330,3125705,52,20,0,2,1