id_data,ano,mes,dia,id_dia_semana,periodo,br,km,id_municipio,id_causa_acidente,id_tipo_acidente,id_uso_solo,pessoas,veiculos
45158,2023,8,20,1,4,60,539,5005806,1,7,1,4,2
45158,2023,8,20,1,4,415,22,2913606,67,11,0,4,2
45158,2023,8,20,1,3,10,340,1506609,82,20,0,5,1
45158,2023,8,20,1,4,408,"95,8",2613701,15,20,0,1,1
45158,2023,8,20,1,3,282,"576,2",3538204,83,20,1,2,1
45158,2023,8,20,1,4,101,"46,7",2606804,11,12,1,2,2
45158,2023,8,20,1,4,230,5,1500602,49,10,1,6,2
45158,2023,8,20,1,4,487,124,4127908,9,1,0,2,2
45158,2023,8,20,1,4,40,75,5206206,49,11,0,3,2
45158,2023,8,20,1,4,226,68,2306900,35,2,1,4,2
45158,2023,8,20,1,3,282,"604,2",2704609,80,10,1,7,3
45158,2023,8,20,1,4,153,514,5201405,33,11,1,2,2
45158,2023,8,20,1,4,101,60,3301009,16,12,1,2,1
45158,2023,8,20,1,4,153,339,4110706,60,2,1,2,2
45158,2023,8,20,1,4,116,153,4114302,83,20,1,3,1
45158,2023,8,20,1,4,277,"602,2",4124020,52,9,0,2,2
45158,2023,8,20,1,4,156,820,1600501,46,2,0,2,2
45158,2023,8,20,1,4,232,80,2606408,49,12,1,4,2
45158,2023,8,20,1,4,116,42,3305802,1,11,1,2,2
45158,2023,8,20,1,3,373,"181,5",4119905,20,9,1,6,2
45158,2023,8,20,1,4,116,414,3127701,66,21,1,1,1
45158,2023,8,20,1,4,40,93,3301702,15,2,0,3,2
45158,2023,8,20,1,4,470,"57,7",4202404,11,4,1,1,1
45158,2023,8,20,1,4,60,"6,2",5300108,1,9,1,5,2
45158,2023,8,20,1,4,428,"189,8",2611101,49,11,1,2,2
45158,2023,8,20,1,4,476,"93,2",4103107,35,2,1,3,2
45158,2023,8,20,1,4,116,223,3518800,67,20,0,1,1
45158,2023,8,20,1,4,285,"99,6",4312377,49,20,0,1,1
45158,2023,8,20,1,4,423,76,2608255,49,10,0,2,2
45158,2023,8,20,1,4,101,42,2606804,67,4,1,2,2
45158,2023,8,20,1,3,232,121,2604106,67,12,0,8,2
45158,2023,8,20,1,4,50,114,3170107,83,20,0,1,1
45158,2023,8,20,1,4,116,230,3550308,52,9,1,4,2
45158,2023,8,20,1,4,392,300,4319604,72,11,0,3,3
45159,2023,8,21,2,1,101,42,2606804,9,1,1,3,1
45158,2023,8,20,1,4,20,"358,7",2307700,83,20,0,2,1
45158,2023,8,20,1,4,101,"205,3",3301306,11,2,1,2,2
45159,2023,8,21,2,1,101,212,4211900,67,21,1,1,1
45158,2023,8,20,1,4,101,"66,2",3204906,16,12,0,4,3
45159,2023,8,21,2,1,116,105,3554102,11,4,1,1,1
45159,2023,8,21,2,1,101,136,4202008,67,21,1,1,1
45159,2023,8,21,2,1,381,"486,3",3106705,49,4,1,1,1
45158,2023,8,20,1,4,230,51,2504900,15,20,0,1,1
45159,2023,8,21,2,2,393,"248,5",3300308,18,2,0,3,2
45159,2023,8,21,2,1,116,215,3518800,67,4,1,1,1
45159,2023,8,21,2,2,116,220,3518800,11,12,0,2,2
45159,2023,8,21,2,2,40,"515,1",3154606,16,9,1,5,3
45158,2023,8,20,1,4,415,19,2913606,49,20,0,2,1
45159,2023,8,21,2,2,70,0,5300108,52,9,0,2,2
45159,2023,8,21,2,2,101,"206,9",4216602,67,12,1,2,2
45159,2023,8,21,2,2,101,195,3301306,11,20,0,1,1
45159,2023,8,21,2,2,290,99,4314902,16,12,1,2,2
45159,2023,8,21,2,2,101,117,4208203,11,9,1,2,2
45159,2023,8,21,2,2,101,76,2611606,11,12,1,2,2
45158,2023,8,20,1,3,40,60,3303906,11,4,0,1,1
45159,2023,8,21,2,2,282,"653,7",4217204,1,11,0,2,2
45159,2023,8,21,2,2,369,507,2303501,82,7,0,3,2
45159,2023,8,21,2,2,116,"142,5",3549904,11,15,1,4,4
45159,2023,8,21,2,2,232,"129,1",2604106,52,9,0,2,2
45159,2023,8,21,2,2,40,"794,3",3136702,21,4,0,2,2
45159,2023,8,21,2,2,101,"41,1",4209102,67,4,1,3,1
45159,2023,8,21,2,2,280,14,4216206,1,9,0,2,2
45022,2023,4,6,5,2,343,590,2203909,67,4,1,1,1
45159,2023,8,21,2,2,230,23,2507507,78,9,0,2,2
45159,2023,8,21,2,2,381,70,3528502,67,21,0,1,1
45159,2023,8,21,2,2,101,40,4209102,11,4,1,1,1
45159,2023,8,21,2,2,50,"258,5",5205109,67,20,0,1,1
45159,2023,8,21,2,2,101,150,2802106,11,4,1,2,1
45159,2023,8,21,2,2,101,253,4212304,1,11,1,2,2
45159,2023,8,21,2,2,153,364,4122008,1,11,0,2,2
45159,2023,8,21,2,2,381,191,3149952,67,7,0,5,2
45159,2023,8,21,2,2,101,327,3304557,16,12,1,2,1
45159,2023,8,21,2,2,262,5,5008305,67,12,0,2,2
45159,2023,8,21,2,2,40,528,3118601,67,12,1,2,2
45123,2023,7,16,1,2,405,161,2410504,11,20,0,1,1
45159,2023,8,21,2,2,40,42,3147006,1,11,1,2,2
45150,2023,8,12,7,3,101,"48,8",3555406,1,11,1,2,2
45159,2023,8,21,2,2,101,"334,9",4218707,85,2,1,3,2
45159,2023,8,21,2,2,364,710,1100205,1,9,1,2,2
45159,2023,8,21,2,2,116,410,2910800,16,12,1,2,2
45159,2023,8,21,2,3,116,201,3503901,67,21,1,1,1
45159,2023,8,21,2,3,493,50,3301702,28,18,1,1,1
45159,2023,8,21,2,2,364,364,1100155,28,3,0,1,1
45159,2023,8,21,2,3,101,"137,4",4202008,67,12,1,3,2
45159,2023,8,21,2,3,101,76,2611606,81,4,1,3,2
45159,2023,8,21,2,3,101,251,3205002,16,12,0,2,2
45159,2023,8,21,2,3,40,"45,5",3303906,1,9,1,2,2
45159,2023,8,21,2,3,153,121,2512200,60,2,0,2,2
45159,2023,8,21,2,3,110,146,2926608,33,11,0,2,2
45119,2023,7,12,4,3,101,121,4208203,78,9,0,2,2
45159,2023,8,21,2,3,316,37,2601102,1,11,1,2,2
45159,2023,8,21,2,3,277,587,2303501,11,15,1,3,3
45159,2023,8,21,2,3,10,250,2105302,1,11,1,2,2
45135,2023,7,28,6,3,40,122,3301702,1,9,1,2,2
45159,2023,8,21,2,3,163,"265,8",5003702,28,21,1,1,1
45159,2023,8,21,2,3,116,169,3304557,49,9,0,2,2
45159,2023,8,21,2,3,101,272,3205002,56,4,1,1,1
45149,2023,8,11,6,3,419,"261,7",5000708,1,9,0,2,2
45159,2023,8,21,2,3,419,"279,1",5000708,51,4,0,1,1
45159,2023,8,21,2,3,101,"48,1",3555406,1,11,1,2,2
45089,2023,6,12,2,3,163,413,1503606,52,20,0,1,1
45159,2023,8,21,2,3,101,"134,1",4202008,78,9,1,2,2
45159,2023,8,21,2,3,324,569,2929503,18,20,0,1,1
45159,2023,8,21,2,3,116,223,3518800,78,9,1,2,2
45159,2023,8,21,2,3,153,"400,9",5217302,1,10,0,4,2
45159,2023,8,21,2,3,116,272,3552809,67,3,1,1,1
45159,2023,8,21,2,3,280,81,4204509,1,11,1,2,2
45159,2023,8,21,2,3,414,412,5200100,1,7,1,3,2
45159,2023,8,21,2,3,356,"183,6",3305000,67,12,1,3,3
45159,2023,8,21,2,3,163,474,2401305,1,9,1,2,2
45159,2023,8,21,2,3,135,496,2206605,20,11,0,2,2
45159,2023,8,21,2,3,116,"142,5",3549904,11,21,1,1,1
45159,2023,8,21,2,3,232,"5,4",2611606,82,20,1,2,1
45159,2023,8,21,2,3,101,155,4213500,80,7,0,2,2
45159,2023,8,21,2,3,40,"97,6",5206206,9,1,1,1,1
45159,2023,8,21,2,3,324,"595,9",2906501,13,21,0,2,1
45159,2023,8,21,2,4,101,442,4215653,28,18,0,2,1
45159,2023,8,21,2,3,101,"146,5",3203205,1,11,1,2,2
45159,2023,8,21,2,4,101,118,4208203,28,21,0,2,1
45159,2023,8,21,2,4,262,802,3170107,67,20,0,1,1
45159,2023,8,21,2,4,101,399,3302007,67,4,0,1,1
45159,2023,8,21,2,3,364,134,1200401,1,11,1,3,2
45159,2023,8,21,2,1,116,"411,6",3127701,18,4,1,1,1
45146,2023,8,8,3,1,116,270,3552809,78,9,1,3,3
45159,2023,8,21,2,3,392,68,4314407,67,4,1,1,1
45159,2023,8,21,2,3,226,460,2111805,56,3,1,5,1
45159,2023,8,21,2,4,343,343,2211001,1,11,1,3,2
45159,2023,8,21,2,4,70,5,5101803,82,9,1,2,2
45159,2023,8,21,2,4,101,"76,5",2408102,64,21,1,1,1
45159,2023,8,21,2,4,116,279,3300407,52,9,0,2,2
45155,2023,8,17,5,2,493,1,3301900,20,10,1,2,2
45159,2023,8,21,2,4,369,"413,5",4112959,34,20,0,3,1
45159,2023,8,21,2,4,163,504,5004908,11,20,0,1,1
45160,2023,8,22,3,1,262,"74,5",3140902,80,7,0,3,2
45160,2023,8,22,3,1,153,"502,8",5208707,16,12,1,2,2
45160,2023,8,22,3,1,20,"6,3",5208004,9,1,1,1,1
45160,2023,8,22,3,2,116,"528,5",4304663,33,7,0,2,2
45160,2023,8,22,3,2,101,89,2804805,64,21,1,1,1
45151,2023,8,13,1,1,101,51,2600054,11,4,1,1,1
45159,2023,8,21,2,4,116,"501,6",3130903,60,2,0,2,2
45160,2023,8,22,3,2,381,486,3106705,78,9,1,4,3
45052,2023,5,6,7,3,116,"200,2",4314423,82,7,0,4,3
45097,2023,6,20,3,1,101,83,2408102,60,2,1,3,3
45124,2023,7,17,2,4,406,"153,7",2402600,13,21,0,2,1
45160,2023,8,22,3,2,381,"503,9",3106705,11,4,0,1,1
45160,2023,8,22,3,2,369,"149,1",4113700,78,2,0,2,2
45132,2023,7,25,3,2,101,89,2507507,11,21,0,1,1
45160,2023,8,22,3,2,116,"112,8",3554102,44,4,0,1,1
45160,2023,8,22,3,2,50,"71,9",3170206,83,12,1,4,4
45031,2023,4,15,7,4,470,156,4200309,49,10,0,4,3
45160,2023,8,22,3,1,116,142,3301702,35,2,0,2,2
45159,2023,8,21,2,2,40,108,3301702,52,9,1,2,2
45160,2023,8,22,3,2,415,21,2913606,1,11,0,5,4
45160,2023,8,22,3,2,116,421,3526100,11,20,0,1,1
45160,2023,8,22,3,2,259,"6,5",3203130,13,20,1,2,1
45160,2023,8,22,3,2,226,14,2407104,20,11,0,3,2
45145,2023,8,7,2,3,230,"610,4",1301704,65,12,1,6,6
45160,2023,8,22,3,2,343,5,2211001,2,2,1,2,2
45160,2023,8,22,3,1,316,"275,9",2101772,18,4,0,1,1
45138,2023,7,31,2,4,101,268,3205002,44,21,1,3,2
45160,2023,8,22,3,2,101,304,2112803,16,12,1,4,2
45160,2023,8,22,3,2,40,"5,9",5300108,16,9,1,3,3
45160,2023,8,22,3,2,101,"189,7",2704005,2,11,0,2,2
45160,2023,8,22,3,2,232,"16,8",2607901,28,3,0,2,1
45160,2023,8,22,3,2,369,"38,1",4101101,1,12,0,2,2
45160,2023,8,22,3,2,376,"159,9",4115200,51,4,0,3,1
45160,2023,8,22,3,2,101,"50,4",2803302,28,18,0,1,1
45160,2023,8,22,3,2,230,119,1504208,52,12,1,3,3
45160,2023,8,22,3,2,40,"546,9",3144805,67,12,0,3,2
45160,2023,8,22,3,2,364,344,1100122,11,12,1,3,2
45147,2023,8,9,4,2,369,499,4106308,13,4,1,1,1
45160,2023,8,22,3,2,116,"823,7",2933307,1,11,1,4,2
45107,2023,6,30,6,2,469,12,4108304,5,21,1,1,1
45160,2023,8,22,3,3,101,"185,5",2610004,1,11,1,3,2
45160,2023,8,22,3,3,277,"594,9",2303501,33,11,1,3,2
45160,2023,8,22,3,3,369,"3,8",4104303,1,11,0,2,2
45160,2023,8,22,3,3,101,102,2500601,64,4,0,3,1
45096,2023,6,19,2,2,101,322,3303302,1,12,1,3,3
45160,2023,8,22,3,2,80,141,5222302,16,12,0,2,2
45160,2023,8,22,3,3,163,"90,8",5107602,28,3,0,4,1
45160,2023,8,22,3,3,376,599,4106902,78,9,1,3,2
45160,2023,8,22,3,3,476,"175,6",4106209,67,7,0,4,2
45160,2023,8,22,3,3,153,107,1722081,81,4,0,2,2
45160,2023,8,22,3,3,40,556,3144805,28,21,1,2,1
45160,2023,8,22,3,2,153,"102,5",4109708,11,12,0,2,2
45160,2023,8,22,3,3,20,6,5208004,67,20,0,1,1
45094,2023,6,17,7,4,343,"306,9",2200400,1,11,1,2,2
45160,2023,8,22,3,3,376,170,4115200,1,11,1,2,2
45160,2023,8,22,3,3,40,121,3301702,78,12,1,3,2
45160,2023,8,22,3,3,101,202,4216602,11,12,1,2,2
45160,2023,8,22,3,3,116,243,4318705,60,2,1,2,2
45160,2023,8,22,3,3,116,174,3305109,78,9,1,2,2
45160,2023,8,22,3,3,50,71,3170206,11,12,1,2,2
45160,2023,8,22,3,3,470,138,4214805,67,11,0,2,2
45160,2023,8,22,3,3,381,496,3106705,11,12,1,3,3
45160,2023,8,22,3,3,493,"105,8",3302007,11,20,0,1,1
45122,2023,7,15,7,2,101,262,3205002,11,12,0,2,2
45160,2023,8,22,3,3,101,878,2931350,67,1,1,1,1
45160,2023,8,22,3,3,116,"2,2",4314902,78,11,1,2,2
45160,2023,8,22,3,3,70,"2,2",5300108,83,9,1,4,2
45152,2023,8,14,2,2,101,205,4216602,67,21,1,2,1
45160,2023,8,22,3,3,70,2,5101803,1,11,1,3,2
45160,2023,8,22,3,3,277,597,2303501,1,11,0,2,2
45160,2023,8,22,3,3,369,197,4101507,2,12,0,2,2
45160,2023,8,22,3,3,116,121,4106902,11,9,1,2,2
45116,2023,7,9,1,4,226,"83,4",2414001,52,7,1,3,2
45160,2023,8,22,3,3,381,409,1101435,56,4,0,2,1
45160,2023,8,22,3,3,104,107,2515104,80,4,1,2,2
45160,2023,8,22,3,3,232,"84,9",2606408,2,20,1,3,2
45160,2023,8,22,3,4,280,"36,1",4201307,1,11,0,2,2
45160,2023,8,22,3,4,101,"134,5",4202008,67,11,1,3,2
45069,2023,5,23,3,2,101,612,2920908,83,3,0,2,1
45160,2023,8,22,3,3,163,985,1506807,1,11,0,2,2
45160,2023,8,22,3,3,285,"492,2",4306932,11,20,0,1,1
45160,2023,8,22,3,4,104,30,2615409,52,7,1,2,2
45160,2023,8,22,3,4,40,3,5300108,67,12,1,3,2
45160,2023,8,22,3,4,319,61,1100205,67,12,1,3,2
45160,2023,8,22,3,4,381,79,3550308,35,2,1,2,2
45160,2023,8,22,3,4,393,"286,3",3306305,11,12,0,2,2
45160,2023,8,22,3,4,20,"11,7",5300108,52,9,1,4,2
45160,2023,8,22,3,4,153,334,1709302,67,12,1,3,2
45160,2023,8,22,3,4,70,517,2211407,1,11,1,2,2
45160,2023,8,22,3,4,101,425,4201406,11,21,0,2,1
45160,2023,8,22,3,4,163,1033,5106422,11,15,0,4,3
45160,2023,8,22,3,4,101,"49,8",4209102,83,21,0,1,1
45160,2023,8,22,3,4,101,"859,5",2931350,60,2,0,3,2
45160,2023,8,22,3,4,316,246,2700409,11,20,0,1,1
45160,2023,8,22,3,4,251,0,5206206,28,3,0,1,1
45160,2023,8,22,3,4,364,"161,3",1100189,82,3,0,2,1
45160,2023,8,22,3,4,277,101,4106902,83,12,1,2,2
45160,2023,8,22,3,4,104,67,2604106,83,3,1,1,1
45160,2023,8,22,3,4,230,"158,5",2504009,9,1,1,1,1
45160,2023,8,22,3,4,101,270,3205002,67,2,1,2,2
45160,2023,8,22,3,4,101,403,3302007,67,4,1,1,1
45160,2023,8,22,3,4,493,86,3302270,9,1,0,2,2
45160,2023,8,22,3,4,60,"101,5",5201108,48,2,1,3,2
45161,2023,8,23,4,1,116,207,3518800,18,20,1,1,1
45160,2023,8,22,3,4,304,"53,1",2301109,9,1,0,35,2
45108,2023,7,1,7,2,116,"206,8",4314423,5,4,0,1,1
45160,2023,8,22,3,4,381,"722,8",3113909,67,12,1,3,2
45160,2023,8,22,3,3,364,953,1100205,11,20,0,4,1
45160,2023,8,22,3,3,364,"435,1",2211407,1,11,1,2,2
45161,2023,8,23,4,1,386,"348,6",1712009,76,20,0,2,1
45161,2023,8,23,4,1,381,490,3106705,18,20,1,1,1
45161,2023,8,23,4,1,116,"13,1",3541901,9,1,0,2,1
45160,2023,8,22,3,4,364,394,5107800,11,20,0,2,1
45161,2023,8,23,4,2,116,168,2311801,1,9,1,3,3
45153,2023,8,15,3,1,324,"513,9",2910800,1,11,1,3,3
45045,2023,4,29,7,2,343,"340,7",2211001,33,11,1,2,2
45161,2023,8,23,4,2,471,161,4315701,36,12,0,2,2
45161,2023,8,23,4,2,153,"501,7",5208707,16,12,1,2,2
45161,2023,8,23,4,2,448,15,4304606,67,9,0,3,2
45161,2023,8,23,4,2,101,200,4216602,52,9,0,2,2
45160,2023,8,22,3,3,101,34,3555406,35,2,0,3,2
45161,2023,8,23,4,2,60,"96,5",5201108,67,20,1,2,1
45161,2023,8,23,4,2,116,317,3302254,82,9,0,2,2
45161,2023,8,23,4,2,364,710,1100205,67,12,1,3,2
45161,2023,8,23,4,2,343,"345,3",2211001,17,11,1,2,2
45161,2023,8,23,4,2,381,84,3550308,11,2,1,2,2
45126,2023,7,19,4,3,282,137,4202602,33,7,1,6,3
45161,2023,8,23,4,2,135,22,2111300,78,9,1,4,4
45146,2023,8,8,3,3,163,"855,6",5107909,16,12,0,2,2
45161,2023,8,23,4,2,381,488,3106705,56,4,0,2,1
45161,2023,8,23,4,2,101,"42,9",4209102,83,4,1,2,2
45161,2023,8,23,4,2,262,1,5008305,11,20,0,1,1
45158,2023,8,20,1,2,116,"207,8",4314423,44,12,0,2,2
45161,2023,8,23,4,2,116,"64,9",2303956,11,12,1,3,3
45161,2023,8,23,4,2,70,"11,6",5300108,2,11,0,2,2
45161,2023,8,23,4,2,116,829,2933307,11,9,1,2,2
45161,2023,8,23,4,2,101,106,2403251,1,11,1,2,2
45137,2023,7,30,1,2,101,397,3302007,28,18,0,4,1
45161,2023,8,23,4,2,392,"346,5",2409332,33,11,1,2,2
45161,2023,8,23,4,2,116,248,4318705,20,11,1,2,2
45161,2023,8,23,4,2,40,532,3106200,28,18,1,2,1
45161,2023,8,23,4,2,116,487,3509254,11,20,0,2,1
45102,2023,6,25,1,1,407,129,2611101,60,2,1,2,2
45161,2023,8,23,4,3,10,"456,1",4117602,1,11,1,2,2
45130,2023,7,23,1,2,343,140,2208304,20,9,0,2,2
45161,2023,8,23,4,3,381,"54,5",3528502,28,18,1,1,1
45161,2023,8,23,4,3,304,"35,3",2408003,1,11,0,3,2
45109,2023,7,2,1,2,230,"56,7",2504900,52,9,0,2,2
45157,2023,8,19,7,3,101,260,2928703,49,4,1,2,1
45161,2023,8,23,4,3,376,"202,2",4114807,6,21,0,1,1
45161,2023,8,23,4,3,222,1,2304400,61,2,1,2,2
45161,2023,8,23,4,3,116,"329,1",3526209,11,21,0,2,1
45044,2023,4,28,6,2,364,200,5107602,52,12,0,2,2
45161,2023,8,23,4,3,116,5,2304400,16,12,1,3,2
45147,2023,8,9,4,4,230,612,1301704,20,11,1,3,2
45161,2023,8,23,4,3,116,"657,7",4311007,33,11,1,2,2
45161,2023,8,23,4,3,153,94,3525706,67,21,0,1,1
45161,2023,8,23,4,3,116,60,4120804,67,21,0,1,1
45161,2023,8,23,4,3,356,74,3302056,16,12,1,2,2
45161,2023,8,23,4,3,60,"208,2",5221908,11,12,0,2,2
45161,2023,8,23,4,3,230,28,2507507,11,21,1,1,1
45161,2023,8,23,4,3,163,444,2401305,11,20,0,3,1
45161,2023,8,23,4,3,116,113,3554102,11,15,0,4,3
45161,2023,8,23,4,2,101,332,3304557,78,9,0,2,2
45161,2023,8,23,4,3,376,"490,2",4119905,33,9,1,2,2
45161,2023,8,23,4,2,324,622,2927408,11,12,1,2,2
45161,2023,8,23,4,3,116,14,2304400,52,4,1,1,1
45161,2023,8,23,4,3,343,340,2211001,61,2,1,2,2
45161,2023,8,23,4,3,230,"16,5",2507507,16,9,1,2,2
45161,2023,8,23,4,3,101,316,4209409,52,2,0,2,2
45161,2023,8,23,4,3,116,"528,1",3113404,33,11,1,2,2
45161,2023,8,23,4,3,364,356,5107800,11,18,0,4,1
45161,2023,8,23,4,3,50,152,5204805,67,20,0,1,1
45161,2023,8,23,4,3,280,52,4206504,16,12,1,2,2
45157,2023,8,19,7,4,493,4,3301900,11,20,1,1,1
45132,2023,7,25,3,3,110,162,2926608,52,9,0,6,1
45161,2023,8,23,4,3,101,205,4216602,52,9,0,2,2
45157,2023,8,19,7,3,116,172,3304557,18,4,1,2,2
45161,2023,8,23,4,3,101,"217,2",4211900,80,11,1,2,2
45161,2023,8,23,4,3,116,229,3550308,78,9,1,2,2
45161,2023,8,23,4,3,465,13,3305554,1,12,0,2,2
45161,2023,8,23,4,3,50,61,3170206,52,20,0,2,1
45161,2023,8,23,4,3,101,"57,7",3301009,1,11,1,3,2
45154,2023,8,16,4,1,277,103,4104204,9,1,0,1,1
45161,2023,8,23,4,3,135,5,2111300,11,15,1,6,4
45161,2023,8,23,4,4,428,"140,1",2608750,2,11,1,2,2
45161,2023,8,23,4,4,369,"397,4",4114005,83,21,0,3,3
45161,2023,8,23,4,3,20,"128,9",2313302,11,12,0,6,2
45161,2023,8,23,4,3,356,90,3301157,67,2,0,2,2
45161,2023,8,23,4,4,364,344,1100122,67,12,1,3,2
45133,2023,7,26,4,4,101,228,3202207,82,7,0,8,3
45161,2023,8,23,4,4,40,"633,1",3118304,1,11,1,2,2
45161,2023,8,23,4,3,153,300,5218607,28,18,1,1,1
45161,2023,8,23,4,4,153,505,5201405,16,12,1,2,2
45161,2023,8,23,4,3,116,"683,6",3143906,67,12,0,2,2
45161,2023,8,23,4,4,101,"17,5",4313508,1,7,0,6,2
45161,2023,8,23,4,3,101,322,3303302,11,21,0,1,1
45161,2023,8,23,4,4,381,58,3528502,9,1,0,1,1
45161,2023,8,23,4,3,381,487,3106705,83,4,1,1,1
45154,2023,8,16,4,4,493,"0,3",3301900,1,7,0,2,2
45136,2023,7,29,7,2,60,"164,8",5208707,83,12,1,3,2
45161,2023,8,23,4,4,364,690,1100809,67,12,0,2,2
45161,2023,8,23,4,4,242,216,2914703,67,20,0,1,1
45161,2023,8,23,4,4,230,113,1504208,67,21,0,1,1
45161,2023,8,23,4,4,262,"31,5",3154150,11,21,0,1,1
45161,2023,8,23,4,3,470,"245,5",4301651,49,20,1,1,1
45161,2023,8,23,4,4,101,184,3200607,80,7,0,3,3
45161,2023,8,23,4,4,493,"102,5",3305554,9,4,0,1,1
45161,2023,8,23,4,4,470,134,4214805,83,12,0,2,2
45161,2023,8,23,4,4,470,"35,3",4205902,76,21,0,1,1
45161,2023,8,23,4,4,116,428,2305704,83,20,0,1,1
45161,2023,8,23,4,4,386,440,4304606,83,20,0,1,1
45161,2023,8,23,4,4,226,"356,3",2400604,49,20,0,1,1
45162,2023,8,24,5,1,116,150,3549904,16,12,0,2,2
45161,2023,8,23,4,4,116,"496,8",3130903,48,2,0,2,2
45162,2023,8,24,5,1,50,69,3170206,49,12,1,3,3
45156,2023,8,18,6,2,267,164,5006200,86,2,0,28,1
45162,2023,8,24,5,1,290,91,4314902,67,20,0,1,1
45162,2023,8,24,5,1,277,97,4106902,11,20,1,1,1
45162,2023,8,24,5,1,163,"484,5",2401305,60,2,0,2,2
45162,2023,8,24,5,1,153,506,5208707,49,20,1,1,1
45162,2023,8,24,5,1,116,177,3305109,49,12,1,4,3
45162,2023,8,24,5,2,101,153,4213500,16,12,0,6,3
45162,2023,8,24,5,2,110,"49,9",2408003,11,12,1,3,2
45154,2023,8,16,4,2,116,8,2304400,16,12,1,3,2
45162,2023,8,24,5,2,101,"51,3",4209102,13,21,0,2,1
45162,2023,8,24,5,2,116,220,3518800,78,9,1,2,2
45162,2023,8,24,5,1,101,116,4208203,16,12,0,2,2
45162,2023,8,24,5,2,70,18,5300108,35,2,0,4,4
45162,2023,8,24,5,2,428,"191,7",2611101,67,21,0,1,1
45162,2023,8,24,5,1,40,114,3301702,13,15,1,6,3
45162,2023,8,24,5,2,163,"477,9",2401305,11,12,0,3,2
45162,2023,8,24,5,2,116,261,4304606,52,12,1,2,2
45161,2023,8,23,4,4,277,"475,7",4117057,60,2,0,2,2
45162,2023,8,24,5,2,324,616,2927408,16,12,1,2,2
45162,2023,8,24,5,2,116,119,4106902,52,12,1,3,2
45162,2023,8,24,5,2,364,696,1100809,67,9,0,2,2
45162,2023,8,24,5,2,304,"47,6",2408003,35,2,1,2,2
45162,2023,8,24,5,2,116,188,3303500,18,12,1,3,2
45030,2023,4,14,6,2,365,588,3103504,28,21,0,2,1
45162,2023,8,24,5,2,415,49,2914802,78,9,1,2,2
45162,2023,8,24,5,2,324,"515,7",2910800,67,12,1,2,2
45162,2023,8,24,5,2,116,286,2931905,63,7,0,2,2
45162,2023,8,24,5,2,135,"4,5",2111300,52,9,1,2,2
45162,2023,8,24,5,2,280,"29,6",4201307,81,11,0,2,2
45162,2023,8,24,5,2,316,13,2211001,52,9,1,3,2
45162,2023,8,24,5,2,153,"53,5",3549805,16,12,0,3,2
45151,2023,8,13,1,1,163,265,5003702,83,4,1,2,1
45162,2023,8,24,5,2,319,62,1100205,1,11,1,2,2
45162,2023,8,24,5,2,470,27,4207106,11,11,1,2,2
45162,2023,8,24,5,2,222,"153,9",2306108,18,20,0,1,1
45162,2023,8,24,5,2,101,"45,8",4209102,81,9,0,2,2
45162,2023,8,24,5,2,230,"117,8",2506806,11,20,0,1,1
44975,2023,2,18,7,4,376,"141,3",4116901,9,1,0,1,1
45162,2023,8,24,5,2,101,"258,6",3205002,83,12,1,2,2
45162,2023,8,24,5,2,376,489,4119905,67,21,1,2,1
45162,2023,8,24,5,2,116,"183,2",4313201,20,11,0,2,2
45162,2023,8,24,5,2,116,517,4314407,33,11,1,2,2
45162,2023,8,24,5,2,40,"41,2",3147006,1,11,1,4,3
45162,2023,8,24,5,2,101,94,2504603,11,12,0,2,2
45162,2023,8,24,5,2,282,54,4200606,13,21,0,1,1
45162,2023,8,24,5,2,153,"128,9",2512200,16,12,0,2,2
45162,2023,8,24,5,1,116,243,4318705,16,20,1,1,1
45162,2023,8,24,5,2,116,40,2305233,2,12,1,2,2
45162,2023,8,24,5,2,70,"785,1",5101803,16,12,0,3,2
45162,2023,8,24,5,2,163,833,5107909,33,11,1,2,2
45162,2023,8,24,5,2,101,134,4202008,11,9,1,2,2
45149,2023,8,11,6,4,470,"49,2",4202404,11,21,1,2,2
45162,2023,8,24,5,2,163,309,4115853,28,20,0,1,1
45162,2023,8,24,5,3,116,242,4318705,1,11,1,2,2
45139,2023,8,1,3,2,493,54,3301702,18,3,1,2,1
45147,2023,8,9,4,1,493,101,3305554,64,20,0,2,1
45162,2023,8,24,5,2,210,0,1600303,67,15,1,3,3
45162,2023,8,24,5,3,232,137,2604106,16,12,0,2,1
45162,2023,8,24,5,3,230,"18,8",2507507,56,21,0,2,1
45095,2023,6,18,1,2,101,"332,1",2925758,67,3,0,1,1
45162,2023,8,24,5,3,101,234,4211900,52,12,0,3,2
45162,2023,8,24,5,3,116,5,2304400,67,12,1,2,2
45034,2023,4,18,3,3,493,102,3305554,60,2,1,3,2
45162,2023,8,24,5,2,277,"194,5",4117701,1,11,0,7,3
45162,2023,8,24,5,3,158,784,5101803,13,21,0,2,1
45162,2023,8,24,5,3,40,525,3118601,35,2,1,2,2
45162,2023,8,24,5,3,230,"22,5",2507507,16,12,1,3,3
45162,2023,8,24,5,3,406,"170,6",2312403,1,9,1,3,2
45162,2023,8,24,5,3,158,"425,6",2929255,9,21,0,1,1
45162,2023,8,24,5,3,101,"104,7",2403251,20,11,1,2,2
45162,2023,8,24,5,3,116,"272,5",3552809,67,4,1,1,1