id_data,ano,mes,dia,id_dia_semana,periodo,br,km,id_municipio,id_causa_acidente,id_tipo_acidente,id_uso_solo,pessoas,veiculos
45162,2023,8,24,5,3,232,"4,4",2611606,1,12,0,3,2
45162,2023,8,24,5,3,163,22,2922102,16,12,0,2,2
45162,2023,8,24,5,3,116,225,3518800,52,9,1,2,2
45162,2023,8,24,5,3,60,87,5201108,18,21,0,2,1
45162,2023,8,24,5,3,101,289,3301900,11,4,1,1,1
45162,2023,8,24,5,3,423,"62,2",2608800,49,11,1,2,2
45162,2023,8,24,5,3,471,148,4316808,76,9,1,2,2
45162,2023,8,24,5,3,367,82,2910727,1,11,1,2,2
45162,2023,8,24,5,3,393,238,3306206,33,11,1,2,2
45162,2023,8,24,5,3,304,5,2408003,16,12,0,3,2
45162,2023,8,24,5,3,70,601,5106505,80,10,0,3,2
45162,2023,8,24,5,3,364,379,5107800,28,18,0,1,1
45162,2023,8,24,5,3,40,"528,1",3118601,78,12,1,2,2
45162,2023,8,24,5,3,101,55,3301009,11,12,0,2,2
45162,2023,8,24,5,3,101,40,3555406,49,20,0,1,1
45126,2023,7,19,4,3,361,64,2510402,80,7,0,2,2
45162,2023,8,24,5,3,10,"316,5",2100055,2,11,0,3,2
45162,2023,8,24,5,3,101,306,3304904,52,3,1,1,1
45162,2023,8,24,5,3,116,111,3554102,67,4,1,1,1
45162,2023,8,24,5,3,101,66,3204906,1,11,1,2,2
45162,2023,8,24,5,3,116,242,4318705,52,12,1,4,3
45162,2023,8,24,5,4,393,"283,5",3306305,61,2,1,3,2
45162,2023,8,24,5,3,60,388,5218805,67,9,1,2,2
45162,2023,8,24,5,3,316,64,1502400,80,12,1,3,3
45162,2023,8,24,5,3,101,508,3300100,11,12,0,4,4
45162,2023,8,24,5,3,476,"174,5",4106209,49,20,0,1,1
45162,2023,8,24,5,4,101,123,4208203,4,21,1,1,1
45162,2023,8,24,5,4,40,"10,6",5212501,52,12,1,2,2
45162,2023,8,24,5,4,369,508,2303501,49,7,1,2,2
45162,2023,8,24,5,3,304,"75,9",2408003,63,21,0,2,1
45162,2023,8,24,5,3,174,"77,5",5105507,50,12,0,2,2
45162,2023,8,24,5,3,153,"0,5",3103751,67,4,1,1,1
45162,2023,8,24,5,2,365,619,3170206,11,12,0,2,2
45162,2023,8,24,5,3,163,697,5007406,9,1,0,2,1
45162,2023,8,24,5,4,316,34,2601102,60,2,0,3,2
45162,2023,8,24,5,4,116,187,3546801,4,4,0,1,1
45162,2023,8,24,5,4,40,"483,8",3167202,46,2,0,2,2
45162,2023,8,24,5,4,116,218,3518800,67,21,1,2,1
45162,2023,8,24,5,3,364,"339,5",1100122,67,12,1,2,2
45162,2023,8,24,5,4,60,369,5218805,49,20,0,1,1
45162,2023,8,24,5,4,316,"72,4",2206407,67,20,0,2,1
45162,2023,8,24,5,4,277,328,4109401,67,20,0,2,1
45162,2023,8,24,5,4,381,"212,8",3106309,60,2,0,2,2
45163,2023,8,25,6,1,369,"166,8",4103701,13,20,0,4,1
45163,2023,8,25,6,1,277,"518,3",4109302,49,11,1,2,2
45162,2023,8,24,5,4,110,403,2929503,67,20,0,1,1
45163,2023,8,25,6,1,116,174,3305109,48,4,1,1,1
45162,2023,8,24,5,4,423,"83,6",2702405,29,3,0,5,1
45163,2023,8,25,6,1,40,"2,2",5221858,49,20,1,1,1
45163,2023,8,25,6,1,393,178,3303708,3,21,0,1,1
45162,2023,8,24,5,4,316,157,2706307,38,21,1,2,2
45162,2023,8,24,5,2,116,170,3304557,52,9,1,2,2
45163,2023,8,25,6,1,280,59,4206504,2,11,0,2,2
45163,2023,8,25,6,2,101,85,2312403,36,12,0,2,2
45163,2023,8,25,6,1,116,117,4106902,52,9,1,3,3
45163,2023,8,25,6,2,324,560,2929503,67,20,0,3,1
45162,2023,8,24,5,4,135,150,2926202,9,4,0,2,1
45163,2023,8,25,6,2,116,116,4106902,78,21,1,2,1
45163,2023,8,25,6,2,116,269,4304606,52,9,1,2,2
45163,2023,8,25,6,2,116,272,3552809,78,9,1,2,2
45163,2023,8,25,6,1,116,202,3303500,52,9,1,2,1
45163,2023,8,25,6,1,364,341,1100122,67,4,1,1,1
45163,2023,8,25,6,2,101,49,4209102,82,9,0,2,2
45163,2023,8,25,6,2,153,495,5208707,16,12,1,4,3
45163,2023,8,25,6,2,70,2,5300108,52,9,1,2,2
45163,2023,8,25,6,2,116,134,3549904,11,15,1,4,3
45163,2023,8,25,6,2,376,474,4119905,11,10,0,2,2
45163,2023,8,25,6,2,459,"65,3",3131505,83,10,0,2,2
45163,2023,8,25,6,2,20,5,5300108,67,12,1,2,2
45163,2023,8,25,6,2,364,16,1100304,49,20,1,1,1
45163,2023,8,25,6,2,40,633,3118304,1,11,1,2,2
45163,2023,8,25,6,2,280,"26,9",4201307,80,11,0,2,2
45163,2023,8,25,6,2,324,532,2910800,16,15,0,3,3
45163,2023,8,25,6,2,324,621,2927408,44,20,1,1,1
45163,2023,8,25,6,2,101,"79,9",2607901,67,12,1,2,2
45130,2023,7,23,1,4,153,499,5208707,35,2,1,3,2
45111,2023,7,4,3,2,272,367,4104303,11,11,0,2,2
45163,2023,8,25,6,2,116,410,3127701,11,9,0,1,1
45148,2023,8,10,5,2,280,26,4201307,82,9,0,2,2
45163,2023,8,25,6,2,174,16,1100304,52,11,1,2,2
45163,2023,8,25,6,2,230,296,2110005,52,20,0,1,1
45163,2023,8,25,6,2,365,"601,6",3170206,11,20,0,1,1
45163,2023,8,25,6,2,277,721,4108304,52,9,0,4,3
45163,2023,8,25,6,2,262,384,3140704,83,20,1,1,1
45163,2023,8,25,6,2,364,404,5103403,52,9,1,2,2
45156,2023,8,18,6,2,280,24,4201307,81,2,0,2,2
45163,2023,8,25,6,2,101,69,2611606,67,12,1,2,2
45163,2023,8,25,6,2,381,"491,5",3106705,28,21,1,1,1
45163,2023,8,25,6,2,116,15,4104006,4,4,0,4,1
45097,2023,6,20,3,4,381,455,3106200,20,12,0,2,2
45163,2023,8,25,6,2,101,324,3303302,11,12,1,3,2
45163,2023,8,25,6,2,251,337,3127073,80,10,0,5,2
45163,2023,8,25,6,2,470,"53,3",4202404,72,9,0,3,2
45163,2023,8,25,6,2,356,"42,9",3302205,38,20,0,2,1
45163,2023,8,25,6,2,407,126,2611101,82,9,1,2,2
45163,2023,8,25,6,2,343,11,2207702,1,9,1,2,2
45163,2023,8,25,6,3,381,429,3156700,1,11,1,2,2
45163,2023,8,25,6,2,116,115,4106902,67,12,1,2,2
45163,2023,8,25,6,3,20,33,5208004,67,20,0,3,1
45163,2023,8,25,6,2,367,31,2925303,67,12,0,2,2
45163,2023,8,25,6,3,324,526,2910800,16,12,0,3,2
45163,2023,8,25,6,2,60,"160,6",5002605,18,7,0,6,3
45163,2023,8,25,6,3,101,44,2606804,1,11,1,2,2
45163,2023,8,25,6,3,230,19,2507507,16,15,1,9,7
45163,2023,8,25,6,3,101,330,3304557,11,4,1,2,2
45163,2023,8,25,6,2,369,56,4102406,11,9,0,2,2
45163,2023,8,25,6,3,116,254,4320008,67,12,1,3,2
45163,2023,8,25,6,3,60,172,5200050,83,20,0,2,1
45163,2023,8,25,6,3,40,18,5212501,18,12,0,1,1
45163,2023,8,25,6,3,116,421,2910800,76,4,1,1,1
45163,2023,8,25,6,3,316,31,2203305,16,12,0,4,4
45163,2023,8,25,6,3,471,"173,3",4315701,33,11,1,2,2
45163,2023,8,25,6,2,282,"4,5",4205407,1,9,1,3,3
45163,2023,8,25,6,3,116,2,4104006,4,4,0,5,1
45163,2023,8,25,6,3,116,115,4106902,67,4,1,1,1
45163,2023,8,25,6,3,226,10,2407104,16,9,1,3,3
45163,2023,8,25,6,3,101,70,2611606,11,12,1,2,2
45163,2023,8,25,6,3,343,24,2207702,16,9,1,2,2
45163,2023,8,25,6,3,493,5,3301900,41,20,0,5,1
45163,2023,8,25,6,3,101,201,4216602,11,12,0,2,2
45163,2023,8,25,6,3,232,"14,4",2607901,48,2,0,3,2
45163,2023,8,25,6,3,101,"96,3",2504603,16,12,0,2,2
45163,2023,8,25,6,3,116,438,3542602,15,4,0,2,1
45163,2023,8,25,6,3,101,400,3302007,11,7,0,2,2
45163,2023,8,25,6,3,174,274,5106752,28,20,0,2,1
45163,2023,8,25,6,3,406,171,2312403,49,20,1,2,1
45163,2023,8,25,6,3,60,299,5200134,4,20,0,3,1
45163,2023,8,25,6,3,101,204,4216602,11,12,1,4,3
45163,2023,8,25,6,3,277,"1,4",4108304,33,11,1,2,2
45163,2023,8,25,6,4,70,"6,9",5300108,81,11,1,6,2
45163,2023,8,25,6,4,381,481,3118601,11,12,1,4,3
45163,2023,8,25,6,2,153,"44,4",4307005,1,11,0,2,2
45163,2023,8,25,6,3,116,"525,9",3113404,33,11,1,2,2
45163,2023,8,25,6,4,101,"116,5",2803203,7,21,0,1,1
45163,2023,8,25,6,4,50,177,3170107,11,12,0,1,1
45163,2023,8,25,6,3,116,"0,4",4104006,4,4,0,1,1
45163,2023,8,25,6,4,369,"140,5",4113700,72,11,1,2,2
45163,2023,8,25,6,3,101,"417,8",3302601,49,10,0,4,3
45163,2023,8,25,6,4,163,"70,6",5004601,38,12,0,2,2
45163,2023,8,25,6,4,230,17,2507507,61,2,1,3,2
45163,2023,8,25,6,3,153,176,5204706,20,7,1,7,2
45163,2023,8,25,6,4,262,446,3145208,1,2,1,2,2
45163,2023,8,25,6,3,101,274,3305752,1,7,1,4,3
45163,2023,8,25,6,4,153,513,5201405,36,12,1,4,2
45163,2023,8,25,6,4,116,233,2910701,1,2,1,2,2
45163,2023,8,25,6,4,116,415,3127701,1,11,1,2,2
45163,2023,8,25,6,4,116,"696,9",3143906,67,20,0,29,1
45163,2023,8,25,6,4,277,721,4108304,1,11,0,3,3
45163,2023,8,25,6,4,101,900,2906907,60,2,0,2,2
45163,2023,8,25,6,4,116,153,4114302,49,4,1,1,1
45163,2023,8,25,6,4,116,"12,3",2933307,1,11,1,3,2
45163,2023,8,25,6,4,277,686,4125704,16,12,1,2,2
45163,2023,8,25,6,4,290,127,4306767,9,9,0,4,2
45163,2023,8,25,6,4,70,18,5300108,11,20,1,1,1
45145,2023,8,7,2,2,210,2,1600303,20,9,1,3,2
45163,2023,8,25,6,4,153,439,5201108,49,21,1,1,1
45163,2023,8,25,6,4,153,41,4124103,49,20,1,1,1
45163,2023,8,25,6,4,40,"124,5",5206206,67,20,0,4,1
45163,2023,8,25,6,4,60,0,5300108,1,15,1,3,3
45163,2023,8,25,6,4,470,"65,2",4207502,35,2,1,2,2
45163,2023,8,25,6,4,364,"425,9",1100114,1,9,1,5,2
45163,2023,8,25,6,4,20,16,5300108,64,20,1,3,3
45163,2023,8,25,6,3,230,"453,5",2516201,11,21,0,3,1
45164,2023,8,26,7,1,116,103,4125506,11,20,0,2,2
45163,2023,8,25,6,4,70,49,5101803,67,20,0,1,1
45164,2023,8,26,7,1,101,317,3304904,1,4,1,3,2
45164,2023,8,26,7,1,116,222,3518800,35,2,1,4,3
45164,2023,8,26,7,1,101,"61,5",2611606,11,9,1,4,3
45164,2023,8,26,7,1,364,386,5219407,11,3,1,3,2
45163,2023,8,25,6,4,476,234,4113205,49,7,0,3,2
45164,2023,8,26,7,1,232,"9,9",2607901,67,12,1,3,2
45164,2023,8,26,7,1,116,14,2304400,11,12,1,4,3
45164,2023,8,26,7,1,101,"51,5",2510907,9,1,1,1,1
45164,2023,8,26,7,1,290,12,4313508,18,20,0,1,1
45163,2023,8,25,6,4,369,391,4114005,1,11,0,5,2
45164,2023,8,26,7,1,316,"551,7",2103000,48,2,1,2,2
45163,2023,8,25,6,4,343,256,2202208,49,21,0,1,1
45164,2023,8,26,7,2,369,156,4113700,52,9,1,2,2
45164,2023,8,26,7,1,101,395,4210407,18,12,0,2,2
45164,2023,8,26,7,2,381,"396,9",3107703,11,12,1,3,2
45164,2023,8,26,7,1,158,315,4310538,18,4,0,2,1
45164,2023,8,26,7,2,116,133,3302502,15,21,0,1,1
45164,2023,8,26,7,2,343,341,2211001,11,4,0,1,1
45164,2023,8,26,7,1,277,"726,5",4108304,49,4,1,1,1
45164,2023,8,26,7,2,116,"72,2",2500775,15,20,0,1,1
45164,2023,8,26,7,1,116,69,3305802,15,21,0,1,1
45163,2023,8,25,6,2,470,227,4308607,60,2,0,2,2
45164,2023,8,26,7,1,470,154,4200309,11,11,0,3,3
45164,2023,8,26,7,2,277,652,4115606,49,4,0,1,1
45164,2023,8,26,7,2,381,"794,2",3162005,67,20,0,3,1
45164,2023,8,26,7,2,116,"496,4",3130903,67,20,0,1,1
45163,2023,8,25,6,4,324,399,2922730,52,20,0,2,1
45164,2023,8,26,7,2,101,39,2606804,35,2,0,3,2
45164,2023,8,26,7,1,116,"313,8",3304201,15,9,0,3,2
45164,2023,8,26,7,2,316,25,2601102,80,7,0,2,2
45163,2023,8,25,6,3,381,526,3109006,28,18,0,1,1
45164,2023,8,26,7,2,381,61,3528502,11,21,0,3,1
45164,2023,8,26,7,2,423,"90,5",2606002,80,7,0,8,3
45164,2023,8,26,7,2,285,"123,2",4322509,49,20,1,1,1
45139,2023,8,1,3,3,381,358,3136207,1,11,1,3,2
45164,2023,8,26,7,2,470,"224,9",4308607,36,12,0,2,2
45164,2023,8,26,7,2,230,51,2504900,13,21,0,2,1
45164,2023,8,26,7,2,232,"94,2",2612000,11,15,0,3,3
45164,2023,8,26,7,2,405,3,2408003,1,11,1,2,2
45164,2023,8,26,7,2,101,505,2914802,1,9,1,3,2
45164,2023,8,26,7,2,369,"473,3",4106308,1,11,0,2,2
45164,2023,8,26,7,2,158,382,4306379,11,20,0,1,1
45164,2023,8,26,7,2,101,"207,6",4216602,52,12,1,2,2
45164,2023,8,26,7,2,116,"686,7",3143906,18,20,0,1,1
45164,2023,8,26,7,2,158,265,5008305,49,20,0,1,1
45164,2023,8,26,7,2,116,"699,6",3143906,33,11,1,2,2
45164,2023,8,26,7,2,101,"193,3",4202305,16,12,1,4,3
45164,2023,8,26,7,2,40,"14,6",5212501,52,12,0,4,2
45164,2023,8,26,7,2,381,75,3550308,28,18,0,25,1
45164,2023,8,26,7,2,101,"70,2",2611606,49,21,0,1,1
45164,2023,8,26,7,2,101,"94,5",2408102,16,12,1,3,2
45164,2023,8,26,7,2,262,1,3205309,67,12,1,2,2
45164,2023,8,26,7,2,116,"38,5",4322509,1,11,1,2,2
45164,2023,8,26,7,2,381,"454,9",3106200,81,11,1,3,2
45164,2023,8,26,7,2,470,56,4202404,20,11,1,3,2
45164,2023,8,26,7,2,356,"264,5",3143906,67,12,1,2,2
45164,2023,8,26,7,2,116,172,3305109,67,21,1,1,1
45123,2023,7,16,1,4,364,233,1100049,80,7,0,2,2
45164,2023,8,26,7,3,116,27,2301000,10,2,1,2,2
45164,2023,8,26,7,3,101,"343,2",3202405,83,4,0,2,1
45164,2023,8,26,7,2,116,246,3304003,4,4,0,2,1
45164,2023,8,26,7,2,267,193,3107505,67,3,0,2,1
45164,2023,8,26,7,3,101,"219,9",4211900,82,7,0,3,2
45164,2023,8,26,7,3,116,503,3509254,52,9,0,3,3
45164,2023,8,26,7,2,470,"159,8",4218608,67,20,0,5,2
45164,2023,8,26,7,3,40,76,3303906,15,4,0,2,1
45164,2023,8,26,7,2,365,"1,5",3143302,28,18,0,2,1
45164,2023,8,26,7,3,242,782,2903201,1,12,0,3,2
45164,2023,8,26,7,3,116,51,4104006,18,20,0,2,1
45164,2023,8,26,7,3,70,1,5200258,44,20,0,3,1
45164,2023,8,26,7,3,101,"156,8",3203205,28,21,0,2,1
45164,2023,8,26,7,3,50,"236,4",5205109,11,20,0,1,1
45164,2023,8,26,7,3,381,"866,9",3152501,18,20,0,3,1
45164,2023,8,26,7,3,365,"7,2",3143302,15,7,0,3,3
45164,2023,8,26,7,3,101,571,3303807,67,21,0,1,1
45164,2023,8,26,7,3,282,"400,6",4209003,11,20,0,1,1
45164,2023,8,26,7,3,101,"387,3",4207007,13,21,0,2,1
45164,2023,8,26,7,3,116,"153,8",4305108,67,12,1,2,2
45164,2023,8,26,7,3,101,"268,8",3205002,60,2,1,2,2
45164,2023,8,26,7,2,429,168,1100320,80,7,0,6,3
45164,2023,8,26,7,3,50,166,3170107,67,12,0,3,2
45164,2023,8,26,7,3,364,9,1100304,1,11,1,2,2
45164,2023,8,26,7,3,155,344,1504208,67,21,1,1,1
45164,2023,8,26,7,3,222,34,2303709,28,4,1,1,1
45164,2023,8,26,7,3,232,412,2613909,52,7,1,2,2
45164,2023,8,26,7,3,393,176,3306008,83,4,0,1,1
45164,2023,8,26,7,3,381,"876,8",3124500,83,20,0,8,2
45164,2023,8,26,7,3,101,48,2606804,1,11,1,2,2
45164,2023,8,26,7,3,408,"90,9",2613701,35,2,0,2,2
45164,2023,8,26,7,2,381,924,3110509,83,4,0,4,1
45164,2023,8,26,7,3,40,"633,2",3118304,15,9,0,2,2
45164,2023,8,26,7,3,116,78,3305802,64,7,1,2,2
45164,2023,8,26,7,3,40,735,3160702,67,3,0,2,1
45164,2023,8,26,7,3,282,45,4200606,13,21,0,2,1
45164,2023,8,26,7,3,163,645,5106224,28,3,1,1,1
45164,2023,8,26,7,3,364,389,5107800,11,20,0,2,1
45164,2023,8,26,7,3,101,314,3304904,52,9,0,3,2
45164,2023,8,26,7,3,316,265,2601607,67,4,0,2,1
45164,2023,8,26,7,3,452,189,5211503,28,20,0,2,1
45164,2023,8,26,7,3,406,170,2312403,67,11,0,3,2
45164,2023,8,26,7,3,262,"141,9",3203700,20,9,0,3,2
45164,2023,8,26,7,3,210,5,1600303,83,4,1,1,1
45164,2023,8,26,7,3,116,"526,8",4314407,49,4,0,1,1
45164,2023,8,26,7,3,230,"72,8",2515971,13,21,0,2,1
45164,2023,8,26,7,3,116,"126,2",3302502,4,20,0,3,2
45164,2023,8,26,7,3,40,531,3106200,11,12,1,3,2
45164,2023,8,26,7,3,60,"36,3",5200308,4,20,0,1,1
45164,2023,8,26,7,3,376,"155,4",4114104,11,12,1,4,3
45164,2023,8,26,7,3,40,494,3124104,64,11,0,2,2
45164,2023,8,26,7,3,470,273,4312401,67,20,0,1,1
45164,2023,8,26,7,3,101,"35,4",2910602,25,11,1,2,2
45164,2023,8,26,7,3,381,637,3159902,15,3,0,2,1
45164,2023,8,26,7,3,101,529,3300100,64,4,1,3,1
45164,2023,8,26,7,3,364,713,1100205,11,12,1,2,2
45164,2023,8,26,7,4,376,"106,1",4118402,81,7,0,2,2
45164,2023,8,26,7,4,101,"199,8",4216602,49,12,0,2,2
45164,2023,8,26,7,4,40,449,3109907,60,2,0,2,2
45164,2023,8,26,7,4,40,530,3118601,15,21,1,2,1
45164,2023,8,26,7,4,365,605,3170206,52,9,0,2,2
45158,2023,8,20,1,1,101,"94,7",4202107,86,20,0,2,1
45164,2023,8,26,7,3,407,4,2918407,80,7,1,2,2
45164,2023,8,26,7,3,70,514,2211407,2,11,1,3,2
45164,2023,8,26,7,4,101,379,4207007,11,4,0,1,1
45164,2023,8,26,7,3,153,"243,9",1705508,49,12,0,3,2
45164,2023,8,26,7,4,101,262,3205002,11,15,1,3,3
45164,2023,8,26,7,4,277,"475,1",4117057,60,2,0,2,2
45164,2023,8,26,7,4,116,112,3554102,85,2,1,2,2
45164,2023,8,26,7,4,101,"60,7",2611606,67,12,0,3,2
45164,2023,8,26,7,4,259,91,3200805,28,18,1,1,1
45164,2023,8,26,7,4,116,186,3303500,80,10,1,2,2
45164,2023,8,26,7,3,316,170,#N/D,25,12,0,2,2
45164,2023,8,26,7,3,116,"471,4",3168408,48,2,0,2,2
45164,2023,8,26,7,3,364,133,1200401,1,12,0,3,2
45164,2023,8,26,7,4,101,"30,2",2910602,49,21,0,3,2
45164,2023,8,26,7,4,116,326,3526209,15,20,0,5,1
45164,2023,8,26,7,4,101,"136,5",4202008,67,4,1,1,1
45164,2023,8,26,7,4,226,526,2105989,60,2,1,2,2
45164,2023,8,26,7,4,267,30,5001904,1,11,1,2,2
45164,2023,8,26,7,3,101,"136,5",4202008,49,4,1,3,3
45164,2023,8,26,7,4,101,157,4213500,67,4,1,1,1
45164,2023,8,26,7,4,282,"4,7",4216602,67,12,1,2,2
45164,2023,8,26,7,4,153,"505,3",5201405,51,4,0,1,1
45164,2023,8,26,7,4,369,474,4106308,49,20,0,1,1
45164,2023,8,26,7,4,282,"504,4",4219507,81,20,1,1,1
45164,2023,8,26,7,4,40,508,3154606,16,12,1,1,1
45164,2023,8,26,7,4,232,85,2606408,67,12,0,5,2
45164,2023,8,26,7,4,222,226,2312908,60,2,1,2,2
45164,2023,8,26,7,4,163,790,5108501,15,12,0,3,2
45164,2023,8,26,7,4,30,"365,2",2904605,9,1,0,1,1
45164,2023,8,26,7,4,101,869,2931350,67,20,0,2,1
45164,2023,8,26,7,4,40,2,5221858,49,12,1,3,2
45164,2023,8,26,7,4,101,"137,4",4202008,67,12,1,2,2
45164,2023,8,26,7,4,354,"749,1",3133006,49,4,0,2,1
45164,2023,8,26,7,4,116,323,3302254,49,4,0,2,2
45164,2023,8,26,7,4,116,"116,8",3302502,13,21,0,2,1
45165,2023,8,27,1,1,470,145,4214805,67,12,1,2,2
45164,2023,8,26,7,4,80,35,5215603,12,4,1,1,1
45165,2023,8,27,1,1,381,"521,3",3109006,83,4,0,4,1
45165,2023,8,27,1,1,101,"144,8",3203205,49,12,0,2,2
45165,2023,8,27,1,1,304,290,2407104,49,21,0,2,1
45165,2023,8,27,1,1,116,124,3302502,4,3,0,1,1
45165,2023,8,27,1,1,376,"66,4",5004007,80,7,0,4,2
45165,2023,8,27,1,1,386,"345,1",1712009,49,20,1,1,1
45164,2023,8,26,7,4,367,83,2910727,1,20,1,3,2
45165,2023,8,27,1,1,381,"479,5",3118601,11,21,1,1,1
45165,2023,8,27,1,1,116,269,3552809,83,9,1,4,2
45165,2023,8,27,1,1,116,76,2500775,28,21,0,1,1
45165,2023,8,27,1,1,393,"284,5",3306305,80,10,1,3,3
45165,2023,8,27,1,1,163,174,5005152,83,20,0,1,1
45165,2023,8,27,1,1,101,"131,5",3301405,18,20,0,2,1
45165,2023,8,27,1,1,290,106,4306767,67,20,0,1,1
45165,2023,8,27,1,1,235,"63,1",2918100,80,7,0,3,2
45165,2023,8,27,1,1,50,273,5205109,18,4,1,1,1
45165,2023,8,27,1,2,40,"470,6",3167202,11,20,1,2,1
45165,2023,8,27,1,1,290,9,4313508,67,20,0,1,1
45164,2023,8,26,7,3,324,347,2906873,82,10,0,5,2
45165,2023,8,27,1,1,101,296,4207304,49,20,0,3,1
45165,2023,8,27,1,1,40,114,3301702,67,12,1,3,2
45165,2023,8,27,1,1,290,"517,5",4316402,9,1,0,2,1
45164,2023,8,26,7,3,153,"15,9",3115805,18,20,0,5,1
45165,2023,8,27,1,1,420,241,2918803,11,4,1,1,1
45165,2023,8,27,1,2,381,497,3106705,83,20,1,2,1
45165,2023,8,27,1,2,101,278,2918803,20,9,0,2,2
45165,2023,8,27,1,2,365,649,3170206,15,20,0,1,1
45164,2023,8,26,7,4,40,"197,9",3136306,49,20,0,1,1
45165,2023,8,27,1,2,226,"86,1",2414001,82,7,0,9,2
45165,2023,8,27,1,2,343,258,2202208,52,7,0,2,2
45165,2023,8,27,1,2,101,"186,1",4202305,49,4,1,1,1
45165,2023,8,27,1,2,174,513,1400100,80,10,0,5,2
45165,2023,8,27,1,2,40,716,3105608,15,2,0,2,2
45165,2023,8,27,1,2,480,66,4301701,18,12,0,5,2
45165,2023,8,27,1,2,116,"132,8",3508504,18,4,1,1,1
45165,2023,8,27,1,1,381,86,3550308,67,3,1,1,1
45165,2023,8,27,1,2,381,481,3106705,83,4,1,1,1
45165,2023,8,27,1,2,262,380,3136652,11,21,0,1,1
45165,2023,8,27,1,2,40,783,3136702,15,20,0,2,1
45165,2023,8,27,1,2,376,"194,8",4114807,18,20,0,2,1
45165,2023,8,27,1,2,376,"192,4",4114807,83,4,0,1,1
45165,2023,8,27,1,2,381,75,3550308,15,3,0,1,1
45165,2023,8,27,1,2,230,2,2503209,16,12,1,3,2
45165,2023,8,27,1,2,381,336,3144706,64,20,0,4,1
45165,2023,8,27,1,2,116,202,3503901,64,4,1,1,1
45165,2023,8,27,1,2,230,"117,3",2506806,13,21,0,2,1
45165,2023,8,27,1,2,476,153,4101804,52,11,1,3,2
45165,2023,8,27,1,2,369,"185,8",4101507,49,20,1,1,1
45165,2023,8,27,1,2,116,312,2306900,18,20,0,1,1
45165,2023,8,27,1,2,101,305,3304904,61,2,1,2,2
45165,2023,8,27,1,2,429,92,1100346,67,1,1,2,2
45144,2023,8,6,1,1,381,327,3144706,33,21,0,1,1
45165,2023,8,27,1,2,116,256,4307708,11,4,1,1,1
45165,2023,8,27,1,2,262,117,3154903,64,20,0,1,1
45165,2023,8,27,1,2,60,114,5221197,83,20,0,1,1
45165,2023,8,27,1,2,242,674,2933455,64,21,0,2,1
45165,2023,8,27,1,2,101,"101,6",4212809,52,4,1,1,1
45165,2023,8,27,1,3,381,"745,7",3169307,15,20,0,4,1
45165,2023,8,27,1,2,116,"702,4",3143906,11,2,1,2,2
45165,2023,8,27,1,3,116,155,3549904,52,3,0,1,1
45165,2023,8,27,1,3,101,"219,5",4211900,52,9,0,2,2
45165,2023,8,27,1,2,116,"305,1",3132701,80,7,0,3,2
45165,2023,8,27,1,3,101,"107,4",2403251,61,2,1,3,2
45165,2023,8,27,1,3,459,"95,3",3152501,20,11,0,2,2
45165,2023,8,27,1,3,381,"929,8",3133600,15,4,0,2,1
45165,2023,8,27,1,3,381,"592,3",3114501,83,20,0,1,1
45165,2023,8,27,1,2,277,584,2303501,13,20,1,1,1
45165,2023,8,27,1,3,381,430,3110004,15,20,0,1,1
45165,2023,8,27,1,3,153,30,2906105,11,21,0,2,1
45165,2023,8,27,1,3,386,"371,3",4308078,67,4,0,1,1
45165,2023,8,27,1,3,365,"575,7",3130705,1,11,0,6,2
45165,2023,8,27,1,3,324,"516,7",2910800,20,9,1,3,2
45165,2023,8,27,1,3,267,"63,3",3106903,13,20,0,4,1
45165,2023,8,27,1,3,101,362,3200409,4,3,0,4,2
45165,2023,8,27,1,3,116,191,3546801,83,20,0,6,3
45165,2023,8,27,1,3,232,"71,1",2606408,1,11,0,2,2
45165,2023,8,27,1,3,381,"628,5",3145604,83,20,0,1,1
45165,2023,8,27,1,3,104,35,2709301,80,7,1,3,2
45165,2023,8,27,1,3,381,523,3109006,15,20,0,2,1
45165,2023,8,27,1,3,60,"379,5",5218805,48,20,0,1,1
45165,2023,8,27,1,3,354,712,3115508,83,20,0,2,1
45165,2023,8,27,1,3,101,229,3305604,15,20,0,3,1
45165,2023,8,27,1,3,116,"49,1",3305802,6,4,0,3,1
45165,2023,8,27,1,3,104,75,2604106,13,20,0,1,1
45165,2023,8,27,1,2,153,"182,2",5204706,67,12,0,5,2
45165,2023,8,27,1,3,101,123,2605202,28,21,0,2,1
45165,2023,8,27,1,3,381,941,3125101,15,20,0,2,1
45165,2023,8,27,1,3,373,450,4105409,67,20,0,3,1
45165,2023,8,27,1,3,101,147,4208302,16,15,1,9,4
45165,2023,8,27,1,3,20,"403,9",2303709,33,11,0,3,3
45165,2023,8,27,1,3,369,"239,2",4112108,1,11,0,3,2
45165,2023,8,27,1,3,153,"245,1",3127008,1,11,0,3,2
45165,2023,8,27,1,3,163,"149,6",3546900,72,11,0,5,3
45165,2023,8,27,1,3,40,"741,1",3160702,15,4,1,1,1
45165,2023,8,27,1,3,101,"93,2",2504603,1,11,1,4,2
45165,2023,8,27,1,2,116,"749,8",3138401,83,20,0,2,1
45165,2023,8,27,1,3,40,17,3306008,4,20,0,3,1
45006,2023,3,21,3,2,135,7,2111300,1,11,1,5,3
45165,2023,8,27,1,3,381,"708,9",3144607,15,20,0,4,1