id_data,ano,mes,dia,id_dia_semana,periodo,br,km,id_municipio,id_causa_acidente,id_tipo_acidente,id_uso_solo,pessoas,veiculos
45169,2023,8,31,5,3,356,122,3301009,51,12,0,2,2
45165,2023,8,27,1,3,420,249,2922409,52,7,1,2,2
45169,2023,8,31,5,2,163,"265,8",3169109,1,12,0,2,2
45150,2023,8,12,7,1,376,10,4115200,67,9,1,2,2
45169,2023,8,31,5,2,381,"232,2",3106309,67,7,0,2,2
45169,2023,8,31,5,3,290,"45,2",4309050,16,12,0,3,2
45169,2023,8,31,5,3,163,839,5107909,67,12,1,2,2
45169,2023,8,31,5,3,361,78,2511301,18,7,0,3,2
45169,2023,8,31,5,3,20,23,5300108,28,18,1,1,1
44996,2023,3,11,7,4,116,133,3302502,11,12,0,3,2
45037,2023,4,21,6,4,101,"268,7",2918803,52,10,0,3,2
45015,2023,3,30,5,3,153,141,1702109,35,2,1,3,3
45169,2023,8,31,5,3,163,270,5003702,15,20,0,1,1
45169,2023,8,31,5,3,101,"47,4",2702801,13,4,0,3,1
45169,2023,8,31,5,3,101,102,2806701,33,11,0,4,2
45113,2023,7,6,5,2,470,"217,1",4302105,11,20,1,1,1
45169,2023,8,31,5,3,116,130,3302502,11,3,0,2,1
45133,2023,7,26,4,3,293,92,4314605,67,20,0,1,1
45169,2023,8,31,5,3,104,61,2604106,52,9,1,3,2
45169,2023,8,31,5,3,364,"71,5",5204102,4,20,0,4,1
45169,2023,8,31,5,3,304,302,2407104,12,2,0,2,2
45101,2023,6,24,7,1,493,24,3302502,11,2,0,2,2
45169,2023,8,31,5,3,230,19,2507507,78,11,1,3,2
45169,2023,8,31,5,3,116,249,4318705,52,12,1,3,3
45169,2023,8,31,5,3,324,"610,8",2930709,78,9,0,2,2
45169,2023,8,31,5,3,116,"399,1",2313708,63,20,0,2,1
45169,2023,8,31,5,3,101,48,3301009,1,2,0,3,2
45169,2023,8,31,5,3,316,"299,1",2208007,67,20,0,1,1
45169,2023,8,31,5,3,116,521,4314407,1,11,1,2,2
45169,2023,8,31,5,3,70,10,5300108,61,2,1,2,2
45169,2023,8,31,5,3,423,"98,2",2606002,11,20,0,3,1
45169,2023,8,31,5,3,364,"240,6",1100049,72,11,0,2,2
45169,2023,8,31,5,3,163,1025,5106422,52,11,0,2,2
45142,2023,8,4,6,4,163,"11,2",4102604,49,20,1,1,1
45169,2023,8,31,5,3,381,282,3135001,1,11,0,4,2
45169,2023,8,31,5,3,381,490,3106705,60,2,1,3,2
45169,2023,8,31,5,3,104,169,2501575,11,20,0,1,1
45169,2023,8,31,5,3,174,511,1400100,13,20,0,2,1
45169,2023,8,31,5,4,101,214,4211900,12,12,1,2,2
45169,2023,8,31,5,3,153,499,5208707,16,12,1,2,2
45169,2023,8,31,5,3,277,"1,1",4108304,1,11,1,3,3
45169,2023,8,31,5,4,393,286,3306305,33,11,1,2,2
45169,2023,8,31,5,3,277,"70,3",4125506,11,9,1,4,4
45169,2023,8,31,5,4,101,270,3205002,52,9,1,2,2
45169,2023,8,31,5,4,101,132,4202008,51,7,0,2,2
45169,2023,8,31,5,4,163,558,4102406,82,7,0,10,2
45169,2023,8,31,5,2,392,4,4315602,67,12,1,3,2
45169,2023,8,31,5,4,407,127,2930105,2,11,1,2,2
45169,2023,8,31,5,4,101,261,3205002,72,11,0,2,2
45169,2023,8,31,5,4,116,"276,1",3168606,33,9,1,1,1
45169,2023,8,31,5,4,163,"70,3",4217204,83,4,1,1,1
45169,2023,8,31,5,4,101,103,2403251,52,7,1,3,2
45169,2023,8,31,5,4,101,65,3301009,82,9,1,2,2
45169,2023,8,31,5,4,285,456,4310207,1,11,0,3,2
45169,2023,8,31,5,4,101,"269,5",3205002,60,2,1,2,2
45169,2023,8,31,5,4,101,270,3205002,56,4,1,2,1
45169,2023,8,31,5,4,285,337,4304705,81,21,1,1,1
45169,2023,8,31,5,4,287,251,2409332,52,9,1,2,2
45169,2023,8,31,5,4,163,"83,2",2925006,33,11,0,4,2
45169,2023,8,31,5,4,116,8,4210100,2,20,0,1,1
45170,2023,9,1,6,1,101,"194,4",4202305,9,1,1,1,1
45170,2023,9,1,6,1,60,"388,8",5218805,11,20,1,2,1
45170,2023,9,1,6,1,373,"264,1",4120606,83,20,1,1,1
45170,2023,9,1,6,1,116,253,4304606,16,12,1,6,3
45170,2023,9,1,6,1,101,61,3301009,49,4,1,1,1
45170,2023,9,1,6,1,376,"461,8",4119905,11,4,0,1,1
45170,2023,9,1,6,1,304,"62,7",2408003,11,9,0,2,2
45170,2023,9,1,6,2,116,126,4107652,51,20,1,1,1
45170,2023,9,1,6,1,364,422,1100114,12,4,0,1,1
45170,2023,9,1,6,2,163,266,5003702,28,21,1,1,1
45170,2023,9,1,6,2,277,70,4125506,83,12,1,2,2
45170,2023,9,1,6,2,116,"147,3",4305108,17,11,1,2,2
45066,2023,5,20,7,3,262,63,3203346,83,9,0,3,3
45170,2023,9,1,6,2,116,213,3518800,83,12,1,4,2
45170,2023,9,1,6,2,116,297,3304110,11,4,0,1,1
45170,2023,9,1,6,2,101,186,4202305,49,12,0,2,2
45170,2023,9,1,6,2,262,"445,5",3145208,83,9,1,4,2
45170,2023,9,1,6,2,232,"211,2",2610905,49,11,1,5,2
45170,2023,9,1,6,2,116,176,3303500,11,12,1,4,2
45170,2023,9,1,6,1,381,"619,8",3145604,18,4,0,1,1
45170,2023,9,1,6,2,282,508,4219507,51,20,0,1,1
45170,2023,9,1,6,1,60,311,5200134,18,20,0,1,1
45170,2023,9,1,6,2,381,806,3162005,18,20,0,2,1
45170,2023,9,1,6,2,101,"78,9",2607901,67,12,1,4,3
45170,2023,9,1,6,2,40,"549,3",3144805,28,21,0,2,1
45075,2023,5,29,2,3,101,147,4208302,28,18,1,1,1
45170,2023,9,1,6,2,476,138,4106902,67,12,1,2,2
45170,2023,9,1,6,2,230,57,2504900,11,12,0,3,2
45170,2023,9,1,6,2,101,54,2510907,52,9,1,2,2
45170,2023,9,1,6,2,116,225,3518800,11,12,1,3,2
45170,2023,9,1,6,2,364,185,2409605,49,7,0,2,2
45170,2023,9,1,6,2,101,"83,9",2408102,61,2,1,2,2
45170,2023,9,1,6,2,50,41,3103504,11,21,0,1,1
45170,2023,9,1,6,2,282,158,4202602,11,20,0,1,1
45170,2023,9,1,6,2,277,"7,8",4118204,33,11,1,2,2
45166,2023,8,28,2,3,116,3,2304400,82,7,1,2,2
45170,2023,9,1,6,1,316,327,2605707,11,20,0,2,1
45170,2023,9,1,6,2,324,532,2908507,52,9,0,2,2
45163,2023,8,25,6,2,116,207,3518800,16,12,1,2,2
45170,2023,9,1,6,2,290,113,4306767,1,11,0,2,2
45170,2023,9,1,6,2,40,109,3301702,67,15,1,5,4
45170,2023,9,1,6,2,101,87,2804805,28,20,0,2,1
45170,2023,9,1,6,2,235,54,2506905,16,12,1,2,2
45170,2023,9,1,6,2,104,61,2604106,1,9,1,4,4
45170,2023,9,1,6,2,10,"63,7",1502400,16,12,1,2,2
45129,2023,7,22,7,3,116,232,4307609,1,9,1,2,2
45170,2023,9,1,6,2,116,248,4318705,20,11,1,4,2
45170,2023,9,1,6,2,116,265,4304606,51,15,1,4,4
45170,2023,9,1,6,2,158,334,5002308,1,7,1,2,2
45170,2023,9,1,6,2,316,40,1506500,28,20,0,2,1
45170,2023,9,1,6,3,116,"60,3",3518404,11,4,0,1,1
45170,2023,9,1,6,3,277,731,4108304,64,21,1,1,1
45170,2023,9,1,6,2,495,3,3305802,16,12,1,2,2
45137,2023,7,30,1,2,381,85,3550308,67,12,1,2,2
45143,2023,8,5,7,2,381,513,3130101,11,11,1,2,1
45170,2023,9,1,6,3,101,"76,9",2611606,16,12,1,2,2
45170,2023,9,1,6,3,163,266,5003702,1,11,1,2,2
45149,2023,8,11,6,4,472,579,4322400,67,20,0,1,1
45170,2023,9,1,6,3,101,292,3201308,5,21,1,1,1
45170,2023,9,1,6,3,40,3,5221858,16,21,1,2,2
45170,2023,9,1,6,3,414,"402,7",5200100,11,20,0,2,1
45170,2023,9,1,6,3,376,15,5003702,67,20,0,4,1
45143,2023,8,5,7,1,376,182,4115200,67,9,1,3,2
45170,2023,9,1,6,3,259,"104,2",3200805,1,11,0,2,2
45170,2023,9,1,6,3,101,58,2705200,13,20,0,1,1
45170,2023,9,1,6,3,116,243,4318705,78,2,1,3,2
45170,2023,9,1,6,3,101,50,2510907,52,11,1,3,2
45170,2023,9,1,6,2,101,"87,9",4202107,11,12,1,2,2
45170,2023,9,1,6,2,405,151,2409407,20,11,1,1,1
45170,2023,9,1,6,3,101,450,3203403,2,11,0,4,2
45170,2023,9,1,6,3,116,173,3305109,2,2,0,2,2
45170,2023,9,1,6,3,116,242,4318705,11,12,1,5,5
45170,2023,9,1,6,3,101,302,3301900,16,12,1,7,2
45170,2023,9,1,6,2,101,"86,5",4202107,11,9,1,3,2
45170,2023,9,1,6,3,50,"40,6",3103504,60,4,0,2,2
45170,2023,9,1,6,3,20,398,2303709,28,10,0,2,2
45170,2023,9,1,6,3,101,49,2600054,52,2,1,2,2
45170,2023,9,1,6,3,101,"66,7",2611606,61,2,1,2,2
45170,2023,9,1,6,3,101,330,3304557,16,9,0,2,2
45170,2023,9,1,6,3,104,61,2604106,1,9,0,3,2
45170,2023,9,1,6,3,40,1,5221858,81,2,1,2,2
45170,2023,9,1,6,3,146,"462,8",3108404,1,11,0,2,2
45170,2023,9,1,6,3,101,476,3300100,28,15,0,3,3
45163,2023,8,25,6,3,101,285,3301900,11,12,0,1,1
45170,2023,9,1,6,3,116,242,4318705,67,12,1,2,2
45170,2023,9,1,6,3,101,256,2908309,12,12,0,6,5
45170,2023,9,1,6,3,20,2,5300108,16,12,1,5,2
45170,2023,9,1,6,3,407,"4,2",2918407,81,11,1,2,2
45170,2023,9,1,6,3,230,"151,8",2504009,82,9,1,2,2
45170,2023,9,1,6,3,40,"550,1",3144805,78,11,0,2,2
45170,2023,9,1,6,3,470,"122,8",4206900,20,11,0,2,2
45170,2023,9,1,6,3,101,"433,8",4217709,33,11,1,2,2
45170,2023,9,1,6,3,381,503,3106705,11,15,0,3,3
45170,2023,9,1,6,3,414,439,5201108,16,9,1,3,2
45170,2023,9,1,6,2,101,294,3301900,11,12,1,2,2
45170,2023,9,1,6,3,381,46,3504107,67,4,0,2,1
45170,2023,9,1,6,3,356,"266,9",3143906,83,4,1,2,2
45170,2023,9,1,6,3,386,"347,6",1712009,16,12,1,4,2
45170,2023,9,1,6,3,365,"623,3",3170206,1,9,1,3,3
45170,2023,9,1,6,3,101,"47,9",3555406,67,11,1,2,2
45170,2023,9,1,6,3,116,323,3302254,80,7,1,3,2
45170,2023,9,1,6,3,277,74,4125506,52,9,1,2,2
45154,2023,8,16,4,3,465,15,3305554,16,9,1,1,1
45170,2023,9,1,6,3,101,304,3304904,11,12,0,2,2
45170,2023,9,1,6,3,116,765,3138401,9,1,1,1,1
45170,2023,9,1,6,3,101,"714,1",2910727,1,11,1,3,2
45170,2023,9,1,6,3,405,191,2407252,63,21,0,1,1
45170,2023,9,1,6,3,116,202,3304144,80,7,1,2,2
45170,2023,9,1,6,3,407,129,2611101,11,9,1,2,2
45170,2023,9,1,6,3,60,453,5007901,1,11,0,5,2
45170,2023,9,1,6,3,364,"236,7",1100049,16,12,1,2,2
45170,2023,9,1,6,3,101,335,4218707,1,11,1,2,2
45170,2023,9,1,6,4,101,884,2931350,11,21,0,1,1
45170,2023,9,1,6,4,116,142,3301702,2,2,1,6,2
45170,2023,9,1,6,4,393,"279,8",3300308,1,11,1,4,2
45170,2023,9,1,6,4,101,113,4208203,78,9,1,2,2
45170,2023,9,1,6,4,116,119,3554102,11,3,0,1,1
45170,2023,9,1,6,3,472,415,4318002,11,7,0,4,2
45170,2023,9,1,6,3,364,124,1200401,4,12,1,2,2
45170,2023,9,1,6,3,316,"155,6",2706307,10,2,1,2,2
45170,2023,9,1,6,3,101,91,4202107,16,12,0,3,2
45170,2023,9,1,6,4,101,"45,5",3555406,1,10,1,2,2
45170,2023,9,1,6,4,40,"1,6",5300108,18,12,0,2,2
45170,2023,9,1,6,4,116,219,3518800,11,11,1,3,2
45170,2023,9,1,6,4,116,191,3303500,67,12,1,3,2
45170,2023,9,1,6,4,116,185,3303500,49,12,1,2,2
45170,2023,9,1,6,4,381,480,3118601,49,4,1,1,1
45170,2023,9,1,6,4,376,618,4125506,1,11,1,3,2
45170,2023,9,1,6,4,174,312,5106752,9,1,0,2,1
45170,2023,9,1,6,4,116,184,3303500,28,18,0,1,1
45170,2023,9,1,6,4,432,186,1400175,11,20,0,3,1
45170,2023,9,1,6,4,158,318,2409332,11,20,0,2,1
45170,2023,9,1,6,4,153,501,5208707,16,12,1,2,2
45170,2023,9,1,6,4,60,"502,8",5005400,11,20,0,5,1
45068,2023,5,22,2,3,116,"387,2",4300851,18,20,0,1,1
45170,2023,9,1,6,4,153,"86,5",3530300,83,4,0,2,2
45170,2023,9,1,6,4,386,"252,9",2516102,35,2,0,2,2
45170,2023,9,1,6,4,40,"548,3",3144805,83,12,0,4,2
45130,2023,7,23,1,4,40,423,3120904,35,2,1,2,2
45170,2023,9,1,6,4,116,269,3552809,11,12,1,3,2
45170,2023,9,1,6,4,116,127,3302502,52,12,0,2,2
45170,2023,9,1,6,4,101,"215,4",4211900,16,12,0,3,2
45170,2023,9,1,6,4,468,"65,8",4317806,80,11,0,2,2
45171,2023,9,2,7,1,101,113,4208203,49,4,1,1,1
45171,2023,9,2,7,1,470,"18,7",4207106,11,4,0,2,1
45170,2023,9,1,6,4,282,"414,4",4105003,18,20,0,1,1
45171,2023,9,2,7,1,50,257,5205109,51,20,0,1,1
45171,2023,9,2,7,1,101,"4,5",3204054,11,3,0,1,1
45171,2023,9,2,7,1,267,"291,9",5007208,11,12,0,2,2
45170,2023,9,1,6,4,116,"620,8",3145877,16,12,1,2,2
45171,2023,9,2,7,1,70,1,5200258,67,4,0,1,1
45171,2023,9,2,7,1,381,"874,2",3124500,36,12,0,5,2
45171,2023,9,2,7,1,153,"574,4",5218391,18,20,0,4,1
45171,2023,9,2,7,1,101,134,4202008,49,4,0,1,1
45171,2023,9,2,7,1,101,403,2912707,64,21,0,4,1
45171,2023,9,2,7,1,153,423,5201108,11,20,0,4,2
45171,2023,9,2,7,1,163,842,5007935,11,20,0,5,1
45171,2023,9,2,7,1,101,141,3203205,67,21,0,1,1
45171,2023,9,2,7,1,282,"524,5",4219705,49,7,0,36,3
45126,2023,7,19,4,2,493,"0,9",3301900,61,2,1,2,2
45171,2023,9,2,7,1,381,507,3162922,11,12,1,1,1
45171,2023,9,2,7,1,282,500,4219507,49,20,1,1,1
45171,2023,9,2,7,1,80,37,5300108,49,3,0,1,1
45171,2023,9,2,7,1,282,99,4200705,18,20,0,1,1
45171,2023,9,2,7,1,262,802,3170107,49,20,1,1,1
45171,2023,9,2,7,1,277,643,4105300,67,4,0,1,1
45171,2023,9,2,7,1,316,245,2700409,49,12,0,5,3
45171,2023,9,2,7,1,235,74,2802304,9,1,1,2,1
45149,2023,8,11,6,3,116,42,2305233,52,9,1,3,2
45150,2023,8,12,7,4,280,"21,8",4201307,80,7,0,2,2
45171,2023,9,2,7,2,476,149,4101804,18,20,1,1,1
45171,2023,9,2,7,2,282,377,4206702,64,4,0,3,1
45171,2023,9,2,7,2,153,99,4112306,80,10,0,2,2
45171,2023,9,2,7,2,116,143,3549904,78,11,1,4,3
45171,2023,9,2,7,2,116,12,2304400,52,9,1,2,2
45171,2023,9,2,7,2,381,"355,5",3136207,1,11,0,2,2
45151,2023,8,13,1,3,40,"469,3",3167202,67,15,0,6,3
45170,2023,9,1,6,4,163,1030,5106422,67,11,0,2,2
45170,2023,9,1,6,3,163,1066,5104104,2,11,0,2,2
45171,2023,9,2,7,2,40,"555,1",3144805,67,12,0,2,2
45171,2023,9,2,7,2,304,42,2408003,16,12,0,2,2
45171,2023,9,2,7,2,282,"1,8",4205407,11,4,1,1,1
45171,2023,9,2,7,2,40,26,3306008,67,4,0,3,1
45171,2023,9,2,7,2,282,"1,8",4205407,16,12,1,2,2
45171,2023,9,2,7,2,101,49,3555406,1,11,1,2,2
45171,2023,9,2,7,2,101,189,4202305,67,4,0,1,1
45171,2023,9,2,7,1,116,498,3130903,83,3,0,1,1
45171,2023,9,2,7,2,116,219,3518800,67,21,1,2,2
45171,2023,9,2,7,2,493,95,3305554,11,20,0,2,1
45171,2023,9,2,7,2,364,400,5103403,14,21,1,2,2
45111,2023,7,4,3,4,101,"153,6",2404200,81,9,0,3,3
45171,2023,9,2,7,2,262,367,3136652,51,20,1,1,1
45171,2023,9,2,7,1,251,"468,3",3126703,56,4,0,5,1
45115,2023,7,8,7,4,116,2,4104006,83,20,0,3,1
45171,2023,9,2,7,1,361,"16,8",2513802,9,1,0,1,1
45171,2023,9,2,7,2,376,177,4115200,36,12,1,4,4
45171,2023,9,2,7,2,452,"101,4",5203500,67,20,0,2,1
45171,2023,9,2,7,2,70,10,5300108,52,9,1,4,2
45171,2023,9,2,7,2,116,216,3518800,52,3,1,2,2
45171,2023,9,2,7,2,101,"138,5",4202008,15,4,0,1,1
45171,2023,9,2,7,2,376,141,4116901,11,20,0,1,1
45130,2023,7,23,1,4,290,107,4306767,11,4,1,2,1
45171,2023,9,2,7,2,101,325,3303302,16,12,0,4,2
45171,2023,9,2,7,2,50,180,3170107,67,21,1,1,1
45171,2023,9,2,7,3,101,186,4202305,15,20,1,3,1
45171,2023,9,2,7,2,376,403,4127502,67,20,0,2,1
45171,2023,9,2,7,2,101,"138,8",4202008,67,4,1,3,1
45171,2023,9,2,7,3,282,75,4214300,83,20,0,3,1
45171,2023,9,2,7,3,116,224,3518800,78,9,1,2,2
45171,2023,9,2,7,3,101,41,4209102,52,9,1,2,2
45171,2023,9,2,7,3,376,219,4112108,67,7,0,2,2
45171,2023,9,2,7,3,101,"273,3",3205002,67,4,0,2,1
45171,2023,9,2,7,3,116,70,4104006,4,20,1,4,1
45171,2023,9,2,7,3,101,"153,2",2802106,28,18,1,1,1
45171,2023,9,2,7,3,101,135,4202008,49,4,1,1,1
45171,2023,9,2,7,3,376,"471,5",4119905,15,20,0,2,1
45171,2023,9,2,7,3,163,18,2922102,33,3,1,2,2
45171,2023,9,2,7,3,101,491,2903300,83,20,0,1,1
45171,2023,9,2,7,3,10,243,2103752,52,7,0,4,2
45171,2023,9,2,7,3,277,21,4118204,83,20,0,1,1
45171,2023,9,2,7,2,365,840,3159803,11,20,0,2,1
45171,2023,9,2,7,3,101,246,3205002,51,20,0,2,1
45032,2023,4,16,1,4,386,"5,7",4310504,80,11,0,6,3
45171,2023,9,2,7,3,101,324,3303302,67,15,1,4,3
45171,2023,9,2,7,3,101,441,4215653,49,12,1,2,2
45171,2023,9,2,7,3,40,38,3300225,11,20,0,4,1
45042,2023,4,26,4,2,343,3,2211001,52,2,1,2,2
45171,2023,9,2,7,3,101,"204,9",4216602,16,12,1,2,2
45171,2023,9,2,7,3,116,"12,9",2933307,1,11,1,3,2
45171,2023,9,2,7,3,287,249,2409332,33,11,1,2,2
45171,2023,9,2,7,3,392,28,4315602,67,9,0,5,3
45171,2023,9,2,7,3,101,194,2908200,51,20,0,3,2
45171,2023,9,2,7,3,116,45,4104006,83,20,0,3,1
45171,2023,9,2,7,3,116,15,4104006,15,4,0,2,1
45171,2023,9,2,7,3,280,"58,7",4206504,11,21,1,1,1
45171,2023,9,2,7,3,262,414,5008008,29,21,0,2,1
45171,2023,9,2,7,3,235,"42,5",2506905,16,12,1,3,2
45171,2023,9,2,7,3,282,20,4211900,16,12,1,4,3
45171,2023,9,2,7,3,40,"4,9",5300108,35,11,1,4,3
45171,2023,9,2,7,3,101,264,2928703,1,11,0,2,2
45127,2023,7,20,5,3,459,96,3152501,80,7,0,4,2
45171,2023,9,2,7,3,60,187,5209200,4,20,0,1,1
45171,2023,9,2,7,3,60,70,5200100,83,3,0,1,1
45171,2023,9,2,7,3,40,"6,5",3306008,11,20,0,1,1
45171,2023,9,2,7,3,10,"246,2",2105302,16,9,1,2,2
45171,2023,9,2,7,3,364,146,1200401,4,20,0,3,1
45171,2023,9,2,7,2,163,"663,4",5105259,18,20,0,1,1
45171,2023,9,2,7,3,356,136,3301009,1,11,1,2,2
45171,2023,9,2,7,3,101,108,2900702,49,11,1,3,2
45171,2023,9,2,7,3,101,0,2607901,81,11,1,3,2
45171,2023,9,2,7,3,153,318,4110102,15,20,0,3,1
45171,2023,9,2,7,3,101,164,2701407,28,18,0,1,1
45171,2023,9,2,7,3,277,"101,8",4106902,4,9,0,4,2
45171,2023,9,2,7,3,101,"308,9",4209409,80,7,0,2,2
45171,2023,9,2,7,3,116,"28,1",3513405,49,4,0,2,2
45171,2023,9,2,7,3,267,"138,4",3136702,16,12,0,3,2
45171,2023,9,2,7,3,116,168,2311801,1,11,1,3,2
45171,2023,9,2,7,3,40,121,3301702,67,4,1,1,1
45171,2023,9,2,7,3,116,272,3552809,4,3,0,1,1
45171,2023,9,2,7,3,70,"681,3",5102504,83,20,0,1,1
45151,2023,8,13,1,2,330,802,2918001,28,18,0,1,1
45171,2023,9,2,7,3,235,120,2918100,25,12,0,3,2
45171,2023,9,2,7,4,386,346,1712009,11,4,1,2,2
45171,2023,9,2,7,3,101,60,3301009,80,10,1,4,2
45171,2023,9,2,7,3,364,202,5211909,67,12,0,3,2
45171,2023,9,2,7,4,153,336,4110706,20,11,1,2,2
45171,2023,9,2,7,4,376,192,4114807,49,11,0,2,2
45171,2023,9,2,7,4,392,2,4304663,78,7,0,2,2
45171,2023,9,2,7,3,463,"88,5",5006606,1,11,0,5,2
45171,2023,9,2,7,4,267,"56,7",3128501,1,11,1,5,2
45171,2023,9,2,7,3,163,526,5004908,67,20,1,1,1
45171,2023,9,2,7,4,277,37,4116208,67,20,0,2,1
45171,2023,9,2,7,3,472,600,4322400,11,20,0,1,1
45171,2023,9,2,7,4,101,422,3302601,49,7,0,3,3
45171,2023,9,2,7,3,104,"116,8",2508307,52,7,1,2,2
45171,2023,9,2,7,4,226,300,2101608,80,7,1,2,2
45171,2023,9,2,7,4,222,154,2306108,5,20,0,1,1
45171,2023,9,2,7,4,280,"288,9",4107850,1,11,0,4,3
45171,2023,9,2,7,4,153,334,1709302,33,11,0,3,2
45171,2023,9,2,7,4,101,"410,4",4201406,1,11,1,2,2
45171,2023,9,2,7,4,424,"105,5",2602407,49,10,0,2,2
45171,2023,9,2,7,3,424,76,2603207,28,12,0,3,2
45131,2023,7,24,2,3,60,89,5201108,67,21,0,1,1
45171,2023,9,2,7,3,376,668,4109609,28,18,0,1,1
45171,2023,9,2,7,4,470,62,4207502,1,11,1,3,2
45171,2023,9,2,7,3,493,6,3301900,1,2,0,3,3
45171,2023,9,2,7,4,101,35,3201605,80,10,0,3,3
45171,2023,9,2,7,4,232,100,2601904,49,7,1,2,2
45171,2023,9,2,7,3,376,"507,8",4119905,15,12,0,1,1
45171,2023,9,2,7,3,376,"507,9",4119905,16,12,0,2,2
45171,2023,9,2,7,4,324,619,2927408,52,9,1,3,3
45171,2023,9,2,7,4,116,274,3300407,56,4,1,1,1
45171,2023,9,2,7,4,230,108,1504208,49,7,0,7,3
45171,2023,9,2,7,3,317,310,1200104,11,2,0,2,2
45171,2023,9,2,7,4,153,"673,5",5216007,67,12,0,2,1
45171,2023,9,2,7,4,116,566,3139409,20,9,0,2,2
45171,2023,9,2,7,4,376,149,4120408,1,11,0,3,2
45172,2023,9,3,1,1,470,103,4201257,80,7,0,5,2
45172,2023,9,3,1,1,153,"436,5",5201108,49,4,0,1,1
45172,2023,9,3,1,1,101,"103,6",4212502,11,4,0,1,1
45172,2023,9,3,1,1,116,147,3549904,11,3,1,3,2
45172,2023,9,3,1,1,381,"876,6",3124500,83,3,0,1,1
45172,2023,9,3,1,1,381,54,3528502,67,4,0,2,1
45172,2023,9,3,1,1,116,150,3549904,11,20,1,1,1
45172,2023,9,3,1,1,163,"259,1",5003702,11,12,1,4,2
45172,2023,9,3,1,1,101,198,4216602,18,4,1,1,1
45172,2023,9,3,1,1,116,"810,5",3101508,67,21,0,1,1
45172,2023,9,3,1,1,116,"529,7",3113404,11,21,0,1,1
45172,2023,9,3,1,1,381,"484,1",3106705,83,4,1,1,1
45172,2023,9,3,1,1,304,"29,8",2408003,1,11,1,3,2
45172,2023,9,3,1,1,163,300,4107256,18,20,0,1,1
45171,2023,9,2,7,4,373,"230,2",4110102,46,20,1,1,1
45171,2023,9,2,7,4,70,523,2211407,2,11,1,2,2
45172,2023,9,3,1,1,414,438,5201108,25,12,1,3,2
45172,2023,9,3,1,1,116,305,3304201,11,12,1,2,2
45172,2023,9,3,1,1,70,720,5102504,83,4,0,1,1
45171,2023,9,2,7,3,367,"82,1",2910727,44,21,1,1,1
45172,2023,9,3,1,2,153,"68,7",3549805,15,4,1,1,1
45172,2023,9,3,1,1,101,227,4211900,83,20,1,2,1
45172,2023,9,3,1,1,40,621,3118304,18,20,1,4,1
45172,2023,9,3,1,1,101,229,4211900,80,7,1,3,2
45171,2023,9,2,7,3,101,33,2701704,51,20,0,2,1
45172,2023,9,3,1,2,407,59,2611101,11,20,0,2,2
45171,2023,9,2,7,4,262,"13,2",3140530,20,11,1,2,2
45172,2023,9,3,1,2,235,6,2804805,49,12,1,6,4
45172,2023,9,3,1,2,50,18,3170206,67,20,1,1,1
45172,2023,9,3,1,2,163,258,3169109,11,12,0,2,2
45172,2023,9,3,1,2,324,545,2901106,9,1,1,1,1
45171,2023,9,2,7,4,40,112,3301702,49,9,0,3,2
45172,2023,9,3,1,1,40,111,3301702,18,21,1,1,1
45172,2023,9,3,1,2,116,"808,9",2933307,49,20,0,4,1
45171,2023,9,2,7,3,222,"527,7",2102325,83,7,1,4,2
45141,2023,8,3,5,1,369,156,4113700,1,11,0,2,2
45172,2023,9,3,1,2,101,"80,4",2607901,83,11,1,3,2
45172,2023,9,3,1,2,70,"2,4",5300108,52,20,1,4,1
45172,2023,9,3,1,2,40,"547,9",3144805,18,20,0,4,1
45172,2023,9,3,1,2,476,176,4106209,82,12,1,3,2
45172,2023,9,3,1,2,163,807,5107909,49,20,0,1,1
45172,2023,9,3,1,1,369,190,4101507,11,3,0,1,1
45036,2023,4,20,5,4,101,271,3304300,35,2,0,2,2
45172,2023,9,3,1,2,381,712,3113909,66,20,0,2,1
45172,2023,9,3,1,2,116,126,4107652,78,12,1,4,2
45172,2023,9,3,1,2,262,582,3111507,66,4,0,2,2
45172,2023,9,3,1,2,60,"97,6",5201108,49,20,1,1,1
45171,2023,9,2,7,4,364,1046,1100205,11,12,0,4,2
45172,2023,9,3,1,2,381,82,3550308,67,15,1,3,3
45172,2023,9,3,1,2,116,"412,5",3127701,49,11,1,3,3
45172,2023,9,3,1,2,101,105,2806701,49,9,1,4,2
45172,2023,9,3,1,2,285,"215,4",4304952,64,20,0,3,1
45172,2023,9,3,1,2,153,"47,7",3549805,20,11,0,2,2
45172,2023,9,3,1,2,163,21,2922102,67,12,0,4,2
45171,2023,9,2,7,4,428,190,2611101,28,18,0,2,1
45172,2023,9,3,1,2,376,238,4101408,52,9,0,5,2
45172,2023,9,3,1,2,364,560,1100403,1,12,0,3,2
45172,2023,9,3,1,2,40,8,5212501,1,11,1,6,2
45172,2023,9,3,1,2,101,203,4216602,33,11,1,2,2
45172,2023,9,3,1,2,40,105,3301702,67,9,1,2,2
45172,2023,9,3,1,2,116,"684,6",3143906,82,9,0,2,2
45104,2023,6,27,3,2,116,"115,5",4106902,83,12,1,2,2
45172,2023,9,3,1,2,116,170,3304557,56,21,1,1,1
45172,2023,9,3,1,3,116,"156,7",4305108,67,20,0,1,1
45172,2023,9,3,1,2,373,399,4104428,1,11,1,3,2
45172,2023,9,3,1,2,470,157,4218608,13,7,0,2,2
45172,2023,9,3,1,3,277,"16,2",4118204,28,21,0,2,1
45172,2023,9,3,1,3,116,293,3300407,18,20,0,1,1
45172,2023,9,3,1,3,116,144,3301702,16,12,0,2,2
45172,2023,9,3,1,3,277,117,4104204,11,20,0,1,1
45172,2023,9,3,1,3,470,"87,1",4201703,63,21,0,1,1
45172,2023,9,3,1,3,210,4,1600303,1,11,1,2,2