id_data,ano,mes,dia,id_dia_semana,periodo,br,km,id_municipio,id_causa_acidente,id_tipo_acidente,id_uso_solo,pessoas,veiculos
45176,2023,9,7,5,1,116,"238,8",4313409,49,4,1,1,1
45176,2023,9,7,5,1,280,5,4216206,16,12,1,2,2
45176,2023,9,7,5,1,116,"250,1",4318705,83,4,0,1,1
45176,2023,9,7,5,1,262,6,5008305,83,21,1,1,1
45176,2023,9,7,5,1,414,387,5205802,9,1,0,1,1
45176,2023,9,7,5,1,232,411,2613909,20,7,1,2,2
45176,2023,9,7,5,1,158,"532,6",4118501,11,2,1,5,2
45176,2023,9,7,5,1,116,143,3301702,18,20,1,1,1
45175,2023,9,6,4,3,369,186,4101507,16,12,1,2,2
45176,2023,9,7,5,1,277,"335,9",4109401,67,20,0,7,1
45176,2023,9,7,5,1,476,115,4105805,11,4,1,1,1
45176,2023,9,7,5,1,104,65,2604106,83,4,1,1,1
45176,2023,9,7,5,1,116,514,3509254,67,4,0,4,1
45176,2023,9,7,5,2,40,"343,7",3125705,41,20,0,2,1
45176,2023,9,7,5,1,282,"443,3",4213401,18,20,0,1,1
45175,2023,9,6,4,3,381,"481,8",3118601,83,12,1,2,2
45176,2023,9,7,5,1,365,"633,3",3170206,2,4,0,1,1
45176,2023,9,7,5,2,101,480,3300100,80,7,1,2,2
45176,2023,9,7,5,2,277,"680,8",4115804,67,20,0,1,1
45176,2023,9,7,5,1,319,61,1100205,17,11,1,4,2
45176,2023,9,7,5,1,101,"332,3",4218707,60,2,1,5,4
45176,2023,9,7,5,1,392,"8,9",4315602,67,20,1,1,1
45176,2023,9,7,5,2,277,665,4115804,18,4,0,1,1
45176,2023,9,7,5,2,116,165,3524402,11,12,1,4,3
45176,2023,9,7,5,1,465,14,3305554,35,2,1,2,2
45176,2023,9,7,5,1,316,358,2101202,1,2,1,2,2
45176,2023,9,7,5,1,465,4,3305554,1,11,1,2,2
45176,2023,9,7,5,1,381,"53,7",3528502,28,18,0,1,1
45176,2023,9,7,5,2,230,9,2503209,11,4,0,1,1
45176,2023,9,7,5,2,232,496,2616100,18,20,0,1,1
45176,2023,9,7,5,2,470,"205,1",4213302,56,4,0,5,1
45176,2023,9,7,5,2,40,79,3303906,15,3,1,1,1
45175,2023,9,6,4,4,493,106,3305554,11,20,0,1,1
45176,2023,9,7,5,2,40,"618,7",3118007,67,12,0,4,2
45176,2023,9,7,5,2,472,"138,8",4321808,13,20,0,5,1
45164,2023,8,26,7,2,40,60,3303906,15,20,1,1,1
45176,2023,9,7,5,2,116,38,4104006,11,20,0,2,1
45176,2023,9,7,5,2,116,547,3505401,64,9,0,3,3
45176,2023,9,7,5,2,60,"36,3",5208707,16,12,1,2,2
45176,2023,9,7,5,2,222,208,2304350,52,11,1,2,2
45176,2023,9,7,5,2,282,"71,9",4214300,83,7,0,4,4
45052,2023,5,6,7,3,101,584,2905602,83,20,0,1,1
45176,2023,9,7,5,2,101,442,3302601,1,11,1,3,2
45176,2023,9,7,5,2,316,6,2211001,52,9,1,2,2
45176,2023,9,7,5,2,116,263,3303955,16,15,0,6,6
45084,2023,6,7,4,3,40,"6,9",5221858,61,2,1,2,2
45176,2023,9,7,5,2,101,182,2807600,1,9,1,2,2
45176,2023,9,7,5,2,40,"602,6",3118007,11,9,0,2,2
45046,2023,4,30,1,2,381,492,3106705,52,9,1,4,3
45176,2023,9,7,5,2,282,64,4214300,67,20,0,2,1
45176,2023,9,7,5,2,116,"246,8",4318705,28,20,1,1,1
45176,2023,9,7,5,2,116,132,3302502,11,20,1,1,1
45176,2023,9,7,5,2,304,296,2407104,16,15,1,6,3
45176,2023,9,7,5,2,40,273,3161700,1,11,1,4,2
45176,2023,9,7,5,2,101,433,3302601,33,11,1,3,2
45176,2023,9,7,5,2,101,"431,6",4217709,35,2,0,3,2
45176,2023,9,7,5,3,50,"204,7",3121258,28,18,0,1,1
45166,2023,8,28,2,3,158,519,4118501,82,7,0,3,3
45176,2023,9,7,5,2,101,57,2611606,11,12,0,2,2
45173,2023,9,4,2,2,101,"283,1",2918803,67,11,0,2,2
45176,2023,9,7,5,3,60,1,5219753,67,20,0,1,1
45176,2023,9,7,5,3,101,265,4212304,20,11,1,2,2
45176,2023,9,7,5,3,101,"237,1",3202207,11,4,0,3,1
45176,2023,9,7,5,3,116,"247,8",4209300,33,11,1,4,2
45176,2023,9,7,5,3,230,"59,8",2504900,1,12,0,4,3
45176,2023,9,7,5,3,101,302,3304904,52,12,1,2,2
45119,2023,7,12,4,4,20,67,5208004,60,2,0,2,2
45176,2023,9,7,5,3,101,38,4209102,33,11,1,2,2
45176,2023,9,7,5,3,381,"818,4",3113602,11,3,0,3,1
45176,2023,9,7,5,3,116,"39,3",4322509,33,11,1,2,2
45176,2023,9,7,5,3,101,"50,3",3555406,20,11,0,3,3
45176,2023,9,7,5,1,282,"255,1",4216800,18,4,0,1,1
45176,2023,9,7,5,3,40,549,3144805,28,21,1,2,1
45176,2023,9,7,5,3,116,123,3508504,16,12,0,4,2
45176,2023,9,7,5,3,282,"54,3",4214300,83,20,0,1,1
45176,2023,9,7,5,3,381,"175,3",3127701,49,20,0,1,1
45176,2023,9,7,5,3,290,"457,4",4316402,15,20,0,1,1
45176,2023,9,7,5,3,101,445,2932200,83,7,1,5,2
45176,2023,9,7,5,2,262,"444,1",3145208,11,2,1,2,2
45176,2023,9,7,5,3,101,"329,2",4218707,67,9,0,3,2
45176,2023,9,7,5,2,101,421,2912707,83,4,0,1,1
45176,2023,9,7,5,3,101,"91,3",4202107,67,4,0,2,1
45176,2023,9,7,5,3,367,23,2925303,67,12,1,2,2
45176,2023,9,7,5,3,20,49,5300108,1,12,0,4,2
45176,2023,9,7,5,4,365,"625,6",3170206,11,21,1,1,1
45176,2023,9,7,5,3,364,198,5107602,49,20,1,1,1
45176,2023,9,7,5,3,316,171,1506559,1,7,0,3,2
45176,2023,9,7,5,3,364,"163,1",2409605,82,20,0,3,1
45176,2023,9,7,5,3,280,"51,2",4206504,1,11,0,2,2
45176,2023,9,7,5,3,364,15,1100304,1,11,1,2,2
45176,2023,9,7,5,3,101,"65,1",4201307,67,12,0,2,2
45176,2023,9,7,5,4,101,"297,3",3201308,16,12,1,2,2
45176,2023,9,7,5,4,101,"420,2",4201406,11,9,0,2,2
45176,2023,9,7,5,4,376,"214,4",4112108,25,12,1,3,2
45176,2023,9,7,5,3,364,404,5103403,11,12,1,2,2
45176,2023,9,7,5,3,50,171,3170107,16,12,1,2,2
45176,2023,9,7,5,4,153,360,5211800,67,11,0,1,1
45176,2023,9,7,5,3,135,333,2209302,11,12,0,2,2
45176,2023,9,7,5,4,80,13,5300108,1,9,1,3,2
45176,2023,9,7,5,3,163,615,5007695,61,2,1,2,2
45176,2023,9,7,5,4,369,"429,6",4112959,82,7,0,10,3
45176,2023,9,7,5,4,330,"788,3",2918001,49,7,0,4,2
45176,2023,9,7,5,4,163,37,4124400,16,12,0,2,2
45176,2023,9,7,5,4,376,193,4114807,11,4,0,3,1
45117,2023,7,10,2,4,101,715,2914653,67,12,0,2,2
45020,2023,4,4,3,2,282,"21,3",4211900,78,11,1,2,2
45176,2023,9,7,5,4,101,233,3305604,28,20,0,3,1
45176,2023,9,7,5,4,226,3,2408102,80,7,1,4,2
45176,2023,9,7,5,4,230,42,2110203,49,3,0,5,1
45176,2023,9,7,5,4,364,342,1100122,52,9,1,3,3
45176,2023,9,7,5,4,101,"199,7",4216602,16,12,1,2,2
45176,2023,9,7,5,4,470,146,4214805,63,9,0,3,2
45176,2023,9,7,5,4,116,83,3305802,49,7,0,3,3
45176,2023,9,7,5,4,116,425,2910800,72,11,1,3,3
45176,2023,9,7,5,4,70,11,5300108,2,12,1,2,2
45176,2023,9,7,5,3,376,60,5004007,83,20,0,1,1
45176,2023,9,7,5,4,262,43,3139409,67,7,0,5,2
45176,2023,9,7,5,4,153,473,4120309,49,11,0,4,2
45176,2023,9,7,5,3,364,"425,5",1100114,52,11,1,2,2
45176,2023,9,7,5,4,116,106,4125506,49,4,0,1,1
45176,2023,9,7,5,4,116,506,3509254,67,20,0,3,1
45176,2023,9,7,5,4,381,75,3550308,83,20,0,5,1
45176,2023,9,7,5,4,376,"668,8",4109609,83,4,0,2,1
45176,2023,9,7,5,4,116,301,3304201,18,4,0,1,1
45176,2023,9,7,5,4,232,"8,1",2611606,16,12,1,3,3
45177,2023,9,8,6,1,153,146,1702109,67,4,1,1,1
45177,2023,9,8,6,1,153,437,5201108,28,20,1,1,1
45177,2023,9,8,6,1,285,334,4304705,49,4,1,1,1
45177,2023,9,8,6,1,40,"552,3",3144805,46,4,1,1,1
45177,2023,9,8,6,1,40,"763,7",3136702,67,21,0,1,1
45177,2023,9,8,6,1,116,269,3552809,17,11,1,2,2
45177,2023,9,8,6,1,116,"377,9",4321105,28,20,0,1,1
45177,2023,9,8,6,1,116,14,4105805,49,12,1,6,2
45177,2023,9,8,6,1,116,"332,6",3110806,80,7,0,4,3
45177,2023,9,8,6,1,280,4,4216206,16,12,0,2,2
45177,2023,9,8,6,1,101,"388,5",4204608,11,20,0,1,1
45177,2023,9,8,6,1,316,10,2211001,67,20,1,1,1
45177,2023,9,8,6,1,50,"115,4",5206206,18,20,0,5,1
45177,2023,9,8,6,1,101,"334,2",4218707,49,4,1,1,1
45177,2023,9,8,6,1,230,"133,9",2504009,18,20,0,1,1
45177,2023,9,8,6,1,40,"41,9",3147006,18,4,1,1,1
45177,2023,9,8,6,2,470,"46,5",4202404,16,12,0,3,3
45177,2023,9,8,6,2,316,"3,4",2211001,67,20,1,2,2
45177,2023,9,8,6,1,480,"127,9",4204202,11,20,0,4,1
45177,2023,9,8,6,2,232,8,2611606,78,12,1,2,2
45177,2023,9,8,6,2,381,338,3144706,30,11,0,4,4
45177,2023,9,8,6,2,104,"166,6",2501575,49,4,0,2,2
45177,2023,9,8,6,2,116,150,3549904,11,20,1,1,1
45177,2023,9,8,6,1,470,"165,6",4323309,83,20,0,2,1
45177,2023,9,8,6,1,116,87,3305802,11,18,0,3,2
45177,2023,9,8,6,1,470,135,4214805,11,11,0,2,2
45177,2023,9,8,6,2,110,170,2926608,72,11,0,3,2
45177,2023,9,8,6,2,40,"483,9",3167202,13,3,0,1,1
45177,2023,9,8,6,2,356,159,3301009,1,7,0,3,2
45177,2023,9,8,6,2,230,"22,2",2507507,13,21,1,2,1
45177,2023,9,8,6,2,116,299,3304110,11,12,0,3,2
45177,2023,9,8,6,2,116,273,3552809,49,15,1,7,3
45177,2023,9,8,6,2,262,439,3145208,83,20,1,1,1
45177,2023,9,8,6,2,406,"144,5",2402600,9,1,0,1,1
45147,2023,8,9,4,2,470,57,4202404,28,18,1,1,1
45177,2023,9,8,6,2,381,512,3130101,83,9,1,3,3
45177,2023,9,8,6,2,116,"701,1",3143906,33,11,1,2,2
45149,2023,8,11,6,3,381,245,3158953,33,11,0,2,2
45177,2023,9,8,6,2,381,"938,3",3125101,83,4,0,1,1
45177,2023,9,8,6,2,319,681,1301704,7,20,0,1,1
45177,2023,9,8,6,2,101,266,3205002,61,2,1,2,2
45177,2023,9,8,6,2,393,"296,7",3300407,67,12,1,4,2
45177,2023,9,8,6,2,116,445,3542602,11,11,1,2,2
45177,2023,9,8,6,2,163,368,5006002,28,20,0,1,1
45177,2023,9,8,6,2,101,422,3302601,16,9,0,2,2
45177,2023,9,8,6,2,262,"436,7",3145208,16,20,0,2,1
45177,2023,9,8,6,2,104,65,2604106,52,9,0,2,2
45177,2023,9,8,6,2,70,17,5300108,11,15,1,6,3
45142,2023,8,4,6,2,277,8,4118204,83,11,1,2,2
45177,2023,9,8,6,2,470,158,4218608,1,11,0,5,2
45172,2023,9,3,1,1,101,"202,7",4216602,83,12,1,3,2
45145,2023,8,7,2,2,40,622,3118304,80,7,0,4,4
45177,2023,9,8,6,2,101,65,4201307,83,20,0,1,1
45177,2023,9,8,6,2,40,"98,9",2608750,11,4,0,1,1
45081,2023,6,4,1,2,369,136,4109807,52,9,1,2,2
45177,2023,9,8,6,3,230,"51,9",2504900,13,20,0,1,1
45177,2023,9,8,6,2,101,334,3304557,11,21,0,1,1
45177,2023,9,8,6,2,364,123,1200401,16,12,0,4,3
45177,2023,9,8,6,2,230,88,2507507,52,9,1,3,2
45177,2023,9,8,6,3,116,248,4318705,1,11,1,14,2
45177,2023,9,8,6,2,401,2,1400159,11,3,0,3,1
45177,2023,9,8,6,3,116,310,3304201,1,9,1,2,2
45177,2023,9,8,6,2,369,133,4109807,16,12,0,4,3
45177,2023,9,8,6,3,116,149,3549904,11,12,1,2,2
45177,2023,9,8,6,3,101,"88,5",2507507,13,4,0,1,1
45177,2023,9,8,6,3,101,"296,4",3201308,29,20,1,2,2
45177,2023,9,8,6,2,316,"312,9",2208007,12,21,1,1,1
45177,2023,9,8,6,3,101,"2,7",4201406,1,11,0,2,2
45177,2023,9,8,6,2,476,"240,5",4113205,11,7,0,3,2
45177,2023,9,8,6,3,135,171,2903201,67,20,1,1,1
45177,2023,9,8,6,3,116,158,3524402,82,9,0,2,2
45177,2023,9,8,6,3,280,"48,5",4206504,11,21,0,1,1
45177,2023,9,8,6,3,280,"12,3",4210100,1,11,0,2,2
45177,2023,9,8,6,3,110,141,2907806,20,10,0,2,2
45177,2023,9,8,6,3,110,"48,2",2408003,11,12,1,4,2
45177,2023,9,8,6,3,373,334,4109401,49,4,0,1,1
45177,2023,9,8,6,3,101,154,2402204,67,3,0,2,1
45177,2023,9,8,6,3,101,63,2806107,49,3,0,1,1
45177,2023,9,8,6,3,116,"433,7",4306056,11,20,0,1,1
45177,2023,9,8,6,3,101,65,4201307,16,20,0,1,1
45177,2023,9,8,6,3,290,"353,1",4319604,67,12,0,3,2
45177,2023,9,8,6,3,116,223,3518800,67,4,0,1,1
45177,2023,9,8,6,3,101,144,4208302,67,12,0,4,3
45177,2023,9,8,6,3,101,52,3555406,1,11,1,2,2
45177,2023,9,8,6,3,232,"440,6",2613909,13,12,0,4,2
45177,2023,9,8,6,3,101,112,2412203,11,12,1,2,2
45177,2023,9,8,6,3,381,"938,3",3125101,16,12,0,2,2
45177,2023,9,8,6,3,116,"47,5",3509957,28,21,0,2,1
45177,2023,9,8,6,3,40,"517,5",3154606,51,12,1,5,2
45177,2023,9,8,6,3,316,85,2708006,83,12,1,2,2
45177,2023,9,8,6,3,101,"100,7",2403251,52,9,1,2,2
45177,2023,9,8,6,3,101,"196,8",4202305,16,21,1,1,1
45177,2023,9,8,6,3,101,"107,6",2403251,61,2,1,3,2
45177,2023,9,8,6,3,153,263,3529005,49,21,0,1,1
45177,2023,9,8,6,3,101,293,4207304,13,21,0,2,1
45177,2023,9,8,6,3,282,342,4203600,28,11,1,2,2
45177,2023,9,8,6,3,376,2,4114203,1,7,1,2,2
45177,2023,9,8,6,3,101,148,2802106,20,7,1,2,2
45177,2023,9,8,6,3,101,86,2607901,11,12,1,2,2
45177,2023,9,8,6,3,101,69,2611606,1,12,1,2,2
45177,2023,9,8,6,3,361,"34,3",2504207,83,20,0,1,1
45177,2023,9,8,6,3,226,4,2408102,20,7,0,2,2
45177,2023,9,8,6,3,242,798,2903201,67,20,0,1,1
45177,2023,9,8,6,3,324,538,2908507,67,12,0,2,2
45177,2023,9,8,6,3,163,842,5107909,49,12,1,4,2
45177,2023,9,8,6,4,277,74,4125506,16,12,1,7,4
45177,2023,9,8,6,3,101,"123,6",4208203,11,11,0,3,2
45177,2023,9,8,6,3,116,219,3518800,67,9,1,2,2
45177,2023,9,8,6,4,116,145,4305108,52,12,1,2,2
45177,2023,9,8,6,4,470,72,4207502,12,20,0,4,1
45177,2023,9,8,6,4,428,"85,1",2612604,60,2,0,3,2
45177,2023,9,8,6,4,101,"125,8",4208203,11,9,0,2,2
45177,2023,9,8,6,4,50,"31,9",3103504,11,3,0,1,1
45177,2023,9,8,6,3,101,325,3303302,16,21,0,1,1
45177,2023,9,8,6,3,381,"867,1",3152501,60,2,0,4,2
45177,2023,9,8,6,4,386,"122,5",4126256,67,7,0,8,3
45177,2023,9,8,6,4,277,97,4106902,11,21,1,3,3
45177,2023,9,8,6,4,448,"5,1",4307708,52,9,0,4,3
45177,2023,9,8,6,3,408,33,2600708,83,7,0,6,2
45177,2023,9,8,6,2,40,31,3300225,6,4,0,3,1
45177,2023,9,8,6,3,153,"11,5",4111803,67,3,0,1,1
45177,2023,9,8,6,4,40,2,5300108,28,4,1,1,1
45177,2023,9,8,6,3,158,"91,9",5006309,52,9,1,6,2
45177,2023,9,8,6,4,116,"80,8",3544301,11,2,1,2,2
45177,2023,9,8,6,4,101,"151,1",3203205,60,2,0,2,2
45177,2023,9,8,6,4,60,389,5218805,20,11,1,2,2
45177,2023,9,8,6,4,290,175,4302709,1,11,1,3,2
45171,2023,9,2,7,3,116,14,2933307,1,21,0,1,1
45177,2023,9,8,6,4,116,"574,1",3139409,83,4,0,1,1
45177,2023,9,8,6,4,406,75,2405801,80,10,0,5,2
45177,2023,9,8,6,4,381,88,3550308,78,9,0,2,2
45177,2023,9,8,6,3,116,320,2902104,80,7,0,2,2
45177,2023,9,8,6,4,282,194,4209300,1,11,0,3,2
45177,2023,9,8,6,4,116,170,3304557,46,2,1,2,2
45177,2023,9,8,6,4,153,248,1705508,9,1,1,3,2
45177,2023,9,8,6,4,364,710,1100205,1,11,1,2,2
45177,2023,9,8,6,4,101,178,4206009,49,4,0,1,1
45177,2023,9,8,6,4,101,"282,8",4207304,11,9,1,1,1
45177,2023,9,8,6,4,101,56,2611606,60,2,1,2,2
45177,2023,9,8,6,4,101,2,4205803,64,20,0,1,1
45178,2023,9,9,7,1,101,388,3304557,52,9,0,4,2
45178,2023,9,9,7,1,277,"81,2",4106902,11,12,1,5,3
45178,2023,9,9,7,1,116,414,3127701,11,4,1,2,1
45178,2023,9,9,7,1,369,507,2303501,28,18,0,1,1
45178,2023,9,9,7,1,163,183,4113452,11,20,0,1,1
45178,2023,9,9,7,1,163,85,3128204,49,20,1,1,1
45178,2023,9,9,7,1,101,"332,2",4218707,49,20,0,2,1
45178,2023,9,9,7,1,282,"510,1",4219507,48,20,0,1,1
45178,2023,9,9,7,1,392,344,2409332,49,20,0,2,1
45177,2023,9,8,6,4,262,828,3170107,28,20,0,1,1
45177,2023,9,8,6,3,403,5,2300200,80,10,0,3,3
45178,2023,9,9,7,1,316,"18,1",2211001,9,1,0,2,1
45178,2023,9,9,7,1,40,"429,5",3147402,35,2,0,2,2
45178,2023,9,9,7,1,381,"683,2",3138203,18,20,0,1,1
45177,2023,9,8,6,3,364,308,1100254,1,11,1,2,2
45178,2023,9,9,7,2,40,0,5300108,16,12,1,3,2
45178,2023,9,9,7,2,116,"809,5",2933307,33,11,0,2,2
45178,2023,9,9,7,2,70,"15,4",5300108,11,20,1,1,1
45178,2023,9,9,7,2,40,"614,8",3118007,49,20,1,2,1
45178,2023,9,9,7,1,393,154,3306008,83,3,0,1,1
45178,2023,9,9,7,2,101,291,3201308,1,11,1,3,3
45173,2023,9,4,2,4,116,292,3522208,18,20,0,1,1
45172,2023,9,3,1,3,101,373,2912707,65,21,0,2,1
45178,2023,9,9,7,2,135,24,2111300,18,12,1,4,2
45177,2023,9,8,6,4,465,20,3303500,67,2,0,2,2
45178,2023,9,9,7,2,381,729,3113909,11,20,0,2,1
45178,2023,9,9,7,2,470,128,4209904,67,12,0,2,2
45178,2023,9,9,7,2,116,461,2928802,10,2,1,4,2
45178,2023,9,9,7,2,262,13,5008305,1,11,1,2,2
45178,2023,9,9,7,2,304,281,2407104,16,12,0,2,2
45178,2023,9,9,7,2,101,"44,8",3555406,78,9,1,3,2
45178,2023,9,9,7,2,163,263,5003702,33,11,1,2,2
45098,2023,6,21,4,2,470,"45,5",4202404,16,12,0,2,2
45178,2023,9,9,7,2,163,829,5107909,80,7,1,5,2
45178,2023,9,9,7,2,101,"227,5",3202207,83,12,0,2,2
45178,2023,9,9,7,2,381,29,3504107,13,21,0,2,1
45178,2023,9,9,7,2,423,"37,5",1703826,1,11,1,2,2
45178,2023,9,9,7,2,101,"67,1",2705200,28,21,0,2,1
45178,2023,9,9,7,2,101,129,4202008,16,12,1,5,2
45178,2023,9,9,7,2,414,439,5201108,1,11,1,2,2
45178,2023,9,9,7,3,153,496,5208707,13,20,1,1,1
45178,2023,9,9,7,1,163,1017,5106422,49,21,0,1,1
45178,2023,9,9,7,2,376,163,4115200,82,9,0,3,2
45178,2023,9,9,7,2,376,315,4117305,4,20,0,2,1
45178,2023,9,9,7,2,116,562,3505401,67,4,0,1,1
45178,2023,9,9,7,3,101,477,3300100,67,20,0,1,1
45178,2023,9,9,7,3,20,9,5300108,1,11,1,2,2
45178,2023,9,9,7,2,101,321,3303302,11,9,1,2,2
45178,2023,9,9,7,2,330,815,2918308,67,2,1,3,2
45178,2023,9,9,7,3,101,259,4212304,85,20,1,1,1
45178,2023,9,9,7,2,116,375,2305407,72,11,1,2,2
45178,2023,9,9,7,2,376,"217,6",4112108,33,11,1,3,3
45178,2023,9,9,7,3,101,428,3302601,1,11,0,2,2
45178,2023,9,9,7,3,230,"57,8",2504900,13,21,0,2,1
45178,2023,9,9,7,3,60,106,5208400,81,9,0,2,2
45163,2023,8,25,6,3,101,"98,2",2504603,11,9,0,2,2
45178,2023,9,9,7,2,101,"388,1",3304557,83,4,0,1,1
45178,2023,9,9,7,3,101,"90,4",2602902,49,12,1,3,2
45178,2023,9,9,7,3,116,156,3549904,16,12,0,2,2
45178,2023,9,9,7,3,116,"89,5",3538006,13,4,0,5,1
45178,2023,9,9,7,2,251,"457,3",3126703,55,20,0,4,1
45178,2023,9,9,7,3,356,41,3302205,11,20,0,2,1
45178,2023,9,9,7,3,277,731,4108304,16,12,0,3,3
45178,2023,9,9,7,2,424,107,2704708,67,12,0,3,3
45178,2023,9,9,7,3,381,2,3106705,49,12,1,5,3
45178,2023,9,9,7,3,116,"255,4",4307708,16,12,1,2,2
45178,2023,9,9,7,3,50,"35,1",3103504,28,21,0,2,2
45178,2023,9,9,7,3,267,"156,5",3138609,18,7,0,2,2
45178,2023,9,9,7,3,267,169,3138609,67,12,0,7,2
45167,2023,8,29,3,4,290,142,4306767,1,11,0,3,2
45178,2023,9,9,7,3,116,"776,2",3138401,83,20,0,5,1
45178,2023,9,9,7,3,343,4,2207702,65,20,1,1,1
45178,2023,9,9,7,3,354,757,3133006,1,11,0,2,2
45178,2023,9,9,7,3,40,531,3106200,11,12,1,3,2
45178,2023,9,9,7,3,50,292,5205109,28,21,0,2,1
45178,2023,9,9,7,3,316,"4,6",2211001,52,12,1,2,2
45178,2023,9,9,7,2,110,"252,5",2105450,28,18,0,1,1
45178,2023,9,9,7,3,230,12,2503209,67,4,1,3,3
45178,2023,9,9,7,3,101,69,2611606,67,3,1,1,1
45178,2023,9,9,7,2,101,504,3300100,1,11,1,3,2
45178,2023,9,9,7,3,392,67,4314407,33,11,0,3,2
45178,2023,9,9,7,2,116,6,1507755,83,7,0,3,2
45178,2023,9,9,7,3,101,"199,4",4216602,16,12,1,3,2
45178,2023,9,9,7,3,282,18,4211900,67,4,1,1,1
45178,2023,9,9,7,3,70,"4,3",5200258,1,12,1,2,2
45178,2023,9,9,7,3,20,"241,7",2307635,80,11,1,4,2
45178,2023,9,9,7,3,393,267,3300308,51,21,0,1,1
45170,2023,9,1,6,3,158,523,4118501,1,12,0,5,2
45178,2023,9,9,7,3,376,"2,3",4101408,83,4,0,3,2
45178,2023,9,9,7,3,116,"5,5",4210100,49,4,0,2,1
45178,2023,9,9,7,4,116,413,3127701,49,21,1,1,1
45178,2023,9,9,7,4,101,194,4202305,1,11,1,3,2
45178,2023,9,9,7,3,407,41,2600203,1,11,0,3,2
45178,2023,9,9,7,4,376,"176,7",4115200,17,11,1,2,2
45178,2023,9,9,7,3,470,"228,9",4308607,1,11,0,3,3
45174,2023,9,5,3,2,407,13,2918407,9,1,0,1,1
45178,2023,9,9,7,2,282,"72,1",4214300,83,20,0,1,1
45178,2023,9,9,7,4,20,"240,4",2307635,49,7,1,2,2
45178,2023,9,9,7,3,153,439,5201108,83,12,1,3,3
45178,2023,9,9,7,4,163,206,5002407,67,20,0,1,1
45178,2023,9,9,7,4,470,"73,2",4207502,49,9,1,4,2
45178,2023,9,9,7,4,101,932,2922003,11,20,0,3,1
45178,2023,9,9,7,4,60,"2,5",5300108,11,12,1,2,2
45178,2023,9,9,7,4,277,"4,8",4108304,11,12,1,2,2
45178,2023,9,9,7,4,158,8,5201702,52,10,0,6,3
45178,2023,9,9,7,4,232,518,2612208,60,2,0,2,2
45178,2023,9,9,7,4,40,"559,5",3144805,49,7,0,4,3
45178,2023,9,9,7,3,10,"321,4",2100055,49,12,1,2,2
45178,2023,9,9,7,4,116,"236,3",4313409,49,3,1,1,1
45178,2023,9,9,7,4,20,"10,1",5300108,67,12,1,3,2
45178,2023,9,9,7,4,376,164,4115200,28,18,0,1,1
45178,2023,9,9,7,4,356,168,3305000,16,12,1,5,2
45178,2023,9,9,7,3,163,582,5106224,3,20,0,1,1
45178,2023,9,9,7,4,116,253,4320008,11,12,1,3,2
45178,2023,9,9,7,4,70,313,2918506,83,12,1,4,2
45178,2023,9,9,7,4,424,103,2606002,83,21,0,1,1
45178,2023,9,9,7,4,414,"344,1",5205513,49,20,0,2,1
45178,2023,9,9,7,4,153,441,5201108,36,12,0,2,2
45178,2023,9,9,7,4,316,66,1502400,11,12,1,3,3
45178,2023,9,9,7,4,60,"105,9",5208400,48,2,0,2,2
45178,2023,9,9,7,4,110,"46,3",2408003,61,2,1,2,2
45178,2023,9,9,7,4,101,123,4208203,67,21,0,1,1
45178,2023,9,9,7,4,376,505,4119905,67,20,0,5,1
45178,2023,9,9,7,4,116,454,3542602,67,21,0,1,1
45178,2023,9,9,7,4,101,"72,9",4313508,67,20,0,2,1
45178,2023,9,9,7,4,226,298,2101608,49,9,1,3,2
45178,2023,9,9,7,4,40,111,3301702,11,4,1,1,1
45178,2023,9,9,7,4,116,"135,1",2513158,11,4,0,2,1
45178,2023,9,9,7,4,101,556,3303807,80,10,0,3,2
45178,2023,9,9,7,4,163,305,4115853,67,20,0,1,1
45178,2023,9,9,7,4,116,109,3554102,11,4,1,1,1
45178,2023,9,9,7,4,101,389,3304557,67,11,1,3,2
45178,2023,9,9,7,4,364,122,1200401,33,2,1,2,2
45179,2023,9,10,1,1,40,"548,4",3144805,11,9,0,4,3
45178,2023,9,9,7,4,369,"395,5",4114005,9,20,0,3,1
45178,2023,9,9,7,4,324,392,2911253,82,7,0,5,2
45179,2023,9,10,1,1,101,"226,8",3202207,11,21,0,1,1
45179,2023,9,10,1,1,381,86,3550308,35,2,1,2,2
45178,2023,9,9,7,4,101,247,4212304,49,12,0,6,2
45178,2023,9,9,7,4,101,362,4215455,11,20,0,1,1
45178,2023,9,9,7,4,135,90,2105401,82,7,0,6,2
45179,2023,9,10,1,1,116,321,3302254,11,12,0,3,2
45179,2023,9,10,1,1,101,328,3303302,67,21,1,1,1
45179,2023,9,10,1,1,277,321,4109401,11,20,1,1,1
45179,2023,9,10,1,1,116,247,4209300,49,20,0,3,2
45178,2023,9,9,7,4,230,197,2207009,1,11,1,2,2
45179,2023,9,10,1,1,101,338,4218707,56,4,1,4,1
45179,2023,9,10,1,1,354,"752,4",3133006,72,11,1,2,2
45179,2023,9,10,1,1,116,202,3503901,11,3,0,2,1
45179,2023,9,10,1,1,386,"345,1",1712009,49,20,1,2,1
45179,2023,9,10,1,1,101,69,3204906,9,1,0,1,1
45179,2023,9,10,1,1,369,93,4106407,49,4,0,1,1
45179,2023,9,10,1,1,101,305,3304904,11,1,1,1,1
45179,2023,9,10,1,1,10,"307,6",2100055,49,10,0,3,2
45178,2023,9,9,7,4,381,"73,2",3528502,67,4,0,1,1
45179,2023,9,10,1,1,424,98,2606002,49,7,0,3,3
45179,2023,9,10,1,1,70,0,5200258,83,3,1,1,1
45179,2023,9,10,1,1,470,"53,3",4202404,50,20,1,1,1
45179,2023,9,10,1,1,381,499,3106705,9,1,1,2,1
45179,2023,9,10,1,1,282,606,2704609,49,20,0,2,1
45179,2023,9,10,1,1,163,707,5107925,11,12,0,2,2
45179,2023,9,10,1,1,116,101,3538006,49,21,0,1,1
45179,2023,9,10,1,1,470,"49,5",4202404,49,20,0,1,1