id_data,ano,mes,dia,id_dia_semana,periodo,br,km,id_municipio,id_causa_acidente,id_tipo_acidente,id_uso_solo,pessoas,veiculos
45195,2023,9,26,3,4,116,"529,7",3113404,11,12,0,2,2
45195,2023,9,26,3,4,365,"753,2",3134202,80,7,1,2,2
45195,2023,9,26,3,4,364,709,1100205,46,11,1,2,2
45195,2023,9,26,3,4,116,530,2916856,13,20,0,1,1
45158,2023,8,20,1,4,304,"279,4",2407104,60,2,0,2,2
45195,2023,9,26,3,4,163,793,5108501,49,4,0,1,1
45123,2023,7,16,1,4,415,50,2914802,67,21,1,1,1
45196,2023,9,27,4,2,70,6,5300108,78,9,1,2,2
45196,2023,9,27,4,2,101,"134,3",4202008,16,21,0,2,1
45196,2023,9,27,4,2,50,"47,5",3103504,28,20,0,1,1
45196,2023,9,27,4,2,60,334,5219712,67,4,0,1,1
45196,2023,9,27,4,2,60,95,5201108,44,20,1,2,1
45196,2023,9,27,4,2,381,615,3145604,83,20,0,2,1
45196,2023,9,27,4,2,277,162,4117701,67,20,0,1,1
45196,2023,9,27,4,2,20,"21,2",5300108,16,15,1,4,3
45196,2023,9,27,4,2,116,3,2304400,11,12,1,5,3
45196,2023,9,27,4,2,101,119,4208203,67,21,1,1,1
45196,2023,9,27,4,2,101,214,4211900,52,9,1,2,2
45196,2023,9,27,4,2,343,0,2211001,52,9,1,3,2
45195,2023,9,26,3,2,280,220,4218301,11,21,0,2,1
45196,2023,9,27,4,2,116,"222,7",3518800,78,9,0,3,2
45196,2023,9,27,4,2,116,7,2304400,11,12,0,3,2
45196,2023,9,27,4,2,470,46,4205902,2,2,0,2,2
45196,2023,9,27,4,2,381,649,3159902,83,20,1,2,1
45196,2023,9,27,4,2,116,17,4105805,52,9,1,2,2
45196,2023,9,27,4,2,116,219,3518800,67,12,1,3,2
45196,2023,9,27,4,2,376,228,4101408,18,20,0,1,1
45180,2023,9,11,2,3,376,181,4115200,16,12,1,5,5
45169,2023,8,31,5,4,386,"343,2",1712009,80,7,1,5,2
45196,2023,9,27,4,2,232,34,2609402,82,9,0,4,3
45196,2023,9,27,4,2,101,"169,3",4218004,11,12,1,2,2
45196,2023,9,27,4,2,364,224,1100189,83,12,0,4,3
45196,2023,9,27,4,2,101,"253,2",3205002,67,20,0,1,1
45196,2023,9,27,4,2,285,208,4311304,1,11,0,2,2
45196,2023,9,27,4,2,277,"153,8",4120101,82,20,0,1,1
45196,2023,9,27,4,2,277,"103,5",4104204,67,20,0,1,1
45196,2023,9,27,4,2,40,"2,4",5221858,78,9,1,2,2
45196,2023,9,27,4,2,101,292,3201308,1,11,1,3,3
45196,2023,9,27,4,2,290,"101,2",4314902,9,1,1,1,1
45084,2023,6,7,4,3,406,170,2408102,9,1,0,2,1
45196,2023,9,27,4,2,282,294,4216800,11,20,0,1,1
45172,2023,9,3,1,4,101,84,2408102,1,2,0,2,2
45196,2023,9,27,4,3,40,10,5212501,1,9,1,2,2
45196,2023,9,27,4,2,101,146,4208302,11,12,0,3,3
45142,2023,8,4,6,2,116,426,2910800,72,11,1,2,2
45196,2023,9,27,4,3,101,67,2611606,16,12,0,2,2
45196,2023,9,27,4,2,101,"63,6",2611606,16,12,1,2,2
45196,2023,9,27,4,3,262,"829,4",3170107,11,20,0,1,1
45196,2023,9,27,4,3,230,"155,4",2504009,1,11,1,2,2
45176,2023,9,7,5,2,101,79,2312403,1,11,1,3,2
45196,2023,9,27,4,2,60,"381,9",2401305,67,20,0,1,1
45196,2023,9,27,4,2,381,677,3149903,33,11,1,2,2
45072,2023,5,26,6,3,471,609,4317301,15,20,0,3,1
45196,2023,9,27,4,3,262,354,3106705,28,18,0,1,1
45196,2023,9,27,4,3,381,72,3550308,18,4,0,1,1
45196,2023,9,27,4,3,101,186,2610004,2,11,1,3,2
45196,2023,9,27,4,3,386,"45,3",4320206,11,20,0,3,1
44982,2023,2,25,7,4,230,"515,4",2201903,80,7,0,2,2
45196,2023,9,27,4,3,381,492,3106705,35,2,1,2,2
45196,2023,9,27,4,3,280,128,4215000,1,11,0,2,2
45196,2023,9,27,4,2,364,203,5107602,16,12,1,2,2
45196,2023,9,27,4,3,308,164,1502202,11,20,0,1,1
45196,2023,9,27,4,3,364,301,5104807,67,20,0,2,1
45196,2023,9,27,4,3,376,"176,7",4115200,17,11,1,2,2
45179,2023,9,10,1,1,324,583,2906501,49,20,0,1,1
45176,2023,9,7,5,4,376,156,4114104,9,21,1,2,1
45185,2023,9,16,7,3,262,324,2401305,1,7,1,6,2
45196,2023,9,27,4,3,60,443,5211909,67,20,0,3,1
45196,2023,9,27,4,3,101,180,2709152,2,11,0,3,2
45196,2023,9,27,4,3,364,193,5211909,1,11,0,2,2
45187,2023,9,18,2,3,101,148,4208302,1,11,1,3,2
45110,2023,7,3,2,3,290,92,4314902,25,12,0,2,2
45196,2023,9,27,4,3,230,432,2500775,16,12,0,3,2
45196,2023,9,27,4,3,381,"488,6",3106705,78,21,0,2,1
45196,2023,9,27,4,3,116,126,4107652,17,11,1,2,2
45196,2023,9,27,4,3,343,340,2211001,51,20,1,1,1
45196,2023,9,27,4,3,242,586,2922250,67,20,0,2,1
45196,2023,9,27,4,3,222,"231,5",2312908,1,11,0,3,2
45196,2023,9,27,4,3,80,126,2903235,4,20,0,1,1
45196,2023,9,27,4,2,146,"478,4",3151800,28,21,0,4,2
45196,2023,9,27,4,3,101,"64,9",2611606,35,2,1,2,2
45196,2023,9,27,4,3,319,62,1100205,61,2,1,2,2
45196,2023,9,27,4,3,101,"269,5",3205002,52,9,1,2,2
45196,2023,9,27,4,4,116,221,3518800,52,9,1,2,2
45196,2023,9,27,4,4,153,"95,9",3524501,35,2,0,4,2
45196,2023,9,27,4,4,365,"776,6",3134202,83,1,0,6,3
45196,2023,9,27,4,4,110,47,2408003,1,9,1,2,2
45196,2023,9,27,4,3,330,"797,8",2918001,49,2,0,3,2
45193,2023,9,24,1,2,116,172,3305109,16,9,1,4,2
45196,2023,9,27,4,3,376,89,4118402,1,11,0,4,2
45196,2023,9,27,4,4,272,367,4104303,35,2,1,2,2
45196,2023,9,27,4,4,290,108,4306767,49,20,1,1,1
45196,2023,9,27,4,3,364,214,5211909,11,20,0,1,1
45196,2023,9,27,4,4,158,555,4317103,1,11,1,3,2
45192,2023,9,23,7,3,277,111,4104204,16,12,0,1,1
45196,2023,9,27,4,4,70,9,5300108,52,20,1,2,1
45164,2023,8,26,7,3,381,71,3528502,4,4,0,3,1
45196,2023,9,27,4,3,116,87,3538006,30,4,0,1,1
45191,2023,9,22,6,2,230,113,1504208,67,12,0,2,2
45196,2023,9,27,4,4,262,"801,1",3170107,80,7,1,4,2
45196,2023,9,27,4,3,465,20,3303500,80,7,1,2,2
45196,2023,9,27,4,4,116,"114,8",3133303,81,2,1,2,2
45196,2023,9,27,4,3,316,20,2601102,1,11,0,3,2
45186,2023,9,17,1,3,316,20,1501501,52,9,1,4,3
45196,2023,9,27,4,4,316,25,2601102,67,2,0,2,2
45196,2023,9,27,4,4,230,675,1500602,9,1,0,1,1
45196,2023,9,27,4,4,116,"434,8",4306056,9,1,0,1,1
45196,2023,9,27,4,4,116,139,3302502,83,4,0,1,1
45196,2023,9,27,4,4,101,"2,9",4201406,61,2,1,2,2
45148,2023,8,10,5,4,101,"412,5",4201406,11,12,1,2,2
45197,2023,9,28,5,1,381,37,3504107,11,12,0,4,2
45197,2023,9,28,5,1,116,80,3305802,67,20,0,2,1
45197,2023,9,28,5,1,116,"30,9",4208104,49,20,0,1,1
45197,2023,9,28,5,1,116,"367,5",2413508,82,7,0,5,2
45197,2023,9,28,5,1,60,"342,3",5219712,67,4,0,3,1
45197,2023,9,28,5,1,116,"322,4",3526209,67,20,1,1,1
45197,2023,9,28,5,1,116,"230,5",3550308,52,9,1,2,2
45197,2023,9,28,5,1,116,228,3550308,67,9,0,2,2
45197,2023,9,28,5,2,282,49,4200606,18,20,0,2,1
45197,2023,9,28,5,2,470,233,4304804,33,11,0,2,2
45197,2023,9,28,5,1,153,292,5218607,67,20,0,1,1
45165,2023,8,27,1,2,101,207,4216602,56,4,1,1,1
45197,2023,9,28,5,2,373,266,4120606,11,20,1,1,1
45197,2023,9,28,5,2,116,271,3300407,83,20,0,1,1
45197,2023,9,28,5,2,101,67,4311775,11,4,0,1,1
45197,2023,9,28,5,2,20,13,5300108,67,9,0,2,2
45178,2023,9,9,7,3,116,"171,9",4305108,1,11,0,2,2
45197,2023,9,28,5,2,153,80,5218003,67,20,0,1,1
45197,2023,9,28,5,2,101,528,3300100,67,3,0,1,1
45197,2023,9,28,5,2,116,273,3552809,67,9,1,2,2
45197,2023,9,28,5,2,392,121,4304507,9,1,0,1,1
45197,2023,9,28,5,2,262,445,3145208,61,2,0,3,3
45197,2023,9,28,5,2,373,"442,1",4105409,18,20,0,1,1
45197,2023,9,28,5,2,116,7,4104006,83,4,0,4,1
45197,2023,9,28,5,2,101,"120,1",4208203,16,12,0,2,2
45081,2023,6,4,1,4,174,"465,7",1400100,11,12,0,2,2
45197,2023,9,28,5,2,101,65,3204906,16,12,1,2,2
45197,2023,9,28,5,2,365,418,3148004,2,7,0,1,1
45165,2023,8,27,1,2,251,316,3157005,1,11,0,3,2
45171,2023,9,2,7,3,20,69,5208004,82,7,0,4,2
45182,2023,9,13,4,4,407,569,2207801,16,12,1,3,2
45197,2023,9,28,5,2,381,3,3106705,11,12,1,2,2
45197,2023,9,28,5,2,282,"192,3",4209300,11,20,0,1,1
45197,2023,9,28,5,2,101,108,4212502,60,2,0,2,2
45197,2023,9,28,5,2,60,"72,8",5200100,52,4,0,3,1
45197,2023,9,28,5,2,163,1029,5106422,1,11,1,2,2
45197,2023,9,28,5,2,262,"84,8",3201902,83,20,0,1,1
45197,2023,9,28,5,2,40,"786,7",3136702,11,20,0,1,1
45197,2023,9,28,5,2,20,32,5300108,16,12,0,1,1
45162,2023,8,24,5,2,101,"370,8",3200409,1,11,1,3,2
45197,2023,9,28,5,2,235,"65,9",2918100,13,3,0,1,1
45197,2023,9,28,5,3,163,102,5004601,11,20,0,19,2
45197,2023,9,28,5,2,369,91,4106407,33,21,1,3,2
45195,2023,9,26,3,2,116,"111,7",3554102,67,12,1,4,3
45197,2023,9,28,5,2,116,488,3509254,11,3,1,1,1
45197,2023,9,28,5,2,262,15,5008305,11,12,0,2,2
45197,2023,9,28,5,3,163,"680,9",5007406,1,11,1,2,2
45197,2023,9,28,5,3,101,89,2602902,28,18,0,1,1
45197,2023,9,28,5,3,101,"194,6",4202305,44,12,1,3,2
45197,2023,9,28,5,3,101,330,3304557,12,12,0,2,2
45153,2023,8,15,3,4,163,313,1505031,80,7,0,2,2
45197,2023,9,28,5,3,230,242,2507705,67,20,1,1,1
45197,2023,9,28,5,3,101,201,4216602,13,4,1,1,1
45197,2023,9,28,5,3,116,"572,7",3139409,11,12,0,3,2
45197,2023,9,28,5,3,277,134,4102307,1,11,0,4,2
45197,2023,9,28,5,3,116,111,3554102,14,4,1,2,2
45197,2023,9,28,5,3,50,"237,9",5205109,83,20,0,1,1
45197,2023,9,28,5,3,369,"184,3",4101507,1,11,1,2,2
45197,2023,9,28,5,3,242,686,2909703,29,3,0,3,1
45197,2023,9,28,5,3,101,98,2408102,11,15,0,3,3
45197,2023,9,28,5,3,226,"86,1",2414001,11,20,0,7,1
45197,2023,9,28,5,3,101,66,2611606,52,11,1,2,2
45197,2023,9,28,5,3,116,"7,6",4104006,83,20,0,3,1
45197,2023,9,28,5,3,290,110,4306767,52,9,1,3,3
45197,2023,9,28,5,3,469,"13,6",4108304,1,11,1,3,2
45197,2023,9,28,5,3,101,192,4202305,67,21,1,1,1
45197,2023,9,28,5,3,418,89,2923001,1,11,1,1,1
45197,2023,9,28,5,3,262,378,3136652,83,3,0,5,1
45197,2023,9,28,5,3,101,116,4208203,82,9,1,3,3
45173,2023,9,4,2,2,101,72,2403608,1,12,0,3,2
45197,2023,9,28,5,4,116,"657,7",4311007,33,7,1,4,3
45197,2023,9,28,5,3,101,65,3204906,67,9,1,2,2
45197,2023,9,28,5,3,381,481,3106705,44,12,1,2,2
45173,2023,9,4,2,2,259,"58,5",3201506,1,7,1,2,2
45197,2023,9,28,5,4,50,173,3170107,35,2,1,2,2
45197,2023,9,28,5,3,230,"220,5",2516102,9,1,0,1,1
45197,2023,9,28,5,4,116,125,4107652,52,12,1,2,2
45197,2023,9,28,5,3,70,292,5107040,52,9,0,2,2
45197,2023,9,28,5,4,104,83,2707701,28,18,0,1,1
45186,2023,9,17,1,1,367,81,2910727,80,7,0,2,2
45185,2023,9,16,7,4,40,668,3113206,60,2,0,2,2
45197,2023,9,28,5,3,163,984,1506807,52,10,0,2,2
45197,2023,9,28,5,4,116,10,2304400,51,21,1,1,1
45197,2023,9,28,5,4,386,"410,7",2516805,13,20,0,3,2
45197,2023,9,28,5,3,116,111,3301850,4,20,1,3,1
45197,2023,9,28,5,4,376,"158,9",4114104,35,2,0,2,2
45197,2023,9,28,5,2,70,125,5211800,67,3,0,2,1
45197,2023,9,28,5,4,60,97,5201108,28,21,1,2,1
45197,2023,9,28,5,3,70,530,2211407,16,12,0,2,2
45197,2023,9,28,5,4,158,"98,2",4313706,61,2,0,2,2
45197,2023,9,28,5,4,101,"6,6",4321501,66,4,0,2,1
45197,2023,9,28,5,3,230,391,2513927,2,9,0,3,2
45197,2023,9,28,5,4,285,"531,7",4318903,49,7,0,2,2
45177,2023,9,8,6,3,381,"230,2",3106309,80,7,0,6,3
45197,2023,9,28,5,4,40,524,3118601,11,4,1,1,1
45197,2023,9,28,5,4,163,747,5107925,9,4,0,1,1
45197,2023,9,28,5,4,101,"157,3",4213500,2,11,1,3,2
45197,2023,9,28,5,3,116,408,3127701,1,9,0,3,2
45197,2023,9,28,5,4,262,201,5007109,9,1,0,9,3
45197,2023,9,28,5,4,40,"697,8",3105608,9,1,1,1,1
45197,2023,9,28,5,3,101,"421,9",4201406,1,11,0,2,2
45197,2023,9,28,5,3,364,166,2409605,12,12,0,4,3
45197,2023,9,28,5,4,280,73,4208906,1,11,0,4,3
45197,2023,9,28,5,4,376,"3,4",4125506,67,2,1,2,2
45197,2023,9,28,5,4,280,"120,5",4215802,67,20,0,2,2
45197,2023,9,28,5,3,364,549,1100403,1,12,0,2,2
45197,2023,9,28,5,3,153,115,4109708,82,7,0,5,2
45197,2023,9,28,5,4,319,60,1100205,1,11,1,2,2
45197,2023,9,28,5,4,282,"339,6",4203600,67,4,0,1,1
45197,2023,9,28,5,3,70,725,5102504,20,9,0,3,2
45197,2023,9,28,5,4,116,"119,1",3302502,20,11,0,2,2
45197,2023,9,28,5,4,155,295,1504208,49,12,0,2,2
45197,2023,9,28,5,4,376,"170,8",4115200,33,11,1,2,2
45198,2023,9,29,6,1,101,46,2606804,11,12,1,2,2
45198,2023,9,29,6,1,470,141,4214805,67,20,1,1,1
45198,2023,9,29,6,1,116,184,4104105,67,4,0,1,1
45197,2023,9,28,5,4,10,"9,5",1502939,9,1,0,1,1
45197,2023,9,28,5,3,369,"184,1",4101507,11,9,1,2,2
45198,2023,9,29,6,2,20,21,5300108,78,9,1,4,3
45198,2023,9,29,6,1,40,562,3144805,18,4,0,1,1
45198,2023,9,29,6,2,104,85,2707701,1,11,0,2,2
45198,2023,9,29,6,2,101,146,3203205,17,11,1,2,2
45198,2023,9,29,6,2,230,25,2507507,11,21,1,2,1
45198,2023,9,29,6,1,101,417,3302601,29,20,0,2,1
45198,2023,9,29,6,2,101,"211,3",4211900,78,9,1,2,2
45198,2023,9,29,6,2,222,672,2100055,1,11,1,2,2
45198,2023,9,29,6,2,101,321,3303302,11,21,0,1,1
45198,2023,9,29,6,2,116,15,2304400,16,15,1,6,5
45198,2023,9,29,6,2,101,198,4202305,11,12,1,2,2
45197,2023,9,28,5,4,116,276,2931905,1,11,0,2,2
45198,2023,9,29,6,2,369,"151,2",4113700,11,12,1,2,2
45198,2023,9,29,6,2,316,3,2211001,52,12,1,2,2
44976,2023,2,19,1,1,235,235,2932002,9,1,0,1,1
45198,2023,9,29,6,2,116,"828,5",2933307,1,11,1,2,2
45198,2023,9,29,6,2,116,171,3304557,67,12,1,2,2
45198,2023,9,29,6,2,70,10,5300108,1,11,1,3,2
45198,2023,9,29,6,1,418,43,2906907,80,7,0,5,2
45198,2023,9,29,6,2,470,137,4214805,16,12,1,2,2
45198,2023,9,29,6,2,470,139,4214805,1,11,1,4,2
45194,2023,9,25,2,4,101,294,3301900,11,12,1,3,3
45198,2023,9,29,6,2,50,"74,7",3170206,11,12,1,2,2
44970,2023,2,13,2,3,101,328,3303302,58,21,0,3,3
45198,2023,9,29,6,2,116,512,3509254,67,3,0,4,1
45198,2023,9,29,6,2,40,"111,5",3301702,67,21,1,1,1
45198,2023,9,29,6,2,343,590,2203909,11,21,1,1,1
45198,2023,9,29,6,2,70,16,5300108,1,20,0,2,2
45150,2023,8,12,7,3,101,139,3300936,11,20,0,4,1
45198,2023,9,29,6,2,470,140,4214805,80,7,1,2,2
45198,2023,9,29,6,2,116,515,3509254,4,3,0,2,1
45198,2023,9,29,6,2,316,4,2211001,18,21,1,1,1
45198,2023,9,29,6,2,277,3,4118204,1,7,1,2,2
45198,2023,9,29,6,2,116,514,3509254,67,4,0,2,1
45198,2023,9,29,6,2,101,"119,7",4208203,52,9,0,2,2
45198,2023,9,29,6,2,50,"3,8",3103504,83,4,0,1,1
45189,2023,9,20,4,3,116,"251,5",4209300,1,11,0,5,2
45198,2023,9,29,6,2,101,"207,2",4216602,52,12,1,3,3
45198,2023,9,29,6,2,40,277,3169356,1,12,0,2,2
45198,2023,9,29,6,2,101,144,3203205,67,9,1,3,2
45198,2023,9,29,6,2,262,"742,7",3149804,11,7,0,2,2
45198,2023,9,29,6,2,116,"161,7",2906824,18,20,0,2,1
45184,2023,9,15,6,4,277,"411,9",4104428,80,7,0,3,2
45198,2023,9,29,6,3,101,64,2611606,16,12,1,2,2
45198,2023,9,29,6,2,174,382,5103361,67,20,0,1,1
45198,2023,9,29,6,2,40,"93,1",3303906,21,20,0,1,1
45182,2023,9,13,4,4,493,5,3301900,60,2,1,2,2
45198,2023,9,29,6,3,262,"51,9",3203346,1,9,0,2,2
45198,2023,9,29,6,2,428,"168,9",2611101,5,20,0,5,2
45198,2023,9,29,6,3,101,43,2407500,80,10,0,5,2
45198,2023,9,29,6,3,290,137,4306767,49,12,0,3,2
45196,2023,9,27,4,4,324,603,2930709,28,18,0,1,1
45193,2023,9,24,1,3,163,206,5002407,67,21,0,2,1
45198,2023,9,29,6,3,116,125,3508504,67,12,0,3,2
45198,2023,9,29,6,3,435,34,1100304,4,20,0,1,1
45198,2023,9,29,6,3,101,146,4208302,52,9,1,2,2
45198,2023,9,29,6,3,60,416,5218805,15,20,0,3,1
45171,2023,9,2,7,1,381,"892,8",3110608,49,20,0,1,1
45198,2023,9,29,6,3,101,144,4208302,52,9,1,2,2
45198,2023,9,29,6,3,116,234,4313409,20,9,1,2,2
45198,2023,9,29,6,3,156,820,1600501,1,9,1,2,2
45198,2023,9,29,6,3,280,"29,2",4201307,11,20,1,1,1
45119,2023,7,12,4,3,277,99,4106902,67,12,1,2,2
45174,2023,9,5,3,2,101,264,3205002,67,12,1,4,3
45198,2023,9,29,6,3,392,"294,7",4319604,49,12,0,6,2
45198,2023,9,29,6,3,70,6,5200258,16,9,1,4,4
45198,2023,9,29,6,3,369,"3,3",4104303,33,11,0,2,2
45198,2023,9,29,6,2,232,408,2613909,11,21,1,1,1
45198,2023,9,29,6,3,316,575,2103000,9,1,0,4,2
45198,2023,9,29,6,3,280,"102,4",4215802,83,20,0,1,1
45198,2023,9,29,6,3,381,495,3106705,52,9,1,3,2
45174,2023,9,5,3,3,277,"667,2",4115804,67,3,1,1,1
45198,2023,9,29,6,3,232,80,2606408,83,15,1,5,4
45198,2023,9,29,6,3,267,30,5001904,1,11,1,3,3
45198,2023,9,29,6,3,20,19,5300108,78,2,1,2,2
45198,2023,9,29,6,3,153,507,5201405,67,3,1,6,1
45198,2023,9,29,6,3,101,107,2403251,16,12,1,2,2
45198,2023,9,29,6,2,230,391,2513927,1,11,1,3,2
45198,2023,9,29,6,3,369,442,4128005,49,12,0,3,3
45198,2023,9,29,6,3,116,"827,6",2933307,52,7,1,3,2
45198,2023,9,29,6,3,135,"29,6",2111300,45,12,0,3,2
45198,2023,9,29,6,2,153,"691,8",5211503,51,20,0,3,1
45198,2023,9,29,6,2,101,"253,4",4212304,11,20,1,2,1
45198,2023,9,29,6,3,104,"155,8",2512507,82,7,1,2,2
45198,2023,9,29,6,3,101,296,3201308,5,21,1,2,1
45198,2023,9,29,6,3,381,44,3504107,67,15,1,5,3
45198,2023,9,29,6,3,70,508,5103403,11,12,0,4,3
45198,2023,9,29,6,3,116,"528,6",3113404,33,11,1,2,2
45198,2023,9,29,6,4,116,309,3549953,1,12,0,2,2
45198,2023,9,29,6,4,101,"208,5",4216602,52,9,1,1,1
45198,2023,9,29,6,4,163,368,5006002,1,11,1,3,2
45198,2023,9,29,6,3,116,538,3159357,51,21,1,1,1
45198,2023,9,29,6,4,101,"165,8",2402204,9,1,0,1,1
45198,2023,9,29,6,3,116,112,3554102,67,3,1,1,1
45198,2023,9,29,6,3,116,110,3554102,67,21,1,1,1
45198,2023,9,29,6,4,386,"229,8",2516102,82,7,0,6,3
45198,2023,9,29,6,3,163,590,5106224,15,20,0,4,1
45198,2023,9,29,6,4,116,"9,5",2304400,49,4,0,1,1
45198,2023,9,29,6,4,116,243,4318705,80,7,1,3,2
45198,2023,9,29,6,4,116,465,3536208,49,4,0,1,1
45198,2023,9,29,6,3,30,"374,2",2904605,83,7,0,6,2
45198,2023,9,29,6,4,110,186,2926608,60,2,0,4,3
45198,2023,9,29,6,4,381,"42,8",3504107,11,12,1,2,2
45198,2023,9,29,6,3,230,"0,4",2504009,11,21,0,1,1
45198,2023,9,29,6,3,364,215,1100189,83,15,0,3,3
45198,2023,9,29,6,4,116,303,3304110,9,1,0,2,1
45198,2023,9,29,6,4,316,71,1502400,80,7,0,3,3
45198,2023,9,29,6,4,290,85,4314902,67,12,0,2,2
45198,2023,9,29,6,3,50,"147,7",3170107,9,1,0,2,1
45198,2023,9,29,6,4,101,509,3300100,20,11,0,3,2
45198,2023,9,29,6,4,101,"90,3",4202107,67,20,1,1,1
45186,2023,9,17,1,1,232,58,2611309,18,20,1,3,1
45198,2023,9,29,6,3,163,1010,5108055,67,20,0,1,1
45198,2023,9,29,6,4,101,204,4216602,11,3,1,1,1
45198,2023,9,29,6,4,116,"4,5",2304400,1,9,1,2,2
45198,2023,9,29,6,3,101,"267,2",4212304,18,4,0,2,1
45198,2023,9,29,6,4,369,"137,3",4109807,67,12,1,2,2
45198,2023,9,29,6,4,470,"233,1",4304804,82,7,0,3,2
45198,2023,9,29,6,4,262,319,3511003,67,9,0,4,2
45198,2023,9,29,6,4,470,169,4213708,49,11,0,4,2
45198,2023,9,29,6,4,316,185,1506559,11,7,0,2,2
45198,2023,9,29,6,4,364,441,1100114,25,12,0,2,2
45198,2023,9,29,6,4,101,147,4208302,1,11,1,2,2
45198,2023,9,29,6,4,116,"498,3",3130903,80,7,1,2,2
45198,2023,9,29,6,3,493,66,3303500,18,20,0,1,1
45198,2023,9,29,6,4,40,511,3154606,78,21,1,2,1
45198,2023,9,29,6,4,101,321,3303302,16,12,1,2,2
45198,2023,9,29,6,4,10,"252,5",2105302,36,12,1,2,2
45198,2023,9,29,6,4,376,389,4110078,83,20,0,1,1
45198,2023,9,29,6,4,369,"135,8",4109807,11,4,1,1,1
45198,2023,9,29,6,3,364,409,1100114,83,12,0,6,2
45085,2023,6,8,5,1,116,521,4314407,67,9,0,3,2
45198,2023,9,29,6,3,290,"302,2",4303004,28,18,0,1,1
45198,2023,9,29,6,4,101,65,3301009,29,21,1,1,1
45198,2023,9,29,6,4,101,"383,4",4207007,1,11,1,2,2
45199,2023,9,30,7,1,101,131,4202008,1,11,1,2,2
45199,2023,9,30,7,1,116,"269,9",3552809,1,9,1,3,3
45199,2023,9,30,7,1,476,"120,5",4105805,1,7,1,4,3
45199,2023,9,30,7,1,101,87,4313508,83,20,0,1,1
45199,2023,9,30,7,1,392,"344,9",2409332,67,4,1,1,1
45199,2023,9,30,7,1,101,302,2112803,9,1,1,2,2
45199,2023,9,30,7,1,101,191,4202305,67,3,0,2,1
45199,2023,9,30,7,1,101,202,4216602,49,4,1,2,2
45199,2023,9,30,7,1,40,111,3301702,11,20,1,2,2
45199,2023,9,30,7,1,20,"2,6",5300108,48,2,1,4,2
45199,2023,9,30,7,1,101,206,4216602,67,11,0,2,2
45199,2023,9,30,7,1,232,"5,6",2611606,11,12,1,3,2
45199,2023,9,30,7,1,116,332,4301909,11,20,0,1,1
45199,2023,9,30,7,1,153,"19,9",3533007,11,20,0,2,1
45199,2023,9,30,7,1,101,"357,5",4215455,49,20,0,1,1
45199,2023,9,30,7,1,316,30,2203305,56,4,0,1,1
45198,2023,9,29,6,4,242,885,2919553,46,20,1,1,1
45199,2023,9,30,7,1,470,271,4202875,4,3,0,1,1
45199,2023,9,30,7,1,10,456,4117602,16,12,1,2,2
45199,2023,9,30,7,2,343,"348,5",2211001,49,12,1,2,2
45199,2023,9,30,7,1,116,113,4106902,67,12,1,2,2
45199,2023,9,30,7,1,364,334,5107800,18,20,0,1,1
45199,2023,9,30,7,1,101,333,3304557,13,21,1,2,1
45199,2023,9,30,7,1,470,156,4218608,80,7,0,2,2
45199,2023,9,30,7,2,70,19,5300108,67,20,0,1,1
45199,2023,9,30,7,2,116,29,4104006,83,20,0,2,1
45199,2023,9,30,7,1,319,62,1100205,17,11,1,2,2
45199,2023,9,30,7,2,101,270,4207304,49,20,0,2,1
45198,2023,9,29,6,4,364,579,5103502,15,2,0,2,2
45199,2023,9,30,7,2,116,153,4305108,44,21,1,2,1
45199,2023,9,30,7,2,369,198,4101408,51,20,1,1,1
45199,2023,9,30,7,1,408,67,2604007,18,4,1,1,1
45198,2023,9,29,6,4,101,561,3303807,9,1,0,1,1
45199,2023,9,30,7,2,158,220,4306106,63,21,0,1,1
45199,2023,9,30,7,2,101,323,3303302,11,12,1,2,2
45199,2023,9,30,7,2,101,"262,5",3205002,67,12,1,2,2
45199,2023,9,30,7,2,40,"741,4",3160702,83,20,0,3,1
45199,2023,9,30,7,2,101,268,3205002,52,9,1,2,2
45199,2023,9,30,7,2,376,"167,1",4115200,67,20,0,1,1
45199,2023,9,30,7,2,316,"164,5",2706307,44,11,1,3,2
45199,2023,9,30,7,2,163,482,2401305,11,21,1,1,1
45183,2023,9,14,5,2,381,488,3106705,67,15,1,4,4
45199,2023,9,30,7,2,135,17,2111300,1,11,1,2,2
45198,2023,9,29,6,4,163,566,5103502,15,20,0,2,1
45030,2023,4,14,6,3,40,275,3169356,9,2,1,5,2
45199,2023,9,30,7,2,293,5,4314407,18,7,0,3,2
45199,2023,9,30,7,2,101,125,2408201,52,9,0,2,2
45199,2023,9,30,7,2,153,676,1709500,33,11,1,2,2
45199,2023,9,30,7,2,116,260,4203253,49,12,0,2,2
45199,2023,9,30,7,2,470,"287,6",4203600,83,4,0,1,1
45199,2023,9,30,7,2,40,109,3301702,67,21,1,2,1
45199,2023,9,30,7,2,101,71,2611606,3,21,1,2,1
45155,2023,8,17,5,3,277,729,4108304,11,9,1,2,2
45199,2023,9,30,7,2,414,411,5200100,33,11,1,3,2
45199,2023,9,30,7,2,392,"6,8",4315602,67,4,1,1,1
45199,2023,9,30,7,2,153,"2,9",4303004,18,7,1,2,2
45199,2023,9,30,7,2,376,599,4106902,28,20,1,1,1
45199,2023,9,30,7,2,468,"73,8",4304002,1,7,0,4,2
45199,2023,9,30,7,2,116,229,3550308,52,9,1,2,2
45111,2023,7,4,3,2,392,"18,9",4315602,80,7,0,2,2