id_data,ano,mes,dia,id_dia_semana,periodo,br,km,id_municipio,id_causa_acidente,id_tipo_acidente,id_uso_solo,pessoas,veiculos
45202,2023,10,3,3,1,343,"108,3",2202703,13,4,0,1,1
45201,2023,10,2,2,3,101,344,2931608,83,20,0,2,1
45202,2023,10,3,3,1,230,311,2514909,9,1,0,1,1
45202,2023,10,3,3,1,280,228,4203808,21,3,0,1,1
45202,2023,10,3,3,1,101,328,3304557,67,21,1,1,1
45202,2023,10,3,3,1,116,285,4203253,67,4,0,1,1
45202,2023,10,3,3,2,116,184,3303500,11,9,1,1,1
45202,2023,10,3,3,1,381,83,3550308,35,2,1,2,2
45202,2023,10,3,3,2,40,519,3118601,16,15,1,6,5
45202,2023,10,3,3,2,116,9,2304400,1,9,1,2,2
45202,2023,10,3,3,2,381,"456,6",3106200,52,11,1,2,2
45202,2023,10,3,3,2,70,12,5200258,49,20,1,3,1
45202,2023,10,3,3,2,277,"344,2",4109401,60,2,1,3,2
45202,2023,10,3,3,2,40,38,3300225,64,4,0,2,1
45202,2023,10,3,3,2,408,103,2607901,16,12,0,2,2
45202,2023,10,3,3,2,428,185,2611101,11,20,1,1,1
45202,2023,10,3,3,2,40,73,3303906,1,11,0,3,2
45202,2023,10,3,3,2,20,"20,7",5300108,1,12,1,2,2
45202,2023,10,3,3,2,101,37,4209102,83,12,0,3,3
45202,2023,10,3,3,2,470,118,4206900,67,9,0,2,2
45202,2023,10,3,3,2,116,"138,1",3549904,78,9,1,2,2
45202,2023,10,3,3,2,376,174,4115200,11,15,1,3,3
45202,2023,10,3,3,2,408,"55,7",2609501,67,7,1,10,2
45202,2023,10,3,3,2,20,1,5300108,13,4,1,3,1
45202,2023,10,3,3,2,163,832,5107909,78,9,1,3,2
45202,2023,10,3,3,2,101,"282,8",4207304,1,11,1,2,2
45202,2023,10,3,3,2,101,"266,8",3205002,67,9,1,2,2
45202,2023,10,3,3,2,116,165,3524402,67,15,0,3,3
45202,2023,10,3,3,2,60,"3,4",5300108,11,12,1,3,2
45202,2023,10,3,3,2,116,284,3515004,11,9,0,2,2
45202,2023,10,3,3,2,290,92,4314902,29,21,0,1,1
45202,2023,10,3,3,2,365,612,3170206,11,12,1,2,2
45202,2023,10,3,3,2,101,328,3304557,67,12,0,4,3
45202,2023,10,3,3,2,116,"18,9",2306256,16,12,1,2,2
45202,2023,10,3,3,2,364,347,1100122,1,7,1,2,2
45202,2023,10,3,3,2,101,"86,9",2607901,2,2,0,3,2
45202,2023,10,3,3,2,262,"50,3",3139409,1,10,1,2,2
45202,2023,10,3,3,2,116,210,3518800,67,20,0,1,1
45202,2023,10,3,3,3,116,222,3518800,11,12,1,2,2
45202,2023,10,3,3,3,116,209,3305554,18,4,1,1,1
45202,2023,10,3,3,2,163,"281,5",5003702,11,20,0,1,1
45202,2023,10,3,3,2,232,91,2612000,81,11,1,2,2
45202,2023,10,3,3,2,110,203,2907905,80,7,1,2,2
45202,2023,10,3,3,3,116,453,2302008,1,12,1,3,2
45187,2023,9,18,2,4,163,"687,5",5007406,67,20,0,5,1
45202,2023,10,3,3,3,101,124,4208203,67,12,1,3,3
45202,2023,10,3,3,3,282,"3,2",4205407,11,9,1,2,2
45202,2023,10,3,3,3,116,"21,3",3526605,9,21,0,1,1
45202,2023,10,3,3,3,262,"43,5",3203346,67,3,0,1,1
45135,2023,7,28,6,4,364,430,1100114,51,21,0,1,1
45202,2023,10,3,3,3,282,"43,8",4200606,18,10,0,2,2
45202,2023,10,3,3,3,356,1,3302205,33,11,0,2,2
45202,2023,10,3,3,3,110,340,2900702,1,11,1,3,2
45202,2023,10,3,3,3,101,"213,4",4211900,11,12,1,2,2
45202,2023,10,3,3,3,40,"606,7",3118007,33,11,1,4,2
45202,2023,10,3,3,3,116,"217,4",4204558,1,11,1,2,2
45202,2023,10,3,3,3,324,"513,5",2910800,1,11,1,2,2
45202,2023,10,3,3,3,116,134,3549904,67,9,1,3,2
45202,2023,10,3,3,3,465,7,3305554,78,7,1,2,2
45198,2023,9,29,6,3,101,"2,7",4201406,1,9,1,2,2
45202,2023,10,3,3,3,110,"47,3",2408003,11,12,1,2,2
45187,2023,9,18,2,2,376,2,4125506,52,11,1,3,2
45202,2023,10,3,3,3,381,451,3156700,20,11,1,3,3
45202,2023,10,3,3,3,101,"28,6",4321667,67,3,0,1,1
45202,2023,10,3,3,3,101,74,2408102,67,12,0,4,2
45202,2023,10,3,3,3,493,52,3301702,28,18,0,3,1
45201,2023,10,2,2,4,319,63,1100205,52,9,1,2,2
45202,2023,10,3,3,3,50,177,3170107,15,20,0,1,1
45202,2023,10,3,3,4,381,64,3528502,61,2,1,3,2
45202,2023,10,3,3,3,101,"436,1",4217709,1,12,1,2,2
45202,2023,10,3,3,3,280,"225,5",4218301,1,11,0,2,2
45202,2023,10,3,3,3,153,241,5220157,49,11,0,3,2
45202,2023,10,3,3,3,101,"110,7",4211306,78,12,0,2,2
45202,2023,10,3,3,3,153,"17,1",3115805,41,20,1,1,1
45202,2023,10,3,3,4,116,185,3303500,78,12,1,3,2
45202,2023,10,3,3,3,469,"16,8",4108304,67,11,1,4,3
45202,2023,10,3,3,4,116,303,3549953,11,9,1,2,2
45202,2023,10,3,3,4,277,12,4118204,83,20,0,2,1
45202,2023,10,3,3,4,153,334,1709302,1,11,1,2,2
45202,2023,10,3,3,3,60,272,5211701,67,20,0,1,1
45202,2023,10,3,3,4,101,117,2607208,11,3,0,2,1
45202,2023,10,3,3,4,364,"422,2",1100114,46,4,1,1,1
45202,2023,10,3,3,4,480,"128,2",4204202,33,7,1,3,2
45203,2023,10,4,4,1,153,"484,9",4108502,11,4,0,1,1
45203,2023,10,4,4,1,116,51,3527207,83,21,0,1,1
45202,2023,10,3,3,4,470,180,4213708,82,7,0,4,2
45203,2023,10,4,4,1,369,168,4122404,1,7,0,4,4
45203,2023,10,4,4,1,222,"2,8",2304400,17,11,1,2,2
45203,2023,10,4,4,1,101,368,4211207,11,4,1,4,1
45203,2023,10,4,4,1,381,492,3106705,18,20,1,2,1
45203,2023,10,4,4,1,101,297,3301900,60,2,1,2,2
45202,2023,10,3,3,2,20,24,5208004,49,4,0,1,1
45203,2023,10,4,4,1,304,"46,5",2408003,11,12,1,2,2
45203,2023,10,4,4,1,376,"216,2",4112108,11,11,1,2,2
45203,2023,10,4,4,1,116,119,4106902,11,9,1,4,2
45202,2023,10,3,3,3,465,13,3305554,1,9,1,2,2
45203,2023,10,4,4,1,40,"518,8",3154606,11,12,1,2,2
45202,2023,10,3,3,3,470,230,4308607,72,11,1,3,2
45203,2023,10,4,4,1,316,285,2203404,16,15,0,3,3
45203,2023,10,4,4,1,280,"55,7",4206504,33,11,0,3,2
45203,2023,10,4,4,2,101,"85,2",2408102,67,9,1,2,2
45203,2023,10,4,4,2,101,199,4216602,52,9,1,2,2
45203,2023,10,4,4,2,153,138,1702109,28,20,0,2,1
45203,2023,10,4,4,2,116,"149,1",4305108,61,2,1,2,2
45203,2023,10,4,4,2,60,203,5209200,18,20,0,1,1
45203,2023,10,4,4,2,116,225,3518800,18,9,1,2,2
45203,2023,10,4,4,1,163,1113,5104104,67,12,0,1,1
45203,2023,10,4,4,2,60,387,5218805,56,4,1,1,1
45203,2023,10,4,4,2,230,12,2503209,16,12,1,3,2
45203,2023,10,4,4,2,116,"154,4",3549904,13,21,0,2,1
45187,2023,9,18,2,3,20,27,5300108,49,12,0,4,2
45203,2023,10,4,4,2,364,402,5103403,82,9,1,3,3
45203,2023,10,4,4,2,101,96,2408102,52,9,1,2,2
45203,2023,10,4,4,2,40,"677,5",3113206,11,11,0,4,2
45203,2023,10,4,4,2,285,"325,1",4314100,83,3,0,4,3
45203,2023,10,4,4,2,277,684,4125704,11,20,0,3,1
45203,2023,10,4,4,2,343,3,2211001,67,12,1,3,3
45123,2023,7,16,1,3,101,246,3305604,28,12,0,7,2
45203,2023,10,4,4,2,158,"134,2",4203105,16,12,0,3,3
45203,2023,10,4,4,2,153,672,1709500,61,2,1,2,2
45203,2023,10,4,4,2,135,146,2926202,3,20,0,1,1
45203,2023,10,4,4,2,158,"527,9",4118501,4,20,0,1,1
45203,2023,10,4,4,2,10,"11,5",1502939,52,20,0,2,1
45203,2023,10,4,4,2,101,39,4209102,4,12,0,2,2
45197,2023,9,28,5,4,158,"318,8",2409332,83,4,0,2,1
45203,2023,10,4,4,2,116,169,3524402,11,12,0,2,2
45203,2023,10,4,4,2,232,26,2609402,28,18,0,1,1
45203,2023,10,4,4,3,282,49,4200606,83,7,0,2,2
45203,2023,10,4,4,2,376,3,4101408,28,20,1,1,1
45203,2023,10,4,4,2,116,110,3301850,67,21,0,1,1
45203,2023,10,4,4,2,230,"9,1",1500602,28,20,1,3,1
45177,2023,9,8,6,4,101,"417,2",4201406,11,11,0,2,2
45203,2023,10,4,4,3,277,75,4125506,67,12,0,2,2
45203,2023,10,4,4,3,50,141,3170107,67,20,0,1,1
45203,2023,10,4,4,2,364,"343,5",1100122,16,12,1,2,2
45202,2023,10,3,3,4,116,217,2910701,20,2,1,2,2
45124,2023,7,17,2,2,174,385,5103361,80,7,0,3,2
45203,2023,10,4,4,3,393,235,3306206,1,11,0,2,2
45203,2023,10,4,4,2,376,"460,2",4127502,83,4,0,2,1
45203,2023,10,4,4,3,50,170,3170107,11,4,0,1,1
45185,2023,9,16,7,3,324,478,2931103,83,20,0,1,1
45203,2023,10,4,4,3,40,5,5300108,1,12,1,5,2
45203,2023,10,4,4,3,116,185,3303500,11,21,1,1,1
45203,2023,10,4,4,3,242,800,2903201,16,12,0,2,2
45203,2023,10,4,4,3,116,382,3529906,28,18,0,1,1
45203,2023,10,4,4,3,408,89,2613701,1,11,0,2,2
45203,2023,10,4,4,3,101,209,4216602,52,9,1,2,2
45203,2023,10,4,4,2,101,483,3300100,78,9,1,2,2
45151,2023,8,13,1,4,343,"308,3",2200400,80,7,1,2,2
45053,2023,5,7,1,1,163,481,2401305,13,21,1,2,1
45181,2023,9,12,3,2,230,401,2512101,67,7,0,2,2
45203,2023,10,4,4,3,226,47,2201903,16,12,1,2,2
45203,2023,10,4,4,3,40,118,3301702,82,12,0,2,2
45203,2023,10,4,4,3,116,531,4304663,1,11,1,3,2
45203,2023,10,4,4,3,153,"668,9",5209101,11,20,0,2,1
45203,2023,10,4,4,3,381,"494,3",3106705,16,12,1,3,2
45203,2023,10,4,4,3,40,105,3301702,80,7,1,2,2
45203,2023,10,4,4,3,135,"2,2",2111300,52,9,1,2,2
45203,2023,10,4,4,3,101,152,3302403,67,20,0,1,1
45203,2023,10,4,4,3,116,561,3505401,64,3,0,1,1
45203,2023,10,4,4,3,376,"499,5",4119905,83,12,1,4,2
45203,2023,10,4,4,3,101,"197,9",3301306,16,12,0,1,1
45195,2023,9,26,3,3,324,608,2930709,16,15,0,2,1
45203,2023,10,4,4,4,101,89,2804805,2,11,1,2,2
45203,2023,10,4,4,3,116,409,3127701,16,12,1,2,2
45203,2023,10,4,4,4,101,138,2708600,2,11,1,3,2
45203,2023,10,4,4,3,116,119,4106902,67,12,0,5,4
45199,2023,9,30,7,4,116,230,2910701,83,12,0,5,3
45203,2023,10,4,4,2,282,"388,6",4209003,4,20,0,2,1
45203,2023,10,4,4,4,230,"21,8",2507507,16,15,1,3,3
45203,2023,10,4,4,3,116,"6,6",2304400,10,2,1,2,2
45203,2023,10,4,4,4,163,"85,9",1502202,33,11,0,4,2
45203,2023,10,4,4,3,476,"120,5",4105805,67,12,1,7,3
45203,2023,10,4,4,2,282,"435,7",3170602,4,20,0,2,1
45203,2023,10,4,4,4,101,"108,3",2403251,61,2,1,2,2
45203,2023,10,4,4,3,116,488,3509254,67,11,1,5,2
45203,2023,10,4,4,4,163,"74,1",4217204,67,20,0,1,1
45203,2023,10,4,4,3,153,256,3529005,11,12,1,2,2
45203,2023,10,4,4,4,267,"481,1",2307106,1,11,1,2,2
45203,2023,10,4,4,4,356,266,3143906,83,10,1,4,2
45203,2023,10,4,4,4,365,398,3148004,30,4,0,2,1
45203,2023,10,4,4,3,361,69,2510402,18,20,0,1,1
45188,2023,9,19,3,2,116,220,3518800,78,12,0,2,2
45203,2023,10,4,4,4,116,"117,4",4319000,67,20,0,1,1
45203,2023,10,4,4,3,210,114,1600535,52,3,0,2,1
45203,2023,10,4,4,4,101,197,4202305,83,4,1,2,2
45203,2023,10,4,4,4,116,"25,7",4322509,67,20,0,1,1
45203,2023,10,4,4,4,230,690,1501725,80,7,0,3,2
45204,2023,10,5,5,1,60,164,5208707,11,12,1,2,2
45204,2023,10,5,5,1,50,15,3170206,83,20,0,54,1
45204,2023,10,5,5,1,428,153,2611101,49,11,0,4,2
45204,2023,10,5,5,1,222,283,2112902,9,1,0,1,1
45204,2023,10,5,5,1,465,11,3305554,9,1,1,1,1
45204,2023,10,5,5,1,116,109,3301850,67,21,0,1,1
45204,2023,10,5,5,1,101,311,3304904,50,3,1,1,1
45204,2023,10,5,5,2,116,427,3127701,1,10,0,2,2
45204,2023,10,5,5,2,104,62,2604106,16,12,1,2,2
45204,2023,10,5,5,2,101,268,3205002,67,11,1,3,3
45204,2023,10,5,5,2,101,114,4208203,11,9,1,2,2
45178,2023,9,9,7,2,116,"105,9",2308708,82,7,0,5,2
45108,2023,7,1,7,3,282,"168,1",4202438,80,7,0,6,3
45204,2023,10,5,5,2,277,80,4106902,51,20,1,1,1
45204,2023,10,5,5,2,135,"4,8",2111300,67,12,1,2,2
45204,2023,10,5,5,2,116,"414,5",3127701,82,11,1,3,2
45204,2023,10,5,5,2,101,"209,9",4216602,78,12,1,5,3
45204,2023,10,5,5,2,367,83,2910727,1,12,1,3,2
45204,2023,10,5,5,2,116,512,3509254,67,4,0,1,1
45204,2023,10,5,5,2,232,"8,9",2607901,11,9,0,4,2
45204,2023,10,5,5,2,101,"377,8",4207007,52,20,1,1,1
45156,2023,8,18,6,2,277,83,4106902,78,9,1,2,2
45204,2023,10,5,5,2,393,263,3300308,15,20,0,1,1
45204,2023,10,5,5,2,381,"888,7",3110608,67,20,0,4,1
45160,2023,8,22,3,3,365,490,3148103,67,3,0,1,1
45116,2023,7,9,1,3,174,518,1400100,82,7,0,4,2
45204,2023,10,5,5,2,364,706,1100205,11,20,0,2,2
45204,2023,10,5,5,1,20,"172,8",5200803,28,18,0,1,1
45204,2023,10,5,5,2,116,205,3503901,52,9,1,2,2
45204,2023,10,5,5,2,50,"136,1",3170107,67,20,0,2,1
45204,2023,10,5,5,2,381,489,3106705,67,4,1,1,1
45204,2023,10,5,5,2,116,142,3301702,16,12,1,4,3
45204,2023,10,5,5,2,282,230,4209300,11,12,0,5,4
45204,2023,10,5,5,2,116,196,3304144,11,12,0,2,2
45204,2023,10,5,5,3,101,267,3205002,11,12,0,2,2
45204,2023,10,5,5,3,277,726,4108304,67,20,1,1,1
45204,2023,10,5,5,2,40,"72,8",3303906,15,4,0,3,1
45204,2023,10,5,5,2,101,"324,7",4203956,33,11,1,2,2
45204,2023,10,5,5,2,40,72,3303906,15,4,0,2,1
45204,2023,10,5,5,3,101,201,4216602,67,12,1,2,2
45204,2023,10,5,5,2,116,"491,7",3130903,82,12,0,3,2
45204,2023,10,5,5,2,116,"534,8",3159357,16,12,0,4,3
45200,2023,10,1,1,2,230,617,1301704,67,11,1,2,2
45204,2023,10,5,5,3,369,"201,1",4101408,20,12,1,2,2
45204,2023,10,5,5,3,448,22,4314902,11,20,1,1,1
45204,2023,10,5,5,3,116,"40,3",4104006,67,4,0,2,1
45204,2023,10,5,5,3,116,93,4125506,67,20,0,3,1
45204,2023,10,5,5,2,364,136,1200401,1,12,1,2,2
45204,2023,10,5,5,3,153,"510,7",5201405,67,20,1,1,1
45120,2023,7,13,5,3,343,9,2207702,1,11,1,2,2
45204,2023,10,5,5,2,230,196,2207009,1,9,1,2,2
45204,2023,10,5,5,3,367,50,2925303,83,3,0,4,1
45204,2023,10,5,5,3,101,"84,8",2607901,16,12,1,4,2
45204,2023,10,5,5,2,376,"167,8",4115200,16,12,0,4,3
45204,2023,10,5,5,2,116,146,3549904,13,21,1,1,1
45204,2023,10,5,5,3,101,"70,8",2611606,11,21,1,3,2
45204,2023,10,5,5,3,324,"518,7",2910800,82,9,1,2,2
45204,2023,10,5,5,3,101,"185,8",2704005,80,10,1,3,3
45204,2023,10,5,5,3,232,"408,7",2613909,2,11,1,2,2
45204,2023,10,5,5,3,101,208,4216602,52,9,1,2,2
45204,2023,10,5,5,3,381,"2,8",3106705,2,21,1,1,1
45204,2023,10,5,5,3,414,439,5201108,28,11,1,2,2
45204,2023,10,5,5,3,364,"204,8",5107602,1,11,1,2,2
45204,2023,10,5,5,3,40,113,3301702,18,4,1,1,1
45204,2023,10,5,5,3,116,"121,8",4106902,67,12,1,4,4
45204,2023,10,5,5,3,116,"97,5",3538006,28,21,0,1,1
45204,2023,10,5,5,4,20,41,5300108,11,3,1,1,1
45204,2023,10,5,5,4,282,"4,2",4216602,52,21,1,2,2
45204,2023,10,5,5,3,163,107,4206603,1,7,0,2,2
45204,2023,10,5,5,3,376,"501,3",4119905,11,20,0,1,1
45204,2023,10,5,5,3,222,665,2100055,11,12,0,3,2
45204,2023,10,5,5,4,452,3,5218805,60,4,1,2,2
45204,2023,10,5,5,4,116,"365,1",2413508,11,10,0,2,2
45204,2023,10,5,5,3,393,176,3306008,60,2,1,2,2
45204,2023,10,5,5,3,153,"182,7",3527108,20,7,0,2,2
45204,2023,10,5,5,3,476,"353,2",4128203,15,20,0,2,1
45204,2023,10,5,5,3,364,254,1100049,16,12,0,5,2
45204,2023,10,5,5,3,230,"14,8",2503209,11,12,1,3,2
45149,2023,8,11,6,2,267,77,3136702,67,12,0,2,2
45204,2023,10,5,5,4,101,"44,2",3555406,1,7,1,2,2
45204,2023,10,5,5,4,493,96,3305554,11,20,0,1,1
45204,2023,10,5,5,3,101,12,4306551,13,20,1,1,1
45204,2023,10,5,5,3,364,"309,8",1100254,49,12,1,2,2
45204,2023,10,5,5,4,153,426,5201108,49,12,0,1,1
45204,2023,10,5,5,4,316,3,2211001,20,11,1,3,3
45193,2023,9,24,1,3,110,357,2907509,80,7,0,2,2
45055,2023,5,9,3,2,316,"614,4",2112209,60,2,0,2,2
45204,2023,10,5,5,3,70,270,5107040,9,1,0,2,1
45204,2023,10,5,5,4,476,"145,5",4101804,83,20,1,2,1
45204,2023,10,5,5,3,316,"143,8",2403251,1,2,0,2,2
45204,2023,10,5,5,4,116,163,3524402,13,21,0,1,1
45204,2023,10,5,5,4,163,"786,8",5108501,81,4,0,4,1
45204,2023,10,5,5,4,70,282,5107040,80,7,1,3,2
45205,2023,10,6,6,1,381,"841,2",3164407,49,20,0,1,1
45205,2023,10,6,6,1,230,"188,5",2512002,9,1,0,2,1
45205,2023,10,6,6,1,101,178,4202305,49,12,0,2,2
45174,2023,9,5,3,4,226,"328,8",2409308,16,12,0,3,2
45205,2023,10,6,6,1,408,94,2613701,28,4,0,1,1
45200,2023,10,1,1,2,282,501,4219507,1,11,1,4,2
45205,2023,10,6,6,2,101,77,2403608,33,11,0,2,2
45205,2023,10,6,6,1,40,"511,5",3154606,67,12,1,2,2
45205,2023,10,6,6,2,116,"120,4",4106902,49,20,1,2,1
45203,2023,10,4,4,3,70,62,5101803,21,20,0,2,2
45205,2023,10,6,6,2,406,"105,6",2405801,28,7,0,3,2
45205,2023,10,6,6,2,40,448,3109907,83,20,0,4,1
45116,2023,7,9,1,1,101,19,4321667,18,20,1,1,1
45205,2023,10,6,6,2,282,"482,1",4219101,83,20,0,1,1
45184,2023,9,15,6,4,376,186,4126256,11,20,0,3,3
45205,2023,10,6,6,2,163,764,5107925,81,12,0,2,2
45205,2023,10,6,6,2,101,211,4211900,78,21,1,1,1
45205,2023,10,6,6,1,381,1,3106705,67,7,0,4,2
45186,2023,9,17,1,4,101,207,4216602,16,12,1,2,2
45205,2023,10,6,6,2,423,"178,4",2600500,11,12,0,4,2
45205,2023,10,6,6,2,101,425,3302601,1,11,1,7,2
45205,2023,10,6,6,2,376,"4,1",4101408,1,11,1,2,2
45205,2023,10,6,6,2,101,86,2507507,29,21,0,1,1
45205,2023,10,6,6,2,101,85,2501807,29,21,1,1,1
45205,2023,10,6,6,2,235,"1,5",2800308,1,9,1,2,2
45205,2023,10,6,6,2,470,"161,3",4313300,80,7,0,4,3
45205,2023,10,6,6,2,40,529,3118601,78,9,0,2,2
45205,2023,10,6,6,2,324,"615,9",2927408,78,12,0,2,2
45205,2023,10,6,6,2,101,"44,2",2606804,1,11,0,3,2
45205,2023,10,6,6,2,376,"181,9",4115200,52,9,1,3,3
45205,2023,10,6,6,2,101,"490,2",3300100,82,10,1,2,2
45205,2023,10,6,6,2,101,86,2507507,7,21,1,2,1
45205,2023,10,6,6,2,226,75,2103000,33,11,1,2,2
45205,2023,10,6,6,2,40,"43,1",3300225,83,4,1,2,1
45186,2023,9,17,1,3,116,133,3508504,67,21,1,2,2
45205,2023,10,6,6,2,101,"196,2",4202305,50,4,1,1,1
45205,2023,10,6,6,2,40,62,3303906,11,3,0,1,1
45205,2023,10,6,6,2,277,722,4108304,11,21,1,1,1
45205,2023,10,6,6,2,364,"236,9",1100049,16,12,1,2,2
45205,2023,10,6,6,2,101,"213,6",4211900,52,9,1,2,2
45205,2023,10,6,6,2,324,"612,5",2927408,16,12,1,3,3
45205,2023,10,6,6,2,116,216,3518800,67,12,1,2,2
45205,2023,10,6,6,2,116,215,3518800,67,4,1,1,1
45205,2023,10,6,6,2,364,8,1100304,11,12,1,2,2
45205,2023,10,6,6,2,470,"141,1",4214805,1,11,0,2,2
45205,2023,10,6,6,2,50,"146,2",3170107,18,20,0,2,1
45205,2023,10,6,6,2,381,"934,2",3125101,67,21,0,4,3
45205,2023,10,6,6,2,116,530,4304663,11,11,0,2,2
45194,2023,9,25,2,1,277,"8,5",4118204,60,2,0,3,3
45205,2023,10,6,6,2,262,373,3136652,19,20,0,1,1
45205,2023,10,6,6,2,116,119,4106902,64,21,1,1,1
45205,2023,10,6,6,2,232,"48,8",2616407,52,12,0,2,2
45205,2023,10,6,6,2,364,14,1100304,1,11,1,2,2
45205,2023,10,6,6,3,101,"284,8",3201308,52,9,1,2,2
45205,2023,10,6,6,2,101,"321,2",4212650,11,20,1,2,2
45205,2023,10,6,6,3,60,93,5201108,67,12,1,2,2
45205,2023,10,6,6,3,101,"66,3",3204906,61,2,1,2,2
45200,2023,10,1,1,2,282,"535,2",4204202,33,11,0,2,2
45063,2023,5,17,4,4,101,250,2908309,1,20,0,2,1
45205,2023,10,6,6,3,316,149,2706307,20,9,1,2,2
45205,2023,10,6,6,3,230,23,2507507,67,21,1,1,1
45201,2023,10,2,2,4,40,68,3303906,67,20,0,1,1
45205,2023,10,6,6,2,316,562,2103000,16,12,0,2,2
45205,2023,10,6,6,3,267,30,3104403,29,21,0,2,1
45205,2023,10,6,6,3,40,23,5212501,56,20,1,1,1
45149,2023,8,11,6,4,324,6,2910800,80,7,1,3,2
45205,2023,10,6,6,3,135,88,2105401,28,12,0,3,2
45205,2023,10,6,6,3,262,"408,3",3147105,65,20,0,1,1
45205,2023,10,6,6,3,364,"343,9",1100122,20,11,1,5,3
45205,2023,10,6,6,3,304,51,2301109,1,11,1,2,2
45205,2023,10,6,6,3,101,327,4203956,11,4,1,1,1
45205,2023,10,6,6,2,40,91,3303906,67,20,0,1,1
45205,2023,10,6,6,3,60,388,5218805,72,11,1,2,2
45205,2023,10,6,6,3,116,277,3552809,52,12,0,2,2
45202,2023,10,3,3,2,262,877,3111408,67,4,1,3,2
45205,2023,10,6,6,2,70,734,5102504,28,18,1,1,1
45205,2023,10,6,6,2,381,358,3136207,67,2,1,2,2
45205,2023,10,6,6,3,40,552,3144805,16,12,1,5,2
45205,2023,10,6,6,3,470,"1,4",4211306,11,9,0,2,2
45205,2023,10,6,6,3,222,153,2306108,33,12,0,3,3
45205,2023,10,6,6,3,116,"554,1",3157252,36,9,0,2,2
45205,2023,10,6,6,3,158,330,2409332,33,11,1,2,2
45205,2023,10,6,6,3,153,74,4106100,11,20,0,2,1
45205,2023,10,6,6,3,101,86,2507507,3,21,0,1,1
45205,2023,10,6,6,3,101,"268,5",3205002,61,2,1,2,2
45205,2023,10,6,6,3,470,"343,8",4203600,18,20,0,1,1
45205,2023,10,6,6,3,487,"147,8",4105508,28,18,0,1,1
45205,2023,10,6,6,3,285,"457,7",4310207,1,9,1,4,3
45205,2023,10,6,6,3,282,3,4205407,16,21,0,1,1
45205,2023,10,6,6,3,381,487,3106705,11,15,1,4,3
45205,2023,10,6,6,3,116,805,2933307,33,11,0,2,2
45205,2023,10,6,6,3,381,"560,8",3132206,15,20,0,1,1
45205,2023,10,6,6,3,153,"33,7",3533007,28,21,0,2,1
45205,2023,10,6,6,3,101,30,2606804,28,18,0,1,1
45205,2023,10,6,6,3,376,626,4125506,1,11,1,4,2
45205,2023,10,6,6,3,116,10,2304400,52,12,1,3,2
45205,2023,10,6,6,3,459,"18,5",3538501,11,20,0,1,1
45205,2023,10,6,6,3,116,"267,7",4203253,33,11,0,6,2
45205,2023,10,6,6,3,222,295,2313401,27,2,1,2,2
45205,2023,10,6,6,3,381,503,3106705,61,2,1,2,2
45205,2023,10,6,6,4,101,715,2914653,67,10,1,2,2
45205,2023,10,6,6,4,116,"85,9",3538006,1,2,0,3,2
45205,2023,10,6,6,3,40,42,3147006,1,11,1,2,2
45205,2023,10,6,6,4,277,587,2303501,51,21,1,1,1
45201,2023,10,2,2,4,101,350,2931608,16,12,1,2,1
45205,2023,10,6,6,4,386,177,4304705,61,2,1,2,2
45205,2023,10,6,6,3,116,339,3529906,29,9,0,2,2
45205,2023,10,6,6,3,110,7,2924009,35,2,0,2,2
45205,2023,10,6,6,4,408,83,2610608,35,2,1,4,2
45205,2023,10,6,6,2,343,"1,6",2205706,72,9,1,2,2
45205,2023,10,6,6,3,174,546,1400100,67,12,0,5,2
45205,2023,10,6,6,3,101,"92,5",4202107,13,21,1,2,1
45205,2023,10,6,6,3,116,"52,9",3305802,82,9,0,2,2
45205,2023,10,6,6,4,316,260,1501956,11,12,0,4,2
45205,2023,10,6,6,4,116,5,2304400,52,9,1,2,2
45205,2023,10,6,6,4,282,"400,2",4209003,80,7,0,5,3
45205,2023,10,6,6,3,465,21,3303500,1,11,1,3,2
45205,2023,10,6,6,4,287,397,4317400,1,11,1,2,2
45205,2023,10,6,6,4,116,486,4322327,52,3,1,4,1
45205,2023,10,6,6,3,317,344,1200104,67,7,0,3,2
45205,2023,10,6,6,4,40,"504,3",3124104,53,21,1,2,2
45205,2023,10,6,6,3,343,"16,6",2207702,9,1,1,2,1
45205,2023,10,6,6,3,116,184,3303500,16,12,1,3,2
45205,2023,10,6,6,3,116,175,3304557,16,12,1,4,2
45205,2023,10,6,6,4,381,"621,5",3145604,11,20,1,1,1
45205,2023,10,6,6,3,373,"178,5",4119905,46,2,1,2,2
45205,2023,10,6,6,3,116,184,3303500,67,12,0,2,1
45205,2023,10,6,6,4,116,182,3303500,78,11,0,2,2
45205,2023,10,6,6,4,282,"502,3",4219507,1,11,1,2,2
45205,2023,10,6,6,4,163,837,5107909,15,21,1,1,1
45205,2023,10,6,6,4,401,"12,6",1400100,1,11,1,2,2
45205,2023,10,6,6,4,480,"130,8",4204202,1,11,1,2,2
45205,2023,10,6,6,4,376,185,4126256,28,20,0,1,1
45205,2023,10,6,6,4,50,96,5206206,67,12,1,1,1
45205,2023,10,6,6,4,376,"326,8",4117305,83,4,0,1,1
45205,2023,10,6,6,3,316,89,1507409,28,18,0,1,1
45205,2023,10,6,6,4,50,194,3121258,67,4,0,2,1
45205,2023,10,6,6,4,60,92,5201108,56,4,1,2,1
45205,2023,10,6,6,2,116,124,4107652,78,12,0,3,2