id_data,ano,mes,dia,id_dia_semana,periodo,br,km,id_municipio,id_causa_acidente,id_tipo_acidente,id_uso_solo,pessoas,veiculos
45205,2023,10,6,6,4,470,"144,2",4313300,67,20,0,1,1
45205,2023,10,6,6,4,101,"202,7",4216602,52,12,1,2,2
45205,2023,10,6,6,4,470,63,4207502,49,12,0,2,2
45205,2023,10,6,6,4,381,492,3106705,16,15,1,4,3
45205,2023,10,6,6,4,471,"462,7",4315602,11,12,0,5,2
45205,2023,10,6,6,4,465,"13,1",3305554,1,11,1,2,2
45205,2023,10,6,6,4,386,"290,8",4315131,15,20,0,5,1
45205,2023,10,6,6,4,163,62,5107602,67,3,0,2,1
45205,2023,10,6,6,4,101,"496,8",2914802,82,7,0,8,2
45205,2023,10,6,6,4,116,1,4210100,49,7,1,3,2
45206,2023,10,7,7,1,116,228,3550308,67,12,1,2,2
45206,2023,10,7,7,1,101,142,4202008,28,21,1,2,1
45206,2023,10,7,7,1,101,282,4207304,49,20,0,1,1
45205,2023,10,6,6,4,163,822,5107909,49,20,0,1,1
45206,2023,10,7,7,1,163,"828,8",5007935,11,20,0,1,1
45205,2023,10,6,6,4,116,53,3527207,67,2,1,3,2
45206,2023,10,7,7,1,116,"14,4",2933307,49,12,0,4,2
45206,2023,10,7,7,1,158,"507,5",4317103,67,4,0,3,1
45206,2023,10,7,7,1,386,420,4312401,49,20,0,1,1
45206,2023,10,7,7,1,101,"63,3",2611606,1,12,1,2,2
45206,2023,10,7,7,1,280,"47,7",4206504,49,20,0,1,1
45206,2023,10,7,7,1,381,307,3103009,18,20,0,3,1
45206,2023,10,7,7,1,290,86,4314902,11,20,0,1,1
45206,2023,10,7,7,1,277,111,4104204,52,11,0,3,2
45206,2023,10,7,7,1,101,"503,5",2914802,82,7,1,4,3
45206,2023,10,7,7,1,101,"334,8",4218707,67,20,1,1,1
45206,2023,10,7,7,1,386,"344,6",1712009,49,12,1,5,2
45206,2023,10,7,7,1,381,"87,8",3518800,80,10,0,2,2
45206,2023,10,7,7,1,376,"165,2",4115200,49,4,0,1,1
45205,2023,10,6,6,4,101,231,4211900,60,2,0,3,2
45206,2023,10,7,7,1,101,337,4218707,29,4,1,2,1
45206,2023,10,7,7,1,376,"182,4",4126256,11,4,1,9,4
45206,2023,10,7,7,1,381,"572,3",3132206,83,3,0,4,1
45206,2023,10,7,7,2,40,513,3154606,18,20,1,1,1
45206,2023,10,7,7,1,50,177,3170107,83,3,0,1,1
45206,2023,10,7,7,2,101,445,3203403,20,11,0,2,2
45206,2023,10,7,7,1,101,277,4207304,48,20,0,1,1
45206,2023,10,7,7,1,386,64,4320206,49,9,0,1,1
45206,2023,10,7,7,1,40,"188,5",3136306,25,12,0,2,2
45205,2023,10,6,6,4,10,118,2104057,80,7,0,5,2
45206,2023,10,7,7,1,163,"99,6",4216701,11,7,0,2,2
45205,2023,10,6,6,3,153,"499,8",4108502,15,20,0,1,1
45206,2023,10,7,7,1,230,9,1500602,67,4,1,1,1
45205,2023,10,6,6,4,364,207,5107602,49,4,0,1,1
45206,2023,10,7,7,2,101,"263,9",3205002,52,9,1,2,2
45206,2023,10,7,7,2,40,"634,9",3118304,41,20,0,4,1
45206,2023,10,7,7,1,20,"84,9",2313302,11,7,1,3,2
45206,2023,10,7,7,2,101,"193,4",4202305,49,12,1,2,2
45206,2023,10,7,7,1,361,"32,8",2504207,18,4,0,2,1
45206,2023,10,7,7,1,470,285,4312401,49,7,0,5,2
45170,2023,9,1,6,4,381,485,3106705,6,21,1,1,1
45206,2023,10,7,7,1,316,23,1501501,81,2,0,3,2
45205,2023,10,6,6,4,116,44,3305802,11,12,0,3,2
45205,2023,10,6,6,3,116,250,3304003,28,4,0,1,1
45206,2023,10,7,7,2,116,189,3546801,80,10,1,6,4
45206,2023,10,7,7,2,70,19,5300108,49,12,0,2,2
45206,2023,10,7,7,1,60,578,5004106,67,21,0,4,1
45206,2023,10,7,7,2,277,72,4125506,67,20,1,3,1
45205,2023,10,6,6,3,163,86,1502202,83,20,0,1,1
45206,2023,10,7,7,2,222,125,2306306,1,11,0,3,2
45206,2023,10,7,7,1,20,85,2313302,11,2,1,3,2
45206,2023,10,7,7,2,343,306,2200400,11,11,1,2,2
45206,2023,10,7,7,1,402,53,2201919,13,20,0,2,1
45206,2023,10,7,7,2,365,599,3170206,67,3,0,1,1
45206,2023,10,7,7,2,116,12,2304400,1,12,0,3,3
45206,2023,10,7,7,2,101,"423,6",4201406,52,12,1,3,2
45206,2023,10,7,7,2,174,80,5102504,51,20,0,1,1
45206,2023,10,7,7,2,232,31,2609402,52,20,0,1,1
45206,2023,10,7,7,2,364,692,1100205,1,11,1,2,2
45206,2023,10,7,7,2,40,11,5212501,67,12,1,3,3
45206,2023,10,7,7,2,235,"4,8",2804805,11,12,0,4,4
45206,2023,10,7,7,2,242,879,2903201,1,11,0,3,3
45206,2023,10,7,7,1,364,16,3550902,67,20,0,1,1
45206,2023,10,7,7,1,364,16,3550902,11,1,0,2,1
45206,2023,10,7,7,2,116,153,3549904,11,12,0,2,2
45206,2023,10,7,7,2,235,4,2804805,52,9,1,2,2
45206,2023,10,7,7,2,277,"593,1",2303501,19,12,1,2,2
45206,2023,10,7,7,2,277,"83,1",4106902,13,21,1,2,1
45206,2023,10,7,7,2,163,1044,5105606,16,12,0,2,2
45206,2023,10,7,7,2,406,150,2402600,1,11,1,3,2
45206,2023,10,7,7,2,232,252,2601201,11,11,1,2,2
45206,2023,10,7,7,2,50,189,3170107,9,20,0,1,1
45206,2023,10,7,7,2,101,298,4209409,16,12,0,6,2
45206,2023,10,7,7,2,101,138,4202008,83,4,1,1,1
45206,2023,10,7,7,3,381,"906,6",3110608,11,20,0,3,2
45206,2023,10,7,7,2,232,"34,9",2609402,67,3,1,2,1
45206,2023,10,7,7,3,116,176,3305109,52,12,1,3,2
45206,2023,10,7,7,3,116,"24,1",2933307,2,11,0,4,2
45206,2023,10,7,7,3,50,130,5210109,28,20,0,4,1
45206,2023,10,7,7,2,365,357,3170750,11,20,0,1,1
45182,2023,9,13,4,2,277,97,4106902,67,9,1,2,2
45206,2023,10,7,7,3,101,47,4209102,13,12,0,3,2
45206,2023,10,7,7,3,116,193,3546801,28,18,0,3,1
45206,2023,10,7,7,2,116,114,3133303,80,7,1,4,3
45206,2023,10,7,7,2,232,370,2605608,52,11,0,2,2
45206,2023,10,7,7,3,40,349,3125705,1,11,0,2,2
45206,2023,10,7,7,3,376,"617,5",4125506,4,4,0,4,1
45206,2023,10,7,7,2,116,"245,3",4209300,1,11,1,2,2
45206,2023,10,7,7,3,381,"823,7",3113602,4,4,0,2,1
45170,2023,9,1,6,2,393,298,3300407,1,11,0,4,2
45206,2023,10,7,7,3,158,"260,9",4311205,7,12,0,5,2
45206,2023,10,7,7,3,40,74,3303906,83,21,0,1,1
45206,2023,10,7,7,3,393,281,3306305,1,9,1,2,2
45206,2023,10,7,7,3,230,"26,3",2507507,11,21,1,1,1
45206,2023,10,7,7,3,470,67,4207502,11,20,1,3,1
45206,2023,10,7,7,3,230,134,2509206,52,20,0,1,1
45206,2023,10,7,7,3,40,86,3303906,28,18,0,1,1
45206,2023,10,7,7,3,293,36,4304663,1,21,0,2,2
45206,2023,10,7,7,3,277,728,4108304,80,7,1,2,2
45206,2023,10,7,7,3,324,626,2927408,13,21,1,2,1
45206,2023,10,7,7,3,282,"18,2",4211900,16,12,0,3,2
45206,2023,10,7,7,3,381,572,3132206,18,20,0,1,1
45206,2023,10,7,7,3,101,"242,8",4211900,28,21,1,1,1
45206,2023,10,7,7,3,101,70,2611606,61,2,1,2,2
45206,2023,10,7,7,3,101,"290,6",3201308,52,9,1,2,2
45205,2023,10,6,6,4,262,33,3201902,67,20,0,1,1
45206,2023,10,7,7,3,153,"244,2",3127008,1,11,1,5,2
45206,2023,10,7,7,3,50,177,3170107,11,20,1,1,1
45206,2023,10,7,7,3,230,166,2504009,49,12,1,2,2
45206,2023,10,7,7,4,470,"62,2",4207502,1,11,0,2,2
45206,2023,10,7,7,3,282,"3,7",4205407,13,7,1,2,2
45206,2023,10,7,7,4,153,49,3549805,1,11,0,5,2
45206,2023,10,7,7,3,282,6,4216602,49,9,0,2,2
45206,2023,10,7,7,4,40,"29,7",5212501,1,11,0,3,2
45206,2023,10,7,7,4,470,"0,5",4205902,1,11,1,2,2
45206,2023,10,7,7,4,135,21,2111300,1,2,1,2,2
45206,2023,10,7,7,4,381,34,3504107,67,20,0,2,1
45206,2023,10,7,7,4,230,123,1504208,67,9,0,2,2
45206,2023,10,7,7,3,101,390,3304557,83,12,1,6,3
45206,2023,10,7,7,4,116,118,4106902,4,3,1,2,1
45206,2023,10,7,7,4,116,"506,8",3170057,11,11,0,3,2
45206,2023,10,7,7,3,381,656,3159902,15,3,0,1,1
45206,2023,10,7,7,4,101,65,3204906,48,2,1,2,2
45206,2023,10,7,7,4,232,"6,5",2611606,67,4,1,1,1
45206,2023,10,7,7,4,381,450,3156700,11,4,1,1,1
45207,2023,10,8,1,1,116,106,4125506,11,20,0,1,1
45206,2023,10,7,7,4,116,84,3538006,49,2,0,3,2
45206,2023,10,7,7,3,376,650,4127601,15,3,0,1,1
45206,2023,10,7,7,3,40,489,3124104,19,12,0,3,2
45206,2023,10,7,7,4,116,9,2304400,9,1,1,3,3
45206,2023,10,7,7,4,116,"812,6",2933307,11,12,0,3,3
45206,2023,10,7,7,4,493,24,3302502,83,20,0,5,1
45206,2023,10,7,7,4,163,"91,8",5004601,11,20,0,3,1
45206,2023,10,7,7,4,381,"185,6",3149952,80,10,0,6,2
45206,2023,10,7,7,4,316,125,2107357,1,7,0,2,2
45206,2023,10,7,7,4,282,"17,5",4211900,63,21,1,1,1
45206,2023,10,7,7,4,101,68,3204906,11,21,1,2,1
45206,2023,10,7,7,4,101,456,3302601,11,11,1,3,2
45206,2023,10,7,7,4,402,"35,5",2207702,11,4,1,1,1
45206,2023,10,7,7,4,230,0,2204303,11,4,0,1,1
45206,2023,10,7,7,4,116,321,3302254,83,4,0,1,1
45206,2023,10,7,7,4,470,"254,5",4316501,49,20,1,1,1
45206,2023,10,7,7,4,40,117,3301702,28,18,1,2,1
45206,2023,10,7,7,4,10,"162,1",1505502,12,7,0,9,4
45206,2023,10,7,7,4,10,"316,5",2100055,16,12,1,2,2
45206,2023,10,7,7,4,116,"51,3",3527207,60,2,1,2,2
45206,2023,10,7,7,4,259,"92,7",3200805,67,12,0,4,3
45207,2023,10,8,1,1,101,3,4201406,60,2,1,2,2
45207,2023,10,8,1,1,392,"673,7",4316477,49,11,0,8,2
45207,2023,10,8,1,1,101,155,4213500,49,20,1,1,1
45207,2023,10,8,1,1,101,128,3205010,80,12,1,6,3
45207,2023,10,8,1,1,376,107,4118402,1,12,1,3,2
45206,2023,10,7,7,4,364,343,1100122,49,11,1,3,2
45207,2023,10,8,1,1,101,87,2507507,3,21,0,1,1
45207,2023,10,8,1,1,101,138,4202008,49,20,0,2,1
45206,2023,10,7,7,4,40,"795,5",3136702,80,7,0,3,2
45206,2023,10,7,7,3,116,411,2910800,34,9,0,2,2
45207,2023,10,8,1,1,101,145,4208302,49,20,1,1,1
45207,2023,10,8,1,1,20,6,5300108,49,2,1,2,2
45207,2023,10,8,1,1,376,"590,9",4106902,15,20,1,1,1
45207,2023,10,8,1,1,293,4,4314407,11,12,0,2,2
45207,2023,10,8,1,1,116,239,4209300,11,20,0,1,1
45207,2023,10,8,1,1,364,650,1100809,67,20,0,1,1
45207,2023,10,8,1,1,116,"168,5",3524402,11,21,0,1,1
45207,2023,10,8,1,1,230,7,2503209,49,4,1,2,1
45207,2023,10,8,1,1,20,22,5300108,67,12,1,2,2
45207,2023,10,8,1,1,116,228,3550308,67,12,1,2,2
45207,2023,10,8,1,1,101,135,4202008,49,20,1,2,1
45207,2023,10,8,1,1,116,235,4209300,11,20,0,1,1
45207,2023,10,8,1,1,101,"198,8",4216602,49,12,1,2,2
45207,2023,10,8,1,1,471,"156,2",4316808,49,20,0,1,1
45207,2023,10,8,1,1,153,526,2305209,67,20,0,1,1
45207,2023,10,8,1,1,116,145,3549904,15,21,0,1,1
45207,2023,10,8,1,1,60,"87,4",5201108,16,12,0,2,2
45207,2023,10,8,1,1,116,"10,4",2304400,52,4,1,4,1
45207,2023,10,8,1,1,116,247,4318705,67,4,1,1,1
45206,2023,10,7,7,3,364,231,5107602,11,20,0,2,1
45207,2023,10,8,1,1,277,656,4115606,49,7,0,2,2
45207,2023,10,8,1,1,40,"519,1",3154606,18,20,0,1,1
45206,2023,10,7,7,4,470,"339,7",2516805,60,2,1,2,2
45207,2023,10,8,1,2,50,"83,3",3170206,18,20,0,1,1
45207,2023,10,8,1,1,101,417,3302601,15,20,0,1,1
45207,2023,10,8,1,2,153,72,3549805,28,9,1,2,2
45207,2023,10,8,1,2,116,217,3518800,4,4,0,1,1
45207,2023,10,8,1,1,285,"391,3",4316709,49,20,0,2,1
45206,2023,10,7,7,4,101,"211,3",4211900,15,3,0,1,1
45207,2023,10,8,1,1,101,221,4211900,15,21,0,1,1
45207,2023,10,8,1,2,116,419,3526100,67,20,0,2,1
45207,2023,10,8,1,2,101,"213,2",4211900,15,4,0,2,2
45206,2023,10,7,7,4,262,"29,8",3154150,11,20,0,1,1
45207,2023,10,8,1,1,381,480,3118601,11,4,1,1,1
45206,2023,10,7,7,3,116,"138,7",2513158,1,11,1,3,2
45206,2023,10,7,7,4,101,414,3302601,28,18,0,1,1
45207,2023,10,8,1,2,277,"101,9",4106902,67,20,0,3,1
45207,2023,10,8,1,2,156,472,1600709,49,11,1,4,2
45207,2023,10,8,1,1,40,273,3169356,28,18,0,2,2
45206,2023,10,7,7,4,381,"626,3",3145604,60,2,0,3,2
45207,2023,10,8,1,2,40,108,3301702,28,20,0,1,1
45207,2023,10,8,1,2,116,"488,8",3509254,15,4,0,1,1
45207,2023,10,8,1,1,153,"393,3",4303004,18,12,0,5,2
45207,2023,10,8,1,2,427,"99,7",2402006,67,20,0,1,1
45207,2023,10,8,1,2,60,"204,3",5209200,51,20,0,2,2
45207,2023,10,8,1,2,232,"6,8",2611606,13,9,1,2,2
45207,2023,10,8,1,2,262,612,5005608,83,20,0,1,1
45207,2023,10,8,1,2,101,388,3304557,11,12,0,2,2
45207,2023,10,8,1,2,369,"101,9",4128401,15,4,0,3,1
45207,2023,10,8,1,2,242,"485,1",1708205,11,20,0,2,1
45207,2023,10,8,1,2,40,"327,8",3169356,28,18,0,4,2
45207,2023,10,8,1,2,101,129,4202008,4,3,0,1,1
45207,2023,10,8,1,2,386,"247,9",2516102,1,11,0,2,2
45207,2023,10,8,1,2,381,"938,4",3125101,83,21,0,2,1
45207,2023,10,8,1,2,101,53,3301009,78,21,1,1,1
45207,2023,10,8,1,2,262,"363,2",3136652,13,21,0,1,1
45207,2023,10,8,1,2,376,262,4103503,13,20,0,1,1
45207,2023,10,8,1,1,163,1053,5105606,18,20,0,1,1
45207,2023,10,8,1,2,232,490,2616100,82,20,0,2,1
45182,2023,9,13,4,2,116,217,3518800,11,9,1,4,4
45207,2023,10,8,1,3,277,42,4116208,15,4,0,1,1
45194,2023,9,25,2,4,376,"177,5",4115200,67,9,1,2,2
45207,2023,10,8,1,3,101,143,3203205,11,3,0,4,2
45207,2023,10,8,1,2,135,105,2105401,63,4,0,2,1
45207,2023,10,8,1,3,365,861,3159803,28,20,0,1,1
45207,2023,10,8,1,2,163,"80,1",5107602,7,20,0,2,1
45207,2023,10,8,1,2,116,280,3300407,11,12,1,2,2
45207,2023,10,8,1,3,101,"189,5",4202305,11,20,0,1,1
45207,2023,10,8,1,2,101,"331,5",4218707,49,20,1,1,1
45207,2023,10,8,1,3,290,329,4302808,82,7,0,5,2
45207,2023,10,8,1,3,60,"184,6",5209200,4,3,0,3,1
45207,2023,10,8,1,3,259,"63,1",3201506,1,11,1,2,2
45207,2023,10,8,1,2,70,530,2211407,49,20,1,1,1
45207,2023,10,8,1,3,277,108,4104204,15,3,0,5,1
45207,2023,10,8,1,3,386,"280,7",4318465,49,10,0,3,2
45207,2023,10,8,1,2,369,"133,5",4109807,15,20,0,1,1
45207,2023,10,8,1,3,116,60,3518404,44,9,1,3,2
45207,2023,10,8,1,3,262,297,2401305,13,20,0,4,1
45207,2023,10,8,1,3,101,"49,4",3555406,52,9,1,2,2
45207,2023,10,8,1,3,40,5,3300951,11,20,0,1,1
45207,2023,10,8,1,3,116,208,3518800,2,4,1,1,1
45207,2023,10,8,1,3,101,235,4211900,4,4,0,2,1
45207,2023,10,8,1,2,367,131,2915304,83,20,0,2,1
45207,2023,10,8,1,3,40,73,3303906,11,20,0,1,1
45207,2023,10,8,1,3,343,"340,9",2211001,49,12,1,2,2
45207,2023,10,8,1,3,262,827,3170107,83,3,0,3,1
45207,2023,10,8,1,3,20,88,5222203,67,12,1,3,2
45207,2023,10,8,1,3,116,68,3305802,67,2,1,2,2
45207,2023,10,8,1,3,116,"98,6",3538006,11,9,0,2,2
45207,2023,10,8,1,3,376,"33,4",4117107,4,11,0,5,2
45207,2023,10,8,1,3,230,153,2504009,49,20,1,1,1
45207,2023,10,8,1,3,116,"152,9",3549904,60,2,1,2,2
45207,2023,10,8,1,3,40,"820,5",3167509,51,20,0,4,1
45207,2023,10,8,1,3,146,"459,5",3108404,49,20,0,1,1
45207,2023,10,8,1,3,222,3,2304400,61,2,1,2,2
45207,2023,10,8,1,3,116,154,3549904,16,12,1,2,1
45207,2023,10,8,1,3,116,362,4321105,67,12,0,2,2
45207,2023,10,8,1,3,386,"155,2",4300471,20,12,0,3,2
45207,2023,10,8,1,3,153,"72,9",3549805,9,1,1,3,1
45207,2023,10,8,1,3,101,230,2929602,1,11,1,2,2
45207,2023,10,8,1,1,386,"12,7",4310504,15,20,0,1,1
45207,2023,10,8,1,3,163,484,2401305,64,21,1,2,1
45207,2023,10,8,1,3,101,299,2112803,52,9,1,2,2
45207,2023,10,8,1,3,101,43,2606804,67,21,0,1,1
45207,2023,10,8,1,3,316,150,2706307,9,1,0,2,1
45207,2023,10,8,1,3,101,387,3304557,67,12,1,2,2
45207,2023,10,8,1,3,101,51,2510907,1,21,0,3,2
45207,2023,10,8,1,3,415,22,2913606,82,7,0,2,2
45207,2023,10,8,1,3,406,"96,8",2405801,80,7,0,3,2
45207,2023,10,8,1,4,232,"77,4",2606408,49,10,1,2,2
45207,2023,10,8,1,3,70,0,5200258,49,9,1,2,2
45207,2023,10,8,1,4,50,50,3103504,9,1,0,1,1
45207,2023,10,8,1,4,304,"69,9",2408003,67,4,0,1,1
45207,2023,10,8,1,4,386,444,4304606,36,11,0,5,2
45207,2023,10,8,1,4,235,27,2401107,48,20,0,2,1
45207,2023,10,8,1,4,277,"452,2",4113304,49,11,1,2,2
45207,2023,10,8,1,4,381,"884,3",3124500,15,20,0,3,1
45207,2023,10,8,1,4,480,124,4204202,67,12,1,4,2
45207,2023,10,8,1,4,393,110,1507755,11,21,0,1,1
45207,2023,10,8,1,4,153,"403,8",4303004,1,11,0,2,2
45207,2023,10,8,1,3,324,"518,1",2910800,35,2,1,5,3
45207,2023,10,8,1,4,330,"826,7",2913903,80,7,0,5,2
45207,2023,10,8,1,3,163,843,5107909,49,12,1,3,2
45207,2023,10,8,1,4,324,"516,5",2910800,82,11,1,2,2
45207,2023,10,8,1,3,381,371,3161908,28,18,0,1,1
45207,2023,10,8,1,4,101,94,2408102,1,9,1,2,2
45207,2023,10,8,1,4,262,"479,9",5000708,67,4,0,2,1
45207,2023,10,8,1,4,116,11,2933307,20,11,1,3,2
45207,2023,10,8,1,4,232,412,2613909,82,10,0,3,3
45200,2023,10,1,1,1,101,"199,1",4216602,67,12,1,5,2
45207,2023,10,8,1,3,364,232,1100049,28,18,0,1,1
45207,2023,10,8,1,4,116,185,3303500,11,12,0,2,2
45207,2023,10,8,1,4,40,"131,5",3136306,67,20,0,4,2
45207,2023,10,8,1,4,364,"17,5",3550902,67,20,0,1,1
45207,2023,10,8,1,4,267,268,3101201,67,7,0,2,2
45207,2023,10,8,1,4,10,257,2105302,2,11,1,2,2
45207,2023,10,8,1,3,364,481,1100023,16,12,0,5,2
45207,2023,10,8,1,4,393,235,3306206,1,11,1,2,2
45207,2023,10,8,1,3,135,185,2111508,11,7,0,2,2
45207,2023,10,8,1,4,304,160,2400802,66,20,0,21,1
45207,2023,10,8,1,4,386,"375,3",4314159,1,9,0,5,2
45207,2023,10,8,1,4,101,46,3301009,67,21,0,1,1
45207,2023,10,8,1,4,381,"911,9",3110509,83,3,0,1,1
45207,2023,10,8,1,4,290,"41,9",4317608,18,20,0,1,1
45207,2023,10,8,1,4,153,59,3549805,4,3,1,4,1
45207,2023,10,8,1,4,285,"345,6",4304705,49,20,0,1,1
45207,2023,10,8,1,4,101,"263,9",3205002,2,4,1,4,2
45207,2023,10,8,1,4,235,"41,5",2506905,11,12,0,2,2
45207,2023,10,8,1,4,174,11,5106752,67,2,0,3,2
45207,2023,10,8,1,4,104,"64,6",2604106,18,20,1,1,1
45207,2023,10,8,1,4,101,272,3304300,11,9,0,2,1
45207,2023,10,8,1,4,381,490,3106705,83,20,1,1,1
45207,2023,10,8,1,4,116,155,4114302,83,20,0,1,1
45207,2023,10,8,1,4,470,2,4211306,61,2,1,2,2
45207,2023,10,8,1,4,282,575,3538204,18,20,1,1,1
45207,2023,10,8,1,4,376,"474,5",4119905,15,4,0,1,1
45208,2023,10,9,2,1,116,340,3529906,67,20,0,1,1
45207,2023,10,8,1,4,101,"396,3",4210407,49,20,0,1,1
45207,2023,10,8,1,4,373,"250,5",4108957,49,10,0,2,2
45208,2023,10,9,2,1,116,204,3304144,28,18,0,2,1
45208,2023,10,9,2,1,116,"210,9",4213302,83,20,0,1,1
45208,2023,10,9,2,1,459,28,3527207,28,18,1,1,1
45208,2023,10,9,2,1,493,1,3301900,20,7,1,2,2
45208,2023,10,9,2,1,116,"234,9",4313409,11,20,1,2,1
45208,2023,10,9,2,1,282,"16,8",4211900,49,4,1,1,1
45208,2023,10,9,2,1,116,178,3518305,11,2,0,3,2
45208,2023,10,9,2,1,356,180,3305000,80,7,0,3,2
45208,2023,10,9,2,1,101,"54,5",2402600,11,4,0,1,1
45208,2023,10,9,2,1,376,59,5004007,25,12,0,2,2
45208,2023,10,9,2,1,40,524,3118601,9,1,1,1,1
45208,2023,10,9,2,2,40,"550,8",3144805,78,9,1,2,2
45208,2023,10,9,2,1,40,81,3147006,9,1,0,2,1
45207,2023,10,8,1,4,280,55,4206504,1,2,0,2,2
45208,2023,10,9,2,1,386,"411,2",2516805,15,4,0,1,1
45208,2023,10,9,2,1,163,13,2922102,67,20,0,4,1
45207,2023,10,8,1,3,116,414,3127701,1,11,0,2,2
45208,2023,10,9,2,1,262,54,3139409,28,20,0,1,1
45208,2023,10,9,2,2,381,910,3110608,83,4,0,2,1
45208,2023,10,9,2,1,101,6,4201406,83,20,1,1,1
45208,2023,10,9,2,2,232,9,2611606,67,20,1,2,2
45208,2023,10,9,2,2,153,347,1709302,49,20,0,2,2
45140,2023,8,2,4,3,110,45,2408003,20,11,1,2,2
45208,2023,10,9,2,2,153,189,2309201,16,12,0,2,2
45208,2023,10,9,2,1,381,82,3550308,67,4,0,1,1
45207,2023,10,8,1,4,381,76,3550308,67,3,0,3,1
45208,2023,10,9,2,2,101,416,3302601,64,21,0,10,1
45208,2023,10,9,2,2,386,"434,7",2207959,1,11,1,2,2
45208,2023,10,9,2,2,116,"502,6",2302503,11,2,1,2,2
45208,2023,10,9,2,2,163,284,4114609,33,11,1,7,3
45208,2023,10,9,2,2,373,"480,6",4106506,1,11,0,2,2
45208,2023,10,9,2,2,428,189,2611101,20,11,0,3,2
45208,2023,10,9,2,2,230,"28,2",2507507,11,21,1,1,1
45208,2023,10,9,2,2,116,139,3549904,78,9,1,2,1
45128,2023,7,21,6,3,476,"143,9",4106902,16,12,0,2,2
45208,2023,10,9,2,2,101,82,2501807,11,12,1,2,2
45208,2023,10,9,2,2,101,112,4208203,5,21,1,2,1
45208,2023,10,9,2,2,381,71,3550308,4,21,0,1,1
45188,2023,9,19,3,4,230,26,2507507,67,2,1,2,2
45208,2023,10,9,2,2,319,63,1100205,33,11,1,3,2
45117,2023,7,10,2,2,242,296,1716604,1,11,0,5,2
45208,2023,10,9,2,2,405,3,2408003,1,11,1,2,2
45208,2023,10,9,2,2,116,223,3518800,67,21,1,1,1
45208,2023,10,9,2,2,232,161,2614709,52,9,0,2,2
45208,2023,10,9,2,2,101,47,3204906,52,9,0,2,2
45208,2023,10,9,2,1,364,830,1100205,9,1,0,1,1
45208,2023,10,9,2,2,230,"184,8",2512002,67,7,0,6,3
45199,2023,9,30,7,2,116,228,3550308,67,12,1,6,3
45208,2023,10,9,2,2,324,611,2930709,67,12,1,3,2
45208,2023,10,9,2,2,316,"251,1",2204709,16,12,0,2,2
45207,2023,10,8,1,4,163,1035,5105606,67,12,0,2,2
45208,2023,10,9,2,2,50,133,3170107,67,4,0,1,1
45208,2023,10,9,2,2,153,"22,6",3115805,7,21,0,1,1
45208,2023,10,9,2,2,40,5,5221858,1,11,0,3,2
45208,2023,10,9,2,2,423,"66,8",2608305,35,2,0,2,2
45208,2023,10,9,2,2,424,"68,7",2603207,20,12,0,3,3
45208,2023,10,9,2,2,158,431,2929255,63,20,0,1,1
45192,2023,9,23,7,3,280,"96,3",4215802,11,20,0,3,1
45208,2023,10,9,2,2,364,"243,1",5105200,1,12,0,2,2
45208,2023,10,9,2,2,277,"710,5",4124053,2,11,1,2,2
45208,2023,10,9,2,2,262,"327,8",2401305,11,21,1,1,1
45208,2023,10,9,2,2,401,30,1400159,83,20,0,1,1
45208,2023,10,9,2,3,116,423,2910800,2,9,1,3,2
45208,2023,10,9,2,2,381,"371,6",3161908,21,3,0,2,1
45205,2023,10,6,6,3,135,195,2903201,82,9,0,3,2
45208,2023,10,9,2,2,116,"527,5",3113404,1,11,1,3,2
45108,2023,7,1,7,2,392,"22,9",4315602,67,20,0,1,1
45208,2023,10,9,2,3,230,24,2507507,11,4,1,1,1
45208,2023,10,9,2,3,101,"324,3",4203956,28,18,1,1,1
45208,2023,10,9,2,3,290,"148,1",4301107,11,15,0,3,3
45208,2023,10,9,2,3,262,58,3203346,18,20,0,5,1
45208,2023,10,9,2,3,364,"398,6",5103403,20,11,1,5,2
45156,2023,8,18,6,3,116,185,3303500,1,9,1,3,2
45208,2023,10,9,2,2,163,748,5107925,16,12,1,3,2
45208,2023,10,9,2,3,20,45,5300108,15,20,1,1,1
45208,2023,10,9,2,3,116,"524,5",3113404,2,11,1,2,2
45136,2023,7,29,7,4,316,112,2110039,82,7,0,2,2
45208,2023,10,9,2,3,381,"491,2",3106705,11,12,1,3,2
45208,2023,10,9,2,3,116,230,3550308,67,21,1,1,1
45208,2023,10,9,2,2,277,249,4110706,2,9,0,3,2
45208,2023,10,9,2,3,101,203,3301306,15,21,0,2,1
45208,2023,10,9,2,3,116,"414,5",3127701,33,11,1,2,2
45208,2023,10,9,2,3,70,61,5101803,29,20,0,2,1
45208,2023,10,9,2,3,116,"161,7",3524402,52,9,1,2,2
45208,2023,10,9,2,3,267,62,3106903,67,20,0,3,1
45208,2023,10,9,2,3,101,"203,1",4216602,11,12,1,3,2
45208,2023,10,9,2,3,101,212,4211900,61,2,1,2,2
45208,2023,10,9,2,3,101,50,2600054,61,2,1,2,2
45208,2023,10,9,2,3,465,20,3303500,81,2,0,4,2
45208,2023,10,9,2,3,101,236,3305604,52,9,1,2,2
45208,2023,10,9,2,3,386,"34,6",4308508,16,12,1,2,2
45208,2023,10,9,2,3,60,101,5201108,61,2,1,2,2
45208,2023,10,9,2,3,116,"148,4",3549904,11,12,0,2,2
45208,2023,10,9,2,3,280,4,4216206,33,11,1,3,2