id_data,ano,mes,dia,id_dia_semana,periodo,br,km,id_municipio,id_causa_acidente,id_tipo_acidente,id_uso_solo,pessoas,veiculos
45208,2023,10,9,2,3,158,327,2409332,1,11,1,3,2
45208,2023,10,9,2,3,163,440,2401305,13,4,0,2,1
45208,2023,10,9,2,3,364,416,1100114,16,9,0,3,2
45208,2023,10,9,2,3,232,409,2613909,16,12,1,2,2
45208,2023,10,9,2,3,116,"274,5",3168606,11,2,1,2,2
45208,2023,10,9,2,3,381,481,3118601,52,9,1,4,4
45208,2023,10,9,2,3,101,"206,6",4216602,52,9,1,2,2
45208,2023,10,9,2,3,324,610,2930709,16,15,0,5,5
45208,2023,10,9,2,2,70,469,5201702,11,12,1,2,2
45208,2023,10,9,2,3,381,31,3504107,67,12,1,3,2
45208,2023,10,9,2,3,153,408,5200100,83,20,0,1,1
45208,2023,10,9,2,4,222,"4,9",2303709,35,2,1,2,2
45208,2023,10,9,2,3,285,"123,3",4322509,20,9,1,2,2
45208,2023,10,9,2,4,116,162,3524402,67,15,0,3,3
45208,2023,10,9,2,2,101,939,2922003,11,20,0,2,1
45208,2023,10,9,2,3,230,"1,7",1500602,2,11,1,2,2
45208,2023,10,9,2,4,369,133,4109807,11,12,0,3,2
45208,2023,10,9,2,4,280,"23,8",4201307,49,10,1,2,2
45208,2023,10,9,2,4,20,"351,4",2303006,25,3,0,3,1
45208,2023,10,9,2,3,60,"36,6",5208707,67,9,1,2,2
45208,2023,10,9,2,4,101,70,4201307,80,7,0,2,2
45208,2023,10,9,2,4,101,138,4202008,20,11,1,3,2
45208,2023,10,9,2,4,277,117,4104204,63,21,1,2,2
45208,2023,10,9,2,4,376,103,4125506,67,12,0,4,2
45208,2023,10,9,2,4,116,"700,8",3143906,25,11,1,2,2
45208,2023,10,9,2,4,101,8,2606200,49,7,0,1,1
45208,2023,10,9,2,4,116,"532,4",4304663,59,12,0,2,2
45208,2023,10,9,2,4,381,70,3528502,12,12,0,2,2
45208,2023,10,9,2,3,401,96,1400159,9,1,0,5,1
45208,2023,10,9,2,4,101,303,3304904,51,4,1,1,1
45208,2023,10,9,2,4,70,76,4108502,11,20,0,3,1
45208,2023,10,9,2,4,470,141,4214805,20,7,1,2,2
45208,2023,10,9,2,4,158,98,4313706,67,20,0,1,1
45208,2023,10,9,2,4,381,88,3518800,11,15,1,3,3
45208,2023,10,9,2,4,116,220,3518800,35,2,1,2,2
45208,2023,10,9,2,4,101,"46,2",4209102,67,20,1,1,1
45208,2023,10,9,2,3,70,734,5102504,83,11,1,2,2
45208,2023,10,9,2,4,316,560,2103000,48,2,0,2,2
45208,2023,10,9,2,4,101,483,3300100,15,20,1,1,1
45208,2023,10,9,2,4,376,"42,5",4117107,82,7,0,2,2
45208,2023,10,9,2,4,101,133,4202008,1,9,1,3,2
45208,2023,10,9,2,4,40,"75,5",3303906,11,4,0,1,1
45208,2023,10,9,2,4,369,168,4122404,60,2,1,2,2
45209,2023,10,10,3,1,40,822,3167509,67,20,0,42,1
45208,2023,10,9,2,4,116,425,4306056,67,20,0,2,1
45209,2023,10,10,3,1,376,253,4103503,49,20,0,1,1
45209,2023,10,10,3,1,277,"660,1",4115606,83,20,1,1,1
45208,2023,10,9,2,2,235,"1,9",2800308,67,12,1,5,2
45209,2023,10,10,3,1,101,73,2403608,1,11,0,2,2
45209,2023,10,10,3,1,116,230,3550308,5,4,1,1,1
45209,2023,10,10,3,1,392,55,4315602,11,20,0,1,1
45209,2023,10,10,3,1,70,506,5103403,67,20,0,2,1
45209,2023,10,10,3,1,116,"708,7",3143906,15,4,0,1,1
45209,2023,10,10,3,2,381,"479,8",3118601,11,12,1,2,2
45209,2023,10,10,3,1,463,10,5003702,20,9,0,2,2
45209,2023,10,10,3,2,470,215,4302105,20,9,1,2,2
45209,2023,10,10,3,2,101,"327,2",4203956,33,11,1,2,2
45209,2023,10,10,3,2,101,303,3304904,13,4,0,1,1
45209,2023,10,10,3,2,116,20,4101200,11,20,0,1,1
45209,2023,10,10,3,2,280,"51,3",4206504,52,9,1,2,2
45209,2023,10,10,3,2,153,508,5201405,67,12,0,2,2
45209,2023,10,10,3,2,232,"34,9",2609402,16,12,0,4,4
45209,2023,10,10,3,2,40,0,5300108,16,12,1,2,2
45209,2023,10,10,3,2,376,178,4115200,11,12,1,2,2
45209,2023,10,10,3,2,101,"416,4",4201406,11,20,1,1,1
45209,2023,10,10,3,2,470,140,4214805,1,11,1,2,2
45209,2023,10,10,3,2,40,121,3301702,16,12,0,2,2
45209,2023,10,10,3,2,230,"26,9",2507507,35,2,1,3,3
45209,2023,10,10,3,2,210,0,1600303,20,11,1,3,2
45197,2023,9,28,5,4,381,"819,5",3113602,12,12,0,3,3
45207,2023,10,8,1,1,210,0,1600303,11,20,0,1,1
45209,2023,10,10,3,2,101,292,3301900,67,21,1,1,1
45209,2023,10,10,3,2,392,323,4319604,67,20,0,3,2
45209,2023,10,10,3,2,316,"10,7",2211001,16,12,1,3,2
45209,2023,10,10,3,2,232,"4,3",2611606,11,9,1,2,2
45209,2023,10,10,3,2,242,453,1708205,1,9,0,2,2
45209,2023,10,10,3,2,101,"214,6",4211900,16,12,1,3,2
45209,2023,10,10,3,2,376,597,4106902,52,9,1,3,3
45209,2023,10,10,3,2,232,10,2607901,16,12,1,3,3
45209,2023,10,10,3,2,101,94,2408102,67,15,1,3,3
45209,2023,10,10,3,2,101,94,2408102,16,12,1,3,3
45209,2023,10,10,3,2,277,669,4115804,16,20,1,1,1
45209,2023,10,10,3,2,60,164,5208707,11,9,0,2,2
45209,2023,10,10,3,2,230,292,2110005,1,11,1,2,2
45197,2023,9,28,5,3,116,176,3305109,2,11,0,1,1
45209,2023,10,10,3,2,230,"16,8",2507507,11,15,0,4,3
45209,2023,10,10,3,2,101,"96,5",2408102,52,12,1,2,2
45209,2023,10,10,3,2,101,"333,7",4218707,33,11,1,2,2
45209,2023,10,10,3,2,116,147,3549904,78,9,1,3,3
45209,2023,10,10,3,2,101,574,3303807,1,9,1,4,3
45208,2023,10,9,2,3,316,269,2708907,48,2,1,2,2
45208,2023,10,9,2,2,470,216,4302105,16,12,1,3,2
45195,2023,9,26,3,4,116,"112,5",2513158,67,20,0,2,1
45209,2023,10,10,3,2,364,423,1100114,2,4,0,2,2
45209,2023,10,10,3,3,40,"46,6",3147006,1,11,0,2,2
45205,2023,10,6,6,1,101,372,4207007,15,20,1,2,1
45209,2023,10,10,3,2,116,173,3305109,78,12,1,3,3
45198,2023,9,29,6,2,282,17,4211900,67,9,0,2,2
45209,2023,10,10,3,2,40,"1,7",5221858,16,12,1,2,2
45209,2023,10,10,3,3,116,276,3168606,52,9,1,3,2
45209,2023,10,10,3,2,210,105,1600535,67,11,1,2,2
45209,2023,10,10,3,3,101,40,2606804,81,2,1,2,2
45199,2023,9,30,7,3,20,4,5300108,11,12,1,2,2
45209,2023,10,10,3,3,116,247,4318705,22,4,1,2,1
45209,2023,10,10,3,2,465,4,3305554,20,9,0,2,2
45209,2023,10,10,3,3,101,95,2408102,16,12,1,4,4
45209,2023,10,10,3,3,101,66,3301009,81,11,1,3,3
45209,2023,10,10,3,3,324,618,2927408,28,21,1,2,1
45209,2023,10,10,3,3,60,312,5200134,67,20,0,6,2
45209,2023,10,10,3,3,386,"321,5",4312054,49,20,0,1,1
45209,2023,10,10,3,3,40,90,3303906,67,20,0,2,1
45209,2023,10,10,3,3,153,496,1716109,1,11,1,2,2
45186,2023,9,17,1,1,470,"137,6",4214805,80,7,1,4,2
45209,2023,10,10,3,3,365,"626,6",3170206,60,2,1,4,2
45209,2023,10,10,3,3,364,516,1100023,16,12,1,2,2
45209,2023,10,10,3,3,420,305,2109908,56,4,0,2,2
45209,2023,10,10,3,3,116,108,3554102,81,2,1,4,2
45209,2023,10,10,3,3,70,"60,8",5101803,3,20,0,3,2
45209,2023,10,10,3,3,116,"1,9",2304400,52,9,1,4,2
45209,2023,10,10,3,3,101,"96,5",2408102,16,12,1,2,2
45209,2023,10,10,3,3,20,"1,1",5300108,11,12,1,2,2
45209,2023,10,10,3,3,116,240,4313409,16,15,1,6,3
45209,2023,10,10,3,3,222,"3,8",2304400,16,12,1,2,2
45209,2023,10,10,3,2,40,613,3118007,60,2,0,2,2
45209,2023,10,10,3,3,101,456,3300100,1,11,1,3,2
45209,2023,10,10,3,3,376,636,4125506,28,20,0,1,1
45209,2023,10,10,3,3,304,"298,9",2407104,16,12,1,4,3
45209,2023,10,10,3,3,290,91,4314902,11,12,1,3,3
45209,2023,10,10,3,3,354,739,3152600,13,21,0,2,1
45192,2023,9,23,7,3,282,"424,2",3170602,83,7,0,6,3
45178,2023,9,9,7,3,163,701,5107925,67,7,0,3,2
45209,2023,10,10,3,3,116,89,3305802,67,20,0,1,1
45209,2023,10,10,3,3,116,99,3301850,67,10,0,2,2
45209,2023,10,10,3,3,20,32,5208004,4,3,0,5,1
45209,2023,10,10,3,3,259,"102,5",3200805,1,11,1,2,2
45209,2023,10,10,3,3,392,116,4304507,52,9,0,2,2
45209,2023,10,10,3,4,20,"248,9",5209408,83,20,0,1,1
45209,2023,10,10,3,4,470,56,4202404,1,9,1,3,2
45209,2023,10,10,3,3,230,"695,3",1300904,11,3,0,3,1
45209,2023,10,10,3,3,435,84,1100064,1,11,1,3,2
45209,2023,10,10,3,3,381,"78,9",3550308,11,9,1,2,2
45209,2023,10,10,3,4,290,77,4309209,44,12,0,3,3
45209,2023,10,10,3,4,287,"247,4",2409332,16,12,0,2,2
45209,2023,10,10,3,3,101,"194,1",4202305,49,9,0,2,2
45209,2023,10,10,3,4,386,"216,2",4321469,1,11,1,2,2
45209,2023,10,10,3,3,419,310,5005806,9,1,0,2,1
45209,2023,10,10,3,4,110,"51,2",2408003,9,1,1,1,1
45209,2023,10,10,3,4,40,59,3303906,61,2,0,2,2
45209,2023,10,10,3,3,110,132,2606606,9,1,0,3,1
45209,2023,10,10,3,4,343,592,2203909,11,21,0,2,2
45209,2023,10,10,3,4,163,713,5107925,49,20,0,1,1
45209,2023,10,10,3,4,364,"272,5",5104807,52,9,0,2,2
45209,2023,10,10,3,4,20,12,5300108,35,2,1,2,2
45209,2023,10,10,3,4,343,308,2200400,33,11,0,2,1
45209,2023,10,10,3,4,101,311,4209409,49,4,1,1,1
45209,2023,10,10,3,4,101,"877,6",2931350,61,11,1,2,2
45209,2023,10,10,3,3,158,"343,1",3535309,83,20,0,1,1
45209,2023,10,10,3,4,116,253,4320008,12,12,1,3,2
45209,2023,10,10,3,3,343,592,2203909,67,9,1,3,2
45209,2023,10,10,3,4,356,83,3302056,82,10,0,4,2
45209,2023,10,10,3,4,40,106,5206206,11,20,0,2,1
45209,2023,10,10,3,4,116,157,3549904,1,11,0,3,2
45209,2023,10,10,3,3,20,18,5300108,35,2,1,2,2
45209,2023,10,10,3,3,163,251,5003702,1,9,0,2,2
45209,2023,10,10,3,4,392,"659,8",4305207,49,7,0,5,3
45209,2023,10,10,3,4,381,"684,7",3154705,60,2,0,2,2
45209,2023,10,10,3,4,158,"96,3",4313706,67,21,0,3,1
45209,2023,10,10,3,4,364,123,1200401,11,9,1,3,2
45210,2023,10,11,4,1,282,"205,6",4216602,67,4,0,1,1
45210,2023,10,11,4,1,153,169,5204706,82,7,0,4,2
45210,2023,10,11,4,2,101,327,3304557,67,21,0,1,1
45210,2023,10,11,4,2,116,222,3518800,67,9,1,2,2
45210,2023,10,11,4,2,116,372,4321105,11,20,0,1,1
45210,2023,10,11,4,2,116,219,3518800,78,9,1,2,2
45210,2023,10,11,4,2,116,183,3303500,52,12,0,2,2
45210,2023,10,11,4,2,10,462,4117602,60,2,1,2,2
45210,2023,10,11,4,2,101,59,3301009,17,11,1,2,2
45210,2023,10,11,4,2,153,61,3549805,11,12,0,3,2
45210,2023,10,11,4,2,153,"511,6",5201405,78,9,1,2,2
45209,2023,10,10,3,3,465,6,3305554,83,12,1,3,2
45210,2023,10,11,4,2,101,"168,1",3203205,15,7,0,5,3
45210,2023,10,11,4,2,101,"220,1",4211900,1,11,1,2,2
45210,2023,10,11,4,2,116,"15,6",2933307,11,9,1,2,2
45210,2023,10,11,4,2,116,"145,3",3549904,52,9,1,2,2
45210,2023,10,11,4,2,116,20,2304285,52,2,1,2,2
45210,2023,10,11,4,2,101,489,3300100,67,9,1,2,2
45210,2023,10,11,4,2,116,120,4106902,16,9,0,3,2
45210,2023,10,11,4,2,381,"478,4",3118601,67,12,1,2,2
45210,2023,10,11,4,2,367,83,2910727,12,11,1,6,2
45210,2023,10,11,4,2,163,"375,3",5006002,28,21,0,2,1
45210,2023,10,11,4,2,101,"238,4",4211900,67,21,0,1,1
45210,2023,10,11,4,2,428,180,2611101,16,12,0,3,2
45210,2023,10,11,4,2,470,18,4207106,56,4,0,1,1
45210,2023,10,11,4,2,381,532,3133709,18,20,0,1,1
45210,2023,10,11,4,2,364,126,1200401,52,9,0,2,2
45210,2023,10,11,4,2,343,341,2211001,11,9,1,3,2
45210,2023,10,11,4,2,116,704,3143906,52,9,1,3,2
45210,2023,10,11,4,2,262,"326,2",2401305,1,10,1,2,2
45210,2023,10,11,4,2,101,"204,4",4216602,2,4,1,1,1
45210,2023,10,11,4,2,101,"125,6",2412203,52,11,1,2,2
45210,2023,10,11,4,2,226,39,1706506,1,11,0,3,2
45174,2023,9,5,3,2,226,"2,9",2408102,1,11,1,2,2
45207,2023,10,8,1,1,282,554,4204202,45,18,0,1,1
45210,2023,10,11,4,2,153,516,1718451,19,20,0,1,1
45210,2023,10,11,4,2,153,"509,5",5201405,52,4,1,4,2
45195,2023,9,26,3,2,101,"64,3",4311775,4,20,0,1,1
45210,2023,10,11,4,2,230,"18,4",2507507,16,12,1,2,2
45210,2023,10,11,4,2,282,196,4209300,1,20,0,2,2
45057,2023,5,11,5,3,226,"73,5",2410306,83,20,0,1,1
45210,2023,10,11,4,2,376,"657,8",4127601,1,2,0,3,2
45210,2023,10,11,4,2,101,148,4208302,16,9,1,2,2
45210,2023,10,11,4,2,116,131,4107652,67,12,1,2,2
45210,2023,10,11,4,2,324,519,2910800,1,11,1,2,2
45174,2023,9,5,3,4,423,14,2408508,9,1,0,1,1
45210,2023,10,11,4,3,381,630,3145604,83,20,0,2,1
45188,2023,9,19,3,3,467,"109,5",2303501,83,20,0,3,3
45210,2023,10,11,4,3,40,"565,2",3144805,20,11,1,6,3
45197,2023,9,28,5,1,101,329,3303302,11,3,0,3,2
45210,2023,10,11,4,2,230,"5,2",2503209,63,21,1,1,1
45210,2023,10,11,4,3,262,446,3145208,11,4,1,1,1
45210,2023,10,11,4,3,381,485,3106705,11,12,1,1,1
45210,2023,10,11,4,3,101,381,3304557,44,12,1,3,3
45210,2023,10,11,4,3,465,21,3303500,78,9,0,2,2
45210,2023,10,11,4,2,381,766,3110905,1,9,0,3,2
45210,2023,10,11,4,3,153,"61,8",3549805,67,12,1,2,2
45210,2023,10,11,4,3,101,291,3201308,67,9,1,2,2
45210,2023,10,11,4,3,101,"383,1",4207007,67,12,1,2,2
45210,2023,10,11,4,3,470,"57,9",4202404,1,11,1,3,2
45210,2023,10,11,4,3,116,101,3538006,52,9,0,2,2
45210,2023,10,11,4,3,262,"421,1",3130200,80,7,0,2,2
45210,2023,10,11,4,3,40,768,3136702,20,12,0,3,2
45210,2023,10,11,4,3,386,"396,5",2516805,4,11,0,4,2
45210,2023,10,11,4,3,381,"290,5",3103009,83,3,0,4,1
45210,2023,10,11,4,3,267,"473,5",5004106,1,11,0,5,2
45210,2023,10,11,4,3,116,175,3305109,16,9,0,2,2
45210,2023,10,11,4,3,101,151,4208302,1,7,1,3,3
45210,2023,10,11,4,3,101,"79,8",2607901,14,12,0,2,2
45092,2023,6,15,5,2,324,620,2927408,11,9,1,5,2
45210,2023,10,11,4,3,40,486,3112505,67,9,0,3,2
45210,2023,10,11,4,3,101,"117,4",4208203,1,9,0,2,2
45210,2023,10,11,4,3,153,"336,8",4110706,1,11,1,14,2
45210,2023,10,11,4,3,235,1,2800308,1,2,1,2,2
45210,2023,10,11,4,3,101,"120,8",4208203,16,12,0,2,2
45210,2023,10,11,4,3,101,97,2408102,16,12,1,3,2
45210,2023,10,11,4,3,222,"47,8",2312403,9,1,0,2,1
45210,2023,10,11,4,3,470,70,4207502,72,11,1,2,2
45210,2023,10,11,4,3,101,"436,1",4217709,16,12,1,2,2
45210,2023,10,11,4,3,423,"185,5",2600500,67,7,0,3,2
45210,2023,10,11,4,3,414,"310,9",5222302,9,1,0,2,1
45210,2023,10,11,4,3,153,414,1713304,12,9,1,4,2
45210,2023,10,11,4,3,50,169,3170107,16,12,1,3,2
45198,2023,9,29,6,1,20,189,2919553,80,7,0,9,3
45190,2023,9,21,5,2,476,"159,7",4101804,82,9,1,2,2
45210,2023,10,11,4,3,235,103,2801405,81,2,0,2,2
45210,2023,10,11,4,3,101,"328,7",4203956,56,4,0,1,1
45210,2023,10,11,4,4,163,84,3128204,49,20,0,1,1
45210,2023,10,11,4,3,163,833,5107909,11,12,1,9,4
45210,2023,10,11,4,3,116,280,3515004,67,12,1,2,2
45210,2023,10,11,4,4,235,172,1721257,9,1,0,2,1
45210,2023,10,11,4,4,60,"96,4",5201108,1,9,1,3,3
45210,2023,10,11,4,3,101,196,2908200,11,12,0,4,3
45210,2023,10,11,4,3,116,"270,5",3552809,11,12,1,2,2
45210,2023,10,11,4,3,101,"207,5",2909802,1,11,1,2,2
45210,2023,10,11,4,3,80,19,5300108,11,20,1,4,1
45210,2023,10,11,4,4,20,4,5300108,49,12,1,3,3
45210,2023,10,11,4,3,282,"274,5",4216800,83,7,0,5,2
45210,2023,10,11,4,4,293,"0,9",4314407,67,15,1,3,3
45210,2023,10,11,4,3,153,690,5211503,83,20,0,1,1
45210,2023,10,11,4,3,101,942,2922003,7,21,0,1,1
45210,2023,10,11,4,3,116,285,3522208,67,21,1,1,1
45210,2023,10,11,4,3,393,179,3303708,67,20,0,2,1
45210,2023,10,11,4,3,232,125,2604106,1,11,1,2,2
45210,2023,10,11,4,4,364,15,1100304,11,9,1,2,2
45210,2023,10,11,4,3,158,270,5008305,11,15,1,5,4
45210,2023,10,11,4,4,40,6,5300108,78,9,0,3,2
45210,2023,10,11,4,3,153,29,3115805,83,20,0,1,1
45210,2023,10,11,4,4,10,322,2100055,11,2,1,2,2
45210,2023,10,11,4,4,116,"3,8",4210100,49,9,1,2,2
45210,2023,10,11,4,4,40,502,3124104,65,21,0,1,1
45210,2023,10,11,4,4,232,"100,6",2601904,52,7,1,3,2
45210,2023,10,11,4,3,40,"652,4",3120409,28,21,0,1,1
45210,2023,10,11,4,4,381,498,3106705,48,20,0,1,1
45210,2023,10,11,4,4,40,"413,8",3120904,1,11,0,5,2
45205,2023,10,6,6,2,230,730,1504455,63,20,0,3,1
45210,2023,10,11,4,3,116,"9,9",3122355,60,2,0,2,2
45210,2023,10,11,4,4,343,"100,1",2202703,81,7,0,2,2
45210,2023,10,11,4,4,381,487,3106705,11,12,1,1,1
45171,2023,9,2,7,2,60,16,5300108,11,20,0,1,1
45207,2023,10,8,1,3,230,407,2101400,16,12,1,3,2
45210,2023,10,11,4,4,376,3,4125506,67,12,1,4,4
45210,2023,10,11,4,4,101,"80,5",2607901,29,4,1,1,1
45210,2023,10,11,4,4,60,27,5200308,9,1,0,4,3
45210,2023,10,11,4,4,40,413,3120904,52,2,0,2,2
45210,2023,10,11,4,4,116,"253,5",4320008,13,9,1,2,2
45210,2023,10,11,4,4,365,612,3170206,11,12,1,3,2
45210,2023,10,11,4,4,415,"60,5",2916203,51,20,0,3,1
45210,2023,10,11,4,4,40,19,5212501,1,11,1,2,2
45210,2023,10,11,4,4,40,"102,5",3301702,11,2,1,2,2
45211,2023,10,12,5,1,153,55,3549805,9,1,0,2,1
45211,2023,10,12,5,1,232,"142,8",2613107,9,1,0,3,1
45211,2023,10,12,5,1,232,6,2611606,44,20,0,5,2
45210,2023,10,11,4,4,230,458,2516201,11,20,0,1,1
45211,2023,10,12,5,1,277,14,4118204,67,20,0,2,1
45211,2023,10,12,5,1,163,251,5003702,11,12,0,2,2
45211,2023,10,12,5,1,116,3,2304400,49,21,0,1,1
45211,2023,10,12,5,1,116,126,4107652,52,9,1,2,2
45211,2023,10,12,5,1,116,155,3549904,1,9,1,1,1
45211,2023,10,12,5,1,282,"51,1",4200606,83,20,0,3,1
45211,2023,10,12,5,1,369,"161,2",4103701,33,11,1,8,3
45211,2023,10,12,5,1,116,222,3518800,35,2,1,2,2
45211,2023,10,12,5,1,381,"494,5",3106705,56,21,1,1,1
45211,2023,10,12,5,1,316,"103,3",2702504,49,21,1,1,1
45211,2023,10,12,5,1,101,371,4207007,11,20,1,1,1
45211,2023,10,12,5,1,471,"165,9",4315701,49,20,0,1,1
45211,2023,10,12,5,1,277,"576,9",2303501,61,2,1,2,2
45210,2023,10,11,4,1,226,"257,7",2406106,83,4,0,6,1
45211,2023,10,12,5,1,470,"155,2",4313300,49,20,1,1,1
45211,2023,10,12,5,1,163,620,5106224,11,12,0,3,2
45210,2023,10,11,4,4,40,525,3118601,28,18,1,1,1
45211,2023,10,12,5,1,163,"75,5",4217204,64,20,0,3,2
45211,2023,10,12,5,1,40,"524,5",3118601,60,2,1,2,2
45211,2023,10,12,5,1,316,371,2211605,9,1,0,2,1
45211,2023,10,12,5,1,376,"386,1",4110078,11,4,0,1,1
45211,2023,10,12,5,1,116,144,3549904,11,9,0,2,2
45211,2023,10,12,5,2,116,158,3524402,67,15,0,7,3
45211,2023,10,12,5,2,448,0,4320008,11,20,0,1,1
45211,2023,10,12,5,1,230,"78,3",2512762,51,20,0,40,1
45211,2023,10,12,5,1,116,"702,7",3143906,2,7,0,4,3
45211,2023,10,12,5,1,277,"103,1",4104204,15,20,0,3,1
45211,2023,10,12,5,2,101,88,4202107,11,4,1,2,2
45211,2023,10,12,5,2,277,"167,8",4117701,67,4,0,5,1
45211,2023,10,12,5,2,116,148,3549904,67,21,1,1,1
45137,2023,7,30,1,2,287,"391,8",4317400,52,9,0,4,2
45211,2023,10,12,5,1,158,"384,2",4306379,11,20,0,27,1
45177,2023,9,8,6,4,316,314,2208007,52,4,1,1,1
45192,2023,9,23,7,4,343,12,2207702,17,11,1,4,3
45211,2023,10,12,5,2,153,10,3103751,28,20,0,2,1
45211,2023,10,12,5,2,116,98,4125506,83,20,0,2,1
45211,2023,10,12,5,2,381,452,3156700,1,9,0,2,2
45211,2023,10,12,5,2,364,386,5107800,60,2,0,2,2
45211,2023,10,12,5,2,153,498,1716109,1,11,0,3,3
45211,2023,10,12,5,2,101,169,2910800,12,11,0,3,2
45211,2023,10,12,5,2,153,617,2308906,1,11,0,3,2
45211,2023,10,12,5,2,60,"2,3",5300108,1,4,1,2,2
45211,2023,10,12,5,2,116,107,3554102,78,9,0,3,2
45210,2023,10,11,4,2,116,414,3127701,82,11,1,2,2
45211,2023,10,12,5,1,10,"127,1",2104057,61,2,1,2,2
45211,2023,10,12,5,2,101,159,3203205,1,11,1,7,4
45210,2023,10,11,4,3,163,110,1502202,72,11,0,2,2
45191,2023,9,22,6,4,364,350,1100122,49,10,0,4,4
45211,2023,10,12,5,2,230,12,2503209,16,12,1,3,2
45211,2023,10,12,5,2,376,"474,5",4119905,15,12,0,3,2
45210,2023,10,11,4,4,163,126,4121406,13,20,0,1,1
45211,2023,10,12,5,2,101,"85,8",2501807,52,12,1,2,2
45211,2023,10,12,5,2,116,"710,2",2920403,33,11,1,2,2
45211,2023,10,12,5,2,101,262,3304300,11,3,0,2,1
45211,2023,10,12,5,2,10,"257,3",2105302,52,9,1,4,2
45211,2023,10,12,5,2,174,5,5106752,2,9,1,3,1
45211,2023,10,12,5,2,101,"68,1",2611606,1,9,0,3,2
45211,2023,10,12,5,2,222,4,2303709,83,12,1,2,2
45211,2023,10,12,5,2,262,648,5005608,13,20,0,5,1
45211,2023,10,12,5,2,381,313,3103009,83,12,0,3,3
45211,2023,10,12,5,2,101,"43,4",2606804,1,9,0,2,2
45211,2023,10,12,5,2,40,809,3140803,13,21,0,2,1
45211,2023,10,12,5,3,116,86,3538006,52,12,1,3,3
45211,2023,10,12,5,2,116,139,3549904,11,12,1,4,3
45211,2023,10,12,5,3,153,169,3116902,67,20,0,3,1
45211,2023,10,12,5,3,60,"172,9",5208707,83,3,0,1,1
45211,2023,10,12,5,3,476,110,4105805,1,11,1,2,2
45211,2023,10,12,5,3,470,217,4302105,1,11,1,3,2
45211,2023,10,12,5,2,476,330,4118600,4,3,0,1,1
45211,2023,10,12,5,3,101,"1,9",2509305,1,11,0,6,3
45211,2023,10,12,5,3,101,330,3304557,56,12,0,2,2
45211,2023,10,12,5,3,285,"334,3",4304705,16,12,0,2,2
45211,2023,10,12,5,3,101,301,2112803,13,21,0,1,1
45211,2023,10,12,5,3,101,"185,3",2929305,20,11,0,8,3
45211,2023,10,12,5,3,230,41,2110203,2,11,1,2,2
45211,2023,10,12,5,3,116,117,3554102,11,4,0,1,1
45211,2023,10,12,5,3,424,"86,4",2606002,1,11,1,5,3
45211,2023,10,12,5,3,280,56,4206504,2,11,1,3,2
45211,2023,10,12,5,3,381,"480,2",3118601,11,20,1,2,1
45211,2023,10,12,5,3,116,197,3503901,15,20,0,1,1
45211,2023,10,12,5,3,230,"335,3",2510808,1,11,1,3,2
45211,2023,10,12,5,3,381,"60,9",3528502,67,3,0,2,1
45211,2023,10,12,5,2,153,74,4207809,15,3,0,1,1
45211,2023,10,12,5,3,408,99,2613701,9,1,0,2,1
45211,2023,10,12,5,2,40,"39,3",3147006,67,21,1,2,1
45211,2023,10,12,5,3,267,"518,5",2307106,67,20,0,1,1
45211,2023,10,12,5,3,343,332,2211001,82,9,0,3,3
45211,2023,10,12,5,3,230,120,1504208,49,12,1,2,2
45211,2023,10,12,5,3,316,7,2211001,11,12,1,2,2
45211,2023,10,12,5,3,277,32,4116208,67,20,0,3,1
45202,2023,10,3,3,2,101,104,2900702,2,11,1,2,2
45211,2023,10,12,5,3,116,14,2304400,1,11,1,2,2
45211,2023,10,12,5,3,40,778,3136702,1,3,0,1,1
45211,2023,10,12,5,3,50,"109,3",5206206,18,20,0,2,1
45211,2023,10,12,5,3,116,515,3509254,64,20,0,2,1
45211,2023,10,12,5,3,60,"12,1",5219753,67,20,0,5,1
45211,2023,10,12,5,3,101,"87,7",2804805,11,20,0,1,1
45211,2023,10,12,5,3,277,"660,5",4115606,19,4,0,2,1
45211,2023,10,12,5,4,101,"266,5",3205002,1,11,1,3,2
45211,2023,10,12,5,4,488,"4,1",2500775,11,11,1,2,2
45211,2023,10,12,5,3,280,"1,2",4205001,1,11,1,3,2
45122,2023,7,15,7,4,30,255,2905206,9,1,0,5,2
45211,2023,10,12,5,4,70,8,5200258,48,2,1,3,3
45211,2023,10,12,5,3,354,730,3152600,83,21,0,1,1
45211,2023,10,12,5,3,101,"258,4",4212304,35,2,0,4,2
45211,2023,10,12,5,3,101,258,4212304,11,4,0,1,1
45211,2023,10,12,5,3,376,638,4127601,83,20,0,2,1
45211,2023,10,12,5,2,282,632,4204905,67,20,0,1,1
45211,2023,10,12,5,4,376,"114,9",4106902,52,9,1,2,2
45211,2023,10,12,5,4,406,138,2413904,11,10,0,5,2
45211,2023,10,12,5,4,381,449,3156700,80,11,0,2,2
45211,2023,10,12,5,4,324,554,2901106,67,20,0,3,1