id_data,ano,mes,dia,id_dia_semana,periodo,br,km,id_municipio,id_causa_acidente,id_tipo_acidente,id_uso_solo,pessoas,veiculos
45211,2023,10,12,5,4,251,26,5206206,29,7,0,2,2
45211,2023,10,12,5,3,230,"159,1",2504009,20,11,1,2,2
45211,2023,10,12,5,4,414,"439,2",5201108,35,2,0,2,2
45211,2023,10,12,5,4,356,148,3301009,67,20,0,1,1
45211,2023,10,12,5,4,277,"598,6",2303501,67,3,0,1,1
45211,2023,10,12,5,4,364,543,5107701,46,2,1,3,2
45211,2023,10,12,5,3,262,165,3202454,80,7,0,4,3
45211,2023,10,12,5,4,70,277,5107040,16,11,1,2,2
45115,2023,7,8,7,1,343,"2,8",2211001,49,12,1,3,2
45211,2023,10,12,5,4,116,7,4210100,49,11,1,2,2
45211,2023,10,12,5,3,465,16,3303500,80,7,1,3,2
45211,2023,10,12,5,4,163,812,5107909,67,20,0,1,1
45211,2023,10,12,5,4,116,81,3305802,67,12,1,3,2
45211,2023,10,12,5,3,230,"165,6",2504009,67,4,1,2,1
45211,2023,10,12,5,4,174,622,1400027,9,1,0,1,1
45211,2023,10,12,5,4,153,145,5204706,9,1,0,1,1
45211,2023,10,12,5,4,153,"56,5",3549805,35,2,0,2,2
45211,2023,10,12,5,4,101,317,3303302,18,4,1,1,1
45211,2023,10,12,5,4,230,"151,2",2504009,9,1,1,1,1
45211,2023,10,12,5,4,381,"61,5",3528502,67,4,0,2,1
45211,2023,10,12,5,4,116,"271,9",3515004,15,12,0,2,2
45211,2023,10,12,5,4,277,"366,5",4109401,80,7,0,8,2
45211,2023,10,12,5,4,163,63,3514809,67,4,0,2,1
45211,2023,10,12,5,3,70,"670,1",5102504,13,20,0,4,1
45212,2023,10,13,6,1,259,"57,7",3201506,49,4,1,1,1
45212,2023,10,13,6,1,116,252,4320008,9,1,1,4,1
45211,2023,10,12,5,4,116,"765,3",3138401,18,4,0,1,1
45212,2023,10,13,6,1,290,89,4314902,49,12,0,2,2
45212,2023,10,13,6,1,316,"554,9",2103000,49,7,0,3,2
45212,2023,10,13,6,1,101,"195,3",4202305,11,4,1,1,1
45200,2023,10,1,1,1,101,"101,5",2511509,81,7,1,2,2
45212,2023,10,13,6,1,101,"5,9",4201406,9,1,0,1,1
45211,2023,10,12,5,4,101,"248,4",4212304,67,20,0,1,1
45212,2023,10,13,6,1,290,113,4306767,11,20,0,5,1
45212,2023,10,13,6,1,116,"266,6",4304606,18,4,1,1,1
45211,2023,10,12,5,4,163,81,3128204,16,15,0,3,3
45212,2023,10,13,6,2,101,"53,3",3204906,13,3,0,2,1
45211,2023,10,12,5,4,386,26,4308508,52,7,0,4,2
45211,2023,10,12,5,3,242,372,2923506,11,20,0,2,1
45212,2023,10,13,6,2,101,"233,8",4211900,83,4,0,4,2
45212,2023,10,13,6,2,230,"132,8",2504009,18,20,0,1,1
45212,2023,10,13,6,1,343,2,2211001,67,4,1,1,1
45212,2023,10,13,6,2,282,407,4105003,15,20,0,1,1
45212,2023,10,13,6,2,262,"130,2",3154903,2,12,0,2,2
45128,2023,7,21,6,4,101,"409,2",4201406,60,2,0,2,2
45212,2023,10,13,6,2,116,12,4105805,49,4,1,2,2
45211,2023,10,12,5,3,101,526,2904704,83,12,0,2,2
45205,2023,10,6,6,2,365,628,3170206,52,21,0,1,1
45212,2023,10,13,6,2,116,33,4104006,21,20,0,2,1
45210,2023,10,11,4,4,116,"274,5",3552809,44,12,1,3,2
45212,2023,10,13,6,2,116,10,4105805,49,12,1,3,2
45212,2023,10,13,6,2,153,350,4121505,83,20,0,1,1
45181,2023,9,12,3,4,467,"72,5",3169109,1,11,0,2,2
45212,2023,10,13,6,2,381,360,3136207,1,11,1,5,2
45212,2023,10,13,6,2,386,"34,1",4308508,1,11,1,2,2
45212,2023,10,13,6,2,40,531,3118601,2,21,1,1,1
45212,2023,10,13,6,2,423,"102,9",2702405,52,7,0,2,2
45212,2023,10,13,6,2,393,176,3306008,67,9,1,2,2
45212,2023,10,13,6,2,392,"77,4",4314407,80,10,0,4,3
45212,2023,10,13,6,2,230,122,1504208,1,11,1,2,2
45192,2023,9,23,7,2,104,134,2611507,64,21,0,2,1
45212,2023,10,13,6,2,158,"145,9",4313904,83,3,0,1,1
45212,2023,10,13,6,2,101,"5,6",4201406,5,21,1,1,1
45212,2023,10,13,6,2,376,"439,7",4127502,15,4,0,1,1
45212,2023,10,13,6,2,101,39,2606804,67,9,0,2,2
45212,2023,10,13,6,2,232,"9,7",2607901,11,9,1,3,2
45212,2023,10,13,6,2,101,"238,5",2707503,11,4,0,1,1
45212,2023,10,13,6,2,116,"822,5",2933307,61,2,1,2,2
45212,2023,10,13,6,2,381,"929,8",3133600,83,4,0,4,2
45212,2023,10,13,6,2,471,152,4316808,83,12,0,3,2
45212,2023,10,13,6,2,470,6,4211306,67,12,0,2,2
45212,2023,10,13,6,2,232,"408,3",2613909,33,11,1,3,2
45212,2023,10,13,6,3,104,53,2604106,13,20,0,1,1
45212,2023,10,13,6,3,70,4,5101803,82,9,1,2,2
45212,2023,10,13,6,3,116,"585,2",3139409,1,9,1,2,2
45212,2023,10,13,6,2,470,281,4318614,9,1,0,1,1
45212,2023,10,13,6,3,116,"155,4",4305108,28,18,0,2,1
45212,2023,10,13,6,2,116,509,3509254,67,3,0,2,1
45212,2023,10,13,6,3,116,112,4106902,18,20,1,3,1
45212,2023,10,13,6,2,364,742,1100205,13,21,0,2,1
45212,2023,10,13,6,3,493,12,3301850,13,20,0,1,1
45212,2023,10,13,6,2,316,97,2201408,67,20,0,2,1
45212,2023,10,13,6,2,116,249,4318705,67,4,1,1,1
45212,2023,10,13,6,3,493,13,3301850,13,15,0,4,3
45212,2023,10,13,6,3,60,333,5200134,9,20,0,1,1
45212,2023,10,13,6,3,470,2,4211306,80,11,0,2,2
45212,2023,10,13,6,3,153,"3,9",4303004,1,7,0,2,2
45211,2023,10,12,5,4,386,109,4318457,67,20,0,1,1
45212,2023,10,13,6,3,116,217,3518800,52,9,0,2,2
45118,2023,7,11,3,2,349,286,2909307,7,3,0,2,1
45212,2023,10,13,6,3,116,"151,7",4305108,52,9,1,2,2
45212,2023,10,13,6,3,101,"183,2",2908200,52,7,0,5,2
45212,2023,10,13,6,3,343,"8,4",2207702,1,11,1,2,2
45212,2023,10,13,6,3,101,121,2503001,67,20,0,2,1
45212,2023,10,13,6,3,230,14,2507507,52,11,1,2,2
45212,2023,10,13,6,3,116,150,3549904,67,15,1,3,2
45212,2023,10,13,6,3,316,59,1502400,67,12,0,5,2
45212,2023,10,13,6,3,392,42,4315602,67,21,1,2,1
45212,2023,10,13,6,3,392,352,2409332,52,9,1,2,2
45212,2023,10,13,6,3,101,"106,3",2403251,52,11,1,3,2
45212,2023,10,13,6,3,116,"13,8",2933307,49,11,1,2,2
45180,2023,9,11,2,2,381,"477,7",3118601,35,2,0,2,2
45212,2023,10,13,6,3,116,"356,3",2413508,25,12,0,3,2
45212,2023,10,13,6,3,381,"587,6",3114501,83,20,1,3,1
45212,2023,10,13,6,3,101,"84,7",2408102,35,2,1,2,2
45212,2023,10,13,6,3,262,"759,6",3156908,11,20,0,1,1
45212,2023,10,13,6,3,235,6,2804805,60,2,0,2,2
45212,2023,10,13,6,4,101,68,2611606,6,21,1,2,1
45084,2023,6,7,4,4,101,"65,7",3204906,35,2,1,3,2
45212,2023,10,13,6,4,116,"207,3",3518800,67,9,1,3,2
45212,2023,10,13,6,4,40,"739,3",3160702,60,2,0,2,2
45212,2023,10,13,6,4,101,335,3202405,16,12,0,3,2
45212,2023,10,13,6,3,104,"117,3",2508307,33,2,1,2,2
45212,2023,10,13,6,3,116,708,2920403,80,7,0,2,2
45212,2023,10,13,6,4,101,"267,5",3205002,67,21,1,1,1
45212,2023,10,13,6,4,116,52,3527207,28,18,0,1,1
45212,2023,10,13,6,3,153,"154,1",3541604,1,12,0,3,2
45207,2023,10,8,1,1,381,"412,5",1101435,67,1,0,2,1
45212,2023,10,13,6,4,40,505,3154606,49,12,0,4,2
45212,2023,10,13,6,4,116,221,3518800,78,9,1,2,2
45212,2023,10,13,6,2,319,40,1300904,1,9,0,5,2
45211,2023,10,12,5,4,163,1051,5105606,28,21,0,1,1
45212,2023,10,13,6,3,316,394,2101202,4,10,0,5,2
45212,2023,10,13,6,4,101,"212,1",4211900,52,9,0,3,2
45212,2023,10,13,6,4,364,47,5204102,1,11,0,3,2
45212,2023,10,13,6,4,110,285,2913705,80,7,0,2,1
45212,2023,10,13,6,4,343,182,2208403,2,7,1,4,2
45212,2023,10,13,6,4,101,"220,1",3202504,52,11,1,3,2
45212,2023,10,13,6,4,392,"689,3",4316303,83,12,0,3,3
45212,2023,10,13,6,4,101,"238,8",4211900,67,20,0,1,1
45212,2023,10,13,6,4,101,442,4215653,67,21,0,2,1
45212,2023,10,13,6,4,287,275,4319406,28,18,0,4,1
45212,2023,10,13,6,4,381,"455,5",3106200,46,2,1,2,2
45212,2023,10,13,6,4,116,197,3304144,46,2,0,2,2
45212,2023,10,13,6,3,163,10,4102604,67,7,1,3,2
45212,2023,10,13,6,4,101,864,2931350,11,12,0,2,2
45212,2023,10,13,6,4,101,"191,7",4202305,49,12,1,2,2
45212,2023,10,13,6,4,277,"600,7",2303501,44,3,0,4,1
45212,2023,10,13,6,4,70,381,5102678,1,11,1,2,2
45212,2023,10,13,6,4,381,65,3528502,11,4,1,1,1
45212,2023,10,13,6,4,376,2,4114203,49,7,1,5,2
45212,2023,10,13,6,4,282,543,4211454,48,3,0,1,1
45213,2023,10,14,7,1,424,"91,3",2606002,1,11,0,2,2
45213,2023,10,14,7,1,40,"783,2",3136702,11,20,1,1,1
45212,2023,10,13,6,4,282,"30,5",4200606,83,3,0,1,1
45213,2023,10,14,7,1,381,282,3135001,9,1,1,3,2
45213,2023,10,14,7,1,381,15,3507605,11,21,0,1,1
45213,2023,10,14,7,1,116,138,4114302,11,4,0,1,1
45213,2023,10,14,7,1,101,"211,7",4211900,67,3,1,1,1
45213,2023,10,14,7,1,277,671,4115804,67,4,1,2,2
45213,2023,10,14,7,1,381,"484,7",3106705,11,4,1,2,1
45213,2023,10,14,7,1,116,172,3305109,11,3,1,2,1
45213,2023,10,14,7,1,104,"1,2",2708303,46,2,0,2,2
45213,2023,10,14,7,1,282,5,4216602,1,9,1,2,2
45213,2023,10,14,7,1,280,77,4208906,67,20,0,1,1
45213,2023,10,14,7,1,101,"333,3",4218707,49,20,0,1,1
45213,2023,10,14,7,1,70,3,5200258,11,20,0,1,1
45213,2023,10,14,7,1,101,554,3303807,11,7,0,7,3
45213,2023,10,14,7,2,116,265,4304606,17,11,1,2,2
45212,2023,10,13,6,3,277,"4,5",4118204,67,9,1,3,3
45213,2023,10,14,7,2,40,517,3154606,28,21,1,2,1
45213,2023,10,14,7,2,364,197,5107602,67,20,1,1,1
45213,2023,10,14,7,2,101,129,2412203,11,12,1,2,2
45213,2023,10,14,7,2,101,68,2611606,11,12,1,3,3
45213,2023,10,14,7,1,280,"77,1",4204509,16,12,0,2,2
45212,2023,10,13,6,2,262,"14,5",3140530,11,20,0,5,1
45131,2023,7,24,2,2,174,249,5105002,11,20,0,4,1
45213,2023,10,14,7,2,376,421,4127502,18,4,0,4,1
45189,2023,9,20,4,4,324,620,2927408,16,12,1,2,2
45213,2023,10,14,7,2,470,"35,1",4205902,33,7,1,2,2
45185,2023,9,16,7,3,101,"136,5",4202008,82,9,1,2,2
45213,2023,10,14,7,2,116,"245,5",3304003,18,20,0,3,1
45213,2023,10,14,7,2,163,"446,1",2401305,67,3,0,1,1
45213,2023,10,14,7,2,381,86,3550308,52,9,0,3,2
45213,2023,10,14,7,2,308,176,1508035,67,20,1,2,1
45213,2023,10,14,7,2,101,229,3305604,15,4,0,1,1
45213,2023,10,14,7,2,40,94,3301702,15,20,0,1,1
45213,2023,10,14,7,2,135,"14,8",2111300,67,12,1,2,2
45150,2023,8,12,7,1,50,"47,2",3103504,60,2,0,2,2
45203,2023,10,4,4,4,40,119,3301702,16,12,1,2,2
45213,2023,10,14,7,2,101,195,3301306,64,20,0,2,1
45213,2023,10,14,7,2,428,"85,1",2612604,67,20,0,5,1
45213,2023,10,14,7,2,101,196,3301306,11,20,0,1,1
45181,2023,9,12,3,2,101,"524,1",3300100,1,11,0,2,2
45213,2023,10,14,7,2,101,207,4216602,16,12,1,2,2
45081,2023,6,4,1,4,50,"19,4",3103504,67,20,0,1,1
45213,2023,10,14,7,2,153,"72,3",3549805,28,18,0,1,1
45213,2023,10,14,7,2,277,"683,9",4125704,67,21,0,1,1
45213,2023,10,14,7,2,101,103,2403251,1,12,1,2,2
45213,2023,10,14,7,2,40,"3,4",5221858,52,12,1,4,3
45213,2023,10,14,7,2,60,"119,5",5221197,29,11,1,5,2
45213,2023,10,14,7,2,262,8,5008305,1,9,1,5,3
45213,2023,10,14,7,2,101,"281,5",2918803,82,7,0,6,2
45213,2023,10,14,7,2,40,452,3109907,83,4,1,1,1
45213,2023,10,14,7,2,101,"64,6",2611606,82,12,1,2,2
45213,2023,10,14,7,2,381,363,3161908,52,9,0,3,2
45213,2023,10,14,7,2,40,528,3118601,11,21,1,1,1
45213,2023,10,14,7,2,235,"51,2",2506905,1,11,1,2,2
45182,2023,9,13,4,3,407,"127,9",2611101,20,11,0,2,2
45213,2023,10,14,7,2,163,831,5107909,52,9,1,2,2
45213,2023,10,14,7,3,101,125,2412203,11,12,1,3,2
45213,2023,10,14,7,3,280,"52,9",4206504,11,21,1,1,1
45213,2023,10,14,7,3,116,"274,6",3168606,61,2,1,3,2
45213,2023,10,14,7,2,101,282,2918803,13,21,0,2,1
45213,2023,10,14,7,3,60,"226,6",5205455,9,20,0,3,1
45213,2023,10,14,7,2,324,614,2930709,52,9,1,2,2
45213,2023,10,14,7,3,116,"213,6",4312476,80,10,0,3,3
45213,2023,10,14,7,3,163,944,5104559,67,12,0,3,1
45179,2023,9,10,1,1,402,63,2107100,80,7,0,3,2
45213,2023,10,14,7,3,153,250,1705508,15,12,0,3,2
45213,2023,10,14,7,2,10,346,1506609,67,20,0,1,1
45213,2023,10,14,7,3,408,57,2615508,33,7,0,2,2
45213,2023,10,14,7,3,290,90,4314902,13,21,0,2,1
45213,2023,10,14,7,3,101,339,4218707,33,11,1,2,2
45213,2023,10,14,7,3,468,"136,4",4321477,11,20,0,3,3
45213,2023,10,14,7,3,104,"28,6",2615409,1,12,1,2,2
45213,2023,10,14,7,2,116,165,3524402,64,21,0,1,1
45213,2023,10,14,7,3,60,185,5200050,4,20,0,1,1
45213,2023,10,14,7,3,470,"90,2",4201703,11,7,0,3,3
45213,2023,10,14,7,3,476,159,4101804,9,12,0,2,2
45213,2023,10,14,7,3,50,62,3170206,4,20,0,3,1
45213,2023,10,14,7,3,116,776,3138401,83,20,0,1,1
45213,2023,10,14,7,3,40,72,3303906,67,20,0,2,1
45213,2023,10,14,7,3,101,144,3302403,49,9,0,2,2
45213,2023,10,14,7,3,101,361,3200409,11,20,0,1,1
45213,2023,10,14,7,3,70,382,5107800,11,15,0,3,3
45213,2023,10,14,7,3,116,152,4114302,1,7,1,3,2
45213,2023,10,14,7,3,40,"511,7",3154606,52,12,1,2,2
45213,2023,10,14,7,3,116,"40,4",3508603,52,4,0,1,1
45213,2023,10,14,7,3,116,775,3138401,64,20,0,1,1
45213,2023,10,14,7,3,101,"102,8",4212809,52,9,1,2,2
45213,2023,10,14,7,3,232,"140,5",2613107,52,9,0,3,2
45213,2023,10,14,7,3,40,529,3118601,11,4,1,1,1
45213,2023,10,14,7,3,277,"590,2",2303501,72,11,1,4,2
45213,2023,10,14,7,3,163,"219,6",2303501,18,20,0,2,1
45213,2023,10,14,7,3,153,"75,6",3504602,49,11,1,2,2
45213,2023,10,14,7,3,480,65,4301701,49,20,0,1,1
45213,2023,10,14,7,3,101,"120,8",4208203,11,21,0,2,2
45213,2023,10,14,7,3,101,"1,3",2927002,49,7,0,4,2
45213,2023,10,14,7,4,116,233,4313409,67,12,1,3,2
45213,2023,10,14,7,2,116,22,1507755,83,20,0,2,1
45213,2023,10,14,7,3,110,"58,9",2408003,63,20,0,1,1
45213,2023,10,14,7,3,101,100,2403251,52,12,1,2,2
45213,2023,10,14,7,3,101,321,3303302,11,3,0,1,1
45186,2023,9,17,1,2,101,520,3300100,80,7,0,7,3
45213,2023,10,14,7,3,408,25,2615300,83,7,0,2,2
45213,2023,10,14,7,3,365,"93,2",3135605,67,11,0,3,2
45213,2023,10,14,7,4,290,"2,3",4314902,52,4,0,3,3
45213,2023,10,14,7,4,153,"90,5",4204301,49,20,0,1,1
45213,2023,10,14,7,3,116,"502,4",3130903,28,3,0,1,1
45213,2023,10,14,7,4,40,141,3136306,67,4,0,1,1
45213,2023,10,14,7,3,262,"773,9",3170107,28,18,0,1,1
45213,2023,10,14,7,4,40,"638,5",3118304,28,18,0,1,1
45213,2023,10,14,7,4,40,"524,5",3118601,1,9,1,3,2
45213,2023,10,14,7,4,277,707,4124053,67,20,1,1,1
45213,2023,10,14,7,4,101,132,3203205,13,21,0,2,1
45213,2023,10,14,7,3,40,"755,7",3125002,6,20,0,1,1
45213,2023,10,14,7,4,153,"521,3",2305209,13,21,0,3,2
45213,2023,10,14,7,4,101,415,4201406,67,21,0,1,1
45213,2023,10,14,7,3,393,169,3306008,11,20,1,1,1
45213,2023,10,14,7,4,146,"461,9",3108404,5,20,0,4,1
45213,2023,10,14,7,4,101,"182,9",2610004,49,20,1,1,1
45213,2023,10,14,7,3,10,"12,6",1502939,52,4,0,4,1
45213,2023,10,14,7,4,386,"278,6",4318465,80,7,0,20,2
45213,2023,10,14,7,4,104,"57,5",2604106,49,11,0,2,2
45213,2023,10,14,7,4,290,720,4322400,11,20,0,1,1
45213,2023,10,14,7,4,50,"20,7",3170206,83,4,0,5,4
45213,2023,10,14,7,3,308,"160,9",1502202,49,12,0,2,2
45213,2023,10,14,7,4,369,161,4103701,49,12,1,2,2
45213,2023,10,14,7,4,376,661,4127601,83,4,0,1,1
45213,2023,10,14,7,3,277,675,4115804,33,11,0,3,3
45213,2023,10,14,7,4,376,8,4115200,67,20,0,1,1
45213,2023,10,14,7,4,280,162,4210100,82,10,0,4,2
45213,2023,10,14,7,4,343,"188,9",2208403,9,1,1,2,1
45213,2023,10,14,7,4,116,270,3552809,67,12,1,4,2
45213,2023,10,14,7,4,373,268,4120606,67,3,1,2,1
45213,2023,10,14,7,4,393,294,3300407,1,2,0,2,2
45213,2023,10,14,7,4,116,"409,5",3127701,61,2,1,2,2
45213,2023,10,14,7,3,230,"165,2",2108009,35,2,0,5,2
45213,2023,10,14,7,4,163,753,5003306,9,1,0,1,1
45213,2023,10,14,7,4,230,"5,4",2305704,18,21,0,2,1
45213,2023,10,14,7,4,163,842,5107909,11,12,0,2,2
45213,2023,10,14,7,4,365,464,3148103,82,7,0,4,2
45214,2023,10,15,1,1,163,"419,6",2401305,49,21,0,1,1
45214,2023,10,15,1,1,116,"157,2",3549904,11,20,1,1,1
45214,2023,10,15,1,1,230,"26,7",2507507,11,12,0,2,2
45214,2023,10,15,1,1,158,10,5201702,80,7,0,2,2
45214,2023,10,15,1,1,116,245,4318705,60,2,0,2,2
45214,2023,10,15,1,1,116,11,2304400,11,4,1,1,1
45214,2023,10,15,1,1,277,226,4127007,80,7,0,7,2
45214,2023,10,15,1,1,116,180,4121208,11,9,1,2,1
45214,2023,10,15,1,1,428,190,2611101,49,11,1,3,2
45214,2023,10,15,1,1,392,274,4302808,11,4,0,1,1
45214,2023,10,15,1,1,392,54,4315602,11,20,0,1,1
45214,2023,10,15,1,1,101,"208,7",4216602,4,4,1,1,1
45214,2023,10,15,1,1,101,192,3301306,49,4,0,1,1
45214,2023,10,15,1,1,153,58,3549805,81,2,1,3,2
45214,2023,10,15,1,1,101,215,4211900,67,21,1,1,1
45214,2023,10,15,1,1,405,"111,7",2413805,49,20,0,2,1
45214,2023,10,15,1,1,116,"154,6",3549904,16,9,1,2,2
45214,2023,10,15,1,1,392,"350,7",2409332,11,4,0,1,1
45214,2023,10,15,1,1,369,"137,5",4109807,49,7,1,3,2
45214,2023,10,15,1,1,101,333,3304557,67,4,1,5,1
45214,2023,10,15,1,1,364,13,1100304,49,12,1,2,2
45214,2023,10,15,1,1,101,283,4207304,11,20,0,1,1
45214,2023,10,15,1,2,222,166,2306108,18,20,0,1,1
45214,2023,10,15,1,1,308,151,1502202,67,7,1,2,2
45214,2023,10,15,1,1,282,562,4211405,18,20,0,1,1
45214,2023,10,15,1,1,104,"44,8",2501609,67,12,1,3,2
45213,2023,10,14,7,3,277,675,4115804,16,12,0,6,3
45214,2023,10,15,1,2,316,51,1502400,11,12,0,3,3
45214,2023,10,15,1,1,364,205,5107602,80,10,1,4,2
45214,2023,10,15,1,1,343,"247,7",2202208,11,20,0,1,1
45213,2023,10,14,7,4,463,106,5006606,49,10,0,3,2
45214,2023,10,15,1,2,101,193,4202305,67,4,1,1,1
45214,2023,10,15,1,2,101,287,3201308,13,4,1,1,1
45214,2023,10,15,1,2,476,"159,7",4101804,49,10,0,4,3
45214,2023,10,15,1,2,116,"92,5",4125506,11,20,0,1,1
45214,2023,10,15,1,2,116,700,3143906,18,21,1,1,1
45214,2023,10,15,1,2,367,33,2925303,81,9,1,4,3
45214,2023,10,15,1,1,407,"43,4",2918407,80,7,0,2,2
45214,2023,10,15,1,2,116,116,3554102,67,9,0,3,2
45214,2023,10,15,1,2,101,"203,9",4216602,67,11,1,2,2
45214,2023,10,15,1,2,465,19,3303500,80,7,1,4,2
45213,2023,10,14,7,4,381,44,3504107,49,7,1,3,2
45214,2023,10,15,1,2,343,265,2202208,2,9,1,4,2
45214,2023,10,15,1,2,262,114,3154903,67,3,0,3,1
45214,2023,10,15,1,2,101,146,4208302,1,11,1,2,2
45214,2023,10,15,1,2,40,528,3118601,49,9,1,4,2
45214,2023,10,15,1,2,230,"290,5",2110005,1,11,1,2,2
45214,2023,10,15,1,2,376,"676,3",4109609,16,12,0,7,2
45214,2023,10,15,1,2,101,194,4202305,67,4,1,1,1
45214,2023,10,15,1,2,277,9,4118204,67,20,0,3,1
45214,2023,10,15,1,2,116,411,2910800,11,21,0,1,1
45214,2023,10,15,1,2,452,7,5218805,82,10,0,6,3
45214,2023,10,15,1,2,343,"8,6",2207702,33,11,1,3,2
45210,2023,10,11,4,2,101,316,3304904,28,21,0,1,1
45214,2023,10,15,1,2,354,"734,8",3152600,16,12,0,4,3
45214,2023,10,15,1,2,381,867,3152501,28,18,0,1,1
45214,2023,10,15,1,2,135,150,2106631,67,3,0,1,1
45214,2023,10,15,1,2,40,"659,8",3113206,15,20,1,3,1
45214,2023,10,15,1,2,308,151,1502202,52,10,1,4,2
45214,2023,10,15,1,2,381,451,3156700,20,9,0,3,2
45214,2023,10,15,1,2,101,"112,9",4208203,78,9,0,4,3
45214,2023,10,15,1,2,40,"815,4",3167509,67,3,0,4,1
45214,2023,10,15,1,2,116,"57,9",2603009,1,11,0,6,2
45214,2023,10,15,1,2,116,80,3305802,16,12,0,2,2
45214,2023,10,15,1,2,369,"387,5",4114005,33,11,0,5,2
45214,2023,10,15,1,2,381,"852,3",3152501,83,12,0,4,2
45214,2023,10,15,1,3,20,"391,2",2303709,16,12,0,7,2
45214,2023,10,15,1,3,116,439,3542602,15,21,0,1,1
45214,2023,10,15,1,3,469,"12,9",4108304,21,21,1,1,1
45214,2023,10,15,1,3,471,567,4317301,9,1,1,1,1
45214,2023,10,15,1,3,101,"52,8",2510907,12,7,1,3,2
45214,2023,10,15,1,3,101,207,2708808,1,2,0,3,2
45214,2023,10,15,1,3,364,"193,9",1100189,12,10,1,4,2
45214,2023,10,15,1,3,158,"315,9",4310538,16,12,0,2,2
45214,2023,10,15,1,3,116,249,3304003,16,15,0,7,3
45214,2023,10,15,1,3,153,"219,6",3127107,49,9,1,2,2
45214,2023,10,15,1,3,101,"241,8",3202207,1,11,1,4,2
45214,2023,10,15,1,3,282,221,4209300,1,12,0,7,3
45214,2023,10,15,1,3,116,112,4106902,67,21,1,1,1
45214,2023,10,15,1,3,116,815,2933307,1,11,0,2,2
45214,2023,10,15,1,3,40,14,5212501,18,20,1,1,1
45214,2023,10,15,1,3,376,"4,5",4115200,11,20,1,1,1
45214,2023,10,15,1,3,163,931,5104559,11,20,0,2,1
45214,2023,10,15,1,3,324,590,2906501,67,12,0,3,2
45214,2023,10,15,1,2,267,"60,3",3106903,1,11,0,3,2
45214,2023,10,15,1,3,101,"210,4",3202504,83,12,0,12,4
45214,2023,10,15,1,3,40,510,3154606,16,12,0,2,2
45214,2023,10,15,1,3,40,"566,1",3144805,11,12,0,5,2
45214,2023,10,15,1,3,316,"39,7",1506500,11,20,0,3,2
45214,2023,10,15,1,3,282,5,4216602,67,15,1,8,3
45214,2023,10,15,1,3,414,403,5205802,67,9,0,2,2
45214,2023,10,15,1,3,470,"198,1",4302105,67,20,0,5,1
45214,2023,10,15,1,3,101,"4,6",2611606,9,1,0,2,1
45214,2023,10,15,1,3,101,"331,8",3202405,15,21,0,2,1
45214,2023,10,15,1,3,116,391,3529906,6,20,0,2,1
45214,2023,10,15,1,3,392,"15,8",4315602,1,12,1,2,2
45214,2023,10,15,1,3,235,2,2800308,19,12,1,2,2
45214,2023,10,15,1,3,369,"81,5",4106407,67,20,0,1,1
45214,2023,10,15,1,3,424,"104,6",2704708,83,20,0,2,1
45214,2023,10,15,1,2,10,235,2104552,11,12,1,7,2
45214,2023,10,15,1,3,367,"29,7",2925303,67,11,0,4,2
45214,2023,10,15,1,3,343,"308,8",2200400,20,11,1,2,2
45214,2023,10,15,1,3,262,86,3140902,18,20,0,3,1
45214,2023,10,15,1,3,376,166,5006200,11,12,0,3,2
45165,2023,8,27,1,1,232,223,2610905,11,4,0,1,1
45214,2023,10,15,1,3,60,"5,8",5300108,61,2,1,2,2
45214,2023,10,15,1,3,423,37,1703826,52,7,0,2,2
45214,2023,10,15,1,3,163,"459,9",2401305,11,15,0,6,4
45214,2023,10,15,1,4,262,195,3136207,29,21,0,2,1
45214,2023,10,15,1,4,116,171,3304557,49,4,1,1,1
45214,2023,10,15,1,3,280,"6,1",4216206,29,21,1,2,1
45214,2023,10,15,1,3,50,175,3170107,49,20,1,1,1
45214,2023,10,15,1,3,116,258,4307708,33,11,1,3,2
45214,2023,10,15,1,4,40,514,3154606,49,12,1,7,2
45214,2023,10,15,1,4,20,0,5208004,49,4,0,1,1
45214,2023,10,15,1,4,316,255,2511509,1,11,1,3,2
45214,2023,10,15,1,4,20,69,5208004,80,7,0,3,2
45214,2023,10,15,1,3,424,"86,4",2606002,1,11,0,3,2
45214,2023,10,15,1,4,40,5,3300951,83,4,1,1,1
45214,2023,10,15,1,3,427,"55,6",2405702,11,4,1,1,1
45214,2023,10,15,1,3,116,820,2933307,49,12,1,7,2
45214,2023,10,15,1,4,369,186,4101507,2,12,1,7,3
45214,2023,10,15,1,3,343,"224,6",2202711,16,15,1,4,3
45214,2023,10,15,1,4,381,"441,3",2110005,16,12,0,2,2
45214,2023,10,15,1,4,101,146,3203205,28,21,1,2,1
45214,2023,10,15,1,4,116,"753,5",3138401,67,21,0,2,1
45214,2023,10,15,1,4,393,"296,5",3300407,35,2,1,2,2