id_data,ano,mes,dia,id_dia_semana,periodo,br,km,id_municipio,id_causa_acidente,id_tipo_acidente,id_uso_solo,pessoas,veiculos
45218,2023,10,19,5,3,153,111,2512200,11,20,0,1,1
45218,2023,10,19,5,3,116,"822,2",2933307,83,12,1,3,2
45218,2023,10,19,5,3,116,447,3542602,67,21,1,3,3
45218,2023,10,19,5,3,470,"70,3",4207502,20,11,1,3,3
45218,2023,10,19,5,4,70,6,5101803,2,10,0,2,2
45202,2023,10,3,3,3,116,"230,4",3550308,16,12,0,3,3
45218,2023,10,19,5,3,287,"338,4",4319802,67,7,0,5,2
45218,2023,10,19,5,4,116,423,2910800,16,12,1,2,2
45218,2023,10,19,5,4,469,"17,3",4108304,15,20,0,1,1
45218,2023,10,19,5,2,158,"6,9",3536406,1,11,0,2,2
45218,2023,10,19,5,4,343,246,2202208,81,21,0,2,2
45218,2023,10,19,5,3,50,192,3121258,15,3,0,1,1
45218,2023,10,19,5,4,304,"48,7",2301109,1,11,0,1,1
45218,2023,10,19,5,4,101,"386,9",4207007,16,12,0,2,2
45218,2023,10,19,5,3,116,269,3552809,28,18,1,1,1
45218,2023,10,19,5,4,470,"83,6",4215109,67,20,0,1,1
45218,2023,10,19,5,4,116,"249,6",4318705,13,21,1,1,1
45218,2023,10,19,5,4,230,23,2507507,49,4,1,1,1
45218,2023,10,19,5,4,116,38,4104006,15,3,0,1,1
45218,2023,10,19,5,4,376,"640,7",4127601,11,20,0,1,1
45218,2023,10,19,5,4,40,141,3136306,9,1,1,4,1
45218,2023,10,19,5,4,230,"46,7",2110203,11,20,0,1,1
45218,2023,10,19,5,4,116,184,4313201,67,2,1,2,2
45218,2023,10,19,5,4,369,"153,9",4113700,1,2,1,2,2
45218,2023,10,19,5,4,116,410,3127701,11,12,1,2,2
45218,2023,10,19,5,4,163,265,5003702,15,21,0,1,1
45218,2023,10,19,5,4,230,"300,5",2109700,25,12,0,2,2
45218,2023,10,19,5,4,116,124,4107652,49,12,1,2,2
45218,2023,10,19,5,3,153,334,4110706,72,11,1,2,2
45219,2023,10,20,6,1,116,"125,7",4107652,11,12,1,3,2
45219,2023,10,20,6,1,280,27,4201307,11,4,0,1,1
45218,2023,10,19,5,4,101,"101,6",2403251,49,20,0,1,1
45219,2023,10,20,6,1,364,39,3127107,12,12,0,2,2
45219,2023,10,20,6,1,101,428,3200706,80,10,0,2,2
45218,2023,10,19,5,4,101,205,4216602,16,12,1,2,2
45219,2023,10,20,6,1,153,"209,8",3127107,11,4,0,2,1
45219,2023,10,20,6,1,116,147,3301702,11,4,0,1,1
45219,2023,10,20,6,2,369,142,4109807,64,21,0,1,1
45218,2023,10,19,5,4,101,"421,9",2920700,11,7,0,2,2
45219,2023,10,20,6,1,316,298,2208007,82,7,0,5,2
45219,2023,10,20,6,2,50,74,3170206,11,21,1,1,1
45219,2023,10,20,6,2,280,127,4215000,1,11,1,2,2
45219,2023,10,20,6,2,116,221,3518800,78,9,1,2,2
45219,2023,10,20,6,2,470,54,4202404,1,11,1,2,2
45219,2023,10,20,6,2,235,"1,9",2800308,52,9,1,4,2
45219,2023,10,20,6,2,101,262,3205002,64,21,1,1,1
45219,2023,10,20,6,2,40,"4,5",5221858,83,12,1,4,3
45219,2023,10,20,6,2,40,13,5212501,16,21,1,2,2
45219,2023,10,20,6,2,407,124,2611101,16,12,1,2,2
45219,2023,10,20,6,1,230,83,2314003,80,7,0,2,2
45201,2023,10,2,2,4,428,"181,2",2611101,46,1,1,1,1
45219,2023,10,20,6,2,116,"227,3",3550308,52,12,1,2,2
45219,2023,10,20,6,2,381,"490,7",3106705,61,4,1,2,2
45219,2023,10,20,6,2,116,"39,3",4322509,33,11,1,2,2
45219,2023,10,20,6,2,356,264,3143906,20,11,1,2,2
45219,2023,10,20,6,2,116,386,3529906,19,12,0,2,2
45204,2023,10,5,5,2,101,48,3555406,67,11,1,3,3
45219,2023,10,20,6,2,381,844,3164407,13,21,0,1,1
45219,2023,10,20,6,2,101,"94,9",2804805,35,2,0,3,2
45219,2023,10,20,6,2,364,709,1100205,16,12,1,2,2
45219,2023,10,20,6,2,324,"517,8",2910800,82,11,1,3,2
45219,2023,10,20,6,2,101,"43,5",3555406,64,21,1,1,1
45219,2023,10,20,6,1,10,80,1508126,1,11,1,2,2
45209,2023,10,10,3,3,262,810,3170107,82,9,0,3,2
45181,2023,9,12,3,2,232,172,2601706,72,12,0,2,2
45219,2023,10,20,6,2,376,161,4115200,28,20,1,2,1
45208,2023,10,9,2,1,376,531,4117701,15,20,0,1,1
45201,2023,10,2,2,4,369,155,4113700,11,12,1,1,1
45211,2023,10,12,5,3,267,"469,9",5004106,33,11,0,6,2
45219,2023,10,20,6,2,381,478,3118601,16,12,1,2,2
45219,2023,10,20,6,2,392,"43,5",4315602,83,4,0,1,1
45219,2023,10,20,6,2,369,"182,2",4101507,1,11,1,2,2
45219,2023,10,20,6,2,343,"306,5",2200400,1,11,1,3,2
45219,2023,10,20,6,2,415,49,2914802,67,12,1,4,3
45219,2023,10,20,6,2,153,439,5201108,28,21,0,1,1
45219,2023,10,20,6,2,153,"501,1",5208707,16,21,1,1,1
45219,2023,10,20,6,2,153,271,5214861,67,10,0,3,2
45219,2023,10,20,6,2,40,"630,6",3118304,28,18,1,30,1
45219,2023,10,20,6,2,101,"445,2",4215653,20,11,1,2,2
45219,2023,10,20,6,2,101,68,2611606,52,11,0,2,2
45219,2023,10,20,6,2,364,"237,5",1100049,16,9,1,2,2
45219,2023,10,20,6,2,116,258,4307708,16,12,1,2,2
45219,2023,10,20,6,3,277,84,4106902,60,21,1,1,1
45219,2023,10,20,6,2,153,100,2512200,7,20,0,1,1
45219,2023,10,20,6,3,316,141,2702553,20,11,0,2,2
45219,2023,10,20,6,3,230,"136,2",2509206,18,20,0,1,1
45219,2023,10,20,6,2,432,202,1400175,83,20,0,4,1
45195,2023,9,26,3,3,50,"138,2",3170107,67,12,0,3,2
45219,2023,10,20,6,3,60,96,5201108,16,9,1,2,2
45219,2023,10,20,6,3,381,485,3106705,11,21,1,2,1
45219,2023,10,20,6,3,153,"17,1",3115805,11,20,1,3,2
45219,2023,10,20,6,3,174,15,1100304,67,12,1,2,2
45219,2023,10,20,6,3,381,486,3106705,67,12,1,2,2
45219,2023,10,20,6,3,101,"270,3",3205002,35,2,1,2,2
45219,2023,10,20,6,3,50,"278,6",5205109,1,11,0,4,2
45219,2023,10,20,6,3,70,5,5101803,52,9,1,3,2
45219,2023,10,20,6,3,381,"478,5",3118601,11,12,1,5,4
45219,2023,10,20,6,3,222,"4,2",2303709,61,2,1,3,2
45219,2023,10,20,6,3,277,677,4115804,16,12,1,2,2
45219,2023,10,20,6,3,40,93,3301702,52,9,0,2,2
45219,2023,10,20,6,3,116,"492,9",3130903,28,18,0,1,1
45207,2023,10,8,1,4,116,"215,1",3115458,11,20,0,1,1
45219,2023,10,20,6,3,381,"477,9",3118601,11,21,1,1,1
45219,2023,10,20,6,3,60,285,5200134,67,20,0,2,1
45219,2023,10,20,6,3,70,5,5101803,67,9,1,3,2
45219,2023,10,20,6,3,285,"455,3",4310207,1,11,1,2,2
45212,2023,10,13,6,4,101,"146,5",3203205,61,2,1,2,2
45219,2023,10,20,6,3,280,26,4201307,1,11,1,2,2
45219,2023,10,20,6,3,488,"2,1",2500775,80,7,1,2,2
45219,2023,10,20,6,3,386,"435,3",2207959,1,11,0,3,2
45219,2023,10,20,6,3,476,115,4105805,33,11,1,2,2
45219,2023,10,20,6,3,285,"118,8",4322509,16,12,1,2,2
45219,2023,10,20,6,3,267,"76,3",3136702,80,7,0,2,2
45219,2023,10,20,6,3,116,"144,8",4305108,52,9,0,3,3
45219,2023,10,20,6,3,40,"612,8",3118007,20,11,1,2,2
45219,2023,10,20,6,3,116,442,3542602,13,21,0,2,1
45219,2023,10,20,6,3,101,"127,7",4208203,52,9,0,2,2
45219,2023,10,20,6,2,20,358,2307700,67,9,0,2,2
45219,2023,10,20,6,3,381,"512,3",3130101,15,20,1,2,1
45219,2023,10,20,6,3,101,"139,4",3203205,1,9,1,4,3
45219,2023,10,20,6,3,116,242,4318705,16,12,1,2,2
45219,2023,10,20,6,4,101,"200,8",4216602,78,9,1,2,2
45219,2023,10,20,6,3,116,"827,3",2933307,20,11,1,3,2
45215,2023,10,16,2,3,470,"139,1",4214805,52,11,0,2,2
45219,2023,10,20,6,4,277,83,4106902,52,12,1,3,3
45219,2023,10,20,6,4,101,"298,2",2112803,35,2,1,2,2
45219,2023,10,20,6,3,381,876,3124500,83,3,0,4,1
45219,2023,10,20,6,4,495,1,3305802,16,12,1,2,2
45219,2023,10,20,6,3,60,164,5208707,46,12,1,2,2
45219,2023,10,20,6,3,135,171,2903201,2,11,1,1,1
45219,2023,10,20,6,3,101,"58,5",2705200,15,3,0,3,1
45173,2023,9,4,2,1,116,378,4320354,11,20,0,1,1
45219,2023,10,20,6,4,116,107,3554102,83,12,1,6,2
45219,2023,10,20,6,4,277,168,4117701,1,11,0,2,2
45219,2023,10,20,6,3,324,519,2910800,11,12,1,2,2
45219,2023,10,20,6,4,101,118,4208203,49,12,0,2,2
45219,2023,10,20,6,4,290,102,4314902,16,12,1,5,2
45219,2023,10,20,6,4,80,123,2903235,67,20,0,1,1
45219,2023,10,20,6,4,40,122,3301702,11,4,1,1,1
45219,2023,10,20,6,4,101,120,4208203,52,9,1,2,2
45219,2023,10,20,6,4,158,33,5108600,9,1,0,1,1
45219,2023,10,20,6,4,163,854,5107909,33,11,1,2,2
45219,2023,10,20,6,4,101,"117,5",4208203,52,9,1,2,2
45219,2023,10,20,6,3,470,205,4302105,52,12,0,2,2
45219,2023,10,20,6,4,401,14,1400100,49,21,1,1,1
45219,2023,10,20,6,4,116,516,3509254,15,3,0,1,1
45219,2023,10,20,6,4,230,112,2506806,9,20,0,1,1
45219,2023,10,20,6,4,463,"0,8",5003702,27,11,1,3,3
45190,2023,9,21,5,4,101,57,2705200,6,20,0,2,1
45219,2023,10,20,6,3,226,"103,2",2103000,80,11,0,2,2
45219,2023,10,20,6,4,316,24,2211001,11,20,1,2,1
45220,2023,10,21,7,1,230,"9,4",2503209,16,12,1,2,2
45219,2023,10,20,6,4,316,"17,1",2211001,11,20,0,2,1
45220,2023,10,21,7,1,116,9,4105805,52,11,1,3,2
45220,2023,10,21,7,1,116,92,4125506,67,4,1,1,1
45220,2023,10,21,7,1,153,"512,6",5201405,36,12,0,2,2
45220,2023,10,21,7,1,101,14,3204054,67,21,0,1,1
45220,2023,10,21,7,1,163,120,4205001,49,20,0,1,1
45220,2023,10,21,7,1,101,282,4207304,11,20,0,1,1
45220,2023,10,21,7,1,116,120,4106902,11,9,1,2,2
45220,2023,10,21,7,1,116,188,3303500,67,3,0,6,1
45220,2023,10,21,7,1,262,104,3100302,11,3,0,1,1
45220,2023,10,21,7,1,101,136,4202008,49,21,1,1,1
45220,2023,10,21,7,1,153,168,3517208,49,21,0,1,1
45220,2023,10,21,7,1,470,"0,1",4211306,67,4,1,2,1
45217,2023,10,18,4,4,222,"226,2",1504208,11,20,1,1,1
45220,2023,10,21,7,1,101,136,4202008,49,12,1,3,2
45219,2023,10,20,6,4,381,"724,8",3113909,15,12,0,7,3
45220,2023,10,21,7,1,470,65,4207502,52,11,0,2,2
45220,2023,10,21,7,1,101,279,3305752,52,9,0,2,2
45220,2023,10,21,7,1,386,133,4126256,49,4,1,1,1
45220,2023,10,21,7,1,376,"184,9",4126256,1,9,1,2,2
45220,2023,10,21,7,1,364,402,5103403,11,4,1,2,1
45220,2023,10,21,7,1,116,98,4125506,11,4,0,1,1
45220,2023,10,21,7,1,393,172,3306008,11,4,0,1,1
45220,2023,10,21,7,2,343,2,2211001,49,9,1,2,2
45220,2023,10,21,7,1,163,878,5107909,60,2,0,2,2
45219,2023,10,20,6,4,174,513,1400100,5,4,1,3,1
45220,2023,10,21,7,1,163,496,2401305,41,20,0,1,1
45220,2023,10,21,7,2,210,7,1600303,52,9,0,3,2
45220,2023,10,21,7,2,101,"158,9",2402204,11,20,1,2,1
45220,2023,10,21,7,1,153,"48,5",4124103,18,12,0,2,2
45220,2023,10,21,7,1,116,"428,2",3101805,18,7,0,3,2
45220,2023,10,21,7,2,116,120,4106902,83,9,0,2,2
45220,2023,10,21,7,1,277,119,4104204,67,4,0,1,1
45220,2023,10,21,7,2,381,856,3152501,67,21,0,1,1
45220,2023,10,21,7,2,101,8,2801603,83,21,0,1,1
45180,2023,9,11,2,1,364,"554,7",5107701,51,20,0,2,1
45220,2023,10,21,7,2,242,378,2923506,83,20,0,1,1
45220,2023,10,21,7,2,116,265,4304606,11,12,1,3,2
45220,2023,10,21,7,2,70,3,5300108,52,12,0,2,2
45192,2023,9,23,7,1,116,530,3159357,80,7,1,2,2
45220,2023,10,21,7,2,101,"211,6",4211900,56,4,1,3,3
45220,2023,10,21,7,2,153,144,1702109,1,11,1,1,1
45220,2023,10,21,7,2,316,"104,8",1506609,1,11,1,5,3
45220,2023,10,21,7,2,101,"128,1",4202008,11,21,1,2,1
45220,2023,10,21,7,2,324,516,2910800,1,11,1,3,2
45220,2023,10,21,7,2,101,257,3205002,67,21,0,1,1
45220,2023,10,21,7,2,116,265,4304606,16,11,1,3,3
45220,2023,10,21,7,2,101,183,2807600,1,11,1,3,2
45220,2023,10,21,7,2,476,144,4106902,78,21,1,1,1
45220,2023,10,21,7,2,364,136,1200401,11,9,1,2,2
45220,2023,10,21,7,2,116,330,3110806,1,11,1,2,2
45220,2023,10,21,7,2,365,752,3134202,1,11,0,2,2
45220,2023,10,21,7,2,80,4,5300108,1,11,1,5,2
45220,2023,10,21,7,2,116,127,3508504,67,21,1,1,1
45220,2023,10,21,7,2,50,100,3170206,16,21,0,1,1
45220,2023,10,21,7,2,70,535,2211407,67,15,0,1,1
45220,2023,10,21,7,3,262,"151,8",3202454,18,21,0,1,1
45220,2023,10,21,7,2,364,342,1100122,17,10,1,3,2
45220,2023,10,21,7,2,369,"183,4",4101507,1,11,1,2,2
45220,2023,10,21,7,2,428,"173,2",2611101,52,12,0,2,2
45220,2023,10,21,7,3,101,"57,1",2510907,11,12,0,3,2
45220,2023,10,21,7,3,101,85,2408102,67,12,1,3,2
45220,2023,10,21,7,3,386,"412,3",4312401,33,11,1,2,2
45220,2023,10,21,7,2,222,670,2100055,11,20,1,1,1
45220,2023,10,21,7,3,116,319,4301909,11,20,0,2,1
45220,2023,10,21,7,3,101,"74,7",2705200,72,12,0,2,2
45220,2023,10,21,7,2,101,68,2403608,45,12,0,3,3
45220,2023,10,21,7,2,262,"33,1",3201902,15,20,0,3,1
45220,2023,10,21,7,3,381,942,3125101,11,20,1,1,1
45220,2023,10,21,7,2,158,"628,3",3100609,67,20,0,1,1
45220,2023,10,21,7,3,40,3,5221858,52,9,1,2,2
45220,2023,10,21,7,3,153,"51,2",3549805,13,20,0,1,1
45220,2023,10,21,7,2,101,"202,5",2911600,67,3,0,1,1
45220,2023,10,21,7,3,277,"659,3",4115606,67,4,0,1,1
45220,2023,10,21,7,3,101,"97,7",2504603,11,4,0,1,1
45220,2023,10,21,7,3,343,337,2211001,16,12,0,2,2
45220,2023,10,21,7,3,116,182,3303500,1,9,1,12,2
45220,2023,10,21,7,3,116,200,3503901,52,3,0,2,1
45220,2023,10,21,7,3,116,"405,6",3127701,80,7,0,2,2
45213,2023,10,14,7,3,480,131,4204202,49,2,1,3,2
45170,2023,9,1,6,1,70,19,5205513,18,2,0,2,2
45220,2023,10,21,7,3,364,"356,5",1100122,81,21,0,2,1
45220,2023,10,21,7,2,316,136,2203503,28,18,0,1,1
45220,2023,10,21,7,3,116,261,4304606,49,11,1,6,3
45217,2023,10,18,4,2,381,"485,4",3106705,11,12,1,2,2
45220,2023,10,21,7,3,110,"2,5",2401107,1,11,1,4,2
45220,2023,10,21,7,3,365,765,3134202,49,4,0,1,1
45220,2023,10,21,7,3,40,123,3301702,16,12,1,2,2
45220,2023,10,21,7,3,381,77,3550308,28,18,0,1,1
45220,2023,10,21,7,3,40,"57,8",3147006,11,20,0,1,1
45220,2023,10,21,7,3,60,445,5007901,11,20,0,1,1
45220,2023,10,21,7,2,101,484,3300100,18,11,1,3,2
45220,2023,10,21,7,3,262,402,3147105,83,3,0,1,1
45220,2023,10,21,7,3,470,182,4322806,67,20,0,5,1
45220,2023,10,21,7,3,470,"80,1",4215109,83,4,0,1,1
45220,2023,10,21,7,3,222,670,2100055,2,11,0,1,1
45220,2023,10,21,7,3,470,"57,9",4202404,19,9,0,2,2
45220,2023,10,21,7,3,226,"113,8",2411205,9,1,0,1,1
45220,2023,10,21,7,4,60,174,5200050,49,4,1,2,2
45220,2023,10,21,7,3,163,679,5105259,67,10,0,6,2
45217,2023,10,18,4,3,381,349,3136207,80,7,0,3,2
45220,2023,10,21,7,4,381,497,3106705,11,9,1,2,2
45220,2023,10,21,7,4,146,"422,5",3144102,13,21,0,3,2
45220,2023,10,21,7,3,116,"702,7",3143906,61,2,1,2,2
45220,2023,10,21,7,3,101,"340,1",4218707,49,20,1,1,1
45220,2023,10,21,7,4,20,70,2928901,33,11,0,6,2
45220,2023,10,21,7,4,262,"361,4",2401305,11,4,0,1,1
45220,2023,10,21,7,4,369,"137,6",4109807,80,10,1,2,2
45220,2023,10,21,7,4,376,249,4101408,67,20,0,4,1
45220,2023,10,21,7,4,116,157,3549904,11,15,1,3,3
45220,2023,10,21,7,3,101,295,3301900,11,12,0,2,2
45220,2023,10,21,7,4,285,293,4314100,1,11,1,4,2
45220,2023,10,21,7,4,230,"83,3",2503803,11,4,1,2,2
45220,2023,10,21,7,4,282,"20,8",4211900,49,7,1,2,2
45220,2023,10,21,7,4,304,"47,7",2301109,67,12,0,2,2
45220,2023,10,21,7,4,116,41,2305233,1,11,1,2,2
45220,2023,10,21,7,4,470,84,4215109,27,12,0,2,2
45220,2023,10,21,7,3,470,82,4215109,83,20,0,3,1
45220,2023,10,21,7,4,230,718,1504455,11,21,0,1,1
45220,2023,10,21,7,4,285,630,4317707,28,18,0,3,1
45220,2023,10,21,7,4,116,71,4104006,49,4,0,1,1
45220,2023,10,21,7,4,163,829,5107909,28,18,1,2,1
45220,2023,10,21,7,4,116,"136,1",3549904,67,12,0,3,2
45220,2023,10,21,7,4,50,20,3170206,83,12,0,3,2
45220,2023,10,21,7,4,40,"756,8",3125002,28,18,0,1,1
45220,2023,10,21,7,4,116,211,3518800,61,2,1,3,2
45220,2023,10,21,7,4,40,10,5212501,49,11,1,5,2
45220,2023,10,21,7,4,470,"67,5",4207502,33,11,1,2,2
45220,2023,10,21,7,4,101,623,2920908,15,20,0,1,1
45220,2023,10,21,7,4,101,136,3203205,11,20,0,1,1
45220,2023,10,21,7,4,116,"494,9",3509254,67,20,0,2,1
45220,2023,10,21,7,4,277,727,4108304,83,12,1,3,2
45220,2023,10,21,7,4,116,317,3302254,46,2,0,2,2
45220,2023,10,21,7,4,393,"281,5",3306305,80,7,1,2,2
45221,2023,10,22,1,1,369,"189,4",4101507,49,4,0,2,1
45221,2023,10,22,1,1,101,451,3300100,18,7,0,5,2
45221,2023,10,22,1,1,116,147,3549904,11,3,1,1,1
45221,2023,10,22,1,1,116,226,3518800,67,15,0,3,3
45221,2023,10,22,1,1,448,"0,6",4320008,67,4,0,1,1
45221,2023,10,22,1,1,101,"370,5",3202603,4,4,0,1,1
45221,2023,10,22,1,1,163,19,2922102,1,11,1,2,2
45221,2023,10,22,1,1,116,406,3529906,28,18,1,1,1
45220,2023,10,21,7,4,101,"203,1",4216602,49,4,1,1,1
45221,2023,10,22,1,1,277,"6,5",4118204,67,20,0,1,1
45221,2023,10,22,1,1,459,"93,3",3117900,83,20,0,1,1
45221,2023,10,22,1,1,60,"165,6",5208707,49,4,1,2,1
45221,2023,10,22,1,1,163,129,5005707,67,20,0,2,1
45221,2023,10,22,1,1,101,373,4207007,48,20,0,1,1
45221,2023,10,22,1,1,232,116,2604106,29,21,0,2,1
45221,2023,10,22,1,1,116,"612,6",3162559,82,7,0,3,2
45221,2023,10,22,1,1,262,"326,3",2401305,67,20,1,1,1
45221,2023,10,22,1,1,476,197,4113205,80,7,0,2,2
45220,2023,10,21,7,4,262,"852,9",3111408,9,1,0,3,1
45221,2023,10,22,1,1,280,"79,1",4204509,67,20,0,1,1
45221,2023,10,22,1,1,101,114,4208203,18,3,0,2,1
45221,2023,10,22,1,1,20,178,5200803,35,2,0,4,2
45221,2023,10,22,1,1,476,"184,5",4113205,18,10,0,2,2
45221,2023,10,22,1,1,324,533,2908507,52,9,0,4,4
45221,2023,10,22,1,1,476,117,4105805,11,4,1,2,1
45221,2023,10,22,1,1,116,"267,2",3168606,83,20,0,4,1
45220,2023,10,21,7,4,463,"106,3",5006606,46,20,0,3,1
45221,2023,10,22,1,1,369,196,4101408,67,20,1,2,1
45221,2023,10,22,1,1,163,"795,9",5108501,18,20,0,1,1
45221,2023,10,22,1,1,101,150,4208302,49,4,1,2,1
45221,2023,10,22,1,1,470,88,4201703,48,4,1,1,1
45221,2023,10,22,1,2,40,"768,9",3136702,83,4,0,2,1
45221,2023,10,22,1,1,20,355,2303006,80,20,0,2,2
45221,2023,10,22,1,1,104,"86,5",2707701,18,20,0,1,1
45221,2023,10,22,1,1,365,683,3142809,49,12,0,1,1
45220,2023,10,21,7,4,230,745,1504455,67,2,0,5,5
45221,2023,10,22,1,2,155,325,1504208,11,20,0,1,1
45221,2023,10,22,1,2,262,8,5008305,1,11,1,2,2
45221,2023,10,22,1,1,262,"478,8",3107406,49,7,1,3,2
45221,2023,10,22,1,1,367,"32,9",2925303,18,12,0,2,2
45220,2023,10,21,7,3,70,5,5300108,16,20,1,27,2
45221,2023,10,22,1,2,116,"142,9",3549904,67,12,1,4,2
45221,2023,10,22,1,1,40,8,5300108,49,20,1,1,1
45221,2023,10,22,1,2,381,"660,4",3159902,18,4,0,2,1
45221,2023,10,22,1,1,262,96,3100302,76,4,0,2,1
45221,2023,10,22,1,2,40,782,3136702,11,9,0,1,1
45221,2023,10,22,1,2,153,"568,2",5218391,49,20,0,2,1
45221,2023,10,22,1,1,230,"106,9",2506806,18,20,0,1,1
45221,2023,10,22,1,2,376,596,4106902,11,12,0,2,2
45221,2023,10,22,1,1,50,127,3170107,11,20,0,1,1
45221,2023,10,22,1,2,472,"131,5",4321808,11,20,0,1,1
45209,2023,10,10,3,2,101,267,3205002,78,9,1,2,2
45221,2023,10,22,1,2,381,71,3528502,83,4,0,2,1
45221,2023,10,22,1,2,262,838,3170107,67,12,0,3,2
45221,2023,10,22,1,2,414,"391,1",5205802,83,4,0,2,2
45221,2023,10,22,1,2,230,7,2503209,67,21,1,2,1
45221,2023,10,22,1,2,465,5,3305554,1,10,0,2,2
45221,2023,10,22,1,2,459,"69,4",3165800,83,20,0,2,1
45221,2023,10,22,1,2,381,"919,5",3110509,83,4,1,1,1
45221,2023,10,22,1,2,101,270,3205002,60,2,1,2,2
45221,2023,10,22,1,2,414,"388,2",5205802,67,20,0,2,1
45221,2023,10,22,1,2,226,61,2413102,16,12,0,3,2
45221,2023,10,22,1,2,376,212,4112108,49,9,0,3,2
45221,2023,10,22,1,2,232,409,2613909,67,21,0,1,1
45213,2023,10,14,7,4,163,"467,9",2401305,60,7,1,3,2
45221,2023,10,22,1,2,60,"199,1",5209200,67,20,0,1,1
45221,2023,10,22,1,2,293,"78,1",4314605,15,20,0,3,1
45221,2023,10,22,1,2,101,327,4203956,67,12,1,5,2
45221,2023,10,22,1,2,101,"266,5",3205002,1,11,1,2,2
45221,2023,10,22,1,2,487,"162,4",2501005,11,11,0,3,2
45221,2023,10,22,1,2,235,"52,2",2506905,3,21,1,2,1
45221,2023,10,22,1,3,101,198,4202305,52,9,1,3,3
45221,2023,10,22,1,2,116,500,3509254,67,4,0,2,2
45221,2023,10,22,1,2,101,296,3301900,67,4,1,1,1
45221,2023,10,22,1,2,476,261,4125605,35,2,0,2,2
45221,2023,10,22,1,2,101,455,3302601,35,2,0,3,2
45221,2023,10,22,1,2,101,66,3301009,16,4,1,1,1
45221,2023,10,22,1,2,110,171,2926608,28,20,0,3,1
45221,2023,10,22,1,3,101,73,2110203,1,9,0,3,2
45220,2023,10,21,7,2,493,68,3301702,11,4,1,2,1
45221,2023,10,22,1,3,230,309,2203909,1,11,1,3,2
45176,2023,9,7,5,3,285,"208,7",4311304,1,11,0,4,2
45221,2023,10,22,1,3,116,"203,2",4312476,67,21,0,1,1
45221,2023,10,22,1,2,101,571,3303807,2,11,1,5,3
45221,2023,10,22,1,3,235,4,2800308,11,20,0,2,1
45221,2023,10,22,1,3,174,484,1400100,52,9,0,3,2
45221,2023,10,22,1,3,116,194,3304144,52,9,1,2,2
45221,2023,10,22,1,3,393,281,3306305,82,9,1,4,3
45221,2023,10,22,1,3,116,"15,9",4105805,67,12,1,2,2
45221,2023,10,22,1,3,116,497,2513802,2,11,0,4,2
45221,2023,10,22,1,3,381,942,3125101,67,3,0,3,1
45221,2023,10,22,1,3,146,473,3108404,1,11,0,3,2
45221,2023,10,22,1,3,381,480,3106705,52,9,1,2,2
45221,2023,10,22,1,3,101,"108,5",4212502,67,20,1,1,1
45221,2023,10,22,1,3,101,103,2500601,28,18,0,1,1
45221,2023,10,22,1,3,101,"69,9",2611606,28,21,0,2,1
45221,2023,10,22,1,3,470,"136,2",4214805,11,11,1,4,2
45221,2023,10,22,1,3,60,"18,1",5002951,67,4,0,2,1
45221,2023,10,22,1,3,369,"452,9",4106308,83,20,0,1,1
45221,2023,10,22,1,3,116,269,4304606,28,21,0,2,1
45221,2023,10,22,1,3,40,"632,6",3118304,72,11,1,2,2
45221,2023,10,22,1,3,251,"411,6",3127800,9,20,0,2,2
45221,2023,10,22,1,3,40,"6,5",5221858,35,2,1,2,2
45221,2023,10,22,1,3,293,72,4314605,83,20,0,2,1
45221,2023,10,22,1,3,163,260,5003702,49,12,0,3,2
45221,2023,10,22,1,3,153,"17,8",4320602,52,12,1,2,2
45221,2023,10,22,1,3,116,"103,3",3554102,16,21,0,2,1
45221,2023,10,22,1,3,232,"7,7",2611606,52,11,1,3,2
45221,2023,10,22,1,3,364,343,1100122,67,12,1,4,2
45221,2023,10,22,1,3,262,"359,9",3106705,52,11,0,3,2
45221,2023,10,22,1,3,101,"148,2",2611804,49,3,0,1,1
45221,2023,10,22,1,3,116,12,2304400,16,9,1,2,2
45221,2023,10,22,1,2,153,155,3116902,11,20,0,3,1
45221,2023,10,22,1,3,381,61,3528502,16,9,1,2,2
45221,2023,10,22,1,3,101,"40,9",2508901,61,2,1,2,2
45221,2023,10,22,1,3,324,617,2927408,52,9,1,2,2
45221,2023,10,22,1,3,116,"538,9",3159357,67,20,0,1,1
45221,2023,10,22,1,3,101,485,3300100,83,9,1,3,2
45221,2023,10,22,1,3,116,244,4318705,16,12,1,4,4
45221,2023,10,22,1,3,277,80,4106902,49,9,1,2,2
45221,2023,10,22,1,3,324,546,2901106,67,20,0,1,1
45221,2023,10,22,1,3,70,314,2918506,11,20,1,1,1
45221,2023,10,22,1,4,364,709,1100205,72,11,1,2,2
45221,2023,10,22,1,3,101,264,3205002,67,20,1,1,1