id_data,ano,mes,dia,id_dia_semana,periodo,br,km,id_municipio,id_causa_acidente,id_tipo_acidente,id_uso_solo,pessoas,veiculos
45231,2023,11,1,4,4,116,259,3306305,1,12,0,2,1
45231,2023,11,1,4,4,163,943,5104559,11,20,0,1,1
45231,2023,11,1,4,4,116,"566,8",3139409,11,20,0,2,1
45232,2023,11,2,5,1,40,"7,9",5300108,83,21,1,6,2
45231,2023,11,1,4,4,70,17,5200258,80,7,0,4,2
45231,2023,11,1,4,4,476,"358,2",4128203,13,21,1,1,1
45232,2023,11,2,5,1,60,70,5200100,67,20,0,1,1
45232,2023,11,2,5,1,116,289,3300407,67,20,0,4,1
45232,2023,11,2,5,1,116,214,3518800,67,9,1,3,3
45232,2023,11,2,5,1,70,"521,8",2211407,1,11,1,2,2
45231,2023,11,1,4,4,415,50,2914802,1,9,0,2,2
45232,2023,11,2,5,1,101,52,3555406,1,11,1,2,2
45232,2023,11,2,5,1,60,83,5201108,13,20,0,1,1
45232,2023,11,2,5,1,287,250,2409332,11,4,1,1,1
45232,2023,11,2,5,1,50,"47,5",3103504,49,20,0,1,1
45232,2023,11,2,5,1,116,"412,4",3526100,81,12,0,6,3
45232,2023,11,2,5,1,116,262,4304606,11,4,1,3,2
45232,2023,11,2,5,1,386,"344,6",1712009,49,7,1,7,2
45232,2023,11,2,5,1,277,75,4125506,16,12,1,3,2
45232,2023,11,2,5,1,116,"454,5",2901700,18,4,0,1,1
45232,2023,11,2,5,1,405,170,#N/D,80,7,0,1,1
45232,2023,11,2,5,1,493,50,3301702,67,12,1,3,2
45232,2023,11,2,5,1,369,"191,2",4101408,18,4,0,1,1
45232,2023,11,2,5,2,262,797,3170107,72,11,0,2,2
45232,2023,11,2,5,2,40,5,5300108,49,4,1,1,1
45232,2023,11,2,5,2,153,52,4307005,33,11,0,2,2
45210,2023,10,11,4,3,110,286,2913705,82,7,0,3,2
45232,2023,11,2,5,2,60,95,5201108,83,20,1,1,1
45207,2023,10,8,1,4,392,12,4304663,2,11,1,2,2
45228,2023,10,29,1,3,101,294,3301900,67,15,1,3,3
45188,2023,9,19,3,3,101,205,4216602,16,12,1,2,2
45232,2023,11,2,5,2,116,171,3304557,11,9,0,1,1
45232,2023,11,2,5,2,104,"63,7",2604106,16,12,1,6,2
45232,2023,11,2,5,2,101,"206,2",4216602,67,12,0,3,2
45232,2023,11,2,5,2,316,22,1501501,1,11,1,3,2
45232,2023,11,2,5,2,293,"56,5",4314605,83,3,0,1,1
45232,2023,11,2,5,2,262,442,3145208,11,9,1,2,2
45232,2023,11,2,5,2,116,122,4106902,13,21,1,2,1
45232,2023,11,2,5,2,316,79,1507409,11,12,0,4,2
45232,2023,11,2,5,2,376,660,4127601,83,20,0,2,1
45232,2023,11,2,5,2,60,27,5200308,13,20,0,2,1
45232,2023,11,2,5,2,101,"1,5",4205803,11,12,0,3,2
45232,2023,11,2,5,2,40,"612,5",3118007,67,15,0,18,6
45232,2023,11,2,5,2,116,193,3303500,16,15,1,5,4
45232,2023,11,2,5,2,101,143,4208302,67,12,1,3,2
45232,2023,11,2,5,2,428,"175,7",2611101,16,9,0,2,2
45232,2023,11,2,5,2,101,210,4216602,16,15,1,5,4
45232,2023,11,2,5,2,116,189,3303500,78,12,1,2,2
45232,2023,11,2,5,2,365,"614,2",3170206,16,12,1,3,2
45232,2023,11,2,5,2,262,"109,3",5000203,18,10,0,5,2
45232,2023,11,2,5,2,282,57,4214300,67,21,0,2,2
45232,2023,11,2,5,2,101,209,4216602,67,12,1,2,2
45232,2023,11,2,5,2,282,52,4200606,67,21,0,1,1
45232,2023,11,2,5,2,282,52,4200606,67,20,0,2,1
45232,2023,11,2,5,2,101,369,2911204,28,21,0,2,1
45184,2023,9,15,6,3,365,36,3116506,7,21,0,2,1
45232,2023,11,2,5,2,470,254,4316501,67,20,0,1,1
45232,2023,11,2,5,2,20,"181,9",5220686,11,12,1,3,2
45232,2023,11,2,5,2,101,"48,4",2600054,67,9,1,2,2
45232,2023,11,2,5,2,40,102,5206206,14,3,0,2,1
45232,2023,11,2,5,3,101,47,3555406,67,7,1,3,3
45232,2023,11,2,5,2,60,"87,8",5201108,67,20,1,1,1
45222,2023,10,23,2,1,267,"640,8",5006903,11,20,0,2,1
45232,2023,11,2,5,2,470,278,4318614,7,7,0,2,2
45232,2023,11,2,5,2,376,"616,3",4125506,67,9,1,4,2
45232,2023,11,2,5,3,101,"278,5",4207304,49,21,1,1,1
45232,2023,11,2,5,3,40,511,3154606,67,4,1,2,1
45232,2023,11,2,5,3,381,543,3133709,4,20,0,1,1
45232,2023,11,2,5,3,153,426,5201108,4,3,0,2,1
45232,2023,11,2,5,3,40,519,3154606,52,9,0,2,2
45232,2023,11,2,5,3,101,269,4207304,67,4,0,1,1
45232,2023,11,2,5,2,316,"383,2",2101202,18,20,0,4,1
45232,2023,11,2,5,3,262,380,3136652,15,20,0,2,2
45232,2023,11,2,5,3,381,628,3145604,4,20,0,2,2
45232,2023,11,2,5,3,414,348,5205513,13,4,0,2,1
45232,2023,11,2,5,3,116,127,3302502,18,12,0,3,2
45232,2023,11,2,5,3,50,172,5204805,4,20,0,1,1
45232,2023,11,2,5,3,116,"427,2",4306056,1,11,1,2,2
45232,2023,11,2,5,3,101,"262,3",4205704,67,20,0,3,1
45232,2023,11,2,5,3,369,"22,5",4103602,33,11,1,4,2
45232,2023,11,2,5,3,262,"37,2",3139409,20,12,1,4,3
45232,2023,11,2,5,3,365,448,3128907,15,20,0,2,1
45232,2023,11,2,5,3,116,"322,1",3302254,67,9,0,2,2
45232,2023,11,2,5,3,365,658,3142809,11,12,0,2,2
45232,2023,11,2,5,3,230,"7,9",2503209,1,11,1,3,2
45232,2023,11,2,5,3,101,"86,1",2507507,16,12,1,2,2
45232,2023,11,2,5,3,101,"88,5",2804805,49,12,1,6,2
45232,2023,11,2,5,3,402,"9,7",2202000,1,2,0,2,2
45232,2023,11,2,5,2,392,"194,2",4317004,67,20,0,2,1
45172,2023,9,3,1,3,386,"417,1",4312401,11,4,0,5,1
45232,2023,11,2,5,4,101,157,4213500,83,12,0,2,2
45232,2023,11,2,5,4,116,"212,9",3518800,60,2,1,2,2
45232,2023,11,2,5,4,222,306,2313401,64,21,0,1,1
45232,2023,11,2,5,3,232,"81,7",2606408,49,12,1,2,2
45232,2023,11,2,5,4,116,18,2612208,2,20,0,1,1
45232,2023,11,2,5,3,465,1,3305554,11,2,1,4,3
45232,2023,11,2,5,4,158,"325,5",2409332,46,4,1,1,1
45232,2023,11,2,5,4,101,194,4202305,67,12,1,2,2
45232,2023,11,2,5,4,280,82,4204509,1,11,1,4,2
45232,2023,11,2,5,4,470,"317,6",4203600,67,3,0,1,1
45232,2023,11,2,5,4,230,"116,4",1504208,16,12,1,2,2
45232,2023,11,2,5,4,40,"280,3",3169356,60,2,0,2,2
45232,2023,11,2,5,4,316,"552,5",2103000,83,4,0,1,1
45232,2023,11,2,5,4,116,"329,5",4301909,15,20,0,1,1
45232,2023,11,2,5,4,163,628,5106224,1,10,0,3,2
45232,2023,11,2,5,4,282,"587,1",4217303,56,4,0,1,1
45232,2023,11,2,5,4,101,127,3304151,49,7,0,4,2
45233,2023,11,3,6,1,101,"289,4",3201308,18,4,0,1,1
45233,2023,11,3,6,1,319,63,1100205,33,11,1,5,3
45233,2023,11,3,6,1,282,"0,3",4205407,83,20,1,1,1
45233,2023,11,3,6,1,40,"518,5",3154606,67,20,1,1,1
45233,2023,11,3,6,1,101,"150,6",4208302,83,4,1,1,1
45233,2023,11,3,6,1,101,"211,2",4211900,4,20,1,1,1
45233,2023,11,3,6,2,153,"61,9",3549805,56,4,0,1,1
45233,2023,11,3,6,2,116,214,3518800,67,12,0,4,3
45233,2023,11,3,6,1,50,"4,6",3103504,28,18,0,1,1
45233,2023,11,3,6,2,470,244,4301651,51,4,1,1,1
45233,2023,11,3,6,2,304,38,2408003,1,9,1,2,2
45233,2023,11,3,6,1,116,3,2304400,11,4,1,1,1
45232,2023,11,2,5,4,476,278,4125605,15,2,0,2,2
45233,2023,11,3,6,2,163,218,2303501,13,20,0,2,1
45233,2023,11,3,6,2,116,200,3304144,11,4,0,1,1
45233,2023,11,3,6,2,235,55,2506905,2,11,1,2,2
45233,2023,11,3,6,2,415,49,2914802,2,11,0,2,2
45233,2023,11,3,6,2,101,102,4212809,15,21,0,1,1
45233,2023,11,3,6,2,116,393,4303509,11,20,0,3,1
45233,2023,11,3,6,2,40,121,3301702,52,9,1,2,1
45233,2023,11,3,6,2,163,"615,7",5007695,1,11,1,2,2
45233,2023,11,3,6,2,116,"3,2",2304400,16,12,1,2,2
45233,2023,11,3,6,1,163,276,5003702,11,4,1,1,1
45233,2023,11,3,6,2,101,"229,3",4211900,67,4,0,4,1
45233,2023,11,3,6,2,101,"41,9",2606804,28,21,0,1,1
45233,2023,11,3,6,2,381,"85,5",3550308,16,12,0,3,2
45233,2023,11,3,6,1,158,"5,3",5002902,82,7,0,4,2
45233,2023,11,3,6,2,101,102,2403251,20,12,1,3,2
45233,2023,11,3,6,2,406,169,2312403,1,12,1,3,2
45233,2023,11,3,6,2,153,"496,2",1716109,33,11,0,3,2
45233,2023,11,3,6,2,365,487,3148103,28,20,0,1,1
45233,2023,11,3,6,2,222,363,2109908,82,7,1,3,2
45233,2023,11,3,6,2,101,"339,8",4218707,11,20,0,1,1
45233,2023,11,3,6,2,40,4,5300108,28,18,1,1,1
45233,2023,11,3,6,2,163,"23,3",4124400,15,20,0,1,1
45233,2023,11,3,6,2,386,411,2516805,4,4,0,3,1
45233,2023,11,3,6,2,376,"174,5",4115200,16,12,1,2,2
45233,2023,11,3,6,2,365,"649,4",3170206,13,20,0,3,1
45233,2023,11,3,6,2,101,203,4216602,52,9,0,2,2
45233,2023,11,3,6,2,116,"459,5",3123700,28,20,0,4,1
45211,2023,10,12,5,2,116,522,3509254,15,4,0,4,1
45233,2023,11,3,6,3,290,"91,7",4314902,4,9,1,2,2
45220,2023,10,21,7,2,324,"591,9",2906501,11,12,1,2,2
45233,2023,11,3,6,3,376,217,4112108,33,11,1,2,2
45233,2023,11,3,6,3,50,"96,5",3170206,11,20,0,4,1
45233,2023,11,3,6,2,40,"639,7",3118304,52,9,0,2,2
45233,2023,11,3,6,3,381,874,3124500,83,3,0,3,1
45233,2023,11,3,6,2,262,232,5007109,11,12,0,3,2
45233,2023,11,3,6,3,101,"401,7",4210407,16,12,1,3,2
45233,2023,11,3,6,3,282,16,4211900,78,10,1,2,2
45233,2023,11,3,6,3,467,"102,5",2303501,83,21,0,1,1
45233,2023,11,3,6,3,408,"85,1",2610608,18,20,0,1,1
45233,2023,11,3,6,3,116,"432,3",3542602,15,4,0,5,2
45233,2023,11,3,6,3,367,"23,5",2925303,78,11,1,2,2
45233,2023,11,3,6,3,101,104,4212502,11,9,0,7,5
45233,2023,11,3,6,3,60,183,5002605,67,20,0,3,1
45233,2023,11,3,6,3,459,"68,5",3165800,83,7,0,5,2
45229,2023,10,30,2,4,469,1,4108304,49,11,1,2,2
45233,2023,11,3,6,3,235,67,2506905,21,20,0,1,1
45233,2023,11,3,6,3,101,"270,9",3205002,67,9,1,2,2
45233,2023,11,3,6,3,116,"15,7",2933307,16,12,0,2,2
45233,2023,11,3,6,3,110,371,2907509,2,10,1,3,2
45233,2023,11,3,6,3,101,"198,2",4202305,11,12,0,2,2
45233,2023,11,3,6,3,319,62,1100205,16,12,1,3,3
45233,2023,11,3,6,3,116,135,4114302,64,20,0,1,1
45233,2023,11,3,6,3,222,"4,8",2303709,11,12,1,2,2
45233,2023,11,3,6,3,230,36,2110203,67,21,1,1,1
45233,2023,11,3,6,3,40,"273,3",3169356,82,9,0,2,2
45233,2023,11,3,6,3,381,"767,8",3110905,15,3,0,4,1
45233,2023,11,3,6,3,50,"246,9",5205109,28,20,0,2,1
45233,2023,11,3,6,3,290,89,4314902,52,9,0,2,2
45233,2023,11,3,6,3,110,401,2929503,83,3,1,1,1
45233,2023,11,3,6,3,116,148,3549904,16,12,1,4,3
45233,2023,11,3,6,3,70,91,4108502,15,20,0,2,1
45233,2023,11,3,6,3,262,"606,1",5005608,18,21,0,1,1
45233,2023,11,3,6,3,101,202,2708808,61,2,0,3,2
45233,2023,11,3,6,3,116,214,3518800,67,12,1,2,2
45233,2023,11,3,6,4,40,"6,7",5221858,67,12,1,2,2
45233,2023,11,3,6,4,381,"603,7",3145604,83,20,0,1,1
45233,2023,11,3,6,2,367,"50,5",2925303,1,11,0,2,2
45233,2023,11,3,6,3,316,147,2706307,1,11,1,3,3
45233,2023,11,3,6,3,262,801,3170107,67,12,1,2,2
45233,2023,11,3,6,3,364,671,1100809,13,20,0,1,1
45233,2023,11,3,6,4,101,"268,1",4212304,18,20,1,1,1
45233,2023,11,3,6,4,101,"198,1",4202305,78,9,1,2,2
45233,2023,11,3,6,4,101,146,2611804,1,9,0,5,2
45233,2023,11,3,6,4,153,"3,9",3519808,49,10,0,4,2
45233,2023,11,3,6,4,101,70,2611606,56,4,1,2,2
45233,2023,11,3,6,3,116,"508,9",3170057,72,11,1,2,2
45233,2023,11,3,6,4,408,"35,4",2600708,82,10,0,1,1
45233,2023,11,3,6,3,110,370,2907509,16,9,1,4,2
45233,2023,11,3,6,4,232,"411,7",2613909,9,1,1,1,1
45233,2023,11,3,6,3,421,"50,5",1101401,52,10,1,3,2
45233,2023,11,3,6,4,153,"59,2",3549805,13,20,0,1,1
45233,2023,11,3,6,3,364,81,1200450,60,2,0,5,2
45233,2023,11,3,6,4,101,40,4209102,33,9,1,5,2
45233,2023,11,3,6,4,232,"411,9",2613909,60,2,1,4,2
45233,2023,11,3,6,4,369,141,4109807,49,12,1,4,4
45233,2023,11,3,6,4,40,"8,3",5221858,61,2,1,3,2
45233,2023,11,3,6,3,40,217,3136306,82,7,0,4,2
45233,2023,11,3,6,4,163,892,5103056,4,20,0,1,1
45219,2023,10,20,6,4,153,160,5204706,83,12,0,2,2
45233,2023,11,3,6,3,116,"72,8",3531605,11,11,0,4,2
45233,2023,11,3,6,4,282,"407,1",4105003,38,2,0,2,2
45233,2023,11,3,6,4,290,89,4314902,11,4,0,1,1
45233,2023,11,3,6,4,116,127,3302502,61,2,1,2,2
45233,2023,11,3,6,4,290,88,4314902,18,4,0,2,1
45222,2023,10,23,2,1,101,"173,3",2806305,49,12,0,6,2
45233,2023,11,3,6,4,153,67,5218003,49,4,0,1,1
45233,2023,11,3,6,4,116,"151,2",4305108,80,7,1,2,2
45233,2023,11,3,6,4,365,825,3159803,15,21,0,1,1
45192,2023,9,23,7,2,476,232,4113205,67,11,0,2,2
45233,2023,11,3,6,4,116,"145,5",3301702,61,2,1,2,2
45234,2023,11,4,7,1,40,"776,1",3136702,15,4,0,3,1
45234,2023,11,4,7,1,277,7,4118204,18,20,0,2,1
45234,2023,11,4,7,1,381,"921,4",3110509,28,20,0,2,1
45234,2023,11,4,7,1,277,725,4108304,83,20,1,1,1
45234,2023,11,4,7,1,174,445,1400308,80,7,0,4,2
45234,2023,11,4,7,1,287,277,4319406,9,1,0,19,1
45234,2023,11,4,7,1,40,"478,2",3167202,83,20,0,1,1
45234,2023,11,4,7,1,116,"517,4",3170057,11,20,0,2,1
45234,2023,11,4,7,1,104,"27,9",2709301,9,1,0,4,2
45234,2023,11,4,7,1,277,"595,5",2303501,49,11,0,2,2
45234,2023,11,4,7,2,101,"209,7",4216602,48,4,0,2,1
45234,2023,11,4,7,1,376,161,4115200,83,20,1,2,1
45233,2023,11,3,6,4,163,276,4120853,63,21,0,1,1
45234,2023,11,4,7,1,470,"174,9",4322806,67,20,1,1,1
45234,2023,11,4,7,2,101,"145,9",3203205,17,11,1,2,2
45234,2023,11,4,7,2,277,679,4115804,30,18,0,1,1
45234,2023,11,4,7,2,174,15,1100304,80,7,1,2,2
45234,2023,11,4,7,1,101,85,4202107,13,20,1,1,1
45234,2023,11,4,7,2,376,"593,9",4106902,63,21,1,2,1
45205,2023,10,6,6,2,116,423,2910800,1,2,1,2,2
45234,2023,11,4,7,2,476,"273,1",4125605,7,7,0,3,2
45206,2023,10,7,7,3,282,6,4216602,83,4,1,1,1
45234,2023,11,4,7,1,116,238,4313409,67,4,1,1,1
45194,2023,9,25,2,3,405,24,2408003,11,20,0,2,1
45234,2023,11,4,7,2,290,721,4322400,49,4,0,4,3
45234,2023,11,4,7,2,10,272,2105302,13,21,0,2,1
45234,2023,11,4,7,2,381,"924,5",3133600,83,20,0,2,1
45234,2023,11,4,7,1,70,366,5102678,11,12,0,2,2
45116,2023,7,9,1,3,381,"154,9",3127701,11,12,0,2,2
45234,2023,11,4,7,2,364,358,1100122,2,20,0,1,1
45112,2023,7,5,4,2,381,205,3149952,11,20,0,2,1
45210,2023,10,11,4,3,282,17,4211900,1,11,0,2,2
45234,2023,11,4,7,2,135,"30,9",2101251,67,3,0,2,1
45234,2023,11,4,7,2,163,286,4114609,33,7,1,2,2
45234,2023,11,4,7,2,465,20,3303500,1,11,1,3,2
45234,2023,11,4,7,2,116,"222,8",3518800,67,12,1,2,2
45234,2023,11,4,7,2,10,208,2109551,1,11,0,2,2
45234,2023,11,4,7,2,135,"3,2",2111300,61,2,1,2,2
45234,2023,11,4,7,2,116,493,3509254,11,20,0,2,1
45234,2023,11,4,7,2,116,64,2303956,33,11,1,3,2
45234,2023,11,4,7,2,101,289,3201308,52,12,1,2,2
45234,2023,11,4,7,2,267,"480,9",2307106,33,11,1,2,2
45234,2023,11,4,7,2,262,"76,5",3201902,67,20,0,1,1
45234,2023,11,4,7,2,386,"342,9",1712009,11,12,1,3,2
45234,2023,11,4,7,2,10,"252,3",2105302,1,11,1,2,2
45234,2023,11,4,7,2,230,"166,2",2504009,81,9,1,2,2
45194,2023,9,25,2,4,448,13,4304606,67,3,0,2,1
45234,2023,11,4,7,2,101,54,2510907,52,11,0,6,4
45234,2023,11,4,7,2,262,"17,6",3140530,80,7,0,3,2
45234,2023,11,4,7,2,280,"51,9",4206504,72,12,1,5,2
45234,2023,11,4,7,2,316,256,2109908,11,20,0,2,1
45216,2023,10,17,3,2,364,"234,5",1100049,6,21,0,1,1
45234,2023,11,4,7,2,381,497,3106705,52,9,1,3,2
45234,2023,11,4,7,2,116,454,3542602,67,3,0,1,1
45234,2023,11,4,7,2,101,146,4208302,16,15,1,3,3
45234,2023,11,4,7,2,428,"172,7",2611101,1,11,0,4,2
45234,2023,11,4,7,3,405,165,2410504,66,3,0,1,1
45234,2023,11,4,7,3,101,"145,1",3203205,67,20,1,1,1
45234,2023,11,4,7,3,116,"92,6",3538006,49,2,0,4,2
45234,2023,11,4,7,3,10,456,4117602,28,4,0,3,1
45234,2023,11,4,7,3,116,3,2304400,52,9,1,2,2
45234,2023,11,4,7,3,40,491,3124104,83,3,0,1,1
45234,2023,11,4,7,3,210,64,1600535,11,20,0,1,1
45234,2023,11,4,7,3,116,109,3554102,67,15,1,10,3
45234,2023,11,4,7,3,282,"76,2",4214300,4,20,0,1,1
45234,2023,11,4,7,3,101,69,2611606,52,9,1,2,2
45234,2023,11,4,7,3,376,169,5006200,49,11,0,2,2
45234,2023,11,4,7,3,101,86,4202107,67,11,1,3,2
45234,2023,11,4,7,3,285,"201,2",4311304,1,11,1,4,3
45234,2023,11,4,7,3,101,76,2611606,52,20,1,2,2
45234,2023,11,4,7,3,262,814,3170107,67,20,0,2,1
45234,2023,11,4,7,3,470,"44,5",4205902,67,12,1,3,2
45234,2023,11,4,7,3,101,"216,2",4211900,52,9,1,4,3
45234,2023,11,4,7,2,116,277,3168606,72,11,1,2,2
45234,2023,11,4,7,3,116,104,3554102,48,15,1,3,3
45234,2023,11,4,7,3,259,"0,6",3203130,1,9,0,2,2
45234,2023,11,4,7,3,101,155,4213500,49,20,0,1,1
45234,2023,11,4,7,3,424,"101,3",2602407,1,7,0,4,2
45234,2023,11,4,7,3,470,"65,8",4207502,11,10,1,2,2
45234,2023,11,4,7,3,116,"355,5",2413508,67,12,0,2,2
45234,2023,11,4,7,3,101,70,2611606,1,11,1,2,2
45234,2023,11,4,7,3,116,633,3122009,15,21,0,2,1
45234,2023,11,4,7,3,101,"85,8",2408102,11,15,1,5,4
45234,2023,11,4,7,3,101,437,3302601,49,10,0,2,2
45234,2023,11,4,7,3,381,"731,9",3113909,16,3,0,5,1
45234,2023,11,4,7,3,20,"404,8",2303709,52,12,1,3,2
45234,2023,11,4,7,4,381,367,3161908,11,7,0,9,2
45234,2023,11,4,7,4,101,"124,7",4208203,11,12,1,5,3
45234,2023,11,4,7,4,153,52,3549805,35,2,1,2,2
45234,2023,11,4,7,4,381,"847,9",3152501,49,3,0,3,1
45234,2023,11,4,7,4,40,564,3144805,60,2,0,3,2
45234,2023,11,4,7,3,101,504,3300100,67,21,1,2,1
45234,2023,11,4,7,4,381,487,3106705,28,21,1,2,1
45234,2023,11,4,7,3,101,285,2918803,82,10,0,2,2
45234,2023,11,4,7,3,230,497,2503704,11,12,0,3,3
45234,2023,11,4,7,4,101,"261,9",3205002,20,11,1,2,2
45234,2023,11,4,7,3,316,36,2701605,80,7,1,2,2
45234,2023,11,4,7,4,10,250,2105302,33,11,1,3,2
45234,2023,11,4,7,4,101,0,2606200,11,21,0,1,1
45234,2023,11,4,7,4,40,"814,5",3140803,28,18,0,1,1
45234,2023,11,4,7,4,40,"763,7",3136702,67,4,0,1,1
45234,2023,11,4,7,4,101,533,3300100,1,11,0,3,2
45234,2023,11,4,7,4,470,151,4200309,29,21,0,1,1
45234,2023,11,4,7,4,316,"425,3",2108454,1,11,1,2,2
45234,2023,11,4,7,4,153,53,3549805,49,20,0,1,1
45234,2023,11,4,7,4,116,297,3522208,11,20,1,2,2
45234,2023,11,4,7,4,470,175,4322806,11,12,0,5,2
45234,2023,11,4,7,4,285,"372,8",4316436,82,7,0,4,2
45234,2023,11,4,7,4,153,285,3533700,49,4,0,1,1
45234,2023,11,4,7,4,470,351,4318408,11,20,0,1,1
45234,2023,11,4,7,4,116,94,4125506,67,12,1,2,2
45234,2023,11,4,7,4,50,"59,8",3170206,49,20,0,1,1
45234,2023,11,4,7,4,324,534,2908507,11,12,0,2,2
45234,2023,11,4,7,4,163,573,4102406,18,21,0,2,1
45234,2023,11,4,7,4,262,422,5008008,67,4,0,2,1
45234,2023,11,4,7,4,330,"865,9",2932309,81,4,1,1,1
45234,2023,11,4,7,4,116,"268,5",4304606,16,12,1,2,2
45234,2023,11,4,7,3,369,"86,2",4106407,11,20,0,1,1
45234,2023,11,4,7,4,116,304,4309308,11,20,0,1,1
45234,2023,11,4,7,4,116,218,3518800,11,12,0,7,2
45234,2023,11,4,7,3,101,398,3302007,11,20,1,2,1
45234,2023,11,4,7,4,40,"23,4",3306008,11,4,0,2,1
45231,2023,11,1,4,2,40,120,3301702,78,9,1,2,2
45234,2023,11,4,7,4,465,5,3305554,49,12,1,2,2
45234,2023,11,4,7,4,101,"329,9",4218707,63,21,0,1,1
45234,2023,11,4,7,4,343,"347,4",2211001,61,2,1,2,2
45234,2023,11,4,7,4,405,"1,9",2408003,17,7,0,2,2
45235,2023,11,5,1,1,101,"113,5",4208203,5,21,0,1,1
45235,2023,11,5,1,1,101,"331,4",4218707,63,21,1,2,1
45234,2023,11,4,7,4,402,93,2205706,67,21,0,1,1
45235,2023,11,5,1,1,116,215,3518800,49,12,1,7,5
45235,2023,11,5,1,1,116,216,3518800,67,21,1,2,2
45235,2023,11,5,1,1,319,64,1100205,52,9,1,2,2
45235,2023,11,5,1,1,116,116,3302502,83,9,0,4,2
45235,2023,11,5,1,1,364,278,5104807,67,12,1,2,2
45235,2023,11,5,1,1,50,102,5206206,11,21,0,2,1
45234,2023,11,4,7,4,414,275,5222302,83,7,0,1,1
45235,2023,11,5,1,1,304,31,2408003,49,20,1,1,1
45235,2023,11,5,1,1,116,258,4307708,67,4,1,4,1
45235,2023,11,5,1,1,429,226,1101500,11,12,0,4,2
45235,2023,11,5,1,1,376,630,4125506,67,20,0,1,1
45233,2023,11,3,6,1,116,206,3305554,60,2,0,2,2
45235,2023,11,5,1,1,381,487,3106705,11,4,0,1,1
45235,2023,11,5,1,2,40,109,3301702,1,11,1,3,3
45234,2023,11,4,7,4,10,"376,1",2105427,49,7,1,2,2
45235,2023,11,5,1,2,60,102,5201108,49,20,1,1,1
45235,2023,11,5,1,1,60,383,5218805,67,20,1,1,1
45235,2023,11,5,1,2,116,118,4106902,67,4,1,2,1
45206,2023,10,7,7,3,101,55,3301009,1,11,1,2,2
45235,2023,11,5,1,2,282,"4,7",4205407,1,9,1,3,2
45232,2023,11,2,5,1,470,57,4202404,49,10,1,2,2
45215,2023,10,16,2,2,101,320,3303302,78,12,1,2,2
45235,2023,11,5,1,2,50,68,3170206,33,11,1,3,2
45235,2023,11,5,1,2,101,"42,2",2606804,60,2,1,2,2
45235,2023,11,5,1,1,101,401,3302007,11,4,0,1,1
45223,2023,10,24,3,2,480,"129,5",4204202,83,4,0,1,1
45235,2023,11,5,1,2,101,132,2708600,83,12,0,3,2
45235,2023,11,5,1,2,101,"237,8",4211900,63,3,0,1,1
45168,2023,8,30,4,1,101,"75,1",3301009,83,4,0,4,1
45235,2023,11,5,1,2,116,82,4119509,67,20,0,2,2
45235,2023,11,5,1,2,101,336,4218707,13,21,1,3,2
45235,2023,11,5,1,2,101,"42,7",2606804,52,11,1,3,2
45235,2023,11,5,1,2,60,114,5221197,2,11,0,2,2
45235,2023,11,5,1,2,70,14,5300108,83,3,0,1,1
45235,2023,11,5,1,2,116,"0,5",4120804,83,20,1,3,1
45235,2023,11,5,1,2,235,"17,8",2803609,80,7,0,5,2
45235,2023,11,5,1,2,101,155,4213500,28,21,0,2,1
45235,2023,11,5,1,2,277,"540,4",4109757,1,11,0,4,2
45235,2023,11,5,1,1,316,"43,8",2205581,83,20,0,2,1
45235,2023,11,5,1,2,101,"207,5",4216602,11,12,1,3,2
45235,2023,11,5,1,2,40,109,3301702,28,21,1,2,1
45235,2023,11,5,1,2,316,"326,4",2605707,1,11,0,2,2
45235,2023,11,5,1,2,163,485,2401305,11,12,1,3,2
45235,2023,11,5,1,2,116,"142,8",3549904,67,20,1,1,1
45235,2023,11,5,1,2,324,574,2929503,67,4,0,2,1
45235,2023,11,5,1,2,70,16,5300108,78,12,1,2,2
45235,2023,11,5,1,2,40,2,5221858,16,15,1,6,3
45168,2023,8,30,4,2,101,"56,7",2611606,11,12,1,2,2
45235,2023,11,5,1,2,277,83,4106902,11,12,1,5,2
45235,2023,11,5,1,2,40,101,3301702,28,4,0,1,1
45235,2023,11,5,1,3,381,"921,2",3110509,83,21,0,2,1
45235,2023,11,5,1,2,163,97,4216701,2,11,0,5,2
45235,2023,11,5,1,2,40,"277,8",3169356,1,11,0,2,2
45184,2023,9,15,6,4,343,343,2211001,49,12,1,2,2
45235,2023,11,5,1,3,101,297,3301900,60,2,1,2,2
45235,2023,11,5,1,3,101,"216,5",4211900,16,12,0,3,2
45235,2023,11,5,1,3,101,"345,4",3202405,83,9,1,2,2
45235,2023,11,5,1,3,101,130,4202008,78,12,0,2,2
45235,2023,11,5,1,2,381,57,3528502,49,12,0,3,3
45235,2023,11,5,1,3,101,205,3301306,2,11,0,3,2
45235,2023,11,5,1,2,163,"593,4",5106224,67,21,1,1,1
45235,2023,11,5,1,3,116,185,3303500,11,9,0,2,2
45235,2023,11,5,1,3,116,126,4319000,72,11,0,2,2
45235,2023,11,5,1,3,324,542,2901106,63,21,1,2,1
45235,2023,11,5,1,3,251,46,5300108,83,4,0,1,1
45235,2023,11,5,1,3,40,510,3154606,16,15,0,3,3
45235,2023,11,5,1,3,262,239,5007109,35,2,1,4,2
45235,2023,11,5,1,3,290,"370,2",4323457,49,20,0,2,1