id_data,ano,mes,dia,id_dia_semana,periodo,br,km,id_municipio,id_causa_acidente,id_tipo_acidente,id_uso_solo,pessoas,veiculos
45235,2023,11,5,1,3,116,248,4318705,11,12,1,2,2
45235,2023,11,5,1,3,153,553,5217104,52,20,0,1,1
45235,2023,11,5,1,3,101,"137,5",4202008,67,12,1,3,2
45235,2023,11,5,1,3,101,"329,3",4218707,52,9,0,3,2
45235,2023,11,5,1,3,308,201,1501709,1,11,1,2,2
45235,2023,11,5,1,3,116,530,2307205,28,18,0,1,1
45235,2023,11,5,1,3,116,305,4309308,67,12,0,5,3
45235,2023,11,5,1,2,20,22,5300108,49,20,1,2,2
45235,2023,11,5,1,3,101,"664,9",2915304,6,4,0,2,1
45235,2023,11,5,1,3,10,"246,5",1500958,83,10,0,2,2
45235,2023,11,5,1,3,316,"156,5",2706307,83,12,1,5,3
45235,2023,11,5,1,3,101,"48,4",3555406,1,11,1,2,2
45235,2023,11,5,1,3,40,508,3154606,52,9,1,2,2
45235,2023,11,5,1,3,70,86,4108502,28,7,0,4,2
45235,2023,11,5,1,3,290,150,4301107,11,12,1,7,2
45235,2023,11,5,1,3,226,4,2408102,20,11,1,2,2
45235,2023,11,5,1,3,386,426,4312401,49,12,0,2,2
45235,2023,11,5,1,3,414,"338,5",5205513,83,20,0,4,1
45235,2023,11,5,1,3,285,587,4302501,44,20,0,1,1
45235,2023,11,5,1,3,116,"111,5",4125506,11,21,1,1,1
45235,2023,11,5,1,3,101,"222,3",4211900,9,21,1,2,1
45235,2023,11,5,1,3,116,"456,6",3123700,78,21,0,1,1
45235,2023,11,5,1,3,230,"26,4",2507507,48,2,1,2,2
45235,2023,11,5,1,3,282,"231,4",4209300,1,11,0,2,2
45235,2023,11,5,1,3,304,"113,1",2400208,9,1,0,1,1
45235,2023,11,5,1,3,153,354,4121505,13,20,0,1,1
45235,2023,11,5,1,3,116,"140,5",3549904,11,9,1,3,2
45235,2023,11,5,1,3,116,182,3303500,1,12,1,2,2
45235,2023,11,5,1,3,277,83,4106902,67,12,1,2,1
45235,2023,11,5,1,3,369,138,4109807,49,11,1,2,2
45235,2023,11,5,1,2,470,141,4214805,1,11,1,4,2
45235,2023,11,5,1,3,101,"361,5",3200409,1,11,0,3,2
45235,2023,11,5,1,3,116,151,4114302,20,11,1,2,2
45235,2023,11,5,1,3,116,"68,6",2500775,60,2,1,2,2
45235,2023,11,5,1,3,101,"95,9",2602902,83,20,1,4,1
45235,2023,11,5,1,3,101,"51,3",2600054,11,21,1,1,1
45235,2023,11,5,1,3,285,303,4314100,67,12,0,8,2
45235,2023,11,5,1,3,304,292,2407104,80,10,0,2,2
45235,2023,11,5,1,4,116,184,3303500,11,12,1,2,2
45235,2023,11,5,1,3,402,6,2109601,1,10,0,3,2
45235,2023,11,5,1,3,381,"824,3",3113602,83,9,0,5,2
45235,2023,11,5,1,3,381,"824,3",3113602,49,12,0,4,2
45235,2023,11,5,1,3,116,115,4106902,52,12,1,2,2
45235,2023,11,5,1,4,101,66,2110203,29,20,0,1,1
45235,2023,11,5,1,4,50,"278,5",5205109,49,12,1,3,2
45235,2023,11,5,1,4,20,303,2302800,52,9,0,3,2
45235,2023,11,5,1,3,158,527,4118501,1,11,0,4,2
45235,2023,11,5,1,3,163,838,5107909,49,12,1,4,2
45235,2023,11,5,1,4,232,134,2604106,49,20,1,1,1
45235,2023,11,5,1,3,402,42,2107100,49,12,0,5,2
45235,2023,11,5,1,3,425,94,1100338,49,3,0,1,1
45235,2023,11,5,1,4,101,"325,5",4203956,16,12,0,2,2
45235,2023,11,5,1,3,230,142,2504009,13,21,0,2,1
45235,2023,11,5,1,3,158,"91,2",5006309,80,4,1,1,1
45235,2023,11,5,1,4,40,522,3154606,49,4,1,2,1
45235,2023,11,5,1,3,116,"583,6",3139409,67,20,0,1,1
45235,2023,11,5,1,4,116,"2,7",2304400,83,12,1,2,2
45235,2023,11,5,1,3,293,"242,9",4306601,49,3,0,1,1
45235,2023,11,5,1,4,153,452,4128203,80,7,1,3,2
45235,2023,11,5,1,3,364,587,1101104,28,20,0,2,1
45235,2023,11,5,1,4,324,605,2930709,83,4,1,1,1
45235,2023,11,5,1,3,101,403,3302007,61,2,1,2,2
45235,2023,11,5,1,4,287,270,2409332,48,7,0,4,2
45235,2023,11,5,1,4,101,71,2611606,11,2,1,3,2
45235,2023,11,5,1,2,80,122,5222302,51,20,0,2,2
45235,2023,11,5,1,4,235,39,2401107,11,20,0,2,1
45235,2023,11,5,1,4,70,0,5300108,11,4,1,1,1
45235,2023,11,5,1,3,153,"576,3",5217104,52,20,0,4,1
45235,2023,11,5,1,4,116,251,4320008,28,18,0,1,1
45235,2023,11,5,1,4,101,"253,9",3205002,49,4,0,1,1
45235,2023,11,5,1,3,101,244,2908309,82,10,0,5,3
45235,2023,11,5,1,4,470,"1,2",4205902,72,12,1,4,2
45235,2023,11,5,1,4,277,63,4125506,16,12,0,5,2
45235,2023,11,5,1,4,376,140,4116901,49,20,0,1,1
45235,2023,11,5,1,4,365,775,3134202,9,1,0,1,1
45235,2023,11,5,1,3,343,450,2210508,18,7,0,3,2
45235,2023,11,5,1,4,20,11,2909307,4,3,0,4,1
45235,2023,11,5,1,4,116,"648,8",4311007,67,20,0,1,1
45235,2023,11,5,1,4,101,541,3303807,67,20,0,1,1
45235,2023,11,5,1,4,101,64,3301009,1,12,1,2,2
45235,2023,11,5,1,4,282,197,4209300,67,20,0,1,1
45235,2023,11,5,1,3,158,756,5101803,44,12,0,6,3
45235,2023,11,5,1,3,316,460,2103307,18,12,0,4,3
45235,2023,11,5,1,3,163,624,1508050,49,21,0,2,1
45235,2023,11,5,1,4,116,137,3302502,16,12,1,3,2
45235,2023,11,5,1,4,230,"399,7",2512101,80,7,0,4,2
45235,2023,11,5,1,4,222,208,2105401,49,15,1,5,4
45235,2023,11,5,1,4,163,525,5004908,18,20,0,1,1
45235,2023,11,5,1,4,116,399,3529906,11,20,0,1,1
45235,2023,11,5,1,4,222,35,2303709,28,7,0,4,2
45235,2023,11,5,1,4,369,441,4128005,11,20,0,5,2
45236,2023,11,6,2,1,277,"726,4",4108304,18,20,1,1,1
45235,2023,11,5,1,4,381,895,3110608,11,20,0,1,1
45236,2023,11,6,2,1,316,50,1502400,9,1,0,1,1
45235,2023,11,5,1,4,373,"465,4",4106506,1,11,0,3,2
45236,2023,11,6,2,1,277,69,4125506,11,3,1,1,1
45235,2023,11,5,1,4,324,616,2927408,49,3,1,3,3
45236,2023,11,6,2,1,116,328,3526209,67,7,0,2,2
45235,2023,11,5,1,4,381,420,3110004,12,20,0,1,1
45235,2023,11,5,1,4,381,420,3110004,12,20,0,1,1
45235,2023,11,5,1,4,402,16,2109601,52,7,0,9,3
45235,2023,11,5,1,4,381,420,3110004,12,20,0,1,1
45236,2023,11,6,2,1,40,109,3301702,83,4,0,1,1
45236,2023,11,6,2,1,40,43,3303906,67,4,0,1,1
45236,2023,11,6,2,1,343,12,2207702,17,11,1,3,3
45236,2023,11,6,2,1,487,125,4127908,9,1,0,1,1
45236,2023,11,6,2,1,70,"512,8",2211407,9,1,1,1,1
45236,2023,11,6,2,1,116,"242,3",4318705,35,2,1,3,2
45236,2023,11,6,2,1,381,"762,1",3110905,83,3,0,2,1
45236,2023,11,6,2,1,316,"83,4",2609907,18,20,1,1,1
45236,2023,11,6,2,1,116,"93,4",3141405,67,3,0,5,1
45235,2023,11,5,1,4,376,"2,1",5003702,11,20,0,1,1
45236,2023,11,6,2,1,262,"54,5",3203346,80,7,0,3,3
45235,2023,11,5,1,4,262,"422,8",3130200,18,3,0,2,1
45236,2023,11,6,2,2,251,59,5300108,1,11,0,5,2
45236,2023,11,6,2,2,277,114,4104204,11,12,1,2,2
45235,2023,11,5,1,4,222,135,2306306,60,2,0,2,2
45236,2023,11,6,2,2,20,"20,8",5300108,78,9,1,2,2
45235,2023,11,5,1,3,116,"175,6",3305109,11,9,0,1,1
45236,2023,11,6,2,2,101,479,2932705,64,20,0,1,1
45236,2023,11,6,2,2,116,"380,3",4303509,51,9,0,2,2
45236,2023,11,6,2,2,116,"124,2",4107652,52,12,1,2,2
45236,2023,11,6,2,2,324,619,2927408,83,12,0,2,2
45236,2023,11,6,2,2,230,23,2507507,78,12,1,3,2
45236,2023,11,6,2,2,290,108,4306767,11,12,1,4,3
45235,2023,11,5,1,4,110,138,2907806,82,7,0,1,1
45236,2023,11,6,2,2,70,13,5300108,52,11,1,2,2
45236,2023,11,6,2,2,407,"64,4",2918407,28,20,0,5,1
45236,2023,11,6,2,2,222,5,2303709,61,2,0,2,2
45236,2023,11,6,2,2,116,15,2304400,11,9,0,3,3
45220,2023,10,21,7,4,232,194,2612406,11,12,1,2,2
45236,2023,11,6,2,2,101,94,2408102,11,12,1,4,2
45236,2023,11,6,2,2,40,1,5221858,78,9,1,2,2
45236,2023,11,6,2,2,381,750,3169307,2,12,0,2,2
45236,2023,11,6,2,2,324,620,2927408,52,9,0,3,2
45236,2023,11,6,2,2,381,56,3528502,28,18,1,1,1
45236,2023,11,6,2,2,101,"49,9",2600054,33,9,0,3,3
45236,2023,11,6,2,2,280,96,4204509,67,4,0,1,1
45236,2023,11,6,2,2,376,592,4106902,78,9,1,2,2
45235,2023,11,5,1,4,40,118,3301702,80,7,1,3,2
45236,2023,11,6,2,2,493,48,3301702,52,9,1,2,2
45236,2023,11,6,2,2,262,1,3201308,11,12,1,3,2
45236,2023,11,6,2,2,230,259,2206704,4,20,0,1,1
45236,2023,11,6,2,2,381,"499,5",3106705,16,12,1,2,2
45236,2023,11,6,2,2,116,172,3304557,1,21,1,1,1
45236,2023,11,6,2,2,230,27,2507507,9,1,1,1,1
45087,2023,6,10,7,1,369,"147,8",4113700,11,4,1,4,1
45236,2023,11,6,2,1,101,272,4207304,67,4,0,1,1
45218,2023,10,19,5,4,376,591,4106902,11,12,1,2,2
45236,2023,11,6,2,2,40,112,3301702,67,12,1,4,2
45236,2023,11,6,2,2,116,311,3549953,83,12,0,5,2
45236,2023,11,6,2,2,116,156,3549904,67,12,1,2,2
45236,2023,11,6,2,2,376,60,5004007,82,20,0,2,1
45236,2023,11,6,2,2,116,299,3304110,41,20,0,5,1
45236,2023,11,6,2,2,153,64,3142809,11,21,0,1,1
45236,2023,11,6,2,2,277,2,4108304,17,11,1,2,2
45236,2023,11,6,2,2,285,"467,7",4310207,52,7,0,2,2
45192,2023,9,23,7,2,280,100,4215802,28,18,0,1,1
45236,2023,11,6,2,3,101,70,2110203,18,9,0,3,2
45236,2023,11,6,2,2,381,486,3106705,67,4,1,1,1
45236,2023,11,6,2,2,40,"696,9",3105608,1,9,1,2,2
45236,2023,11,6,2,2,282,"393,5",4209003,11,20,0,1,1
45226,2023,10,27,6,2,316,138,2403251,11,9,0,2,2
45236,2023,11,6,2,2,40,"511,1",3154606,67,12,1,2,2
45236,2023,11,6,2,3,272,565,3517406,51,21,0,2,1
45236,2023,11,6,2,2,262,451,5003488,67,20,0,2,1
45236,2023,11,6,2,2,116,238,4313409,16,15,1,4,4
45236,2023,11,6,2,3,40,"527,3",3118601,67,21,1,2,1
45236,2023,11,6,2,2,174,99,5102504,1,11,1,2,2
45194,2023,9,25,2,1,70,2,5200258,11,12,0,2,2
45236,2023,11,6,2,3,40,109,3301702,11,11,1,2,2
45236,2023,11,6,2,3,101,50,4209102,11,12,1,2,2
45236,2023,11,6,2,3,101,"265,8",3205002,67,1,1,1,1
45236,2023,11,6,2,3,262,34,3139409,33,11,1,3,2
45236,2023,11,6,2,2,116,164,3524402,13,21,0,1,1
45236,2023,11,6,2,3,40,"511,1",3154606,82,9,1,3,2
45236,2023,11,6,2,3,226,7,2408102,20,11,0,3,2
45236,2023,11,6,2,3,116,6,2304400,67,12,1,2,2
45236,2023,11,6,2,2,116,258,3304003,56,12,0,4,2
45236,2023,11,6,2,3,376,"169,1",5006200,1,11,0,2,2
45236,2023,11,6,2,3,101,81,2408102,16,12,1,2,2
45236,2023,11,6,2,3,230,13,2503209,81,11,1,3,2
45236,2023,11,6,2,3,70,5,5101803,83,9,1,2,2
45236,2023,11,6,2,3,381,"494,8",3106705,28,21,1,2,1
45236,2023,11,6,2,3,40,"97,8",5206206,2,11,1,2,2
45236,2023,11,6,2,3,272,367,4104303,11,12,1,2,2
45236,2023,11,6,2,3,153,"50,9",4307005,1,11,0,2,2
45236,2023,11,6,2,3,40,"1,8",5300108,52,9,1,2,2
45236,2023,11,6,2,3,290,109,4306767,52,9,0,3,3
45236,2023,11,6,2,3,376,248,4101408,25,12,0,4,3
45236,2023,11,6,2,3,101,404,3302007,80,7,0,2,2
45236,2023,11,6,2,3,101,148,2611804,67,12,0,3,2
45236,2023,11,6,2,3,116,118,3554102,51,4,0,2,1
45236,2023,11,6,2,3,232,59,2611309,16,12,0,2,2
45236,2023,11,6,2,3,393,285,3306305,2,10,1,2,2
45236,2023,11,6,2,3,230,19,2507507,78,12,1,2,2
45236,2023,11,6,2,3,40,4,5221858,80,7,0,2,2
45236,2023,11,6,2,3,163,"484,5",2401305,33,11,1,4,2
45236,2023,11,6,2,3,376,37,5008404,67,12,1,3,2
45236,2023,11,6,2,3,101,63,2611606,35,2,1,3,2
45236,2023,11,6,2,3,116,"520,9",4314407,33,11,0,2,2
45236,2023,11,6,2,3,40,"667,6",3113206,18,4,0,1,1
45236,2023,11,6,2,4,116,86,3305802,11,9,0,3,2
45236,2023,11,6,2,3,376,602,4106902,67,20,1,1,1
45236,2023,11,6,2,3,427,0,2403103,11,2,0,2,2
45236,2023,11,6,2,2,365,522,3143104,11,20,0,1,1
45236,2023,11,6,2,4,116,"164,4",2311801,1,2,1,2,2
45004,2023,3,19,1,1,174,47,5105507,49,12,0,5,3
45236,2023,11,6,2,3,470,138,4214805,67,12,1,2,2
45236,2023,11,6,2,3,101,152,4213500,28,4,0,1,1
45236,2023,11,6,2,3,116,"764,4",3138401,81,2,1,6,2
45236,2023,11,6,2,2,101,"328,5",4203956,11,12,0,3,2
45236,2023,11,6,2,3,110,46,2408003,1,12,1,2,2
45236,2023,11,6,2,3,267,"482,7",2307106,11,12,1,2,2
45236,2023,11,6,2,4,116,275,3552809,78,9,1,2,2
45236,2023,11,6,2,4,163,84,5107602,28,18,0,1,1
45236,2023,11,6,2,2,381,"920,9",3110509,11,21,1,1,1
45236,2023,11,6,2,4,116,146,3549904,35,2,0,2,2
45236,2023,11,6,2,4,101,148,4208302,1,9,1,3,2
45236,2023,11,6,2,2,277,"675,8",4115804,16,12,1,3,2
45236,2023,11,6,2,4,101,"203,9",4216602,33,11,1,2,2
45236,2023,11,6,2,4,101,"215,8",4211900,78,9,0,3,3
45236,2023,11,6,2,4,101,223,4211900,13,21,0,1,1
45236,2023,11,6,2,3,381,251,#N/D,80,7,1,4,2
45236,2023,11,6,2,4,392,"65,5",4314407,12,12,0,2,2
45236,2023,11,6,2,3,50,53,3103504,28,21,0,2,1
45179,2023,9,10,1,2,471,"580,2",4317301,83,2,0,5,2
45236,2023,11,6,2,4,163,190,5002407,56,4,0,3,1
45236,2023,11,6,2,4,230,2,1500602,1,11,1,3,2
45236,2023,11,6,2,4,70,8,5200258,60,2,1,2,2
45236,2023,11,6,2,3,230,127,1504208,16,9,1,2,2
45236,2023,11,6,2,4,116,138,3549904,67,12,0,2,2
45236,2023,11,6,2,4,101,486,3300100,16,9,1,3,2
45236,2023,11,6,2,4,230,"15,2",2507507,11,4,1,1,1
45237,2023,11,7,3,1,153,444,5201108,83,4,1,1,1
45237,2023,11,7,3,1,393,"207,2",3306206,80,7,0,2,2
45236,2023,11,6,2,3,153,698,5211503,52,3,1,1,1
45237,2023,11,7,3,1,153,432,5201108,67,4,1,1,1
45237,2023,11,7,3,2,277,72,4125506,28,21,0,2,1
45237,2023,11,7,3,2,101,115,4208203,28,21,0,2,1
45237,2023,11,7,3,2,381,362,3136207,9,1,0,2,1
45237,2023,11,7,3,2,116,"282,4",3515004,16,12,1,1,1
45237,2023,11,7,3,2,369,178,4101507,16,12,1,3,2
45237,2023,11,7,3,2,70,"18,5",5101803,14,7,0,6,2
45237,2023,11,7,3,2,316,"111,4",2207751,11,20,0,3,1
45237,2023,11,7,3,2,414,"354,5",5205513,18,20,0,2,1
45221,2023,10,22,1,4,330,"815,5",2918308,67,20,1,2,1
45237,2023,11,7,3,2,116,"702,9",3143906,16,9,1,3,3
45237,2023,11,7,3,2,290,54,4309050,18,20,0,1,1
45237,2023,11,7,3,2,230,"137,9",2504009,11,20,0,3,1
45230,2023,10,31,3,2,376,4,5003702,1,11,0,2,2
45237,2023,11,7,3,2,101,125,4208203,11,4,0,2,1
45155,2023,8,17,5,2,10,457,4117602,30,4,0,2,1
45237,2023,11,7,3,2,20,13,5300108,52,9,1,2,2
45237,2023,11,7,3,2,40,"530,9",3118601,52,9,1,2,2
45013,2023,3,28,3,2,364,389,1100155,13,21,0,2,1
45237,2023,11,7,3,2,101,48,3555406,6,21,1,1,1
45237,2023,11,7,3,2,116,"247,8",4318705,67,9,1,2,2
45237,2023,11,7,3,2,163,270,5003702,11,12,0,2,2
45237,2023,11,7,3,2,381,486,3106705,78,9,1,2,2
45237,2023,11,7,3,2,324,583,2906501,83,3,0,2,1
45201,2023,10,2,2,2,116,783,2925006,33,11,0,2,2
45025,2023,4,9,1,2,381,"929,8",3133600,15,20,0,4,1
45236,2023,11,6,2,4,156,752,1600501,44,20,0,3,1
45237,2023,11,7,3,2,153,652,5209101,51,20,0,1,1
45237,2023,11,7,3,2,116,829,2933307,81,9,1,2,2
45237,2023,11,7,3,2,163,689,5007406,80,7,0,4,2
45237,2023,11,7,3,2,386,"38,3",4308508,19,12,0,6,2
45237,2023,11,7,3,2,230,"512,6",2503704,28,21,0,2,1
45237,2023,11,7,3,2,80,"5,9",5215603,80,7,0,2,2
45237,2023,11,7,3,2,153,511,5201405,16,12,1,2,2
45237,2023,11,7,3,2,101,264,3205002,1,9,1,2,2
45237,2023,11,7,3,3,232,129,2604106,11,3,0,2,1
45237,2023,11,7,3,2,40,770,3136702,67,12,0,2,2
45237,2023,11,7,3,2,282,"505,2",4219507,33,11,1,2,2
45237,2023,11,7,3,3,40,93,5206206,1,11,0,3,2
45237,2023,11,7,3,2,280,"102,8",4215802,16,12,0,2,2
45237,2023,11,7,3,3,101,299,2112803,52,12,1,2,2
45237,2023,11,7,3,2,415,59,2914802,83,20,0,1,1
45237,2023,11,7,3,3,116,150,4305108,11,9,1,3,3
45237,2023,11,7,3,3,116,224,3518800,67,12,1,3,2
45237,2023,11,7,3,3,282,"16,3",4211900,52,9,1,3,2
45237,2023,11,7,3,3,116,286,3522208,52,9,0,4,2
45237,2023,11,7,3,2,376,637,4125506,28,18,0,1,1
45150,2023,8,12,7,1,427,27,2400109,67,2,1,2,2
45237,2023,11,7,3,3,101,217,4211900,11,4,1,3,1
45222,2023,10,23,2,2,277,"75,2",4125506,16,9,0,2,2
45237,2023,11,7,3,3,235,"1,7",2800308,51,12,1,2,2
45237,2023,11,7,3,3,116,"184,3",3303500,16,12,1,3,2
45237,2023,11,7,3,3,324,535,2908507,67,12,0,5,2
45237,2023,11,7,3,3,116,279,3515004,11,12,1,2,2
45237,2023,11,7,3,3,316,262,2511509,1,11,0,3,2
45237,2023,11,7,3,3,408,"33,5",2600708,1,11,0,2,2
45237,2023,11,7,3,3,381,90,3518800,16,12,0,2,2
45237,2023,11,7,3,3,324,530,2910800,64,20,0,2,1
45237,2023,11,7,3,3,101,"83,8",2312403,61,2,1,2,2
45237,2023,11,7,3,3,277,"522,3",4109302,33,11,0,5,2
45237,2023,11,7,3,3,280,"81,5",4204509,82,9,1,3,2
45237,2023,11,7,3,3,158,317,2409332,67,12,0,4,2
45237,2023,11,7,3,3,476,117,4105805,52,9,1,2,2
45237,2023,11,7,3,3,116,211,3518800,67,15,1,4,4
45237,2023,11,7,3,3,304,32,2408003,1,12,0,3,2
45237,2023,11,7,3,3,116,151,4114302,1,9,0,2,2
45237,2023,11,7,3,2,10,130,2104057,16,12,1,3,2
45237,2023,11,7,3,3,101,573,3303807,1,11,1,2,2
45237,2023,11,7,3,3,290,103,4314902,52,9,1,2,2
45237,2023,11,7,3,3,101,46,3555406,81,7,1,2,2
45237,2023,11,7,3,3,367,30,2925303,48,2,1,2,2
45237,2023,11,7,3,3,381,453,3156700,1,11,1,3,2
45229,2023,10,30,2,4,324,516,2910800,45,12,1,2,2
45237,2023,11,7,3,2,101,317,3304904,16,12,1,2,2
45237,2023,11,7,3,3,316,58,1502400,72,12,0,2,2
45237,2023,11,7,3,3,116,117,3554102,16,12,1,1,1
45237,2023,11,7,3,3,282,"290,9",4216800,11,20,0,1,1
45237,2023,11,7,3,3,101,522,3300100,5,3,1,1,1
45237,2023,11,7,3,3,364,713,1100205,1,11,1,2,2
45237,2023,11,7,3,3,101,"44,3",4209102,82,11,1,2,2
45237,2023,11,7,3,4,393,237,3306206,1,11,0,4,2
45237,2023,11,7,3,4,282,605,2704609,1,11,0,2,2
45237,2023,11,7,3,4,316,307,2208007,9,1,1,1,1
45237,2023,11,7,3,3,277,111,4106902,16,12,1,3,2
45237,2023,11,7,3,4,376,"123,2",4100608,12,4,0,4,1
45135,2023,7,28,6,3,316,314,2208007,1,11,1,3,2
45237,2023,11,7,3,3,364,127,1200401,49,9,1,3,3
45237,2023,11,7,3,4,158,329,2409332,11,12,1,3,2
45237,2023,11,7,3,2,282,"216,4",4211900,78,11,0,2,2
45237,2023,11,7,3,4,277,37,4116208,67,20,0,2,1
45237,2023,11,7,3,4,116,18,2304285,9,1,1,1,1
45237,2023,11,7,3,3,101,858,2931350,18,7,0,3,3
45237,2023,11,7,3,4,104,"30,5",2615409,1,11,1,3,2
45237,2023,11,7,3,3,230,340,2510808,67,12,0,2,2
45237,2023,11,7,3,4,101,"416,9",4201406,1,11,0,3,2
45237,2023,11,7,3,4,101,"0,5",2927002,21,10,0,3,2
45237,2023,11,7,3,4,116,"702,7",3143906,20,9,1,2,2
45237,2023,11,7,3,4,116,212,3518800,67,12,1,3,2
45237,2023,11,7,3,4,116,"123,2",3508504,67,4,0,1,1
45237,2023,11,7,3,4,101,"60,8",2611606,81,4,1,1,1
45237,2023,11,7,3,4,392,"89,3",4314407,11,20,0,1,1
45237,2023,11,7,3,4,470,125,4209904,67,7,1,2,2
45237,2023,11,7,3,4,153,628,2308906,56,4,0,5,3
45238,2023,11,8,4,1,392,173,4314605,60,2,0,2,2
45238,2023,11,8,4,1,60,240,4102406,80,7,0,5,3
45238,2023,11,8,4,1,50,"278,7",5205109,2,9,1,5,4
45238,2023,11,8,4,1,365,"657,3",3142809,18,20,0,2,1
45237,2023,11,7,3,4,364,268,5104807,67,20,0,1,1
45237,2023,11,7,3,4,101,326,3303302,67,21,0,1,1
45237,2023,11,7,3,4,70,36,5205513,67,20,0,1,1
45238,2023,11,8,4,1,470,94,4201257,1,11,0,2,2
45184,2023,9,15,6,3,135,162,2903201,67,20,0,2,1
45238,2023,11,8,4,1,116,139,3301702,11,12,1,3,2
45234,2023,11,4,7,1,116,279,3515004,52,12,0,3,2
45237,2023,11,7,3,4,364,426,1100114,11,20,1,1,1
45238,2023,11,8,4,2,158,335,2409332,1,11,1,5,3
45238,2023,11,8,4,2,101,67,3204906,52,9,1,2,2
45238,2023,11,8,4,2,210,3,1600303,1,12,1,2,2
45238,2023,11,8,4,2,364,404,5103403,67,12,1,2,2
45238,2023,11,8,4,2,153,"502,6",5208707,16,9,0,1,1
45238,2023,11,8,4,2,40,"498,5",3124104,28,18,1,1,1
45238,2023,11,8,4,2,116,"6,4",2304400,52,9,1,2,2
45238,2023,11,8,4,2,116,174,3305109,67,9,1,3,2
45238,2023,11,8,4,2,376,"594,9",4106902,78,9,1,2,2
45238,2023,11,8,4,2,324,623,2927408,13,21,1,2,1
45238,2023,11,8,4,2,381,481,3118601,11,9,1,2,2
45238,2023,11,8,4,2,277,"590,3",2303501,16,12,1,2,2
45238,2023,11,8,4,2,232,"123,3",2604106,1,12,1,2,2
45238,2023,11,8,4,2,316,"52,3",1502400,13,21,0,2,1
45238,2023,11,8,4,2,101,"199,7",4216602,16,12,0,4,4
45230,2023,10,31,3,2,153,491,5208707,61,2,1,2,2
45238,2023,11,8,4,2,101,61,3301009,82,9,1,2,2
45028,2023,4,12,4,2,304,"64,8",2301109,1,11,0,4,3
45238,2023,11,8,4,2,101,104,2403251,6,21,1,2,1
45238,2023,11,8,4,2,290,582,4300406,20,9,0,2,2
45238,2023,11,8,4,2,101,"84,7",2312403,65,15,1,4,3
45238,2023,11,8,4,2,232,211,2610905,1,11,1,2,2
45238,2023,11,8,4,2,40,122,3301702,28,18,1,1,1
45238,2023,11,8,4,2,135,"307,4",2103802,67,20,1,1,1
45187,2023,9,18,2,2,343,308,2200400,20,12,1,3,3
45238,2023,11,8,4,2,101,535,2904704,83,20,0,4,1
45238,2023,11,8,4,2,116,120,4106902,13,21,1,1,1
45238,2023,11,8,4,2,116,107,4106902,78,9,1,3,2
45238,2023,11,8,4,2,116,9,2304400,60,2,1,2,2
45174,2023,9,5,3,3,277,"347,8",4109401,61,2,1,3,2
45238,2023,11,8,4,2,101,"70,7",2611606,16,12,1,3,2
45234,2023,11,4,7,4,70,311,2918506,28,18,1,1,1
45212,2023,10,13,6,2,242,896,2919553,20,12,0,9,3
45238,2023,11,8,4,2,135,188,2903201,65,12,1,2,2
45238,2023,11,8,4,2,158,"535,8",4118501,1,11,1,3,3
45238,2023,11,8,4,2,232,508,2612208,81,11,1,3,2
45145,2023,8,7,2,1,232,9,2607901,49,20,1,2,1
45238,2023,11,8,4,2,116,107,3301850,1,11,1,2,2
45238,2023,11,8,4,3,40,"472,5",3167202,16,12,0,2,2
45238,2023,11,8,4,3,101,57,2510907,67,21,0,1,1
45238,2023,11,8,4,2,316,309,2208007,11,2,1,2,2
45204,2023,10,5,5,4,153,175,5204706,11,11,1,3,2
45237,2023,11,7,3,2,493,70,3303500,13,21,0,1,1
45238,2023,11,8,4,2,465,21,3303500,35,2,1,3,2
45238,2023,11,8,4,3,354,"745,9",3152600,72,9,0,2,2
45238,2023,11,8,4,2,282,"343,4",4203600,33,11,1,5,2
45238,2023,11,8,4,3,116,"243,5",4318705,1,11,1,3,3
45238,2023,11,8,4,3,101,"327,8",3202405,28,18,1,1,1
45238,2023,11,8,4,2,272,543,3554409,28,18,0,1,1
45238,2023,11,8,4,2,470,"55,8",4202404,1,11,1,2,2
45234,2023,11,4,7,3,101,299,3301900,11,9,0,2,2
45238,2023,11,8,4,3,386,"395,7",2516805,34,20,0,1,1
45238,2023,11,8,4,3,222,5,2303709,17,11,1,2,2
45238,2023,11,8,4,2,116,"126,9",4319000,83,20,0,1,1
45238,2023,11,8,4,3,60,"102,5",5201108,67,12,0,2,2
45238,2023,11,8,4,3,101,70,2611606,16,12,0,2,2
45238,2023,11,8,4,3,101,325,3303302,16,12,1,2,2
45238,2023,11,8,4,3,101,"267,4",3205002,78,9,1,2,2
45238,2023,11,8,4,3,230,510,2503704,49,20,0,1,1
45238,2023,11,8,4,2,364,341,1100122,67,15,1,4,4
45238,2023,11,8,4,3,465,4,3305554,67,2,1,2,2
45238,2023,11,8,4,3,101,194,4202305,1,11,1,2,2
45238,2023,11,8,4,3,116,210,3518800,52,12,1,3,2
45238,2023,11,8,4,2,364,404,5103403,11,11,0,2,2
45238,2023,11,8,4,3,381,355,3136207,7,21,0,1,1
45238,2023,11,8,4,3,277,"1,9",4108304,33,11,1,2,2
45238,2023,11,8,4,3,376,"182,4",4126256,18,4,1,1,1
45238,2023,11,8,4,3,60,26,5200308,11,20,0,2,1
45238,2023,11,8,4,3,262,364,3136652,11,20,0,1,1
45238,2023,11,8,4,3,262,709,5003207,60,2,0,3,2