id_data,ano,mes,dia,id_dia_semana,periodo,br,km,id_municipio,id_causa_acidente,id_tipo_acidente,id_uso_solo,pessoas,veiculos
45244,2023,11,14,3,2,262,367,2401305,1,11,1,2,2
45244,2023,11,14,3,2,282,"50,4",4200606,15,7,1,4,2
45244,2023,11,14,3,3,101,681,2915304,33,10,1,3,2
45244,2023,11,14,3,3,116,541,3505401,67,4,0,5,1
45244,2023,11,14,3,3,101,123,4208203,11,20,0,1,1
45244,2023,11,14,3,3,282,4,4205407,61,2,0,2,2
45244,2023,11,14,3,3,116,26,4104006,15,20,0,2,1
45244,2023,11,14,3,3,163,"507,6",5004908,83,20,0,1,1
45244,2023,11,14,3,2,116,181,3300456,49,12,1,5,3
45244,2023,11,14,3,3,116,225,3518800,51,4,1,1,1
45244,2023,11,14,3,3,376,"498,3",4119905,83,11,0,2,2
45244,2023,11,14,3,3,364,343,1100122,17,11,1,2,2
45244,2023,11,14,3,3,116,281,3515004,78,12,1,3,2
45244,2023,11,14,3,3,101,121,4208203,78,12,1,2,2
45244,2023,11,14,3,3,101,"81,7",2607901,81,21,1,1,1
45244,2023,11,14,3,3,110,"47,8",2408003,20,11,1,2,2
45164,2023,8,26,7,1,163,"463,5",2401305,67,21,1,1,1
45244,2023,11,14,3,3,282,210,4209300,67,20,0,2,1
45244,2023,11,14,3,2,101,230,3305604,11,20,0,4,1
45244,2023,11,14,3,3,364,340,1100122,17,11,1,3,2
45244,2023,11,14,3,3,116,17,4101200,67,21,0,1,1
45244,2023,11,14,3,3,116,"274,9",3552809,78,9,1,2,2
45244,2023,11,14,3,3,101,430,3302601,15,7,0,4,3
45244,2023,11,14,3,3,365,"620,5",3170206,16,12,1,4,3
45244,2023,11,14,3,3,369,188,4101507,15,12,1,4,3
45244,2023,11,14,3,3,324,621,2927408,35,2,0,2,2
45244,2023,11,14,3,3,280,128,4215000,78,9,1,2,2
45244,2023,11,14,3,3,101,329,3303302,78,9,0,3,3
45244,2023,11,14,3,3,116,713,3143906,28,21,0,1,1
45170,2023,9,1,6,3,262,773,5003207,9,1,0,1,1
45244,2023,11,14,3,3,116,14,4105805,67,12,0,2,2
45244,2023,11,14,3,3,101,123,4208203,11,9,0,2,2
45244,2023,11,14,3,3,116,161,3524402,78,12,1,2,2
45244,2023,11,14,3,3,158,"0,3",4317103,28,11,1,3,2
45244,2023,11,14,3,3,424,5,2601201,1,11,0,6,2
45244,2023,11,14,3,3,110,"47,5",2408003,67,15,1,6,4
45244,2023,11,14,3,3,101,134,4202008,1,11,1,2,2
45244,2023,11,14,3,3,381,499,3106705,28,4,1,2,2
45244,2023,11,14,3,4,101,115,4208203,78,12,0,3,2
45244,2023,11,14,3,3,230,263,2507804,1,11,0,2,2
45244,2023,11,14,3,3,70,2,5101803,82,7,1,3,2
45244,2023,11,14,3,3,381,907,3110608,11,4,0,1,1
45244,2023,11,14,3,2,153,87,2512200,67,20,0,2,1
45181,2023,9,12,3,2,316,310,2208007,16,12,1,2,2
45244,2023,11,14,3,4,406,"161,1",2402600,35,2,1,2,2
45244,2023,11,14,3,4,381,360,3136207,1,11,1,5,2
45244,2023,11,14,3,3,232,"413,8",2613909,16,12,0,3,2
45204,2023,10,5,5,1,324,624,2927408,28,18,0,1,1
45244,2023,11,14,3,4,116,288,3522208,11,4,0,1,1
45244,2023,11,14,3,4,364,32,3127107,1,11,1,4,2
45244,2023,11,14,3,3,376,"446,4",4127502,67,20,0,2,1
45244,2023,11,14,3,3,101,"358,9",2933505,20,11,1,2,2
45244,2023,11,14,3,4,376,5,4115200,49,12,0,2,2
45244,2023,11,14,3,3,230,507,2503704,33,11,1,2,2
45244,2023,11,14,3,4,40,"637,9",3118304,1,11,0,3,2
45244,2023,11,14,3,4,226,"4,1",2408102,1,11,1,2,2
45234,2023,11,4,7,2,158,353,5002308,49,12,0,2,2
45244,2023,11,14,3,3,364,"435,7",2211407,2,7,1,2,2
45244,2023,11,14,3,4,116,"12,1",2933307,9,1,1,1,1
45244,2023,11,14,3,4,116,506,3509254,67,20,0,1,1
45244,2023,11,14,3,3,470,192,4213708,1,11,0,2,2
45244,2023,11,14,3,3,158,511,4106506,83,20,0,1,1
45244,2023,11,14,3,4,101,327,3303302,67,21,0,1,1
45244,2023,11,14,3,4,116,271,3552809,60,2,1,5,2
45244,2023,11,14,3,4,101,484,3300100,64,2,1,3,2
45244,2023,11,14,3,4,376,"200,4",4114807,67,20,0,3,1
45244,2023,11,14,3,4,101,345,4218707,11,20,0,2,1
45244,2023,11,14,3,4,495,"24,7",3303906,11,7,1,2,2
45244,2023,11,14,3,4,381,491,3106705,61,2,0,2,2
45244,2023,11,14,3,4,116,"64,4",3518404,81,2,1,2,2
45194,2023,9,25,2,2,101,"101,9",2403251,67,12,1,2,2
45244,2023,11,14,3,4,116,185,3303500,11,9,0,3,2
45244,2023,11,14,3,4,316,567,2103000,28,18,0,1,1
45244,2023,11,14,3,4,381,511,3130101,80,7,1,2,2
45244,2023,11,14,3,4,470,"60,6",4202404,82,10,1,3,3
45245,2023,11,15,4,1,277,82,4106902,60,2,1,2,2
45244,2023,11,14,3,4,153,198,5221601,1,11,1,2,2
45245,2023,11,15,4,1,101,419,4201406,2,20,1,2,1
45245,2023,11,15,4,1,277,319,4109401,60,2,0,2,2
45245,2023,11,15,4,1,316,4,2211001,35,2,1,2,2
45245,2023,11,15,4,1,386,"328,9",4312054,49,21,0,1,1
45245,2023,11,15,4,1,163,"66,9",4217204,11,4,1,1,1
45245,2023,11,15,4,1,163,"0,8",4205001,1,11,1,2,2
45245,2023,11,15,4,2,285,"421,3",4313904,67,9,0,3,3
45245,2023,11,15,4,1,116,"315,1",3304201,13,4,0,1,1
45245,2023,11,15,4,2,101,70,2611606,11,12,1,2,2
45244,2023,11,14,3,4,361,111,2507002,9,1,0,1,1
45245,2023,11,15,4,1,70,"659,4",5102504,9,1,0,2,1
45245,2023,11,15,4,2,101,"208,3",4216602,17,11,1,2,2
45212,2023,10,13,6,1,230,"160,2",2504009,49,12,1,3,2
45217,2023,10,18,4,4,392,"18,4",4315602,16,12,1,1,1
45213,2023,10,14,7,2,101,"200,3",2904902,11,10,1,1,1
45245,2023,11,15,4,2,376,592,4106902,61,2,1,2,2
45245,2023,11,15,4,2,40,"113,7",3301702,11,9,0,5,2
45245,2023,11,15,4,2,267,119,3136702,67,4,0,2,1
45245,2023,11,15,4,2,50,173,3170107,67,3,0,2,1
45225,2023,10,26,5,3,116,178,3141702,83,12,1,3,2
45245,2023,11,15,4,2,50,"37,1",3103504,48,2,1,2,2
45245,2023,11,15,4,2,40,551,3144805,82,12,1,3,3
45245,2023,11,15,4,2,222,673,2100055,1,11,1,2,2
45245,2023,11,15,4,2,230,16,2507507,16,15,1,3,3
45245,2023,11,15,4,2,116,"122,5",2513158,4,20,0,2,1
45245,2023,11,15,4,2,116,419,2910800,11,21,1,1,1
45245,2023,11,15,4,2,364,427,1100114,1,11,0,2,2
45219,2023,10,20,6,1,101,151,4208302,49,12,1,2,2
45245,2023,11,15,4,2,290,652,4322400,11,20,0,2,1
45245,2023,11,15,4,2,376,"624,4",4125506,67,20,0,1,1
45245,2023,11,15,4,2,158,"326,7",2409332,80,7,1,3,2
45245,2023,11,15,4,2,381,528,3109006,11,3,0,2,1
45213,2023,10,14,7,4,116,419,2910800,11,21,1,1,1
45245,2023,11,15,4,2,343,"299,7",2200400,67,12,0,3,2
45245,2023,11,15,4,2,116,111,3554102,16,9,1,3,2
45174,2023,9,5,3,4,356,"276,5",3124906,11,21,0,1,1
45245,2023,11,15,4,3,40,509,3154606,11,12,1,2,2
45245,2023,11,15,4,2,230,"464,9",2516201,1,11,1,3,2
45245,2023,11,15,4,2,101,193,2610004,11,20,0,2,1
45245,2023,11,15,4,2,230,112,1504208,67,2,0,3,2
45245,2023,11,15,4,2,101,"49,3",4209102,67,12,1,3,2
45237,2023,11,7,3,2,324,534,2910800,16,12,0,3,2
45245,2023,11,15,4,3,290,"3,9",4313508,49,20,0,1,1
45245,2023,11,15,4,3,70,517,2211407,82,11,1,2,2
45245,2023,11,15,4,3,343,340,2211001,1,12,1,3,2
45245,2023,11,15,4,3,407,3,2918407,11,11,0,3,2
45245,2023,11,15,4,3,116,267,3300407,16,12,0,3,2
45245,2023,11,15,4,3,365,748,3134202,13,21,0,1,1
45245,2023,11,15,4,3,381,"483,1",3106705,67,12,1,3,2
45245,2023,11,15,4,3,381,483,3106705,67,12,1,2,2
45245,2023,11,15,4,3,293,"1,5",4314407,16,12,1,2,2
45245,2023,11,15,4,3,262,"12,4",3140530,67,12,0,4,2
45245,2023,11,15,4,3,116,139,3302502,67,4,0,1,1
45245,2023,11,15,4,3,277,71,4125506,67,20,1,1,1
45245,2023,11,15,4,3,470,"173,1",4322806,67,20,0,4,1
45209,2023,10,10,3,3,116,266,4304606,16,12,1,4,3
45245,2023,11,15,4,3,174,13,1100304,52,9,1,3,2
45245,2023,11,15,4,3,493,53,3301702,28,4,0,1,1
45245,2023,11,15,4,3,163,484,2401305,49,12,1,2,2
45245,2023,11,15,4,3,163,979,5108055,82,20,0,2,1
45245,2023,11,15,4,3,365,28,3143302,83,20,0,3,1
45245,2023,11,15,4,3,235,"75,5",2802304,49,12,0,2,2
45242,2023,11,12,1,4,282,"354,8",4203600,83,20,0,1,1
45245,2023,11,15,4,4,280,43,4206504,25,11,0,2,2
45245,2023,11,15,4,3,448,22,4314902,21,20,1,1,1
45245,2023,11,15,4,4,40,510,3154606,83,15,0,12,3
45245,2023,11,15,4,3,174,291,5106752,18,20,0,2,1
45245,2023,11,15,4,3,423,"3,5",2408508,28,20,0,1,1
45245,2023,11,15,4,3,280,128,4215000,11,20,1,1,1
45245,2023,11,15,4,3,386,"143,7",4126256,1,10,0,2,2
45245,2023,11,15,4,4,393,285,3306305,1,11,0,2,2
45245,2023,11,15,4,4,40,"472,1",3167202,61,2,0,3,2
45245,2023,11,15,4,3,406,"147,9",2402600,80,7,0,3,3
45245,2023,11,15,4,3,101,217,4211900,49,4,1,2,2
45245,2023,11,15,4,4,101,263,3304300,82,2,0,2,2
45245,2023,11,15,4,3,116,"920,8",2910404,9,1,0,3,1
45245,2023,11,15,4,4,40,"2,8",5221858,49,11,1,2,2
45245,2023,11,15,4,4,277,70,4125506,11,12,0,3,2
45245,2023,11,15,4,4,40,735,3160702,15,11,0,3,2
45245,2023,11,15,4,4,277,"534,9",4109757,49,7,0,5,2
45245,2023,11,15,4,4,163,717,5107925,49,21,0,1,1
45245,2023,11,15,4,4,60,"186,2",5209200,9,1,0,2,1
45245,2023,11,15,4,2,381,231,3106309,80,7,0,2,2
45245,2023,11,15,4,4,10,143,2109007,67,4,0,1,1
45245,2023,11,15,4,4,101,322,3303302,67,21,1,1,1
45245,2023,11,15,4,4,101,317,3304904,28,18,1,1,1
45245,2023,11,15,4,4,116,"583,7",3139409,80,11,0,3,2
45245,2023,11,15,4,4,50,165,3170107,11,20,0,1,1
45245,2023,11,15,4,4,40,119,3301702,80,9,1,2,2
45245,2023,11,15,4,4,116,227,3518800,67,4,1,1,1
45245,2023,11,15,4,4,367,47,2925303,83,12,0,2,2
45245,2023,11,15,4,4,40,"9,8",5212501,11,12,1,2,2
45245,2023,11,15,4,4,116,51,3527207,51,4,1,2,2
45245,2023,11,15,4,4,381,"543,8",3133709,11,4,0,4,1
45245,2023,11,15,4,4,174,15,1100304,49,11,1,4,3
45245,2023,11,15,4,4,343,"340,7",2211001,11,12,1,2,2
45246,2023,11,16,5,1,285,"449,7",4310207,49,12,0,4,2
45246,2023,11,16,5,1,262,"31,1",3154150,48,20,0,2,1
45246,2023,11,16,5,1,376,"124,2",4100608,9,20,0,2,1
45246,2023,11,16,5,2,324,514,2910800,11,12,1,1,1
45246,2023,11,16,5,1,222,4,2304400,1,11,1,3,2
45246,2023,11,16,5,1,163,74,4217204,83,12,0,2,2
45245,2023,11,15,4,4,60,566,5005806,49,12,0,2,2
45246,2023,11,16,5,2,116,210,3518800,67,12,1,4,3
45246,2023,11,16,5,2,324,522,2910800,1,2,0,2,2
45246,2023,11,16,5,2,324,"580,5",2906501,28,20,0,3,1
45246,2023,11,16,5,2,210,0,1600303,16,12,1,2,2
45246,2023,11,16,5,2,262,353,3106705,83,4,1,1,1
45246,2023,11,16,5,2,376,182,4115200,9,1,0,1,1
45246,2023,11,16,5,2,277,109,4104204,67,4,0,1,1
45245,2023,11,15,4,4,343,184,2208403,49,4,0,1,1
45246,2023,11,16,5,2,472,"179,5",4317202,15,12,0,5,4
45246,2023,11,16,5,2,116,264,4304606,52,12,0,2,2
45246,2023,11,16,5,2,230,22,2507507,81,12,1,2,1
45246,2023,11,16,5,2,277,"722,4",4108304,16,12,1,2,2
45246,2023,11,16,5,2,101,52,2510907,9,1,1,2,1
45246,2023,11,16,5,2,153,"692,7",1703867,1,7,1,2,2
45246,2023,11,16,5,2,381,"531,1",3133709,83,20,0,1,1
45246,2023,11,16,5,2,369,"91,7",4106407,33,11,1,2,2
45246,2023,11,16,5,2,405,150,2409407,38,7,1,2,2
45246,2023,11,16,5,2,116,269,3552809,67,12,1,2,2
45234,2023,11,4,7,3,365,3,3143302,46,2,0,2,2
45157,2023,8,19,7,3,343,617,2203909,3,3,0,1,1
45246,2023,11,16,5,2,163,692,5007406,49,12,0,3,2
45246,2023,11,16,5,2,40,"527,8",3118601,13,21,1,2,1
45246,2023,11,16,5,1,153,668,1709500,71,1,0,2,1
45246,2023,11,16,5,2,343,190,2208403,11,12,1,2,2
45246,2023,11,16,5,2,226,"113,8",2411205,83,3,1,1,1
45246,2023,11,16,5,2,414,383,5205802,51,4,0,3,1
45246,2023,11,16,5,2,392,"1,8",4315602,13,20,1,1,1
45234,2023,11,4,7,3,20,20,5300108,11,12,0,4,4
45246,2023,11,16,5,2,222,"3,7",2303709,11,9,1,3,2
45246,2023,11,16,5,2,135,1,2111300,16,12,1,2,2
45220,2023,10,21,7,1,392,"54,2",4315602,9,1,0,2,1
45246,2023,11,16,5,2,101,330,3304557,11,12,1,2,2
45246,2023,11,16,5,2,101,218,3202504,13,21,0,2,1
45246,2023,11,16,5,2,116,228,3550308,52,9,1,2,2
45241,2023,11,11,7,1,174,6,5106752,11,12,0,1,1
45214,2023,10,15,1,2,174,386,5103361,52,7,0,2,2
45246,2023,11,16,5,2,101,"44,7",2508901,13,3,0,2,1
45230,2023,10,31,3,3,470,"263,5",4204806,67,20,0,2,1
45246,2023,11,16,5,2,101,575,3303807,67,12,0,2,2
45246,2023,11,16,5,2,232,57,2611309,67,15,1,5,3
45246,2023,11,16,5,2,163,752,5107925,67,4,1,1,1
45246,2023,11,16,5,3,101,"290,3",3201308,11,15,0,3,3
45246,2023,11,16,5,3,101,"266,5",3205002,16,9,1,2,2
45246,2023,11,16,5,2,364,12,1100304,11,12,1,2,2
45246,2023,11,16,5,3,40,552,3144805,80,11,1,3,2
45246,2023,11,16,5,3,40,56,3303906,67,4,1,5,1
45246,2023,11,16,5,3,290,"41,4",4317608,19,3,0,1,1
45246,2023,11,16,5,3,222,525,2102325,61,2,1,2,2
45246,2023,11,16,5,3,40,"710,6",3105608,64,20,0,1,1
45246,2023,11,16,5,3,101,"346,8",3202405,1,9,0,3,2
45246,2023,11,16,5,3,40,5,5221858,1,11,0,2,2
45246,2023,11,16,5,2,101,330,3304557,28,21,1,2,1
45214,2023,10,15,1,2,40,"377,1",3120904,67,15,0,4,4
45246,2023,11,16,5,3,101,137,4202008,33,11,1,2,2
45246,2023,11,16,5,3,153,"501,5",5208707,16,12,0,4,3
45246,2023,11,16,5,3,262,429,3161809,1,12,0,3,2
45246,2023,11,16,5,3,110,163,2926608,80,10,0,3,2
45246,2023,11,16,5,3,251,"43,5",5300108,70,11,0,2,2
45246,2023,11,16,5,3,364,424,1100114,67,2,1,3,2
45246,2023,11,16,5,3,101,128,3205010,1,11,1,3,2
45246,2023,11,16,5,3,101,313,3304904,51,15,0,3,3
45246,2023,11,16,5,3,373,349,4109401,60,2,1,3,2
45246,2023,11,16,5,3,280,126,4215000,67,12,1,2,2
45246,2023,11,16,5,3,163,257,5003702,67,12,0,2,2
45234,2023,11,4,7,2,230,730,1504455,63,20,0,4,1
45246,2023,11,16,5,3,135,"5,6",2111300,67,12,0,2,2
45246,2023,11,16,5,3,101,"80,7",2312403,29,21,1,1,1
45246,2023,11,16,5,2,101,"88,2",2507507,5,20,1,2,2
45246,2023,11,16,5,3,493,109,3305554,28,18,0,1,1
45246,2023,11,16,5,3,101,"81,7",2312403,29,21,1,1,1
45246,2023,11,16,5,3,242,822,2903201,1,7,0,3,2
45246,2023,11,16,5,3,101,507,2914802,67,4,1,2,1
45246,2023,11,16,5,3,232,123,2604106,1,7,0,2,2
45246,2023,11,16,5,3,319,112,1100205,28,20,0,4,2
45246,2023,11,16,5,4,290,"106,5",4306767,11,21,0,1,1
45246,2023,11,16,5,4,20,"9,9",5300108,52,12,1,5,2
45246,2023,11,16,5,4,116,276,3552809,67,12,1,3,2
45246,2023,11,16,5,4,101,151,4213500,11,9,1,2,2
45246,2023,11,16,5,4,101,"33,5",2508901,5,21,0,1,1
45246,2023,11,16,5,4,232,425,2613909,9,1,0,1,1
45238,2023,11,8,4,2,365,356,3170750,28,18,0,1,1
45246,2023,11,16,5,3,40,79,3303906,67,4,0,1,1
45246,2023,11,16,5,4,230,"22,8",2507507,11,4,1,1,1
45201,2023,10,2,2,1,20,381,2208205,11,4,0,1,1
45246,2023,11,16,5,4,101,280,4207304,11,20,1,1,1
45246,2023,11,16,5,4,40,"627,2",3118304,11,12,1,3,2
45246,2023,11,16,5,4,101,"51,4",2600054,16,12,0,2,2
45246,2023,11,16,5,4,116,"529,1",3113404,80,7,1,3,2
45246,2023,11,16,5,4,285,"502,6",4306932,28,18,0,1,1
45217,2023,10,18,4,3,365,515,3143104,67,12,0,2,2
45246,2023,11,16,5,4,381,503,3106705,11,4,1,4,1
45246,2023,11,16,5,4,50,280,5205109,1,11,1,2,2
45246,2023,11,16,5,4,381,84,3550308,13,21,0,1,1
45246,2023,11,16,5,4,10,"192,1",1503457,28,18,0,1,1
45246,2023,11,16,5,4,423,107,2603207,9,12,0,2,2
45246,2023,11,16,5,4,262,278,5007109,67,20,0,1,1
45246,2023,11,16,5,4,153,111,2512200,11,4,0,1,1
45247,2023,11,17,6,1,20,"4,7",5208004,9,1,1,1,1
45247,2023,11,17,6,1,277,663,4115804,49,20,0,1,1
45247,2023,11,17,6,1,20,"97,4",5222203,25,9,0,2,2
45247,2023,11,17,6,1,470,206,4302105,49,7,0,2,2
45247,2023,11,17,6,1,262,505,5000708,44,20,0,5,2
45247,2023,11,17,6,2,153,514,5201405,67,11,1,3,2
45247,2023,11,17,6,1,448,"9,4",4304606,11,20,1,1,1
45247,2023,11,17,6,1,116,212,3305554,18,12,0,3,2
45247,2023,11,17,6,2,101,"216,4",4211900,82,11,1,2,2
45246,2023,11,16,5,4,70,511,5103403,67,12,0,1,1
45246,2023,11,16,5,4,174,940,1302603,18,20,0,1,1
45247,2023,11,17,6,2,262,34,3139409,33,11,1,3,2
45247,2023,11,17,6,1,316,55,1502400,60,2,1,3,2
45247,2023,11,17,6,2,356,"265,7",3143906,33,11,1,2,2
45247,2023,11,17,6,2,101,"57,6",2611606,67,15,1,4,3
45247,2023,11,17,6,2,376,4,4114203,16,12,1,2,2
45247,2023,11,17,6,2,101,"238,4",3202207,1,11,1,3,2
45058,2023,5,12,6,2,376,"171,2",4115200,67,4,1,1,1
45247,2023,11,17,6,2,116,159,3524402,67,12,1,3,2
45247,2023,11,17,6,2,104,"66,4",2604106,13,20,1,1,1
45247,2023,11,17,6,2,277,"80,5",4106902,78,9,1,2,2
45241,2023,11,11,7,1,230,"155,6",2504009,52,7,1,3,2
45242,2023,11,12,1,2,70,24,5205513,1,11,1,3,2
45247,2023,11,17,6,2,470,"52,4",4202404,72,9,1,2,2
45230,2023,10,31,3,3,293,"2,8",4314407,1,9,1,2,2
45247,2023,11,17,6,2,365,694,3142809,18,20,0,2,1
45247,2023,11,17,6,2,101,"334,3",4218707,11,12,1,2,2
45247,2023,11,17,6,2,20,"356,4",2303006,16,12,0,3,2
45175,2023,9,6,4,4,10,255,2105302,11,12,1,6,4
45247,2023,11,17,6,2,174,0,5106752,1,11,1,3,2
45247,2023,11,17,6,2,153,"220,1",3529005,56,4,0,3,2
45247,2023,11,17,6,2,369,"149,2",4113700,67,12,1,2,2
45247,2023,11,17,6,2,101,46,2606804,67,12,1,2,2
45247,2023,11,17,6,2,262,"36,8",3139409,81,11,1,2,2
45013,2023,3,28,3,3,381,477,3118601,35,2,1,2,2
45247,2023,11,17,6,2,369,118,4128401,83,20,0,1,1
45247,2023,11,17,6,2,101,"10,4",4306551,11,20,0,1,1
45247,2023,11,17,6,2,376,547,4102307,56,4,0,1,1
45247,2023,11,17,6,2,495,1,3305802,82,9,1,2,2
45247,2023,11,17,6,2,116,412,3127701,51,4,1,1,1
45247,2023,11,17,6,2,104,113,2508307,1,11,1,2,2
45247,2023,11,17,6,2,116,169,3304557,52,11,1,4,2
45247,2023,11,17,6,2,40,66,3303906,83,3,0,1,1
45247,2023,11,17,6,2,393,236,3306206,33,11,1,2,2
45247,2023,11,17,6,2,277,7,4118204,67,11,1,2,2
45247,2023,11,17,6,2,101,718,2910727,11,11,0,2,2
45243,2023,11,13,2,2,393,255,3300308,1,11,0,2,2
45247,2023,11,17,6,2,386,"201,5",4323200,83,20,0,1,1
45247,2023,11,17,6,2,356,181,3305000,20,10,1,2,2
45247,2023,11,17,6,2,282,"130,9",4202602,4,20,0,1,1
45247,2023,11,17,6,2,101,307,3304904,65,4,1,1,1
45247,2023,11,17,6,2,232,"411,8",2613909,1,9,0,2,2
45230,2023,10,31,3,3,277,"77,7",4125506,15,9,1,3,2
45247,2023,11,17,6,3,101,28,2507507,52,9,1,2,2
45247,2023,11,17,6,2,101,159,2908507,9,1,0,5,1
45247,2023,11,17,6,2,367,26,2925303,82,7,1,2,2
45247,2023,11,17,6,3,381,"485,9",3106705,78,9,1,2,2
45247,2023,11,17,6,3,365,651,3170206,18,21,0,1,1
45243,2023,11,13,2,3,40,102,3301702,82,11,1,3,2
45247,2023,11,17,6,3,116,435,3542602,67,20,0,1,1
45247,2023,11,17,6,3,116,182,3303500,67,12,1,3,2
45247,2023,11,17,6,3,101,"189,6",4202305,83,4,0,2,1
45247,2023,11,17,6,2,116,"349,2",3135076,67,20,0,1,1
45247,2023,11,17,6,2,262,799,3170107,15,10,0,3,2
45247,2023,11,17,6,3,369,"138,6",4109807,18,4,1,2,2
45247,2023,11,17,6,3,101,"46,5",2606804,52,9,1,2,2
45247,2023,11,17,6,3,386,"241,8",2516102,4,7,0,2,2
45247,2023,11,17,6,2,163,786,5108501,48,20,0,2,2
45247,2023,11,17,6,3,50,154,3170107,67,20,0,1,1
45247,2023,11,17,6,3,230,23,2507507,16,9,1,3,2
45247,2023,11,17,6,2,153,184,2309201,18,10,0,3,2
45247,2023,11,17,6,3,116,"227,8",3550308,67,12,1,2,2
45247,2023,11,17,6,3,60,360,5219712,67,20,0,3,1
45247,2023,11,17,6,3,373,178,4119905,81,12,1,2,2
45242,2023,11,12,1,3,116,"48,9",4322509,13,12,0,3,2
45247,2023,11,17,6,3,60,94,5201108,16,12,0,2,2
45247,2023,11,17,6,3,116,"105,9",3301850,83,4,1,4,1
45247,2023,11,17,6,3,20,7,5208004,11,9,0,2,2
45247,2023,11,17,6,3,116,"117,5",3554102,16,12,0,3,2
45247,2023,11,17,6,3,116,116,3554102,11,12,1,2,2
45247,2023,11,17,6,3,101,"562,2",3303807,1,11,0,2,2
45247,2023,11,17,6,3,376,614,4125506,52,9,1,2,2
45247,2023,11,17,6,3,163,"615,4",5007695,1,11,1,2,2
45216,2023,10,17,3,1,116,"4,8",2304400,16,12,1,3,2
45247,2023,11,17,6,3,101,"456,5",3300100,1,11,1,3,2
45247,2023,11,17,6,3,262,6,5008305,1,11,1,3,2
45247,2023,11,17,6,2,40,119,3301702,16,12,1,3,2
45247,2023,11,17,6,3,232,97,2601904,52,9,0,3,2
45247,2023,11,17,6,3,116,238,4313409,64,4,1,1,1
45247,2023,11,17,6,3,116,"57,8",4303673,13,20,0,5,1
45247,2023,11,17,6,3,116,188,3303500,16,15,1,5,4
45247,2023,11,17,6,3,386,354,4307807,1,11,0,2,2
45207,2023,10,8,1,3,101,"260,5",3205002,52,9,1,5,2
45247,2023,11,17,6,3,116,174,3305109,11,9,1,2,2
45247,2023,11,17,6,4,80,126,2903235,28,20,0,2,1
45247,2023,11,17,6,3,447,14,3205200,1,11,1,2,2
45247,2023,11,17,6,4,101,109,2500601,48,3,1,1,1
45247,2023,11,17,6,3,101,287,3201308,83,21,0,1,1
45247,2023,11,17,6,3,40,"784,1",3136702,33,11,0,5,3
45247,2023,11,17,6,4,101,227,4211900,5,21,1,2,1
45247,2023,11,17,6,4,101,"260,2",4205704,83,20,0,1,1
45247,2023,11,17,6,3,367,"25,7",2925303,16,12,1,3,3
45247,2023,11,17,6,3,101,330,3202405,28,21,0,1,1
45247,2023,11,17,6,3,280,101,4215802,67,20,0,2,1
45247,2023,11,17,6,4,393,285,3306305,11,7,1,4,2
45247,2023,11,17,6,3,324,401,2922730,82,7,0,8,2
45239,2023,11,9,5,2,116,422,2910800,67,11,0,3,2
45247,2023,11,17,6,3,116,219,3518800,28,18,1,1,1
45247,2023,11,17,6,4,277,68,4125506,11,3,0,2,1
45247,2023,11,17,6,4,116,230,3550308,78,9,0,2,2
45247,2023,11,17,6,3,116,"535,5",3159357,81,2,1,2,2
45247,2023,11,17,6,4,116,"861,2",2933307,60,2,1,4,3
45247,2023,11,17,6,3,101,83,2312403,36,12,1,2,2
45247,2023,11,17,6,4,277,"586,4",2303501,1,11,1,3,2
45247,2023,11,17,6,2,493,1,3301900,20,11,1,3,2
45247,2023,11,17,6,4,316,"517,6",2103000,1,11,0,2,2
45247,2023,11,17,6,4,116,1,1507755,1,11,1,2,2
45247,2023,11,17,6,4,153,14,4111803,48,2,0,2,2
45247,2023,11,17,6,4,230,"464,4",2516201,1,11,1,2,2
45247,2023,11,17,6,4,101,450,3203403,67,21,0,2,1
45247,2023,11,17,6,4,40,2,5221858,52,9,1,3,2
45248,2023,11,18,7,1,290,98,4314902,11,12,0,2,2
45247,2023,11,17,6,4,242,203,2914703,67,20,0,1,1
45248,2023,11,18,7,1,40,"7,9",5221858,49,12,1,3,2
45248,2023,11,18,7,1,381,508,3162922,18,4,1,2,2
45247,2023,11,17,6,4,470,"203,8",4213302,56,4,0,3,1
45248,2023,11,18,7,1,381,"532,5",3133709,56,4,0,3,1
45248,2023,11,18,7,1,40,"610,8",3118007,18,3,0,1,1
45248,2023,11,18,7,1,153,"528,8",2305209,9,1,0,2,1
45247,2023,11,17,6,4,50,172,3170107,61,2,1,2,2
45248,2023,11,18,7,1,316,"0,8",2211001,49,4,0,1,1
45248,2023,11,18,7,1,163,269,3169109,49,20,0,1,1
45248,2023,11,18,7,1,163,278,4120853,49,20,0,1,1
45248,2023,11,18,7,1,393,255,3300308,60,2,1,2,2
45248,2023,11,18,7,1,282,582,3538204,49,7,0,5,2
45248,2023,11,18,7,1,101,"556,8",3303807,83,20,0,2,1