id_data,ano,mes,dia,id_dia_semana,periodo,br,km,id_municipio,id_causa_acidente,id_tipo_acidente,id_uso_solo,pessoas,veiculos
45248,2023,11,18,7,1,232,"450,5",2613503,49,7,0,2,2
45248,2023,11,18,7,1,101,148,4208302,49,12,0,2,2
45248,2023,11,18,7,1,330,825,2913903,67,3,0,1,1
45248,2023,11,18,7,1,277,695,4125704,16,12,1,2,2
45248,2023,11,18,7,1,101,"156,1",3302403,80,10,0,4,3
45248,2023,11,18,7,1,101,"417,5",3302601,67,10,0,3,2
45248,2023,11,18,7,1,163,8,2922102,83,4,0,1,1
45248,2023,11,18,7,1,386,191,4317756,15,4,0,1,1
45247,2023,11,17,6,4,101,146,3203205,16,12,1,2,2
45248,2023,11,18,7,2,480,"127,6",4204202,49,20,1,3,1
45247,2023,11,17,6,3,158,"248,7",5211909,11,20,0,1,1
45247,2023,11,17,6,4,470,51,4202404,1,12,1,3,2
45248,2023,11,18,7,2,101,108,2806701,11,11,0,2,2
45247,2023,11,17,6,4,101,507,2914802,11,12,1,2,2
45248,2023,11,18,7,1,116,2,4314902,4,4,1,1,1
45248,2023,11,18,7,2,222,"2,9",2304400,17,11,1,3,2
45248,2023,11,18,7,1,163,208,5002407,28,4,1,1,1
45247,2023,11,17,6,3,116,182,3303500,78,12,1,2,2
45248,2023,11,18,7,1,381,"599,2",3114501,18,3,0,5,1
45248,2023,11,18,7,2,316,"1,9",2211001,16,12,1,2,2
45248,2023,11,18,7,2,343,202,2208403,63,20,0,2,1
45248,2023,11,18,7,2,40,125,3301702,52,9,1,2,2
45204,2023,10,5,5,1,468,106,4321907,11,20,0,1,1
45248,2023,11,18,7,1,174,429,1400308,9,1,0,2,1
45172,2023,9,3,1,2,116,"501,3",4314407,83,20,0,2,1
45247,2023,11,17,6,4,60,"16,6",5200308,18,20,0,1,1
45248,2023,11,18,7,1,153,147,3541604,18,20,0,4,1
45248,2023,11,18,7,2,232,"5,1",2611606,16,12,1,2,2
45248,2023,11,18,7,1,40,235,3161700,82,20,0,1,1
45248,2023,11,18,7,2,210,3,1600303,49,12,1,2,2
45248,2023,11,18,7,2,381,427,3110004,67,21,0,1,1
45248,2023,11,18,7,1,414,423,5200100,49,20,0,1,1
45248,2023,11,18,7,2,277,78,4106902,11,12,0,2,2
45248,2023,11,18,7,2,364,123,1200401,16,12,1,2,2
45248,2023,11,18,7,2,116,193,3303500,16,12,1,2,2
45248,2023,11,18,7,2,116,426,2910800,61,2,0,2,2
45248,2023,11,18,7,2,101,"195,1",4202305,1,12,1,2,2
45248,2023,11,18,7,2,101,293,3301900,16,12,1,2,2
45200,2023,10,1,1,1,101,"2,2",4321501,11,20,1,2,1
45248,2023,11,18,7,2,101,"150,6",2703759,18,3,0,1,1
45248,2023,11,18,7,2,116,169,3524402,16,15,0,8,3
45248,2023,11,18,7,2,116,"521,2",3113404,1,11,0,2,2
45248,2023,11,18,7,1,116,580,4314209,9,1,0,1,1
45248,2023,11,18,7,2,222,"2,1",2304400,16,12,1,3,2
45248,2023,11,18,7,2,116,209,4122305,1,11,0,3,2
45248,2023,11,18,7,2,101,"144,8",3203205,52,9,1,2,2
45248,2023,11,18,7,2,386,440,4304606,11,20,1,2,1
45248,2023,11,18,7,2,101,841,2933257,18,20,0,3,1
45248,2023,11,18,7,2,116,"809,9",3101508,83,20,0,1,1
45248,2023,11,18,7,2,40,510,3154606,16,12,1,4,2
45248,2023,11,18,7,2,262,"28,9",3139409,11,21,1,1,1
45248,2023,11,18,7,2,364,421,1100114,20,11,0,3,3
45248,2023,11,18,7,2,414,437,5201108,82,11,0,2,2
45248,2023,11,18,7,3,101,19,3555406,33,12,0,4,3
45237,2023,11,7,3,1,470,52,4202404,76,4,1,1,1
45248,2023,11,18,7,3,40,104,3301702,28,4,0,3,3
45248,2023,11,18,7,2,381,"537,4",3133709,13,21,0,1,1
45248,2023,11,18,7,2,116,"716,9",3143906,80,10,0,3,3
45248,2023,11,18,7,2,262,"524,9",5001102,66,20,0,3,1
45248,2023,11,18,7,3,381,481,3106705,11,12,1,3,2
45248,2023,11,18,7,3,101,177,4202305,1,9,0,2,2
45248,2023,11,18,7,3,116,306,3549953,11,21,0,1,1
45248,2023,11,18,7,3,381,41,3504107,60,2,0,2,2
45248,2023,11,18,7,3,376,"304,8",4115754,83,4,0,1,1
45248,2023,11,18,7,3,230,28,2507507,5,21,1,1,1
45248,2023,11,18,7,3,163,"615,6",5007695,1,11,1,2,2
45248,2023,11,18,7,3,262,19,2112803,1,11,1,3,2
45248,2023,11,18,7,3,262,359,3106705,28,18,0,1,1
45248,2023,11,18,7,3,381,773,3110905,18,20,0,1,1
45233,2023,11,3,6,1,50,15,3170206,83,20,1,2,1
45248,2023,11,18,7,3,116,222,3518800,16,12,1,2,2
45248,2023,11,18,7,3,10,457,4117602,4,9,0,2,2
45248,2023,11,18,7,3,116,221,4306403,11,4,1,4,1
45248,2023,11,18,7,3,282,"491,2",4205308,6,11,0,8,4
45248,2023,11,18,7,3,101,495,3300100,49,21,0,1,1
45248,2023,11,18,7,3,101,"289,7",3201308,13,21,1,1,1
45248,2023,11,18,7,3,101,524,3300100,1,11,0,2,2
45248,2023,11,18,7,3,40,82,3303906,28,18,0,1,1
45248,2023,11,18,7,3,282,"22,9",4215703,82,9,1,4,3
45248,2023,11,18,7,3,235,18,2803609,67,4,0,2,1
45248,2023,11,18,7,2,163,490,2401305,18,4,1,1,1
45248,2023,11,18,7,3,116,170,3304557,49,9,1,2,2
45248,2023,11,18,7,3,230,"748,4",1504455,49,7,0,5,3
45248,2023,11,18,7,3,364,155,1200138,20,11,1,2,2
45248,2023,11,18,7,3,277,727,4108304,6,20,1,1,1
45248,2023,11,18,7,3,101,"205,7",4216602,67,12,1,3,2
45248,2023,11,18,7,3,365,850,3159803,11,20,0,3,2
45248,2023,11,18,7,3,230,24,2507507,67,9,1,2,2
45248,2023,11,18,7,3,116,"489,7",3130903,20,7,0,3,2
45248,2023,11,18,7,3,230,23,2507507,16,12,1,2,2
45248,2023,11,18,7,3,472,578,4322400,1,11,1,2,2
45248,2023,11,18,7,3,304,44,2408003,11,4,1,1,1
45248,2023,11,18,7,3,40,"5,2",5221858,35,2,0,2,2
45248,2023,11,18,7,3,232,512,2612208,67,12,0,2,2
45248,2023,11,18,7,1,414,378,5205802,67,20,0,1,1
45248,2023,11,18,7,3,232,157,2614709,52,10,0,5,2
45248,2023,11,18,7,3,364,284,1100254,13,20,0,5,1
45248,2023,11,18,7,4,101,196,2801702,14,20,0,3,2
45248,2023,11,18,7,3,364,202,5107602,67,21,1,1,1
45248,2023,11,18,7,3,316,50,1506500,67,21,1,2,1
45248,2023,11,18,7,4,153,507,5208707,11,20,1,1,1
45248,2023,11,18,7,2,101,654,2916302,83,20,0,2,1
45248,2023,11,18,7,4,230,20,2507507,49,15,1,4,3
45248,2023,11,18,7,4,116,264,4304606,1,9,1,3,3
45248,2023,11,18,7,4,116,177,3305109,15,9,1,2,2
45248,2023,11,18,7,3,230,751,1504455,82,11,0,2,2
45248,2023,11,18,7,4,381,"76,5",3550308,11,20,0,1,1
45248,2023,11,18,7,4,101,"429,8",4217709,49,12,0,2,2
45248,2023,11,18,7,4,101,291,4207304,1,7,0,3,2
45248,2023,11,18,7,4,153,442,5201108,52,9,1,2,2
45248,2023,11,18,7,4,470,"35,3",4205902,11,4,0,2,1
45248,2023,11,18,7,4,470,"35,3",4205902,49,2,0,3,2
45248,2023,11,18,7,4,10,341,1506609,80,7,0,3,2
45248,2023,11,18,7,4,116,221,3518800,16,21,0,1,1
45248,2023,11,18,7,3,277,136,4102307,67,4,0,3,2
45248,2023,11,18,7,4,290,347,4319604,67,20,0,5,1
45248,2023,11,18,7,4,101,"254,6",4212304,83,4,1,2,1
45248,2023,11,18,7,4,101,74,2611606,67,20,1,1,1
45248,2023,11,18,7,3,364,258,1100049,28,18,0,1,1
45248,2023,11,18,7,4,60,382,5218805,11,4,1,1,1
45248,2023,11,18,7,4,361,83,2511301,81,9,1,4,2
45248,2023,11,18,7,4,10,456,4117602,36,9,1,3,2
45248,2023,11,18,7,4,116,269,3552809,35,2,1,2,2
45248,2023,11,18,7,4,393,162,3306008,67,4,0,1,1
45248,2023,11,18,7,4,30,"244,1",2911709,20,7,0,4,2
45248,2023,11,18,7,4,163,253,3169109,67,4,0,1,1
45248,2023,11,18,7,4,40,"607,1",3118007,11,20,0,1,1
45248,2023,11,18,7,4,235,"47,1",2506905,49,20,1,4,1
45248,2023,11,18,7,4,158,"252,3",5008305,83,20,0,1,1
45248,2023,11,18,7,4,364,16,1100304,1,11,1,2,2
45248,2023,11,18,7,4,50,7,3170206,67,4,0,1,1
45249,2023,11,19,1,1,40,0,5221858,11,21,1,1,1
45248,2023,11,18,7,3,101,"340,5",4218707,49,4,0,1,1
45248,2023,11,18,7,4,116,114,4106902,11,12,0,2,2
45248,2023,11,18,7,4,116,260,3168606,11,12,0,2,2
45249,2023,11,19,1,1,116,"27,4",3552007,67,3,0,3,1
45248,2023,11,18,7,3,317,19,1200807,80,7,0,3,2
45249,2023,11,19,1,1,60,"4,4",5300108,1,11,1,2,2
45248,2023,11,18,7,4,251,446,3127800,15,20,0,2,1
45249,2023,11,19,1,1,230,"81,7",2314003,9,1,0,2,1
45249,2023,11,19,1,1,40,565,3144805,52,9,0,3,2
45249,2023,11,19,1,1,277,32,4116208,49,4,0,1,1
45248,2023,11,18,7,4,174,12,5106752,82,7,0,9,3
45249,2023,11,19,1,1,308,187,1508035,11,12,1,2,2
45249,2023,11,19,1,1,70,19,5205513,48,2,0,2,2
45249,2023,11,19,1,1,290,720,4322400,11,20,0,2,2
45249,2023,11,19,1,1,153,"478,9",4120309,60,2,0,3,2
45249,2023,11,19,1,1,116,"283,6",3300407,49,9,0,3,2
45249,2023,11,19,1,1,101,"404,8",4201406,11,20,0,2,1
45248,2023,11,18,7,4,101,241,3205002,9,1,0,2,1
45249,2023,11,19,1,1,290,150,4301107,50,4,0,2,1
45249,2023,11,19,1,1,369,"146,9",4113700,18,4,1,1,1
45249,2023,11,19,1,1,116,223,3518800,11,4,1,2,1
45249,2023,11,19,1,1,470,"42,8",4205902,11,4,0,1,1
45249,2023,11,19,1,1,230,41,2110203,49,4,1,1,1
45249,2023,11,19,1,1,116,97,4125506,49,4,0,1,1
45249,2023,11,19,1,2,116,132,4107652,49,20,0,1,1
45249,2023,11,19,1,2,116,282,3515004,4,20,1,1,1
45249,2023,11,19,1,1,174,386,5103361,52,7,0,4,2
45248,2023,11,18,7,4,153,88,2512200,28,18,0,1,1
45249,2023,11,19,1,1,262,"382,8",5008008,67,4,1,1,1
45249,2023,11,19,1,1,158,89,2707107,82,7,1,6,2
45249,2023,11,19,1,2,116,322,3526209,67,20,1,1,1
45249,2023,11,19,1,2,376,"161,4",4115200,67,20,1,1,1
45249,2023,11,19,1,1,316,"1,9",2211001,49,4,1,2,1
45249,2023,11,19,1,1,402,"33,2",2207702,80,7,1,2,2
45249,2023,11,19,1,2,60,0,5300108,28,20,1,1,1
45249,2023,11,19,1,2,316,4,2211001,11,4,1,2,1
45249,2023,11,19,1,2,290,"66,5",4309209,11,12,0,2,2
45249,2023,11,19,1,2,116,"39,9",4104006,83,4,0,2,1
45248,2023,11,18,7,4,163,107,1502202,49,20,0,1,1
45249,2023,11,19,1,2,101,104,2403251,80,9,1,2,2
45249,2023,11,19,1,2,381,"873,7",3124500,21,20,0,1,1
45225,2023,10,26,5,3,277,726,4108304,67,12,1,3,2
45235,2023,11,5,1,3,101,209,4216602,67,15,1,7,3
45249,2023,11,19,1,2,116,"500,1",3509254,67,3,0,4,1
45249,2023,11,19,1,2,116,"111,9",3554102,16,15,1,5,3
45249,2023,11,19,1,2,153,239,3127008,28,12,1,4,2
45249,2023,11,19,1,2,101,51,3555406,82,7,1,3,3
45249,2023,11,19,1,2,262,"19,5",2112803,1,11,1,3,3
45249,2023,11,19,1,2,101,85,2408102,16,12,1,2,2
45249,2023,11,19,1,2,408,"77,5",2610608,2,11,0,2,2
45249,2023,11,19,1,2,267,"145,4",3138609,83,7,0,4,2
45249,2023,11,19,1,2,116,"234,4",4307609,67,12,1,2,2
45249,2023,11,19,1,2,116,22,4101200,83,4,0,2,1
45249,2023,11,19,1,2,356,57,3302205,82,4,0,1,1
45249,2023,11,19,1,2,293,"38,8",4304663,56,20,0,6,1
45249,2023,11,19,1,2,101,258,2928703,11,20,0,1,1
45249,2023,11,19,1,2,364,271,1200500,11,20,0,2,1
45249,2023,11,19,1,2,101,138,4202008,49,4,1,1,1
45249,2023,11,19,1,2,116,"447,9",3123700,83,4,0,1,1
45249,2023,11,19,1,2,116,506,3509254,67,3,0,4,1
45249,2023,11,19,1,2,282,117,4200705,52,20,0,4,1
45249,2023,11,19,1,2,163,217,2303501,67,4,0,1,1
45249,2023,11,19,1,2,101,"85,5",2501807,13,21,0,2,1
45249,2023,11,19,1,2,101,71,3301009,16,15,0,6,3
45249,2023,11,19,1,2,158,515,4317103,67,20,0,5,1
45249,2023,11,19,1,2,101,319,3304904,67,21,0,1,1
45249,2023,11,19,1,2,230,27,2507507,61,2,1,2,2
45234,2023,11,4,7,2,272,"367,9",4104303,1,11,1,4,2
45249,2023,11,19,1,2,386,"63,7",4320206,63,20,0,1,1
45249,2023,11,19,1,2,316,70,1502400,41,20,0,2,2
45249,2023,11,19,1,3,116,122,3508504,16,12,0,4,3
45249,2023,11,19,1,2,262,"184,9",3203007,11,7,0,3,3
45248,2023,11,18,7,4,364,1018,1100205,11,20,0,1,1
45249,2023,11,19,1,3,101,"123,9",2503001,52,9,0,2,2
45249,2023,11,19,1,3,376,326,4117305,67,7,0,5,2
45249,2023,11,19,1,3,50,"270,9",5205109,67,20,0,2,1
45249,2023,11,19,1,2,101,"414,6",4201406,18,20,1,1,1
45249,2023,11,19,1,2,40,84,3303906,4,20,0,5,1
45249,2023,11,19,1,2,423,"21,5",2701605,29,21,0,2,2
45249,2023,11,19,1,3,101,57,2611606,52,9,0,2,1
45249,2023,11,19,1,3,116,234,4313409,20,9,1,3,2
45249,2023,11,19,1,2,40,52,3303906,6,7,0,5,1
45249,2023,11,19,1,3,101,210,4216602,56,4,1,3,2
45249,2023,11,19,1,3,101,73,2110203,67,4,0,5,1
45249,2023,11,19,1,3,262,113,3201704,83,7,0,3,2
45249,2023,11,19,1,3,316,7,2211001,52,9,1,2,2
45249,2023,11,19,1,3,40,"231,6",3161700,82,7,0,5,2
45249,2023,11,19,1,3,316,7,2211001,20,11,1,4,2
45249,2023,11,19,1,3,40,"754,1",3125002,67,20,0,2,1
45246,2023,11,16,5,1,470,"284,9",4202875,28,18,0,1,1
45249,2023,11,19,1,3,101,493,3300100,20,11,0,4,2
45249,2023,11,19,1,3,101,343,3202405,35,2,0,2,2
45249,2023,11,19,1,2,40,91,3303906,15,20,0,3,1
45249,2023,11,19,1,3,101,"39,7",3555406,1,11,0,4,3
45249,2023,11,19,1,3,470,"141,1",4214805,65,11,1,2,2
45249,2023,11,19,1,3,364,120,1200401,1,11,1,4,3
45185,2023,9,16,7,3,104,"74,8",2604106,80,7,0,2,2
45249,2023,11,19,1,3,101,476,3300100,49,20,0,1,1
45249,2023,11,19,1,3,163,"132,3",4104600,67,20,0,1,1
45249,2023,11,19,1,3,163,550,4102406,49,20,0,1,1
45249,2023,11,19,1,3,330,813,2918308,49,12,1,3,2
45249,2023,11,19,1,3,364,698,1100205,15,20,1,1,1
45249,2023,11,19,1,3,376,"162,9",4115200,67,20,0,1,1
45249,2023,11,19,1,2,40,96,3301702,51,21,0,1,1
45249,2023,11,19,1,3,116,242,4318705,67,9,1,2,2
45221,2023,10,22,1,4,280,"213,6",4218301,80,7,0,3,2
45249,2023,11,19,1,3,60,3,5300108,1,11,1,5,2
45249,2023,11,19,1,3,50,73,3170206,11,20,1,2,1
45249,2023,11,19,1,3,40,825,3167509,83,20,0,3,1
45249,2023,11,19,1,3,277,725,4108304,67,12,0,4,2
45249,2023,11,19,1,3,428,184,2611101,16,12,1,2,2
45249,2023,11,19,1,3,262,359,3106705,83,20,1,1,1
45249,2023,11,19,1,3,116,"304,7",3549953,11,20,0,2,1
45249,2023,11,19,1,3,104,"136,2",2512507,80,7,1,3,2
45249,2023,11,19,1,3,364,932,1100205,4,20,0,2,1
45249,2023,11,19,1,3,116,3,2933307,33,11,0,2,2
45249,2023,11,19,1,3,392,257,4302808,67,20,0,1,1
45249,2023,11,19,1,3,40,570,3131901,35,2,1,2,2
45249,2023,11,19,1,4,381,420,3110004,76,20,0,2,1
45249,2023,11,19,1,3,60,"171,9",5200050,52,12,1,2,2
45241,2023,11,11,7,4,493,6,3301900,81,2,1,3,2
45249,2023,11,19,1,3,316,"46,6",2701605,9,1,0,2,1
45249,2023,11,19,1,4,210,0,1600303,80,10,0,3,2
45249,2023,11,19,1,4,262,394,5008008,49,4,0,1,1
45249,2023,11,19,1,3,406,163,2402600,1,12,0,2,2
45247,2023,11,17,6,2,101,481,3300100,16,11,1,2,2
45249,2023,11,19,1,3,101,806,2915601,49,20,0,1,1
45249,2023,11,19,1,4,393,171,3306008,80,7,0,3,2
45249,2023,11,19,1,4,230,"142,9",2504009,9,1,0,3,1
45249,2023,11,19,1,3,80,30,5300108,65,20,0,4,1
45249,2023,11,19,1,4,381,"669,9",3149903,49,12,0,5,3
45249,2023,11,19,1,4,116,561,3505401,67,3,0,1,1
45249,2023,11,19,1,4,50,197,3170107,67,4,0,1,1
45249,2023,11,19,1,4,116,446,2901700,56,3,0,3,1
45249,2023,11,19,1,4,232,363,2605608,11,12,0,13,2
45249,2023,11,19,1,4,101,270,3205002,16,12,1,2,2
45249,2023,11,19,1,4,158,507,4106506,11,11,0,3,2
45249,2023,11,19,1,4,116,18,2304285,35,2,1,2,2
45249,2023,11,19,1,4,101,258,3205002,11,4,1,1,1
45249,2023,11,19,1,4,101,"216,3",4211900,33,11,1,2,2
45249,2023,11,19,1,4,116,448,2901700,83,21,0,2,1
45249,2023,11,19,1,4,277,49,4116208,56,4,0,1,1
45249,2023,11,19,1,4,472,"186,7",4317905,82,20,0,4,1
45249,2023,11,19,1,4,472,"180,1",4317202,49,7,0,4,3
45249,2023,11,19,1,4,153,221,5221601,67,4,0,1,1
45249,2023,11,19,1,4,470,"275,9",4318614,16,12,1,5,2
45249,2023,11,19,1,4,163,"231,7",2303501,52,9,0,7,3
45249,2023,11,19,1,4,20,28,5300108,83,20,0,1,1
45249,2023,11,19,1,4,235,8,2804805,12,20,0,1,1
45249,2023,11,19,1,3,290,531,4300406,13,20,0,2,1
45249,2023,11,19,1,4,393,284,3306305,49,15,1,5,4
45249,2023,11,19,1,4,101,"125,3",4208203,28,21,0,1,1
45249,2023,11,19,1,4,40,735,3160702,67,11,0,7,2
45249,2023,11,19,1,3,153,63,3170602,52,11,0,6,3
45249,2023,11,19,1,4,135,36,2101251,67,20,0,1,1
45249,2023,11,19,1,4,104,"118,2",2508307,1,21,0,2,2
45249,2023,11,19,1,4,493,49,3301702,67,7,1,3,2
45249,2023,11,19,1,4,116,"161,8",4305108,83,20,1,1,1
45249,2023,11,19,1,4,381,661,3149903,49,20,0,1,1
45249,2023,11,19,1,4,280,"304,3",4213609,33,11,0,3,2
45249,2023,11,19,1,3,428,186,2611101,16,12,1,2,2
45249,2023,11,19,1,4,116,"41,7",3508603,83,4,0,4,3
45249,2023,11,19,1,4,316,279,2203404,4,20,0,5,1
45249,2023,11,19,1,4,70,9,5300108,67,12,1,4,2
45249,2023,11,19,1,4,365,642,3170206,67,20,0,1,1
45250,2023,11,20,2,1,277,678,4115804,18,20,0,1,1
45249,2023,11,19,1,3,163,937,5104559,67,4,1,1,1
45249,2023,11,19,1,4,116,145,3301702,67,12,1,2,2
45249,2023,11,19,1,4,153,239,3127008,1,7,1,4,2
45249,2023,11,19,1,4,70,8,5200258,49,9,1,3,2
45249,2023,11,19,1,4,287,374,4317400,49,3,0,1,1
45250,2023,11,20,2,1,290,"353,7",4319604,49,3,0,1,1
45250,2023,11,20,2,1,232,"4,6",2611606,80,10,0,3,3
45250,2023,11,20,2,1,369,1,4104303,9,1,0,1,1
45250,2023,11,20,2,1,365,601,3170206,83,20,0,1,1
45250,2023,11,20,2,1,365,"45,5",3116506,15,20,0,10,1
45250,2023,11,20,2,1,365,622,3170206,67,4,0,1,1
45250,2023,11,20,2,1,40,"677,9",3113206,18,20,0,2,1
45250,2023,11,20,2,1,40,517,3154606,9,1,1,1,1
45250,2023,11,20,2,1,60,10,5219753,64,20,0,2,1
45250,2023,11,20,2,1,40,"460,2",3109907,13,4,0,1,1
45249,2023,11,19,1,4,101,"315,3",4209409,48,2,1,2,2
45250,2023,11,20,2,1,277,677,4115804,49,12,0,4,2
45250,2023,11,20,2,1,101,"200,1",4216602,11,7,1,2,2
45250,2023,11,20,2,1,282,"460,5",4213401,67,12,1,5,2
45250,2023,11,20,2,1,262,385,3140704,83,3,1,3,1
45250,2023,11,20,2,2,406,169,2312403,16,12,0,1,1
45250,2023,11,20,2,1,101,"445,4",4215653,67,4,0,1,1
45250,2023,11,20,2,2,406,"168,7",2312403,67,12,1,2,2
45250,2023,11,20,2,1,116,273,3552809,11,4,1,2,1
45250,2023,11,20,2,2,285,"274,5",4312138,1,11,0,2,2
45250,2023,11,20,2,2,101,89,2507507,11,12,1,3,2
45250,2023,11,20,2,2,406,159,2402600,67,12,0,4,2
45249,2023,11,19,1,3,316,99,1506609,1,11,0,2,2
45250,2023,11,20,2,2,101,"68,2",2611606,52,9,1,3,2
45250,2023,11,20,2,2,101,"267,8",3205002,52,9,0,2,2
45250,2023,11,20,2,2,70,6,5300108,78,9,1,3,2
45250,2023,11,20,2,2,101,"212,3",4211900,16,12,1,3,2
45250,2023,11,20,2,2,415,21,2913606,20,11,0,2,2
45250,2023,11,20,2,2,20,"16,9",5300108,78,12,0,3,2
45250,2023,11,20,2,2,308,202,1501709,1,11,1,2,2
45250,2023,11,20,2,2,381,"485,2",3106705,83,2,1,2,2
45214,2023,10,15,1,3,232,124,2604106,1,11,0,2,2
45250,2023,11,20,2,2,277,"78,6",4106902,78,9,1,5,3
45200,2023,10,1,1,2,153,"41,6",4307005,13,21,0,2,1
45249,2023,11,19,1,3,163,1029,5106422,1,11,1,5,2
45250,2023,11,20,2,2,280,"22,6",4201307,1,11,1,2,2
45250,2023,11,20,2,2,116,3,2304400,16,12,0,2,2
45238,2023,11,8,4,2,101,"193,3",2704005,82,7,0,2,2
45242,2023,11,12,1,3,101,"303,7",2112803,28,21,0,2,1
45249,2023,11,19,1,4,40,94,3301702,67,20,0,1,1
45250,2023,11,20,2,2,376,"598,9",4106902,61,2,1,2,2
45250,2023,11,20,2,2,232,"4,2",2611606,82,9,1,2,2
45250,2023,11,20,2,2,101,388,3304557,15,12,1,2,2
45249,2023,11,19,1,4,174,386,5103361,12,7,0,2,2
45249,2023,11,19,1,4,364,53,5204102,49,3,0,3,1
45250,2023,11,20,2,2,381,355,3136207,5,21,0,1,1
45250,2023,11,20,2,2,423,109,2603207,1,10,0,3,2
45250,2023,11,20,2,2,101,320,3303302,11,3,0,1,1
45249,2023,11,19,1,4,308,151,1502202,49,7,1,2,2
45250,2023,11,20,2,2,116,363,3529906,15,20,0,3,1
45250,2023,11,20,2,2,40,"139,1",3136306,4,7,0,7,2
45250,2023,11,20,2,2,116,363,3529906,64,21,1,1,1
45250,2023,11,20,2,2,50,3,3170206,13,20,0,1,1
45250,2023,11,20,2,2,376,"666,4",4109609,67,12,0,1,1
45250,2023,11,20,2,2,262,"450,8",3145208,82,10,0,3,3
45250,2023,11,20,2,2,110,233,2923100,80,7,0,2,2
45250,2023,11,20,2,2,70,18,5300108,11,20,1,2,1
45250,2023,11,20,2,2,262,34,3139409,1,11,1,4,2
45250,2023,11,20,2,2,101,501,3300100,16,12,0,4,3
45250,2023,11,20,2,2,343,"324,6",2211001,52,9,0,2,2
45250,2023,11,20,2,3,101,"189,9",4202305,51,21,1,1,1
45250,2023,11,20,2,2,101,213,4211900,11,12,0,3,2
45250,2023,11,20,2,2,324,1,2910800,52,4,1,1,1
45250,2023,11,20,2,2,158,785,5101803,52,20,0,3,1
45239,2023,11,9,5,3,40,10,5212501,52,11,1,2,2
45150,2023,8,12,7,2,381,77,3550308,83,20,1,2,2
45250,2023,11,20,2,2,262,"35,9",3139409,1,11,1,3,2
45250,2023,11,20,2,3,101,145,4208302,13,21,1,2,1
45250,2023,11,20,2,3,251,45,5300108,67,20,0,1,1
45250,2023,11,20,2,3,116,"439,9",3123700,18,20,0,1,1
45250,2023,11,20,2,3,343,"345,5",2211001,49,11,1,2,2
45250,2023,11,20,2,3,116,763,3138401,1,11,1,2,2
45250,2023,11,20,2,2,101,247,3305604,67,4,0,4,1
45250,2023,11,20,2,3,369,"158,9",4103701,16,12,1,2,2
45245,2023,11,15,4,3,163,197,5002407,11,3,0,1,1
45242,2023,11,12,1,4,262,365,2401305,11,1,1,1,1
45250,2023,11,20,2,3,174,15,1100304,33,11,0,4,3
45250,2023,11,20,2,2,116,15,4104006,67,4,0,2,1
45250,2023,11,20,2,3,101,127,4208203,67,20,0,2,1
45250,2023,11,20,2,2,153,635,1700350,67,20,0,1,1
45250,2023,11,20,2,3,101,384,3304557,28,18,1,1,1
45250,2023,11,20,2,3,101,31,4209102,16,12,0,2,2
45250,2023,11,20,2,3,20,"318,5",2302800,1,11,0,2,2
45250,2023,11,20,2,3,60,"593,5",2307106,52,9,0,2,2
45250,2023,11,20,2,3,40,109,3301702,16,9,1,3,2
45250,2023,11,20,2,3,101,216,4211900,11,12,0,2,2
45250,2023,11,20,2,3,116,"230,2",3550308,11,12,1,2,2
45250,2023,11,20,2,3,364,"243,9",1100049,28,20,0,1,1
45250,2023,11,20,2,3,101,180,4206009,11,12,1,2,2
45250,2023,11,20,2,3,116,252,4320008,52,9,1,2,2
45250,2023,11,20,2,3,364,515,1100023,1,9,1,2,2
45250,2023,11,20,2,3,60,97,5201108,33,7,1,2,2
45250,2023,11,20,2,3,376,1,4125506,80,11,1,2,2
45250,2023,11,20,2,3,235,"1,8",2800308,16,12,0,2,2
45250,2023,11,20,2,3,116,176,3305109,15,4,0,3,1
45250,2023,11,20,2,3,70,16,5300108,11,15,1,3,3
45250,2023,11,20,2,3,20,12,5300108,28,12,1,5,2
45250,2023,11,20,2,3,386,350,4307807,67,12,1,2,2
45250,2023,11,20,2,3,153,"97,2",4204301,1,11,1,2,2
45250,2023,11,20,2,2,476,"110,2",4105805,83,20,1,1,1
45250,2023,11,20,2,3,116,7,4104006,15,3,0,1,1
45250,2023,11,20,2,3,101,"203,2",4216602,78,9,1,2,2
45250,2023,11,20,2,3,101,152,4208302,52,9,1,2,2
45250,2023,11,20,2,3,230,27,2507507,35,2,1,2,2
45250,2023,11,20,2,3,282,"3,5",4205407,78,9,1,3,3
45238,2023,11,8,4,2,376,619,4125506,67,21,1,1,1
45250,2023,11,20,2,4,222,208,2304350,13,21,1,3,1
45250,2023,11,20,2,3,101,153,2404200,83,3,0,5,1
45247,2023,11,17,6,1,163,323,3517406,11,18,0,1,1
45250,2023,11,20,2,3,316,"268,5",2708907,67,20,1,1,1