id_data,ano,mes,dia,id_dia_semana,periodo,br,km,id_municipio,id_causa_acidente,id_tipo_acidente,id_uso_solo,pessoas,veiculos
45250,2023,11,20,2,4,277,"586,4",2303501,33,11,1,2,2
45250,2023,11,20,2,4,40,6,5221858,11,2,0,1,1
45250,2023,11,20,2,4,101,113,4208203,78,9,0,2,2
45250,2023,11,20,2,4,163,986,1506807,1,11,0,2,2
45250,2023,11,20,2,4,262,"34,8",3139409,11,4,1,3,1
45250,2023,11,20,2,4,10,262,2105302,1,11,0,2,2
45250,2023,11,20,2,4,163,281,4114609,38,21,0,2,1
45250,2023,11,20,2,2,101,"86,5",3301009,22,21,0,1,1
45250,2023,11,20,2,4,101,386,3304557,2,12,1,3,2
45250,2023,11,20,2,4,101,"385,1",4207007,67,9,0,5,2
45250,2023,11,20,2,4,40,568,3144805,52,4,0,5,1
45250,2023,11,20,2,3,364,308,1100254,1,12,1,2,2
45250,2023,11,20,2,4,101,161,4218004,80,10,1,2,2
45250,2023,11,20,2,4,376,644,4127601,80,7,0,2,2
45250,2023,11,20,2,4,116,"36,3",3513405,15,9,0,2,2
45250,2023,11,20,2,4,364,30,3127107,13,21,0,1,1
45250,2023,11,20,2,4,285,"121,7",4322509,80,7,1,2,2
45220,2023,10,21,7,1,101,"140,3",4208302,80,7,0,9,3
45250,2023,11,20,2,4,153,208,5221601,67,12,0,3,2
45179,2023,9,10,1,4,226,"38,4",2112209,12,12,0,3,2
45250,2023,11,20,2,4,369,493,2303501,83,20,0,1,1
45250,2023,11,20,2,4,381,"907,5",3110608,83,4,0,1,1
45250,2023,11,20,2,3,393,124,1507755,78,21,0,1,1
45251,2023,11,21,3,1,101,905,2923001,67,20,0,1,1
45250,2023,11,20,2,4,101,247,3305604,67,12,0,4,2
45250,2023,11,20,2,2,235,385,2907202,12,7,0,13,4
45251,2023,11,21,3,1,290,714,4322400,18,4,0,2,1
45251,2023,11,21,3,1,282,21,4211900,11,4,1,1,1
45251,2023,11,21,3,1,40,481,3167202,18,3,0,2,1
45251,2023,11,21,3,1,232,509,2612208,9,1,1,1,1
45250,2023,11,20,2,4,40,786,3136702,83,12,0,2,2
45251,2023,11,21,3,1,116,"631,9",3122009,80,7,0,3,3
45251,2023,11,21,3,1,101,123,4208203,33,11,1,2,2
45251,2023,11,21,3,1,101,215,3301306,11,20,0,1,1
45251,2023,11,21,3,1,101,87,3301009,83,20,0,1,1
45250,2023,11,20,2,2,381,375,3161908,4,20,0,1,1
45250,2023,11,20,2,4,116,97,3301850,83,4,0,2,1
45251,2023,11,21,3,1,50,"180,6",5204805,18,20,0,1,1
45251,2023,11,21,3,1,470,207,4302105,67,20,0,1,1
45250,2023,11,20,2,4,235,360,2907202,9,1,0,1,1
45251,2023,11,21,3,2,230,"23,5",2507507,11,9,1,4,3
45251,2023,11,21,3,1,10,"455,6",4117602,83,21,1,2,1
45250,2023,11,20,2,2,324,525,2910800,13,21,1,2,1
45250,2023,11,20,2,4,365,663,3142809,13,21,0,2,1
45251,2023,11,21,3,1,116,402,2910800,9,1,0,3,1
45251,2023,11,21,3,2,116,"224,3",3518800,52,12,0,2,2
45251,2023,11,21,3,2,40,511,3154606,5,12,0,4,3
45251,2023,11,21,3,1,101,563,3303807,83,20,0,4,1
45251,2023,11,21,3,2,343,"305,5",2200400,11,11,1,2,2
45251,2023,11,21,3,2,101,61,2110203,13,4,0,1,1
45251,2023,11,21,3,2,235,52,2506905,1,11,1,2,2
45251,2023,11,21,3,2,116,175,3305109,81,9,0,2,2
45213,2023,10,14,7,3,316,311,2208007,67,4,1,1,1
45232,2023,11,2,5,3,20,"10,4",5300108,64,20,0,2,1
45251,2023,11,21,3,2,116,389,3529906,83,12,0,3,2
45247,2023,11,17,6,3,101,70,2611606,35,2,1,2,2
45251,2023,11,21,3,2,116,228,3518800,67,9,1,2,2
45251,2023,11,21,3,2,381,"485,8",3106705,16,12,1,2,2
45251,2023,11,21,3,2,319,56,1100205,20,12,1,2,2
45251,2023,11,21,3,2,493,86,3301702,11,12,0,9,2
45251,2023,11,21,3,2,101,407,3302007,28,18,1,4,1
45251,2023,11,21,3,2,116,169,3304557,11,7,1,3,3
45251,2023,11,21,3,2,116,"39,3",4322509,33,11,1,2,2
45247,2023,11,17,6,4,153,535,2305209,67,20,0,1,1
45251,2023,11,21,3,2,116,"234,5",4313409,36,12,1,2,2
45242,2023,11,12,1,1,277,"101,9",4106902,49,20,0,2,2
45233,2023,11,3,6,2,330,802,2918001,16,15,0,6,4
45222,2023,10,23,2,2,116,362,4321105,80,7,1,7,3
45251,2023,11,21,3,2,101,"72,9",2611606,83,4,1,1,1
45251,2023,11,21,3,2,101,"94,4",2408102,4,21,1,1,1
45251,2023,11,21,3,2,10,456,4117602,11,12,1,2,2
45251,2023,11,21,3,2,101,146,3203205,83,9,1,2,2
45251,2023,11,21,3,2,262,"524,7",3138807,82,20,0,4,1
45251,2023,11,21,3,3,101,507,3300100,16,12,0,2,2
45251,2023,11,21,3,3,101,506,3300100,16,12,1,2,2
45251,2023,11,21,3,2,435,"104,4",1100064,7,10,0,2,2
45251,2023,11,21,3,2,116,"124,8",3508504,13,4,1,2,1
45251,2023,11,21,3,2,163,"495,4",5004908,67,4,0,1,1
45251,2023,11,21,3,2,429,"162,2",1100320,67,20,1,1,1
45251,2023,11,21,3,2,262,196,3203007,1,11,1,2,2
45251,2023,11,21,3,3,386,38,4308508,11,20,1,2,1
45251,2023,11,21,3,2,101,429,3302601,67,20,0,1,1
45251,2023,11,21,3,2,116,128,2513158,67,12,0,3,2
45251,2023,11,21,3,3,235,52,2506905,1,11,0,2,2
45251,2023,11,21,3,3,376,"4,5",4101408,1,11,0,2,2
45251,2023,11,21,3,2,163,693,5107925,72,20,0,1,1
45251,2023,11,21,3,2,230,117,1504208,67,15,1,5,3
45251,2023,11,21,3,3,316,63,1502400,1,11,1,2,2
45251,2023,11,21,3,3,290,392,4316972,2,11,0,2,2
45203,2023,10,4,4,2,116,509,3509254,15,20,0,2,1
45251,2023,11,21,3,3,101,387,3304557,52,9,0,2,2
45251,2023,11,21,3,3,287,390,4317400,11,12,0,2,2
45251,2023,11,21,3,3,116,"525,9",3113404,33,21,1,1,1
45251,2023,11,21,3,3,364,267,5104807,11,20,0,1,1
45251,2023,11,21,3,3,101,"46,9",2606804,52,9,1,2,2
45251,2023,11,21,3,3,101,201,4216602,49,9,1,3,3
45219,2023,10,20,6,3,381,"516,7",3130101,28,4,0,2,1
45249,2023,11,19,1,4,493,1,3301900,80,10,1,3,2
45251,2023,11,21,3,3,101,214,4211900,1,11,1,3,2
45239,2023,11,9,5,3,163,258,5003702,81,12,0,2,2
45251,2023,11,21,3,3,242,609,2922250,67,20,0,1,1
45251,2023,11,21,3,3,101,141,3203205,83,11,0,2,2
45251,2023,11,21,3,3,153,168,4128534,28,4,0,1,1
45251,2023,11,21,3,3,262,151,5007109,4,20,0,1,1
45251,2023,11,21,3,3,280,24,4201307,82,9,1,2,2
45231,2023,11,1,4,4,116,485,3122504,9,1,0,1,1
45251,2023,11,21,3,2,156,410,1600709,15,20,0,2,1
45251,2023,11,21,3,3,101,152,4208302,1,11,1,2,2
45251,2023,11,21,3,3,381,"801,4",3162005,13,20,0,1,1
45251,2023,11,21,3,3,101,174,2806305,1,11,0,2,2
45251,2023,11,21,3,3,116,145,3549904,11,12,1,2,2
45251,2023,11,21,3,3,262,33,3139409,1,11,0,2,2
45251,2023,11,21,3,3,116,259,4304606,52,12,1,2,2
45251,2023,11,21,3,3,101,"200,7",4216602,67,12,1,2,2
45251,2023,11,21,3,3,235,"109,3",2801405,11,7,0,2,2
45251,2023,11,21,3,3,116,310,3304201,49,9,0,2,2
45251,2023,11,21,3,3,423,97,2606002,11,12,1,2,2
45251,2023,11,21,3,3,365,623,3170206,67,9,1,2,2
45251,2023,11,21,3,3,369,"185,2",4101507,78,9,1,6,2
45150,2023,8,12,7,1,40,479,3167202,67,3,0,1,1
45251,2023,11,21,3,3,101,"56,5",2611606,81,12,1,2,2
45251,2023,11,21,3,3,262,162,3202454,11,2,0,2,2
45251,2023,11,21,3,4,324,609,2930709,1,2,0,2,2
45251,2023,11,21,3,3,110,"99,8",2414605,16,9,1,2,2
45251,2023,11,21,3,4,406,150,2402600,9,1,1,1,1
45251,2023,11,21,3,3,101,278,2918803,61,2,0,5,2
45251,2023,11,21,3,2,470,"260,2",4204806,63,20,0,1,1
45251,2023,11,21,3,4,116,"701,9",3143906,33,11,1,2,2
45251,2023,11,21,3,3,135,146,2201705,11,20,0,1,1
45251,2023,11,21,3,4,365,"512,9",3143104,11,20,0,3,1
45251,2023,11,21,3,3,381,252,#N/D,1,9,0,2,2
45251,2023,11,21,3,3,316,332,2204352,33,11,0,3,2
45251,2023,11,21,3,4,50,118,3170107,67,4,0,2,1
45251,2023,11,21,3,4,101,456,3300100,20,11,1,2,2
45251,2023,11,21,3,4,101,147,3203205,1,11,1,4,2
45251,2023,11,21,3,4,116,"524,8",4314407,18,4,1,1,1
45251,2023,11,21,3,4,116,440,2910800,52,9,0,2,2
45251,2023,11,21,3,4,40,5,5221858,29,12,1,5,4
45251,2023,11,21,3,3,381,"712,5",3113909,83,21,1,1,1
45251,2023,11,21,3,4,158,507,4106506,11,20,0,3,2
45251,2023,11,21,3,3,174,141,5103957,16,9,0,1,1
45251,2023,11,21,3,4,365,166,3151206,35,2,1,2,2
45251,2023,11,21,3,4,101,"416,5",4201406,11,20,1,1,1
45251,2023,11,21,3,4,381,490,3106705,48,2,1,2,2
45185,2023,9,16,7,3,364,243,5105200,28,9,0,1,1
45251,2023,11,21,3,4,324,535,2901106,2,11,1,3,2
45251,2023,11,21,3,4,101,486,3300100,1,11,1,2,2
45251,2023,11,21,3,4,222,"2,7",2304400,16,12,1,2,2
45251,2023,11,21,3,4,448,20,4304606,11,4,1,1,1
45252,2023,11,22,4,1,116,427,2910800,9,1,1,1,1
45252,2023,11,22,4,1,282,577,3538204,49,7,1,3,2
45252,2023,11,22,4,1,232,167,2614709,16,12,0,2,2
45251,2023,11,21,3,4,101,81,2408102,16,12,1,2,2
45252,2023,11,22,4,1,153,"138,8",3541604,18,20,0,1,1
45251,2023,11,21,3,3,40,105,3301702,16,12,0,2,2
45247,2023,11,17,6,2,419,220,5001102,5,12,0,6,2
45252,2023,11,22,4,1,101,"68,6",2804003,33,11,0,5,2
45252,2023,11,22,4,1,116,"299,8",3549953,13,21,0,2,1
45252,2023,11,22,4,2,70,"13,9",5300108,78,9,0,3,2
45252,2023,11,22,4,2,116,"155,2",3549904,11,12,1,2,2
45252,2023,11,22,4,2,116,102,4314902,9,12,1,2,2
45252,2023,11,22,4,2,116,5,2304400,11,12,1,2,2
45252,2023,11,22,4,2,277,"592,9",2303501,35,2,1,2,2
45252,2023,11,22,4,2,259,63,3201506,1,11,1,3,2
45252,2023,11,22,4,2,116,174,3305109,52,9,1,4,2
45252,2023,11,22,4,2,116,71,2500775,6,10,1,2,2
45252,2023,11,22,4,2,381,"487,8",3106705,11,20,1,1,1
45252,2023,11,22,4,2,470,3,4211306,2,11,0,2,2
45232,2023,11,2,5,3,232,"80,4",2606408,49,10,1,2,2
45252,2023,11,22,4,2,381,"850,1",3152501,11,21,1,1,1
45252,2023,11,22,4,2,324,"623,5",2927408,16,12,1,3,2
45252,2023,11,22,4,2,70,18,5300108,11,9,0,3,3
45252,2023,11,22,4,2,407,"129,5",2611101,16,12,1,2,2
45252,2023,11,22,4,2,101,"96,4",2408102,16,12,0,2,2
45172,2023,9,3,1,3,277,70,4125506,1,11,0,3,2
45252,2023,11,22,4,2,116,286,3522208,78,9,1,2,2
45241,2023,11,11,7,2,343,"13,2",2207702,1,11,1,2,2
45252,2023,11,22,4,2,316,309,2208007,52,9,1,2,2
45252,2023,11,22,4,2,414,439,5201108,11,12,1,2,2
45252,2023,11,22,4,2,60,406,5218805,18,20,0,2,1
45252,2023,11,22,4,2,343,"8,7",2207702,5,21,1,1,1
45252,2023,11,22,4,2,101,"68,2",2611606,11,21,1,1,1
45229,2023,10,30,2,2,262,378,3136652,64,20,0,2,2
45252,2023,11,22,4,2,267,52,3140209,1,11,0,2,2
45252,2023,11,22,4,2,262,586,3111507,15,7,0,2,2
45209,2023,10,10,3,2,376,254,4103503,1,21,1,1,1
45252,2023,11,22,4,2,319,59,1100205,1,11,1,2,2
45252,2023,11,22,4,2,282,532,4204350,16,12,0,2,2
45252,2023,11,22,4,2,406,162,2402600,16,12,0,3,3
45252,2023,11,22,4,3,381,942,3125101,11,21,0,1,1
45252,2023,11,22,4,2,480,"125,5",4204202,82,9,1,2,2
45252,2023,11,22,4,2,317,497,#N/D,80,7,0,2,2
45252,2023,11,22,4,3,10,"256,7",2105302,1,11,1,3,2
45252,2023,11,22,4,2,101,416,4201406,11,15,1,3,3
45252,2023,11,22,4,3,222,"3,3",2303709,16,15,1,3,3
45224,2023,10,25,4,2,251,485,3126703,16,12,0,3,2
45237,2023,11,7,3,2,376,614,4125506,52,9,1,2,2
45252,2023,11,22,4,3,116,172,3305109,11,4,1,2,1
45252,2023,11,22,4,3,101,195,4202305,28,21,1,1,1
45252,2023,11,22,4,3,369,185,4101507,82,9,1,3,2
45252,2023,11,22,4,3,40,"529,5",3118601,67,12,1,2,1
45252,2023,11,22,4,3,116,83,3305802,11,11,1,2,2
45252,2023,11,22,4,3,101,119,4208203,78,9,0,2,2
45252,2023,11,22,4,3,116,223,3518800,78,21,1,1,1
45252,2023,11,22,4,3,101,57,2705200,67,3,0,4,1
45252,2023,11,22,4,3,101,"390,9",4204608,15,4,0,2,1
45252,2023,11,22,4,3,116,122,4106902,83,20,0,2,1
45252,2023,11,22,4,2,101,"507,8",3300100,52,7,0,5,3
45252,2023,11,22,4,3,101,146,4208302,15,21,1,1,1
45252,2023,11,22,4,3,222,0,2304400,1,9,1,2,2
45252,2023,11,22,4,3,381,264,3168705,80,7,1,2,2
45252,2023,11,22,4,3,406,171,2312403,67,2,1,3,2
45244,2023,11,14,3,4,163,289,4107256,60,2,0,2,2
45252,2023,11,22,4,3,392,"61,9",4314407,52,9,0,2,2
45216,2023,10,17,3,2,101,14,3204054,6,21,0,1,1
45252,2023,11,22,4,3,230,112,1504208,1,11,0,2,2
45252,2023,11,22,4,3,470,56,4202404,1,11,1,2,2
45252,2023,11,22,4,3,101,269,3205002,78,12,1,2,2
45252,2023,11,22,4,3,60,"245,2",5209952,83,20,0,1,1
45252,2023,11,22,4,3,381,758,3169307,66,20,0,2,1
45252,2023,11,22,4,3,116,"43,5",3509957,28,3,0,2,1
45252,2023,11,22,4,3,163,147,4104600,4,20,0,2,1
45252,2023,11,22,4,3,116,247,4318705,78,9,1,6,2
45252,2023,11,22,4,3,230,"81,5",2503803,67,20,1,2,2
45252,2023,11,22,4,3,369,"178,4",4122404,83,4,1,1,1
45252,2023,11,22,4,3,230,"21,7",2507507,16,12,1,4,3
45252,2023,11,22,4,3,20,12,5300108,1,2,1,2,2
45252,2023,11,22,4,4,101,95,2408102,52,9,1,2,2
45252,2023,11,22,4,3,50,111,3170107,11,20,0,1,1
45252,2023,11,22,4,4,232,147,2613107,10,2,1,2,2
45252,2023,11,22,4,3,230,506,2503704,11,21,1,1,1
45252,2023,11,22,4,4,116,173,3305109,82,11,1,5,3
45252,2023,11,22,4,3,101,471,3300100,1,11,1,2,2
45252,2023,11,22,4,4,116,46,3509957,11,12,0,2,2
45252,2023,11,22,4,4,155,"308,9",1504208,63,4,0,2,1
45252,2023,11,22,4,4,153,"48,2",4307005,33,11,1,2,2
45252,2023,11,22,4,3,470,"247,3",4204806,1,12,1,2,2
45252,2023,11,22,4,3,101,476,3300100,67,12,0,2,2
45252,2023,11,22,4,4,116,"651,5",3125952,9,1,0,2,2
45252,2023,11,22,4,4,277,"593,9",2303501,33,9,1,2,2
45252,2023,11,22,4,3,364,124,1200401,16,12,1,2,2
45252,2023,11,22,4,4,116,9,4104006,15,20,0,4,1
45252,2023,11,22,4,4,40,"628,8",3118304,80,7,0,6,2
45236,2023,11,6,2,2,101,138,4202008,16,9,1,2,2
45252,2023,11,22,4,4,251,290,3157005,67,4,0,1,1
45252,2023,11,22,4,4,116,"301,1",3549953,67,21,0,1,1
45252,2023,11,22,4,4,153,325,3545407,13,21,0,2,1
45252,2023,11,22,4,4,364,14,1100304,33,12,1,2,2
45253,2023,11,23,5,1,40,"4,6",5300108,49,20,1,1,1
45252,2023,11,22,4,3,277,"437,5",4128658,11,20,0,1,1
45253,2023,11,23,5,1,376,"2,2",4114203,13,21,1,1,1
45252,2023,11,22,4,4,361,18,2513802,49,2,0,3,2
45252,2023,11,22,4,4,364,112,1200401,67,20,0,1,1
45253,2023,11,23,5,1,277,"451,7",4113304,1,11,1,3,2
45252,2023,11,22,4,4,135,19,2111300,67,12,1,2,2
45246,2023,11,16,5,2,101,"88,2",2507507,5,21,1,1,1
45253,2023,11,23,5,1,20,20,5300108,16,12,1,5,2
45253,2023,11,23,5,1,101,262,3304300,28,18,1,1,1
45253,2023,11,23,5,1,101,"327,2",4203956,33,11,1,2,2
45253,2023,11,23,5,2,40,548,3144805,16,12,0,2,2
45253,2023,11,23,5,1,158,774,5101803,13,20,0,2,1
45252,2023,11,22,4,4,468,"81,5",4304002,80,7,0,6,2
45253,2023,11,23,5,2,381,"496,2",3106705,67,2,1,2,2
45253,2023,11,23,5,2,101,"199,3",4202305,52,9,1,2,2
45253,2023,11,23,5,2,230,22,2507507,52,12,1,3,2
45253,2023,11,23,5,2,116,170,3304557,52,9,0,2,2
45253,2023,11,23,5,2,235,1,2804805,67,12,1,3,2
45253,2023,11,23,5,2,50,18,3170206,28,21,0,2,1
45253,2023,11,23,5,2,40,787,3136702,44,4,0,1,1
45253,2023,11,23,5,2,116,487,3130903,18,20,0,1,1
45112,2023,7,5,4,4,116,223,3518800,67,21,1,1,1
45253,2023,11,23,5,2,210,"0,5",1600303,16,12,0,3,2
45253,2023,11,23,5,2,467,108,2303501,15,2,0,2,2
45214,2023,10,15,1,1,116,"2,8",3541901,67,21,0,31,1
45253,2023,11,23,5,2,230,"13,8",2503209,16,12,0,2,2
45253,2023,11,23,5,2,277,"725,3",4108304,67,15,1,3,3
45253,2023,11,23,5,2,116,316,3302254,67,21,0,1,1
45253,2023,11,23,5,2,101,"1,8",4201406,16,12,0,3,2
45202,2023,10,3,3,2,40,513,3154606,78,12,0,4,2
45253,2023,11,23,5,2,101,"117,3",4208203,33,11,0,3,2
45247,2023,11,17,6,4,163,254,5003702,1,9,0,2,2
45249,2023,11,19,1,3,381,907,3110608,83,4,0,1,1
45253,2023,11,23,5,2,230,"464,2",2516201,80,7,1,3,2
45135,2023,7,28,6,4,101,74,2611606,28,18,1,1,1
45253,2023,11,23,5,2,60,39,5200308,67,20,0,1,1
45253,2023,11,23,5,2,381,"60,3",3528502,6,4,0,5,1
45253,2023,11,23,5,2,222,328,2105153,82,7,1,6,3
45246,2023,11,16,5,3,463,108,5006606,1,11,0,2,2
45253,2023,11,23,5,2,101,"98,8",2408102,16,12,1,2,2
45251,2023,11,21,3,2,101,491,3300100,67,4,0,1,1
45253,2023,11,23,5,2,376,"253,2",4103503,13,3,0,2,1
45253,2023,11,23,5,2,101,51,2600054,67,9,1,3,2
45169,2023,8,31,5,1,101,"135,1",4202008,67,20,1,2,1
45253,2023,11,23,5,2,210,2,1600303,82,9,1,3,3
45253,2023,11,23,5,2,230,114,1504208,11,9,0,2,2
45253,2023,11,23,5,2,116,221,3518800,1,9,1,2,2
45142,2023,8,4,6,1,174,4,5106752,52,11,1,3,2
45253,2023,11,23,5,3,277,"5,2",4108304,67,12,1,2,2
45253,2023,11,23,5,2,135,7,2111300,1,11,1,3,2
45253,2023,11,23,5,3,101,96,2408102,52,9,1,5,4
45253,2023,11,23,5,3,116,269,3552809,67,12,1,3,2
45194,2023,9,25,2,1,308,203,1501709,52,7,0,2,2
45206,2023,10,7,7,4,116,45,3305802,67,7,0,5,2
45253,2023,11,23,5,3,101,"67,7",2611606,78,9,1,2,2
45249,2023,11,19,1,3,110,374,2907509,11,20,0,2,1
45253,2023,11,23,5,3,116,"139,8",3549904,28,21,0,2,1
45253,2023,11,23,5,3,262,"36,3",3139409,1,11,1,3,3
45253,2023,11,23,5,2,116,"411,9",3127701,28,18,1,1,1
45222,2023,10,23,2,1,101,146,4208302,67,4,1,1,1
45253,2023,11,23,5,2,259,59,3201506,16,12,0,3,3
45253,2023,11,23,5,3,153,120,3555356,1,11,0,5,2
45253,2023,11,23,5,3,70,0,5200258,15,20,0,1,1
45253,2023,11,23,5,3,277,126,4102307,11,20,0,3,1
45253,2023,11,23,5,3,101,137,2708600,60,2,1,2,2
45253,2023,11,23,5,3,116,144,3301702,83,4,1,2,1
45253,2023,11,23,5,3,116,29,2301000,28,18,0,1,1
45253,2023,11,23,5,3,232,407,2613909,1,7,1,2,2
45253,2023,11,23,5,3,101,196,4202305,52,9,1,3,2
45253,2023,11,23,5,3,407,127,2611101,67,12,1,2,2
45253,2023,11,23,5,3,324,"615,3",2927408,78,12,1,2,2
45253,2023,11,23,5,3,226,2,1700301,1,11,1,2,2
45253,2023,11,23,5,3,365,"632,5",3170206,11,21,0,1,1
45253,2023,11,23,5,3,110,367,2907509,1,9,1,2,2
45253,2023,11,23,5,3,40,526,3118601,52,9,0,5,3
45253,2023,11,23,5,3,282,"15,8",4211900,72,12,1,2,2
45253,2023,11,23,5,3,316,5,2211001,61,2,1,2,2
45253,2023,11,23,5,3,101,165,2908507,1,9,0,2,2
45253,2023,11,23,5,3,158,"312,8",4310538,82,9,0,3,2
45253,2023,11,23,5,3,290,721,4322400,16,12,1,2,2
45253,2023,11,23,5,3,101,214,4211900,28,4,0,2,1
45042,2023,4,26,4,2,116,226,3518800,11,12,1,2,2
45253,2023,11,23,5,3,60,"83,6",5201108,11,20,0,1,1
45253,2023,11,23,5,3,101,"34,5",2910602,9,1,0,2,1
45253,2023,11,23,5,3,381,769,3110905,66,21,0,2,1
45253,2023,11,23,5,3,163,"256,6",5003702,49,4,1,1,1
45253,2023,11,23,5,3,116,"39,3",4322509,33,11,1,2,2
45253,2023,11,23,5,3,262,"895,9",3111408,82,20,0,2,1
45253,2023,11,23,5,4,230,16,2507507,11,12,1,2,2
45253,2023,11,23,5,3,376,"495,7",4119905,16,12,1,3,2
45253,2023,11,23,5,3,101,331,3304557,16,9,0,2,2
45253,2023,11,23,5,3,101,319,3303302,67,9,0,3,2
45253,2023,11,23,5,3,101,415,4201406,11,12,0,2,2
45253,2023,11,23,5,3,101,"257,5",3205002,1,11,1,2,2
45253,2023,11,23,5,3,101,240,2708204,28,18,0,1,1
45253,2023,11,23,5,4,230,15,2507507,78,12,1,3,3
45253,2023,11,23,5,3,104,"79,4",2600302,20,11,0,3,2
45253,2023,11,23,5,3,393,106,3301207,1,11,1,3,2
45253,2023,11,23,5,3,116,"528,5",3113404,82,10,1,2,2
45253,2023,11,23,5,3,364,131,1200401,64,21,0,1,1
45253,2023,11,23,5,4,343,"309,2",2200400,16,12,1,2,2
45253,2023,11,23,5,4,116,304,4309308,50,11,0,2,2
45253,2023,11,23,5,3,324,626,2927408,52,9,1,3,2
45253,2023,11,23,5,4,280,55,4206504,15,21,1,2,1
45253,2023,11,23,5,3,153,374,4122008,67,20,0,32,1
45253,2023,11,23,5,4,116,137,3302502,16,9,1,2,2
45253,2023,11,23,5,4,116,225,3518800,67,4,1,1,1
45253,2023,11,23,5,4,324,518,2910800,20,7,1,2,2
45253,2023,11,23,5,4,407,98,2917706,82,10,0,2,1
45253,2023,11,23,5,3,235,"225,3",2932002,11,12,0,3,2
45253,2023,11,23,5,4,381,82,3550308,35,2,1,2,2
45253,2023,11,23,5,3,407,140,2930105,49,7,0,2,2
45253,2023,11,23,5,4,101,"140,5",4202008,13,21,1,1,1
45253,2023,11,23,5,4,40,"105,1",3301702,29,21,1,2,1
45253,2023,11,23,5,4,116,"117,6",3554102,11,3,0,1,1
45253,2023,11,23,5,4,116,209,4122305,67,11,1,2,2
45253,2023,11,23,5,4,116,"11,9",2304400,11,12,1,2,2
45253,2023,11,23,5,3,104,"143,6",2512507,80,7,0,2,2
45253,2023,11,23,5,4,116,"140,4",3549904,11,12,0,3,3
45253,2023,11,23,5,4,467,"100,9",2303501,49,3,0,1,1
45254,2023,11,24,6,1,386,281,4318465,11,21,0,2,1
45253,2023,11,23,5,4,364,341,1100122,1,12,0,3,2
45253,2023,11,23,5,4,174,330,5106752,80,7,0,2,2
45254,2023,11,24,6,1,487,115,5004601,67,20,0,2,1
45254,2023,11,24,6,1,376,"13,9",5003702,11,20,0,2,1
45254,2023,11,24,6,1,116,308,3304201,67,4,0,2,1
45254,2023,11,24,6,1,101,414,4201406,18,20,0,1,1
45254,2023,11,24,6,1,230,122,1504208,79,2,1,4,2
45254,2023,11,24,6,2,386,"349,6",4307807,16,12,1,2,2
45254,2023,11,24,6,1,101,158,4213500,83,4,0,4,1
45254,2023,11,24,6,1,153,642,4301602,11,20,0,1,1
45219,2023,10,20,6,1,282,551,4211454,67,12,0,4,2
45254,2023,11,24,6,2,230,"22,7",2507507,11,12,1,3,2
45254,2023,11,24,6,2,60,"93,1",5201108,9,21,1,1,1
45244,2023,11,14,3,2,101,179,3200607,20,10,0,5,2
45254,2023,11,24,6,2,116,220,3518800,67,12,1,2,2
45254,2023,11,24,6,2,282,2,4205407,16,12,1,4,4
45254,2023,11,24,6,2,364,403,5103403,67,2,0,3,3
45254,2023,11,24,6,2,101,"269,5",3205002,16,12,1,2,2
45254,2023,11,24,6,2,262,385,3140704,15,20,0,1,1
45254,2023,11,24,6,2,101,280,3205002,16,12,0,3,2
45254,2023,11,24,6,2,158,793,5101803,16,15,1,3,3
45254,2023,11,24,6,2,116,"814,8",2933307,33,11,1,3,2
45254,2023,11,24,6,2,277,"80,5",4106902,16,12,1,2,2
45254,2023,11,24,6,2,393,202,3306206,1,11,1,2,2
45254,2023,11,24,6,2,116,174,3305109,78,12,0,2,2
45254,2023,11,24,6,2,40,705,3105608,64,4,0,2,1
44991,2023,3,6,2,2,10,277,2105302,16,12,0,2,2
45254,2023,11,24,6,2,393,242,3306206,52,9,0,3,3
45254,2023,11,24,6,2,116,244,3304003,13,21,0,2,1
45254,2023,11,24,6,2,376,194,4114807,15,20,0,1,1
45254,2023,11,24,6,2,408,105,2607901,12,12,1,2,2
45254,2023,11,24,6,2,101,140,4202008,28,18,0,1,1
45239,2023,11,9,5,2,174,714,1400456,78,9,0,2,2
45254,2023,11,24,6,2,285,197,4311304,61,2,1,3,2
45254,2023,11,24,6,2,324,"623,4",2927408,13,21,1,2,1
45210,2023,10,11,4,3,101,"148,8",2802106,20,7,0,2,2
45254,2023,11,24,6,2,101,"66,8",2611606,11,12,1,2,2
45254,2023,11,24,6,2,324,556,2901106,67,21,0,2,1
45254,2023,11,24,6,2,316,"65,6",1502400,11,12,1,2,2
45254,2023,11,24,6,3,101,151,4208302,11,21,1,2,2
45254,2023,11,24,6,2,40,42,3147006,1,11,1,4,2
45254,2023,11,24,6,3,116,1,2304400,52,9,1,2,2
45254,2023,11,24,6,3,376,"213,1",4112108,28,20,0,2,1