id_data,ano,mes,dia,id_dia_semana,periodo,br,km,id_municipio,id_causa_acidente,id_tipo_acidente,id_uso_solo,pessoas,veiculos
45257,2023,11,27,2,2,381,"157,5",3127701,82,7,0,4,2
45249,2023,11,19,1,1,163,496,2401305,9,1,0,3,1
45248,2023,11,18,7,2,369,148,4113700,11,12,1,3,2
45257,2023,11,27,2,2,230,"156,8",2504009,16,12,1,4,2
45257,2023,11,27,2,2,101,"834,6",2925501,11,7,0,5,2
45257,2023,11,27,2,2,101,77,2611606,16,12,0,2,2
45257,2023,11,27,2,2,101,"118,2",4208203,13,21,1,1,1
45257,2023,11,27,2,2,364,"237,9",1100049,1,11,1,2,2
45257,2023,11,27,2,3,153,63,3549805,11,15,1,4,3
45257,2023,11,27,2,2,153,659,5209101,56,20,0,2,1
45254,2023,11,24,6,2,101,"443,9",4215653,5,21,1,1,1
45257,2023,11,27,2,3,285,"484,3",4306932,13,20,0,3,1
45257,2023,11,27,2,2,282,"386,8",4209003,83,20,0,1,1
45257,2023,11,27,2,2,101,89,2507507,16,15,0,3,3
45257,2023,11,27,2,2,232,473,2609303,67,4,0,1,1
45240,2023,11,10,6,4,40,"645,8",3120409,9,1,0,1,1
45257,2023,11,27,2,3,381,"938,5",3125101,15,20,0,1,1
45257,2023,11,27,2,3,163,"278,7",5003702,11,4,0,1,1
45257,2023,11,27,2,3,101,"353,5",4208807,67,12,0,3,2
45257,2023,11,27,2,2,435,124,1100056,67,9,1,2,2
45257,2023,11,27,2,3,101,58,4201307,15,20,0,1,1
45257,2023,11,27,2,3,316,314,2208007,1,11,1,3,2
45257,2023,11,27,2,3,101,134,4202008,33,11,1,2,2
45257,2023,11,27,2,3,116,"0,5",3541901,52,4,0,2,1
45257,2023,11,27,2,3,101,386,3304557,16,12,0,2,2
45257,2023,11,27,2,3,153,"94,1",5201108,28,18,1,1,1
45257,2023,11,27,2,3,116,"411,8",3127701,1,9,1,2,2
45257,2023,11,27,2,3,277,3,4108304,28,18,1,1,1
45257,2023,11,27,2,3,101,"96,7",2408102,52,9,0,2,2
45257,2023,11,27,2,3,116,678,2918001,7,21,0,2,1
45257,2023,11,27,2,3,70,"0,3",5106653,16,12,1,2,2
45257,2023,11,27,2,3,155,307,1504208,67,20,0,1,1
45257,2023,11,27,2,3,40,553,3144805,28,12,1,2,2
45257,2023,11,27,2,3,235,20,2804805,64,21,0,4,1
45257,2023,11,27,2,3,364,277,5104807,72,11,0,2,2
45257,2023,11,27,2,3,376,"149,1",4113700,9,1,1,1,1
45257,2023,11,27,2,3,40,784,3136702,1,9,0,2,2
45257,2023,11,27,2,3,277,7,4118204,1,11,1,2,2
45257,2023,11,27,2,3,277,3,4108304,67,9,1,3,2
45257,2023,11,27,2,3,40,30,5212501,11,20,0,2,1
45257,2023,11,27,2,3,101,452,3302601,11,7,0,4,2
45257,2023,11,27,2,2,101,446,4215653,13,21,1,2,1
45203,2023,10,4,4,1,364,251,5211909,11,20,0,1,1
45257,2023,11,27,2,3,116,103,3554102,67,12,1,3,3
45257,2023,11,27,2,3,101,"297,5",3201308,16,9,1,2,2
45257,2023,11,27,2,3,324,1,2910800,1,9,0,3,2
45257,2023,11,27,2,3,226,2,2408102,16,12,1,4,2
45257,2023,11,27,2,3,116,"1,8",2304400,16,12,1,3,3
45257,2023,11,27,2,3,101,"210,1",4216602,67,12,1,3,3
45257,2023,11,27,2,2,116,830,2933307,2,7,0,2,2
45257,2023,11,27,2,4,116,"115,3",3554102,67,21,0,1,1
45257,2023,11,27,2,3,308,"176,9",1508035,49,10,1,2,2
45257,2023,11,27,2,3,153,"60,7",3549805,67,15,1,4,3
45257,2023,11,27,2,3,101,146,4208302,67,12,1,4,2
45257,2023,11,27,2,4,40,521,3118601,35,2,0,2,2
45257,2023,11,27,2,4,324,514,2910800,72,7,0,3,2
45257,2023,11,27,2,4,174,293,5106752,11,12,0,3,2
45257,2023,11,27,2,4,369,"429,4",4128005,80,7,0,4,2
45257,2023,11,27,2,4,222,300,2313401,49,20,0,1,1
45257,2023,11,27,2,3,116,"20,1",4101200,64,20,0,3,1
45257,2023,11,27,2,3,101,330,3304557,67,12,0,2,2
45257,2023,11,27,2,4,280,"130,5",4215000,11,12,1,2,2
45257,2023,11,27,2,3,316,"127,2",2705309,4,4,0,1,1
45257,2023,11,27,2,4,101,"494,7",3300100,83,20,0,1,1
45257,2023,11,27,2,4,101,840,2925501,80,20,0,1,1
45257,2023,11,27,2,4,230,"463,1",2516201,20,11,1,2,2
45258,2023,11,28,3,1,116,324,3302254,15,4,0,2,1
45257,2023,11,27,2,4,317,426,1300706,11,12,0,2,2
45258,2023,11,28,3,1,101,143,2404200,15,20,0,1,1
45257,2023,11,27,2,4,222,1,2304400,1,9,1,2,1
45258,2023,11,28,3,1,153,310,4110102,9,1,0,1,1
45258,2023,11,28,3,1,369,57,4102406,13,12,1,3,3
45258,2023,11,28,3,1,459,32,3110301,18,3,0,1,1
45258,2023,11,28,3,1,101,119,4208203,15,4,0,1,1
45258,2023,11,28,3,1,381,7,3556354,11,20,0,1,1
45258,2023,11,28,3,1,277,688,4125704,18,20,1,2,1
45258,2023,11,28,3,1,101,"74,9",2110203,18,20,0,1,1
45258,2023,11,28,3,2,116,146,4305108,13,21,1,1,1
45158,2023,8,20,1,2,262,119,3201704,82,9,0,2,2
45258,2023,11,28,3,1,262,104,3100302,67,3,0,1,1
45258,2023,11,28,3,2,101,266,3205002,38,9,1,2,2
45258,2023,11,28,3,2,381,"480,5",3118601,61,2,1,2,2
45258,2023,11,28,3,2,470,65,4207502,1,7,1,2,2
45258,2023,11,28,3,2,70,"16,3",5300108,1,11,0,4,2
45258,2023,11,28,3,2,40,423,3120904,1,9,0,2,2
45258,2023,11,28,3,2,116,273,3552809,11,9,1,2,2
45258,2023,11,28,3,2,110,"49,5",2408003,55,21,1,1,1
45230,2023,10,31,3,3,116,38,4104006,67,4,0,2,1
45258,2023,11,28,3,2,232,"408,9",2613909,67,21,1,3,2
45258,2023,11,28,3,2,448,17,4304606,67,12,0,3,3
45258,2023,11,28,3,2,163,"615,2",5007695,1,11,1,2,2
45258,2023,11,28,3,2,116,210,3518800,78,12,1,2,2
45258,2023,11,28,3,2,116,276,3168606,67,21,1,1,1
45258,2023,11,28,3,2,116,"2,5",2304400,16,12,1,5,4
45258,2023,11,28,3,2,116,223,3518800,52,12,1,2,2
45258,2023,11,28,3,2,116,230,3550308,78,12,1,3,2
45258,2023,11,28,3,2,116,588,3139409,1,7,1,6,2
45258,2023,11,28,3,2,222,23,2303709,49,12,1,2,2
45258,2023,11,28,3,2,364,691,1100809,72,11,0,3,2
45258,2023,11,28,3,2,101,48,2606804,1,9,0,4,2
45258,2023,11,28,3,2,230,"27,9",2507507,52,4,1,2,2
45258,2023,11,28,3,2,230,"105,5",2509404,15,20,0,1,1
45258,2023,11,28,3,2,386,"265,5",4308300,67,20,0,4,1
45258,2023,11,28,3,2,101,"328,2",4203956,4,20,1,1,1
45258,2023,11,28,3,2,116,11,2304400,16,12,1,2,2
45258,2023,11,28,3,2,101,52,3555406,67,12,1,2,2
45254,2023,11,24,6,3,101,"166,7",3203205,1,11,1,3,2
45258,2023,11,28,3,2,101,476,3300100,1,11,0,2,2
45258,2023,11,28,3,2,101,498,3300100,28,21,0,2,1
45258,2023,11,28,3,2,60,427,5007901,1,11,1,2,2
45258,2023,11,28,3,2,381,478,3118601,44,15,1,6,6
45258,2023,11,28,3,3,101,"72,7",2611606,16,12,1,2,2
45258,2023,11,28,3,2,116,823,2933307,11,15,1,3,3
45258,2023,11,28,3,2,101,406,3202801,18,3,0,1,1
45258,2023,11,28,3,2,101,"281,9",4207304,12,4,1,5,3
45242,2023,11,12,1,3,476,149,4106902,83,9,0,7,3
45245,2023,11,15,4,2,116,"389,7",3127701,1,11,0,2,2
45258,2023,11,28,3,2,290,77,4309209,15,3,0,2,2
45258,2023,11,28,3,3,343,"343,2",2211001,33,11,1,2,2
45174,2023,9,5,3,3,493,"19,5",3302502,80,7,1,2,2
45258,2023,11,28,3,3,101,"258,7",3205002,61,2,1,2,2
45258,2023,11,28,3,2,101,88,4313508,83,20,1,2,1
45258,2023,11,28,3,2,364,14,1100304,1,11,1,2,2
45258,2023,11,28,3,3,280,"27,8",4201307,1,9,1,2,2
45258,2023,11,28,3,2,381,"174,5",3127701,67,12,0,3,2
45258,2023,11,28,3,3,381,"728,8",3113909,64,20,0,2,1
45258,2023,11,28,3,3,101,"195,5",4216602,1,9,1,2,2
45227,2023,10,28,7,4,242,352,1716604,49,7,0,2,2
45258,2023,11,28,3,3,101,"258,4",3205002,85,2,1,2,2
45258,2023,11,28,3,3,40,"661,3",3113206,11,20,0,2,1
45234,2023,11,4,7,4,40,119,3301702,67,21,1,1,1
45258,2023,11,28,3,3,343,306,2200400,1,11,1,2,2
45258,2023,11,28,3,3,277,83,4106902,82,9,1,2,2
45258,2023,11,28,3,3,364,9,1100304,82,11,1,2,2
45258,2023,11,28,3,3,116,522,3113404,11,9,0,2,2
45258,2023,11,28,3,3,470,179,4213708,83,20,0,1,1
45258,2023,11,28,3,3,40,"43,8",3147006,28,18,1,1,1
45258,2023,11,28,3,3,116,8,2304400,52,9,1,2,2
45258,2023,11,28,3,3,364,202,5107602,13,21,1,1,1
45258,2023,11,28,3,3,222,19,2303709,81,4,0,1,1
45258,2023,11,28,3,3,101,"269,6",3205002,78,9,1,3,3
45258,2023,11,28,3,3,230,70,1712454,72,11,1,2,2
45258,2023,11,28,3,3,226,39,1706506,83,11,1,3,2
45258,2023,11,28,3,3,60,380,5218805,16,12,1,2,2
45258,2023,11,28,3,3,425,99,1100338,1,20,1,5,2
45210,2023,10,11,4,3,110,"58,9",2408003,63,21,0,1,1
45258,2023,11,28,3,3,101,147,4208302,11,9,1,2,2
45258,2023,11,28,3,3,376,"615,6",4125506,13,4,1,1,1
45258,2023,11,28,3,3,116,99,4125506,52,9,1,2,2
45258,2023,11,28,3,3,116,174,3305109,78,12,1,3,2
45258,2023,11,28,3,4,101,"149,5",2404200,1,2,0,2,2
45258,2023,11,28,3,4,448,22,4314902,67,4,0,2,1
45258,2023,11,28,3,4,101,54,2510907,49,9,1,2,2
45258,2023,11,28,3,3,470,145,4214805,1,11,1,3,2
45258,2023,11,28,3,4,343,267,2202208,35,2,1,2,2
45258,2023,11,28,3,4,414,410,5200100,10,2,1,2,2
45258,2023,11,28,3,4,381,513,3130101,82,7,1,2,2
45258,2023,11,28,3,4,116,"144,1",4305108,83,7,1,2,2
45258,2023,11,28,3,4,316,"4,5",2211001,35,2,1,2,2
45258,2023,11,28,3,4,242,620,2922250,9,1,0,1,1
45258,2023,11,28,3,4,262,"37,2",3139409,1,9,1,3,3
45258,2023,11,28,3,3,163,140,4104600,52,9,0,3,2
45258,2023,11,28,3,4,101,208,4216602,16,9,1,3,3
45258,2023,11,28,3,4,116,200,3304144,28,18,0,1,1
45258,2023,11,28,3,4,116,"143,1",4305108,67,9,1,5,2
45258,2023,11,28,3,4,230,77,2314003,80,7,1,2,2
45258,2023,11,28,3,4,376,"393,5",4110078,13,21,0,1,1
45258,2023,11,28,3,4,287,324,4319802,49,9,0,6,2
45258,2023,11,28,3,4,101,270,3205002,1,2,1,2,2
45258,2023,11,28,3,4,110,302,2913705,27,12,0,2,1
45258,2023,11,28,3,3,40,47,3303906,18,20,0,1,1
45258,2023,11,28,3,4,470,"7,2",4211306,1,7,0,2,2
45258,2023,11,28,3,4,324,611,2930709,18,4,1,1,1
45258,2023,11,28,3,4,495,31,3303906,1,11,1,2,2
45225,2023,10,26,5,2,101,"81,6",2312403,67,2,1,2,2
45234,2023,11,4,7,3,277,626,4105300,67,20,0,1,1
45186,2023,9,17,1,4,40,"652,4",3120409,9,1,0,1,1
45258,2023,11,28,3,3,367,"65,6",2925303,82,20,0,1,1
45259,2023,11,29,4,1,60,129,5208400,67,20,0,2,1
45258,2023,11,28,3,4,70,"5,4",5300108,20,20,1,2,2
45258,2023,11,28,3,3,163,577,5106224,67,20,0,3,1
45259,2023,11,29,4,2,50,281,5205109,1,11,1,2,2
45259,2023,11,29,4,2,40,119,3301702,11,12,1,2,2
45259,2023,11,29,4,2,116,244,4318705,78,9,1,2,2
45223,2023,10,24,3,3,104,78,2604106,80,7,0,3,3
45259,2023,11,29,4,2,324,517,2910800,67,9,1,2,2
45259,2023,11,29,4,2,230,12,2503209,11,12,1,2,2
45256,2023,11,26,1,1,293,1,4314407,80,7,1,2,2
45187,2023,9,18,2,3,101,236,3303302,67,12,0,2,2
45231,2023,11,1,4,3,428,185,2611101,9,1,1,1,1
45259,2023,11,29,4,2,414,436,5201108,67,12,0,4,3
45259,2023,11,29,4,2,101,"133,8",4202008,33,11,1,2,2
45259,2023,11,29,4,2,232,"4,4",2611606,21,21,1,2,1
45259,2023,11,29,4,2,393,285,3306305,28,20,1,1,1
45259,2023,11,29,4,2,472,578,4322400,52,9,0,2,2
45244,2023,11,14,3,4,376,172,4115200,67,12,1,2,2
45070,2023,5,24,4,1,476,"142,7",4106902,83,4,1,1,1
45259,2023,11,29,4,2,324,605,2930709,16,12,1,2,2
45259,2023,11,29,4,2,153,109,2512200,67,12,1,3,2
45259,2023,11,29,4,2,230,"19,8",2507507,28,21,1,1,1
45259,2023,11,29,4,2,381,942,3125101,67,3,1,2,2
45259,2023,11,29,4,2,101,33,4209102,67,12,0,3,3
45259,2023,11,29,4,1,262,"761,8",3156908,9,1,0,4,1
45258,2023,11,28,3,3,153,"491,8",5208707,52,4,1,2,2
45259,2023,11,29,4,2,40,794,3136702,11,4,0,1,1
45259,2023,11,29,4,2,381,61,3528502,11,21,0,2,1
45259,2023,11,29,4,2,104,61,2604106,67,12,1,2,2
45259,2023,11,29,4,2,163,1030,5106422,1,11,1,2,2
45259,2023,11,29,4,2,40,0,5221858,83,12,1,3,2
45259,2023,11,29,4,2,381,"686,8",3138203,83,20,1,3,1
45259,2023,11,29,4,2,60,246,5209952,28,3,0,1,1
45232,2023,11,2,5,4,319,35,1100205,46,20,0,2,1
45259,2023,11,29,4,2,163,834,5107909,11,12,1,2,2
45259,2023,11,29,4,2,230,395,2101400,80,10,0,2,2
45259,2023,11,29,4,2,60,458,5003488,28,4,0,8,3
45112,2023,7,5,4,2,40,"1,1",5221858,1,2,0,2,2
45259,2023,11,29,4,2,364,802,1100205,1,11,1,2,2
45109,2023,7,2,1,4,251,54,5300108,82,3,0,3,3
45259,2023,11,29,4,3,406,160,2402600,1,9,1,2,2
45259,2023,11,29,4,3,116,274,3168606,35,2,1,2,2
45259,2023,11,29,4,2,251,"280,8",3157005,11,20,0,3,1
45171,2023,9,2,7,3,493,"18,3",3301850,52,7,0,3,2
45259,2023,11,29,4,3,293,"219,3",4306601,3,20,0,1,1
45259,2023,11,29,4,3,101,85,2501807,52,9,1,4,2
45259,2023,11,29,4,3,414,"439,3",5201108,2,10,1,2,2
45259,2023,11,29,4,3,101,503,2914802,1,9,0,2,2
45259,2023,11,29,4,3,116,250,4318705,78,9,1,3,2
45259,2023,11,29,4,2,319,13,1301159,1,11,1,3,2
45259,2023,11,29,4,2,316,36,1506500,33,11,1,3,2
45150,2023,8,12,7,3,101,85,2507507,52,9,1,3,2
45259,2023,11,29,4,3,40,108,3301702,80,7,1,3,2
45259,2023,11,29,4,3,135,"351,8",2201903,16,12,1,2,2
45259,2023,11,29,4,3,364,"234,6",1100049,67,9,1,2,2
45259,2023,11,29,4,3,230,28,2507507,11,12,1,2,2
45259,2023,11,29,4,3,405,162,2410504,67,20,0,3,2
45259,2023,11,29,4,3,116,126,4107652,67,12,1,2,2
45259,2023,11,29,4,3,230,13,2503209,11,12,1,2,2
45259,2023,11,29,4,3,101,"70,3",2611606,52,9,1,2,2
45259,2023,11,29,4,3,232,"87,5",2606408,11,20,0,4,1
45259,2023,11,29,4,3,116,305,3549953,13,21,0,2,1
45251,2023,11,21,3,3,364,"67,4",1100304,29,20,0,1,1
45259,2023,11,29,4,2,381,"480,7",3118601,35,2,1,2,2
45259,2023,11,29,4,3,40,114,3301702,67,9,1,2,2
45259,2023,11,29,4,2,116,"129,8",3302502,67,21,1,2,1
45259,2023,11,29,4,3,20,16,5300108,28,20,1,3,2
45259,2023,11,29,4,3,163,78,5004601,11,21,1,1,1
45259,2023,11,29,4,3,280,89,4204509,28,18,0,1,1
45259,2023,11,29,4,3,50,19,3103504,13,3,0,1,1
45259,2023,11,29,4,3,343,340,2211001,2,11,1,3,2
45259,2023,11,29,4,2,381,"416,9",3110004,28,18,1,1,1
45259,2023,11,29,4,3,277,634,4105300,82,20,0,1,1
45259,2023,11,29,4,3,472,"149,5",4317202,67,10,0,2,2
45259,2023,11,29,4,2,381,"739,5",3169307,83,20,0,3,1
45259,2023,11,29,4,3,40,"524,8",3118601,35,2,1,3,2
45259,2023,11,29,4,3,262,112,3205069,67,7,0,2,2
45259,2023,11,29,4,3,116,253,4320008,17,11,1,5,2
45259,2023,11,29,4,3,116,"144,9",3549904,11,12,1,3,3
45259,2023,11,29,4,4,101,215,4211900,78,9,1,2,2
45254,2023,11,24,6,1,101,114,3301009,28,20,0,1,1
45259,2023,11,29,4,3,448,4,4307708,11,21,0,1,1
45259,2023,11,29,4,4,116,"45,5",3509957,80,7,0,2,2
45259,2023,11,29,4,4,381,478,3118601,78,12,1,3,2
45259,2023,11,29,4,3,40,"279,6",3169356,1,11,1,3,2
45259,2023,11,29,4,4,116,42,3305802,27,2,0,2,2
45259,2023,11,29,4,3,116,457,2901700,28,18,0,2,1
45259,2023,11,29,4,3,40,110,3301702,83,12,1,2,2
45259,2023,11,29,4,4,280,"125,3",4215000,80,10,1,2,2
45259,2023,11,29,4,4,290,113,4306767,1,11,0,3,2
45259,2023,11,29,4,3,316,"215,6",2104651,52,7,1,2,2
45259,2023,11,29,4,4,285,469,4310207,67,11,0,3,2
45259,2023,11,29,4,3,493,"22,2",3302502,82,7,1,2,2
45259,2023,11,29,4,3,412,"111,7",2516300,49,7,1,2,2
45259,2023,11,29,4,3,407,100,2917706,28,18,0,1,1
45259,2023,11,29,4,4,60,137,5208707,67,11,1,3,2
45259,2023,11,29,4,4,222,"263,8",2109908,1,11,1,2,2
45259,2023,11,29,4,4,101,"161,9",2908507,12,20,0,5,1
45259,2023,11,29,4,4,70,"2,6",5101803,83,12,0,2,2
45259,2023,11,29,4,4,101,"213,4",4211900,1,11,1,2,2
45259,2023,11,29,4,4,158,"531,3",4118501,33,11,1,4,2
45259,2023,11,29,4,4,40,2,5221858,49,20,1,1,1
45256,2023,11,26,1,2,470,"39,7",4205902,11,20,0,1,1
45248,2023,11,18,7,2,317,277,1200252,83,20,0,1,1
45259,2023,11,29,4,4,230,40,2922508,9,1,0,2,2
45259,2023,11,29,4,4,285,"472,2",4305871,25,12,0,2,2
45259,2023,11,29,4,4,376,176,4115200,60,2,1,3,2
45260,2023,11,30,5,1,280,"58,9",4206504,72,11,1,5,2
45260,2023,11,30,5,1,116,248,4318705,11,4,1,1,1
45260,2023,11,30,5,1,376,599,4106902,63,21,0,1,1
45260,2023,11,30,5,1,50,"175,1",3170107,28,18,1,2,1
45259,2023,11,29,4,4,463,"29,1",5006606,80,7,0,3,2
45260,2023,11,30,5,1,101,"207,1",4216602,11,4,1,1,1
45260,2023,11,30,5,1,476,200,4113205,2,2,1,2,2
45260,2023,11,30,5,2,101,493,3300100,80,7,1,2,2
45260,2023,11,30,5,2,40,3,5300108,52,9,1,2,2
45259,2023,11,29,4,3,40,108,3301702,64,21,1,1,1
45260,2023,11,30,5,2,116,219,3518800,78,12,1,2,2
45260,2023,11,30,5,2,153,"428,5",5201108,67,2,1,3,2
45225,2023,10,26,5,2,110,"44,9",2408003,52,11,1,3,2
45260,2023,11,30,5,2,101,"118,8",4208203,16,12,1,2,2
45260,2023,11,30,5,1,316,"270,8",2109908,9,1,0,1,1
45260,2023,11,30,5,2,282,"4,9",4205407,16,15,0,3,3
45260,2023,11,30,5,2,277,"668,9",4115804,11,12,0,2,2
45260,2023,11,30,5,2,116,175,3305109,61,2,1,1,1
45260,2023,11,30,5,2,116,11,2304400,11,12,1,2,2
45259,2023,11,29,4,4,262,435,3145208,28,18,1,1,1
45260,2023,11,30,5,1,476,22,4100202,18,3,0,2,1
45260,2023,11,30,5,2,381,499,3106705,11,21,1,2,1
45241,2023,11,11,7,3,280,44,4206504,59,9,0,2,2
45260,2023,11,30,5,2,101,43,4209102,1,11,1,3,2
45260,2023,11,30,5,2,101,169,3302403,83,12,0,3,2
45260,2023,11,30,5,2,101,"76,2",2611606,11,12,1,2,2
45260,2023,11,30,5,2,174,"10,4",1100304,6,21,1,1,1
45251,2023,11,21,3,2,290,99,4314902,11,4,1,1,1
45260,2023,11,30,5,1,316,53,2106326,9,1,0,1,1
45260,2023,11,30,5,2,101,"5,5",2606200,81,12,0,3,3
45260,2023,11,30,5,2,414,387,5205802,51,3,0,2,1
45260,2023,11,30,5,2,101,95,2408102,16,12,1,3,2
45260,2023,11,30,5,2,101,108,2900702,1,11,0,2,2
45260,2023,11,30,5,2,280,"56,3",4206504,52,11,1,2,2
45260,2023,11,30,5,2,153,497,5208707,11,4,1,1,1
45260,2023,11,30,5,2,262,"118,8",3154903,1,11,0,2,2
45216,2023,10,17,3,1,465,4,3305554,86,20,1,1,1
45260,2023,11,30,5,2,316,"111,8",1506609,1,11,0,2,2
45255,2023,11,25,7,4,282,"273,6",4216800,5,21,0,2,1
45260,2023,11,30,5,2,153,486,4108502,80,11,0,2,2
45260,2023,11,30,5,2,50,"154,5",3170107,67,12,0,2,2
45260,2023,11,30,5,2,101,97,2408102,1,12,1,2,2
45154,2023,8,16,4,2,381,"434,5",3156700,22,21,0,1,1
45260,2023,11,30,5,2,40,13,5212501,44,12,1,5,2
45260,2023,11,30,5,3,40,"635,3",3118304,13,20,0,1,1
45260,2023,11,30,5,2,116,135,3302502,67,9,0,2,2
45260,2023,11,30,5,3,116,5,2304400,11,9,1,3,2
45260,2023,11,30,5,3,116,166,3524402,67,15,1,4,3
45260,2023,11,30,5,3,226,"33,4",2407104,20,11,0,6,2
45260,2023,11,30,5,3,230,"147,9",2504009,67,12,1,6,2
45260,2023,11,30,5,3,116,"244,8",4209300,67,20,0,1,1
45260,2023,11,30,5,3,116,230,3550308,52,9,1,2,2
45250,2023,11,20,2,1,101,480,3300100,15,3,0,2,1
45260,2023,11,30,5,3,230,90,2314003,14,7,0,2,2
45260,2023,11,30,5,3,10,"253,8",2105302,6,14,1,2,1
45197,2023,9,28,5,2,101,"83,8",2312403,61,2,1,2,2
45260,2023,11,30,5,3,116,281,3515004,78,12,1,2,2
45260,2023,11,30,5,3,101,100,2408102,16,12,1,3,3
45260,2023,11,30,5,2,324,"549,5",2901106,67,3,1,5,2
45206,2023,10,7,7,2,116,263,4304606,52,9,1,2,2
45260,2023,11,30,5,3,316,290,2208007,11,12,0,2,2
45256,2023,11,26,1,1,101,313,3304904,11,20,1,1,1
45260,2023,11,30,5,3,101,"7,7",2508901,67,20,0,3,1
45260,2023,11,30,5,3,316,"316,2",2208007,67,4,1,3,3
45260,2023,11,30,5,3,60,"169,7",5208707,13,4,1,1,1
45260,2023,11,30,5,2,163,975,1506807,35,2,0,2,2
45260,2023,11,30,5,3,153,"57,4",3549805,52,20,1,4,2
45260,2023,11,30,5,2,319,35,1100205,11,20,0,1,1
45260,2023,11,30,5,3,116,528,3113404,1,11,1,3,2
45260,2023,11,30,5,3,116,"701,7",3143906,20,11,1,2,2
45223,2023,10,24,3,1,116,182,3303500,86,2,1,2,2
45260,2023,11,30,5,3,280,"15,7",4216206,28,21,0,2,1
45260,2023,11,30,5,3,376,232,4101408,67,12,0,2,2
45260,2023,11,30,5,3,101,150,4208302,52,9,1,4,3
45260,2023,11,30,5,3,116,12,2304400,10,2,1,2,2
45260,2023,11,30,5,3,277,"592,5",2303501,80,10,1,2,2
45260,2023,11,30,5,3,116,219,3518800,78,9,1,3,3
45260,2023,11,30,5,3,116,115,3554102,1,11,1,2,2
45260,2023,11,30,5,3,282,4,4205407,78,12,1,2,2
45260,2023,11,30,5,3,267,"275,5",3101201,1,11,0,2,2
45260,2023,11,30,5,4,101,"87,5",2507507,67,21,1,2,1
45260,2023,11,30,5,3,277,3,4118204,11,7,0,2,2
45260,2023,11,30,5,3,392,"37,9",4315602,13,20,0,4,1
45260,2023,11,30,5,2,163,978,1506807,11,20,0,1,1
45260,2023,11,30,5,4,116,"199,9",2307601,80,7,1,2,2
45260,2023,11,30,5,3,232,"369,7",2605608,82,7,0,7,2
45260,2023,11,30,5,4,101,145,4208302,9,1,1,1,1
45260,2023,11,30,5,3,40,"12,9",5212501,1,11,1,2,2
45260,2023,11,30,5,3,116,"404,2",3127701,82,7,0,3,2
45260,2023,11,30,5,4,116,277,3515004,52,9,1,2,2
45260,2023,11,30,5,3,50,188,3170107,11,12,0,4,3
45260,2023,11,30,5,3,280,82,4204509,1,11,0,2,2
45260,2023,11,30,5,4,232,321,2605103,25,12,0,2,2
45260,2023,11,30,5,4,101,"217,5",3202504,83,4,0,2,1
45260,2023,11,30,5,4,277,729,4108304,46,2,1,2,2
45260,2023,11,30,5,4,163,"615,7",5007695,1,11,1,2,2
45260,2023,11,30,5,4,101,234,3202207,67,21,0,1,1
45260,2023,11,30,5,4,101,262,3205002,73,11,1,5,2
45260,2023,11,30,5,4,101,227,4211900,5,21,1,1,1
45260,2023,11,30,5,4,386,"345,9",1712009,5,21,1,1,1
45260,2023,11,30,5,4,101,46,2606804,2,11,0,2,2
45260,2023,11,30,5,4,290,353,4319604,11,12,0,3,3
45202,2023,10,3,3,2,402,"34,7",2207702,1,11,1,2,2
45260,2023,11,30,5,4,101,"199,5",4216602,67,12,1,3,2
45260,2023,11,30,5,4,10,255,2105302,49,7,1,4,2
45260,2023,11,30,5,4,116,235,3304003,80,7,1,2,2
45260,2023,11,30,5,4,40,38,3300225,11,4,0,1,1
45260,2023,11,30,5,4,116,"219,5",4204558,83,3,1,2,1
45260,2023,11,30,5,4,101,329,3303302,16,12,0,2,2
45260,2023,11,30,5,4,116,180,3300456,16,12,0,2,2
45260,2023,11,30,5,4,174,503,5103304,82,7,0,8,2
45242,2023,11,12,1,1,471,593,4317301,18,20,0,4,2
45261,2023,12,1,6,1,381,493,3106705,83,4,1,1,1
45260,2023,11,30,5,3,116,173,3305109,11,4,1,1,1
45261,2023,12,1,6,1,101,49,3555406,52,11,1,2,2
45261,2023,12,1,6,1,406,161,2312403,9,1,0,1,1
45261,2023,12,1,6,1,101,32,3555406,49,21,0,2,1
45261,2023,12,1,6,1,365,604,3170206,18,20,0,1,1
45261,2023,12,1,6,1,40,"72,5",3303906,11,4,0,2,1
45261,2023,12,1,6,1,381,933,3125101,49,4,0,1,1
45261,2023,12,1,6,1,101,196,4202305,49,7,0,2,2
45261,2023,12,1,6,1,116,212,3518800,11,4,1,2,1
45261,2023,12,1,6,1,153,"479,5",4120309,18,20,0,1,1
45261,2023,12,1,6,1,116,132,3302502,83,20,0,1,1
45229,2023,10,30,2,4,101,299,3304904,11,9,0,3,2
45261,2023,12,1,6,1,116,116,3554102,28,18,0,1,1
45260,2023,11,30,5,3,369,147,4113700,16,12,1,2,2
45260,2023,11,30,5,4,364,368,5213103,28,18,0,1,1