id_data,ano,mes,dia,id_dia_semana,periodo,br,km,id_municipio,id_causa_acidente,id_tipo_acidente,id_uso_solo,pessoas,veiculos
45272,2023,12,12,3,3,369,185,4101507,1,11,1,2,2
45272,2023,12,12,3,3,230,18,2507507,52,12,1,2,2
45272,2023,12,12,3,3,116,"10,6",2304400,11,20,1,1,1
45272,2023,12,12,3,3,10,17,1502939,1,11,1,3,2
45272,2023,12,12,3,3,116,453,3536208,67,20,0,1,1
45272,2023,12,12,3,3,116,219,3518800,61,2,1,2,2
45272,2023,12,12,3,3,50,"174,9",3170107,61,2,1,3,2
45272,2023,12,12,3,3,101,149,4208302,67,12,1,2,2
45272,2023,12,12,3,3,116,230,3550308,16,9,0,2,2
45272,2023,12,12,3,3,277,"1,3",4108304,1,12,0,3,3
45272,2023,12,12,3,3,101,"6,5",4321501,11,20,1,1,1
45272,2023,12,12,3,3,40,"5,5",5221858,1,11,1,2,2
45272,2023,12,12,3,3,373,174,4119905,11,11,1,2,2
45272,2023,12,12,3,4,101,78,2408102,12,20,1,1,1
45272,2023,12,12,3,3,101,403,3302007,60,2,1,2,2
45272,2023,12,12,3,4,230,508,2503704,60,2,0,3,3
45272,2023,12,12,3,3,70,735,5102504,82,20,0,2,1
45272,2023,12,12,3,4,262,347,2401305,11,21,1,1,1
45272,2023,12,12,3,4,116,"12,7",2304400,52,12,1,2,2
45272,2023,12,12,3,4,20,"8,1",5300108,83,12,1,3,3
45272,2023,12,12,3,3,470,"63,6",4207502,72,11,0,2,2
45272,2023,12,12,3,4,471,174,4315701,11,12,1,3,2
45272,2023,12,12,3,4,116,222,3518800,52,9,1,2,2
45272,2023,12,12,3,3,174,450,5103304,4,20,0,2,1
45272,2023,12,12,3,4,60,171,5208707,83,12,0,1,1
45272,2023,12,12,3,4,376,590,4106902,81,2,1,2,2
45272,2023,12,12,3,4,280,"5,4",4216206,1,11,1,2,2
45272,2023,12,12,3,4,459,"44,1",3159209,28,21,0,1,1
45272,2023,12,12,3,4,316,"0,5",2211001,20,11,1,3,2
45272,2023,12,12,3,4,262,815,3170107,11,20,1,1,1
45272,2023,12,12,3,4,101,88,2804805,9,1,0,2,1
45272,2023,12,12,3,4,230,478,2509156,1,11,1,2,2
45272,2023,12,12,3,4,101,118,4208203,56,4,0,1,1
45272,2023,12,12,3,3,267,"50,8",3140209,67,21,0,2,1
45273,2023,12,13,4,1,116,148,3549904,13,21,1,1,1
45273,2023,12,13,4,1,242,344,2919306,9,1,0,3,1
45273,2023,12,13,4,1,381,"455,9",3106200,60,2,0,2,2
45273,2023,12,13,4,1,423,"42,3",1703826,18,10,0,2,2
45273,2023,12,13,4,1,153,112,3525706,7,21,0,1,1
45273,2023,12,13,4,1,230,298,2110005,9,1,0,2,1
45273,2023,12,13,4,2,277,700,4125704,28,18,0,1,1
45272,2023,12,12,3,3,158,98,5006309,64,21,1,2,2
45273,2023,12,13,4,1,116,152,3549904,11,3,1,1,1
45272,2023,12,12,3,4,282,"495,9",4219507,67,20,0,1,1
45273,2023,12,13,4,2,116,175,3305109,49,12,1,2,2
45273,2023,12,13,4,2,101,68,2611606,16,12,0,2,2
45273,2023,12,13,4,2,153,"72,2",3549805,44,12,1,3,2
45273,2023,12,13,4,2,324,"611,5",2930709,78,12,1,3,2
45273,2023,12,13,4,2,101,"214,6",4211900,16,12,1,5,4
45273,2023,12,13,4,1,101,"63,3",2611606,16,12,1,2,2
45273,2023,12,13,4,2,50,42,3103504,51,12,0,2,2
45273,2023,12,13,4,2,116,"271,1",3552809,67,9,1,3,2
45273,2023,12,13,4,2,153,"60,5",3549805,67,15,1,5,4
45273,2023,12,13,4,2,153,505,5201405,52,9,1,5,3
45273,2023,12,13,4,2,101,"241,1",2908309,18,20,0,2,1
45273,2023,12,13,4,2,116,"64,6",3518404,44,21,0,2,1
45273,2023,12,13,4,2,373,341,4109401,9,1,0,1,1
45273,2023,12,13,4,2,101,503,2914802,16,12,1,7,3
45273,2023,12,13,4,2,101,108,2403251,11,12,1,2,2
45190,2023,9,21,5,3,230,"1,9",2101509,11,2,1,2,2
45273,2023,12,13,4,2,472,574,4322400,1,11,1,2,2
45273,2023,12,13,4,2,116,16,2933307,1,11,0,4,2
45273,2023,12,13,4,2,316,6,2211001,28,21,1,2,1
45273,2023,12,13,4,2,101,117,3203205,67,20,0,5,1
45273,2023,12,13,4,2,20,9,5300108,33,11,0,5,2
45273,2023,12,13,4,2,381,369,3161908,67,7,0,2,2
45273,2023,12,13,4,2,101,"125,6",4208203,11,12,0,2,2
45273,2023,12,13,4,2,101,"131,4",4202008,67,12,1,2,2
45273,2023,12,13,4,2,316,244,2700409,33,11,1,2,2
45273,2023,12,13,4,2,116,"158,4",3524402,52,9,1,3,2
45273,2023,12,13,4,2,101,"132,3",4202008,67,15,1,4,4
45273,2023,12,13,4,2,101,48,3555406,1,11,1,2,2
45273,2023,12,13,4,2,116,"152,3",4305108,1,11,1,3,2
45273,2023,12,13,4,2,101,268,3205002,61,2,1,3,2
45273,2023,12,13,4,2,242,784,2903201,67,7,0,4,2
45273,2023,12,13,4,2,277,73,4125506,83,12,0,2,2
45273,2023,12,13,4,2,376,178,4115200,51,21,1,1,1
45273,2023,12,13,4,2,101,"510,8",3300100,11,12,1,3,2
45273,2023,12,13,4,2,232,176,2601706,1,11,0,2,2
45273,2023,12,13,4,2,116,264,3306305,16,9,0,3,2
45273,2023,12,13,4,2,251,"518,4",3143302,67,9,0,3,3
45273,2023,12,13,4,2,469,0,4108304,83,20,1,1,1
45273,2023,12,13,4,2,116,284,3522208,11,12,1,2,2
45211,2023,10,12,5,4,70,10,5200258,52,9,1,2,2
45273,2023,12,13,4,2,40,"43,4",3147006,52,12,1,3,2
45273,2023,12,13,4,2,319,64,1100205,83,12,1,3,3
45272,2023,12,12,3,2,465,20,3303500,67,10,1,2,2
45272,2023,12,12,3,2,101,65,3301009,33,11,0,2,2
45273,2023,12,13,4,3,101,"316,3",4212650,67,4,1,2,2
45273,2023,12,13,4,3,135,"312,1",2208007,67,12,1,2,2
45273,2023,12,13,4,3,262,880,3111408,4,20,0,5,1
45273,2023,12,13,4,2,101,131,2708600,80,11,0,5,2
45273,2023,12,13,4,3,101,271,3205002,35,2,1,2,2
45273,2023,12,13,4,3,174,1,5106752,20,11,1,3,2
45273,2023,12,13,4,3,465,5,3305554,67,11,1,3,2
45273,2023,12,13,4,3,116,315,3304201,82,3,0,2,2
45207,2023,10,8,1,4,116,259,4307708,67,9,0,5,2
45273,2023,12,13,4,3,163,"134,9",5005707,11,20,0,1,1
45273,2023,12,13,4,3,316,"271,8",2708907,18,7,0,2,2
45273,2023,12,13,4,3,101,128,3203205,20,12,1,2,2
45273,2023,12,13,4,3,40,517,3154606,29,11,0,2,2
45273,2023,12,13,4,3,316,"6,9",2211001,35,2,1,2,2
45273,2023,12,13,4,3,381,"661,5",3159902,61,2,0,2,2
45273,2023,12,13,4,3,101,61,3301009,1,11,1,3,2
45273,2023,12,13,4,3,232,13,2607901,83,4,1,1,1
45260,2023,11,30,5,4,174,553,1400100,83,3,0,5,2
45273,2023,12,13,4,3,232,"4,2",2611606,16,12,1,2,2
45273,2023,12,13,4,3,376,615,4125506,67,12,1,4,2
45207,2023,10,8,1,3,174,606,1400027,67,12,0,8,2
45273,2023,12,13,4,3,40,1,5221858,28,18,1,1,1
45246,2023,11,16,5,2,364,708,1100205,78,9,1,3,2
45273,2023,12,13,4,3,40,528,3118601,10,2,1,2,2
45273,2023,12,13,4,3,101,"150,4",4208302,78,9,1,2,2
45273,2023,12,13,4,4,290,86,4314902,67,21,0,1,1
45273,2023,12,13,4,3,277,"720,5",4108304,83,20,1,2,2
45273,2023,12,13,4,3,356,149,3301009,1,11,1,3,2
45273,2023,12,13,4,3,232,"183,3",2601706,35,2,1,2,2
45273,2023,12,13,4,4,267,48,3140209,28,20,0,3,1
45273,2023,12,13,4,2,101,208,4216602,78,9,1,2,2
45273,2023,12,13,4,4,50,"179,1",3170107,29,21,1,1,1
45273,2023,12,13,4,3,101,139,4202008,82,9,1,2,2
45273,2023,12,13,4,3,153,22,5218003,67,21,0,1,1
45273,2023,12,13,4,3,101,124,3205010,11,4,0,1,1
45273,2023,12,13,4,4,364,194,1100189,25,12,0,2,2
45273,2023,12,13,4,4,277,19,4118204,67,20,0,2,1
45273,2023,12,13,4,4,116,50,3527207,60,2,1,2,2
45273,2023,12,13,4,4,101,215,2707503,80,11,0,2,2
45273,2023,12,13,4,4,40,517,3154606,28,21,0,2,1
45273,2023,12,13,4,4,262,8,5008305,1,11,1,2,2
45273,2023,12,13,4,4,40,4,5300108,16,15,0,4,4
45273,2023,12,13,4,4,230,"163,6",2504009,1,11,1,2,2
45273,2023,12,13,4,3,40,521,3118601,28,18,0,1,1
45273,2023,12,13,4,4,116,216,3518800,67,12,1,3,2
45273,2023,12,13,4,2,40,105,3301702,20,11,1,3,2
45273,2023,12,13,4,4,116,"701,6",3143906,20,11,1,4,3
45273,2023,12,13,4,4,116,364,2413508,49,4,0,1,1
45273,2023,12,13,4,4,163,"583,3",4102406,11,20,0,2,1
45273,2023,12,13,4,4,376,617,4125506,28,21,0,2,1
45248,2023,11,18,7,2,70,"18,5",5300108,78,9,1,2,2
45273,2023,12,13,4,4,365,639,3170206,11,12,0,3,2
45273,2023,12,13,4,4,472,579,4322400,67,2,0,3,2
45274,2023,12,14,5,1,230,"19,6",2507507,81,2,1,4,3
45274,2023,12,14,5,1,116,606,2914208,18,20,0,3,1
45273,2023,12,13,4,3,101,879,2912806,33,11,1,2,2
45274,2023,12,14,5,1,381,"928,7",3133600,80,7,1,2,2
45274,2023,12,14,5,1,476,"143,9",4106902,83,20,0,1,1
45274,2023,12,14,5,1,448,10,4304606,18,4,0,1,1
45274,2023,12,14,5,1,116,"406,9",3127701,11,20,1,1,1
45274,2023,12,14,5,2,20,"21,7",5300108,78,12,1,2,2
45274,2023,12,14,5,1,104,"105,2",2605004,60,2,0,2,2
45274,2023,12,14,5,1,282,115,4200705,11,20,0,3,1
45274,2023,12,14,5,2,101,333,3202405,11,21,0,2,1
45274,2023,12,14,5,2,101,"41,9",4209102,52,9,0,3,2
45274,2023,12,14,5,2,101,148,3203205,11,11,1,4,2
45274,2023,12,14,5,1,282,"368,2",4205209,20,11,1,5,2
45273,2023,12,13,4,4,116,182,3303500,1,9,1,1,1
45274,2023,12,14,5,2,381,484,3106705,67,21,1,1,1
45274,2023,12,14,5,2,277,592,2303501,73,11,0,2,2
45274,2023,12,14,5,2,116,"38,2",4322509,1,9,1,2,2
45274,2023,12,14,5,2,101,"199,8",4216602,78,12,1,2,2
45274,2023,12,14,5,2,116,454,3542602,11,20,0,2,1
45274,2023,12,14,5,2,324,"519,9",2910800,44,12,1,2,2
45274,2023,12,14,5,2,428,189,2611101,1,12,1,4,3
45274,2023,12,14,5,2,290,95,4314902,78,12,1,2,2
45274,2023,12,14,5,2,101,46,3555406,1,11,1,2,2
45274,2023,12,14,5,2,60,457,5211909,60,2,0,4,2
45251,2023,11,21,3,2,101,326,4203956,29,21,0,1,1
45274,2023,12,14,5,2,40,83,3303906,67,12,0,2,2
45274,2023,12,14,5,2,116,"10,3",2933307,16,12,0,2,2
45274,2023,12,14,5,2,101,73,2611606,52,21,1,2,1
45274,2023,12,14,5,2,101,162,4218004,67,12,1,2,2
45274,2023,12,14,5,2,304,167,2400802,16,12,0,2,2
45274,2023,12,14,5,2,376,"229,2",4101408,11,3,1,2,1
45274,2023,12,14,5,2,116,115,4106902,11,9,1,3,2
45274,2023,12,14,5,2,470,97,4201257,1,11,1,4,2
45108,2023,7,1,7,4,174,"383,9",5103361,1,12,0,3,3
45274,2023,12,14,5,2,282,"75,5",4214300,83,20,0,2,1
45274,2023,12,14,5,2,304,"41,2",2408003,11,20,1,2,1
45195,2023,9,26,3,3,101,161,2402204,82,10,1,2,2
45274,2023,12,14,5,2,365,"625,8",3170206,16,12,1,2,2
45274,2023,12,14,5,2,448,1,4320008,51,4,1,1,1
45274,2023,12,14,5,2,101,201,4216602,52,9,1,3,2
45220,2023,10,21,7,2,116,"206,9",4314423,67,10,0,5,3
45274,2023,12,14,5,2,101,123,2803203,83,4,0,4,2
45274,2023,12,14,5,2,60,"86,2",5006275,11,10,0,2,2
45274,2023,12,14,5,2,101,"107,9",4212502,16,12,0,2,2
45274,2023,12,14,5,2,381,65,3528502,82,12,0,3,2
45274,2023,12,14,5,2,290,145,4306767,1,11,1,4,2
45232,2023,11,2,5,3,226,4,2408102,9,1,1,2,1
45274,2023,12,14,5,2,424,96,2708907,83,7,0,4,3
45274,2023,12,14,5,2,282,"609,9",2704609,67,20,0,4,1
45274,2023,12,14,5,2,235,41,2924207,11,4,0,1,1
45274,2023,12,14,5,2,470,"65,7",4207502,1,11,1,3,2
45242,2023,11,12,1,1,230,"36,8",2110203,67,20,1,4,3
45274,2023,12,14,5,3,101,325,3303302,78,9,1,4,4
45274,2023,12,14,5,2,104,"62,6",2604106,44,12,1,3,2
45274,2023,12,14,5,3,101,"69,9",2611606,56,12,0,3,2
45274,2023,12,14,5,2,364,"426,9",1100114,1,11,1,2,2
45274,2023,12,14,5,2,40,120,3301702,67,21,1,2,1
45274,2023,12,14,5,2,40,107,3301702,61,21,1,2,2
45201,2023,10,2,2,2,472,577,4322400,1,11,1,2,2
45274,2023,12,14,5,3,232,127,2604106,82,7,1,2,2
45274,2023,12,14,5,3,153,"62,5",3549805,16,12,1,2,2
45274,2023,12,14,5,2,116,349,3110806,29,21,0,1,1
45274,2023,12,14,5,3,163,"39,2",3514809,16,9,1,4,2
45274,2023,12,14,5,1,267,"217,2",3107505,18,4,0,1,1
45274,2023,12,14,5,3,101,"71,4",4201307,67,11,0,2,2
45274,2023,12,14,5,3,282,"2,3",4205407,16,12,1,2,2
45274,2023,12,14,5,2,280,"215,5",4218301,82,9,0,2,2
45274,2023,12,14,5,3,70,76,4108502,29,20,0,4,1
45274,2023,12,14,5,3,324,"537,9",2901106,67,3,1,3,1
45274,2023,12,14,5,3,116,111,3301850,1,9,1,2,2
45274,2023,12,14,5,3,101,"52,4",2510907,2,11,1,2,2
45274,2023,12,14,5,3,101,120,4208203,16,12,0,3,3
45274,2023,12,14,5,3,116,"522,8",3113404,33,11,1,3,2
45274,2023,12,14,5,3,277,690,4125704,67,4,1,2,2
45274,2023,12,14,5,2,393,9,3203809,19,3,0,1,1
45274,2023,12,14,5,2,101,131,3302403,67,3,0,1,1
45274,2023,12,14,5,3,101,"83,8",2408102,11,12,1,2,2
45274,2023,12,14,5,3,381,486,3106705,78,9,1,2,2
45274,2023,12,14,5,3,101,"198,3",4202305,78,9,1,5,3
45274,2023,12,14,5,3,470,"57,9",4202404,81,11,1,2,2
45274,2023,12,14,5,3,116,703,3143906,67,12,1,2,2
45274,2023,12,14,5,3,101,"43,9",4209102,33,11,1,2,2
45274,2023,12,14,5,3,280,33,4201307,1,11,1,2,2
45274,2023,12,14,5,3,116,"94,5",3538006,11,21,0,1,1
45274,2023,12,14,5,3,386,"351,3",4307807,1,12,0,7,2
45274,2023,12,14,5,3,101,"88,7",2507507,18,20,1,4,1
45274,2023,12,14,5,3,40,"1,4",5300108,78,12,1,3,3
45274,2023,12,14,5,3,101,489,3300100,20,9,1,2,2
45274,2023,12,14,5,3,116,217,3518800,78,12,1,2,2
45274,2023,12,14,5,3,101,"204,4",4216602,78,9,1,2,2
45262,2023,12,2,7,4,101,310,3304904,11,4,0,1,1
45274,2023,12,14,5,3,407,"98,9",2917706,67,12,0,3,2
45274,2023,12,14,5,3,40,118,3301702,67,10,1,2,2
45274,2023,12,14,5,3,101,88,4202107,1,9,1,2,2
45274,2023,12,14,5,3,471,661,4317301,67,12,1,6,2
45274,2023,12,14,5,3,230,297,2110005,2,20,0,4,3
45274,2023,12,14,5,3,386,32,4308508,1,11,1,1,1
45274,2023,12,14,5,3,277,2,4118204,1,11,1,2,2
45274,2023,12,14,5,3,365,291,3136306,28,18,0,1,1
45274,2023,12,14,5,3,158,556,3100609,16,15,0,4,3
45274,2023,12,14,5,3,235,166,1721257,9,1,0,1,1
45274,2023,12,14,5,3,116,317,3302254,11,21,0,2,1
45274,2023,12,14,5,3,10,"290,3",2105302,64,3,0,1,1
45274,2023,12,14,5,3,470,212,4302105,1,11,1,2,2
45274,2023,12,14,5,4,116,"136,9",4305108,67,20,0,2,1
45274,2023,12,14,5,4,40,0,5221858,34,20,0,1,1
45274,2023,12,14,5,3,493,13,3301850,67,12,0,2,2
45274,2023,12,14,5,4,386,417,4312401,83,10,0,8,2
45274,2023,12,14,5,3,230,"310,1",2203909,11,12,1,3,2
45274,2023,12,14,5,4,116,169,3304557,49,9,1,2,2
45274,2023,12,14,5,4,367,75,2910727,80,7,0,2,2
45274,2023,12,14,5,3,116,"583,5",3139409,11,20,0,1,1
45274,2023,12,14,5,4,40,515,3154606,13,12,1,2,2
45274,2023,12,14,5,3,70,"281,7",5107040,1,11,1,2,2
45274,2023,12,14,5,4,101,96,2408102,67,9,1,6,2
45274,2023,12,14,5,4,60,92,5201108,11,20,1,1,1
45274,2023,12,14,5,3,316,"94,9",1100254,67,12,1,2,2
45274,2023,12,14,5,4,116,426,3526100,67,4,0,1,1
45274,2023,12,14,5,4,101,"879,5",2931350,1,11,1,3,2
45274,2023,12,14,5,3,364,33,1100304,52,20,0,2,1
45274,2023,12,14,5,4,210,0,1600303,1,11,1,2,2
45274,2023,12,14,5,4,393,0,3201209,52,10,0,2,2
45274,2023,12,14,5,4,116,182,3303500,52,9,0,3,3
45274,2023,12,14,5,4,386,446,4304606,1,12,1,2,2
45274,2023,12,14,5,4,101,137,4202008,52,9,1,2,2
45274,2023,12,14,5,4,230,"395,2",2101400,80,3,0,1,1
45274,2023,12,14,5,4,116,"9,6",2304400,11,4,1,3,3
45274,2023,12,14,5,4,163,908,5103056,9,1,0,2,1
45274,2023,12,14,5,4,277,281,4120606,56,4,0,4,1
45274,2023,12,14,5,4,116,400,2927507,28,18,0,1,1
45274,2023,12,14,5,4,101,145,2802106,14,4,0,1,1
45275,2023,12,15,6,1,153,441,5201108,11,4,1,1,1
45274,2023,12,14,5,4,393,"174,3",3306008,83,4,1,3,1
45274,2023,12,14,5,4,60,252,5209952,49,3,1,1,1
45275,2023,12,15,6,1,230,153,2504009,11,20,1,1,1
45274,2023,12,14,5,4,356,2,3302205,82,9,0,2,2
45275,2023,12,15,6,1,116,61,4120804,83,12,0,3,3
45275,2023,12,15,6,1,101,43,2606804,61,2,1,2,2
45275,2023,12,15,6,1,60,400,5218805,49,3,0,1,1
45275,2023,12,15,6,1,407,89,2611101,9,1,0,2,1
45274,2023,12,14,5,4,493,"0,1",3301900,2,10,0,2,2
45275,2023,12,15,6,1,40,"528,3",3118601,2,2,1,2,2
45275,2023,12,15,6,1,423,"59,4",2608800,9,1,1,1,1
45275,2023,12,15,6,1,369,"161,4",4103701,11,20,1,1,1
45275,2023,12,15,6,2,104,"87,8",2600302,52,10,1,7,2
45275,2023,12,15,6,2,277,"526,5",4109302,18,20,0,1,1
45275,2023,12,15,6,2,116,"154,5",3549904,13,21,1,2,1
45275,2023,12,15,6,2,101,52,2510907,15,3,1,2,1
45275,2023,12,15,6,2,290,92,4314902,67,12,0,2,2
45275,2023,12,15,6,2,324,616,2927408,11,12,1,2,2
45275,2023,12,15,6,2,101,"72,2",2611606,81,11,1,3,2
45275,2023,12,15,6,2,222,"1,7",2304400,33,12,1,2,2
45275,2023,12,15,6,2,116,107,4125506,11,9,0,4,3
45275,2023,12,15,6,2,230,19,2507507,81,12,1,2,2
45274,2023,12,14,5,4,364,315,1100254,11,12,0,2,2
45275,2023,12,15,6,1,20,"143,9",5200803,80,7,0,25,2
45275,2023,12,15,6,2,364,397,5103403,52,9,1,2,2
45275,2023,12,15,6,2,232,127,2604106,11,12,0,2,2
45275,2023,12,15,6,1,364,238,5105200,11,4,0,2,1
45275,2023,12,15,6,2,373,172,4119905,1,21,1,2,2
45275,2023,12,15,6,2,101,"98,1",2408102,67,12,1,2,2
45275,2023,12,15,6,2,428,189,2611101,20,11,1,2,2
45275,2023,12,15,6,2,101,212,4211900,16,9,1,2,2
45275,2023,12,15,6,2,20,34,5300108,67,12,0,2,2
45275,2023,12,15,6,2,272,368,4104303,16,12,1,2,2
45275,2023,12,15,6,2,381,482,3118601,52,9,0,3,2
45275,2023,12,15,6,2,369,"180,4",4101507,51,4,1,1,1
45275,2023,12,15,6,2,153,"148,9",3541604,14,20,0,5,1
45275,2023,12,15,6,2,104,"82,5",2707701,16,12,0,3,2
45275,2023,12,15,6,2,287,250,2409332,61,2,1,3,2
45275,2023,12,15,6,2,277,713,4124053,11,12,1,7,3
45275,2023,12,15,6,2,386,"337,6",4312054,18,20,0,5,1
45121,2023,7,14,6,2,369,203,4101408,60,2,1,2,2
45275,2023,12,15,6,2,101,"97,8",2408102,16,12,1,6,3
45275,2023,12,15,6,2,163,"612,3",5007695,67,15,0,5,3
45275,2023,12,15,6,2,392,"21,5",4315602,4,20,0,2,2
45275,2023,12,15,6,2,101,200,4216602,28,11,1,3,2
45275,2023,12,15,6,2,116,115,4106902,67,9,0,2,2
45275,2023,12,15,6,2,104,93,2707701,52,9,1,2,2
45275,2023,12,15,6,2,290,699,4322400,49,3,0,1,1
45275,2023,12,15,6,2,381,492,3106705,19,4,1,1,1
45275,2023,12,15,6,2,324,521,2910800,16,15,1,3,3
45275,2023,12,15,6,2,406,171,2312403,67,12,1,2,2
45275,2023,12,15,6,2,316,302,2605707,67,20,1,4,1
45275,2023,12,15,6,2,373,"181,1",4119905,80,11,1,5,2
45275,2023,12,15,6,2,101,"94,4",2408102,67,12,1,2,2
45254,2023,11,24,6,3,407,602,2200053,20,7,0,2,2
45275,2023,12,15,6,2,116,205,3518800,16,9,0,2,2
45275,2023,12,15,6,2,101,"199,3",4216602,67,12,1,3,2
45275,2023,12,15,6,2,376,125,4100608,52,20,0,1,1
45275,2023,12,15,6,2,101,"529,5",3300100,67,4,0,1,1
45275,2023,12,15,6,2,101,"255,3",3205002,33,11,1,2,2
45272,2023,12,12,3,3,116,414,2910800,1,11,0,2,2
45275,2023,12,15,6,2,101,"48,9",4209102,67,12,0,3,2
45275,2023,12,15,6,2,376,175,4115200,52,9,1,3,2
45275,2023,12,15,6,3,116,215,3518800,11,9,1,2,2
45275,2023,12,15,6,2,10,257,2105302,1,11,1,2,2
45275,2023,12,15,6,3,101,49,4209102,67,12,0,4,2
45275,2023,12,15,6,2,277,"580,9",2303501,78,12,0,2,2
45275,2023,12,15,6,2,470,161,4313300,67,12,0,2,2
45275,2023,12,15,6,3,10,459,4117602,1,7,0,5,2
45275,2023,12,15,6,3,101,205,3301306,67,11,1,2,2
45275,2023,12,15,6,3,10,257,2105302,1,11,1,3,3
45275,2023,12,15,6,2,407,"158,5",1707702,44,12,0,2,2
45275,2023,12,15,6,3,116,513,2910800,20,11,1,2,2
45275,2023,12,15,6,2,376,52,5004007,11,12,0,3,2
45275,2023,12,15,6,2,414,439,5201108,80,10,1,7,4
45275,2023,12,15,6,3,158,645,5106257,67,9,0,4,2
45275,2023,12,15,6,3,101,"436,1",4217709,1,9,0,2,2
45275,2023,12,15,6,3,267,479,5004106,1,11,0,2,2
45275,2023,12,15,6,3,101,39,2606804,2,11,1,3,2
45275,2023,12,15,6,3,116,243,4318705,11,12,1,2,2
45275,2023,12,15,6,3,116,46,2309607,11,21,1,2,1
45275,2023,12,15,6,3,116,"1,2",4210100,52,9,1,2,2
45275,2023,12,15,6,3,40,628,3118304,2,11,1,2,2
45275,2023,12,15,6,3,116,217,3518800,52,15,0,3,3
45275,2023,12,15,6,1,230,198,2207009,11,4,1,1,1
45275,2023,12,15,6,3,316,22,1501501,1,11,1,2,2
45275,2023,12,15,6,3,158,510,4317103,4,20,0,4,1
45275,2023,12,15,6,2,80,132,2903235,83,12,1,2,2
45275,2023,12,15,6,3,232,7,2611606,1,9,1,2,2
45248,2023,11,18,7,3,232,120,2604106,35,2,0,3,2
45275,2023,12,15,6,3,290,"74,8",4309209,5,21,0,2,1
45275,2023,12,15,6,3,465,13,3305554,67,7,1,2,2
45275,2023,12,15,6,3,369,172,4122404,1,11,1,2,2
45272,2023,12,12,3,2,40,122,3301702,78,9,1,2,2
45275,2023,12,15,6,3,153,66,5218003,80,7,0,2,2
45275,2023,12,15,6,2,153,430,5201108,67,4,1,1,1
45275,2023,12,15,6,3,381,932,3125101,67,21,0,2,2
45275,2023,12,15,6,3,101,"86,8",2607901,82,9,0,1,1
45275,2023,12,15,6,3,230,"137,3",2509206,15,20,0,2,1
45275,2023,12,15,6,3,251,521,3143302,16,12,0,3,2
45275,2023,12,15,6,3,40,559,3144805,83,20,1,3,1
45275,2023,12,15,6,3,101,269,3205002,11,12,1,3,3
45275,2023,12,15,6,3,101,148,4208302,67,9,1,2,2
45275,2023,12,15,6,3,70,8,5300108,52,12,1,2,2
45275,2023,12,15,6,3,101,213,4211900,78,9,1,2,2
45275,2023,12,15,6,3,381,492,3106705,67,12,1,2,2
45275,2023,12,15,6,3,135,258,2102754,16,9,1,3,2
45275,2023,12,15,6,3,277,"110,4",4104204,11,9,0,2,2
45275,2023,12,15,6,3,116,111,4106902,78,21,1,2,2
45275,2023,12,15,6,3,235,57,2506905,78,12,1,3,2
45275,2023,12,15,6,3,282,530,4204350,1,11,0,2,2
45275,2023,12,15,6,3,116,270,3552809,78,9,1,2,2
45275,2023,12,15,6,2,365,709,3142809,28,18,0,1,1
45275,2023,12,15,6,3,290,91,4314902,16,12,0,2,2
45275,2023,12,15,6,3,101,"591,8",3303807,11,12,0,2,2
45275,2023,12,15,6,3,40,"574,9",3131901,11,7,1,2,2
45275,2023,12,15,6,3,163,"743,5",5107925,51,12,0,4,2
45275,2023,12,15,6,4,369,133,4109807,11,21,0,2,1
45275,2023,12,15,6,3,116,390,3529906,67,15,0,4,4
45275,2023,12,15,6,3,465,21,3303500,67,11,1,3,2
45275,2023,12,15,6,3,70,730,5102504,1,11,1,2,2
45275,2023,12,15,6,3,386,"367,5",4308078,15,20,0,1,1
45275,2023,12,15,6,3,232,7,2611606,67,12,0,1,1
45275,2023,12,15,6,3,262,402,3147105,11,20,0,2,1
45275,2023,12,15,6,4,381,3,3556354,18,20,0,4,2
45275,2023,12,15,6,3,116,203,4314423,82,7,0,7,2
45275,2023,12,15,6,4,282,"205,9",4216602,78,12,1,4,4
45275,2023,12,15,6,3,70,280,5107040,16,12,1,3,3
45275,2023,12,15,6,4,116,"827,3",2933307,1,11,1,2,2
45275,2023,12,15,6,4,101,"266,2",3205002,17,11,1,3,3
45275,2023,12,15,6,3,101,115,4208203,67,12,1,2,2
45275,2023,12,15,6,3,364,"230,3",1100049,63,21,0,1,1
45275,2023,12,15,6,3,153,"32,1",4124103,16,12,0,2,2
45275,2023,12,15,6,4,376,"166,6",4115200,83,21,0,1,1
45275,2023,12,15,6,3,316,"16,5",2211001,11,20,1,1,1
45275,2023,12,15,6,3,316,"315,6",2208007,1,11,1,2,2
45275,2023,12,15,6,3,20,"348,2",2303006,80,11,0,3,2
45275,2023,12,15,6,3,230,16,2503209,11,12,1,2,2
45275,2023,12,15,6,4,40,114,3301702,52,9,0,2,2