id_data,ano,mes,dia,id_dia_semana,periodo,br,km,id_municipio,id_causa_acidente,id_tipo_acidente,id_uso_solo,pessoas,veiculos
45280,2023,12,20,4,4,40,"501,3",3124104,15,20,1,1,1
45280,2023,12,20,4,4,116,"112,2",3554102,35,2,1,3,2
45280,2023,12,20,4,4,116,272,3552809,11,4,1,1,1
45280,2023,12,20,4,4,304,"257,6",2409332,1,11,1,2,2
45280,2023,12,20,4,4,277,"562,4",2303501,82,20,0,3,2
45280,2023,12,20,4,4,364,11,1100304,1,11,1,2,2
45280,2023,12,20,4,4,153,622,2308906,67,20,0,3,1
45280,2023,12,20,4,4,116,178,3303500,16,12,0,2,2
45280,2023,12,20,4,4,235,345,2918407,49,7,0,7,2
45281,2023,12,21,5,1,116,199,3503901,18,4,1,1,1
45281,2023,12,21,5,1,116,86,4119509,67,4,0,1,1
45281,2023,12,21,5,1,230,"180,7",2512002,49,20,0,1,1
45281,2023,12,21,5,1,116,567,3505401,67,20,0,4,1
45281,2023,12,21,5,1,376,624,4125506,67,12,0,2,1
45281,2023,12,21,5,1,392,336,2409332,67,20,0,1,1
45280,2023,12,20,4,4,480,"123,8",4204202,28,18,1,42,1
45281,2023,12,21,5,1,277,527,4109302,83,20,0,1,1
45280,2023,12,20,4,4,365,"703,9",3142809,16,12,0,2,2
45281,2023,12,21,5,1,101,324,3303302,18,12,0,2,2
45281,2023,12,21,5,1,153,499,5208707,4,20,1,1,1
45281,2023,12,21,5,2,20,16,5300108,49,12,1,3,2
45281,2023,12,21,5,1,285,670,4318002,11,20,0,1,1
45281,2023,12,21,5,2,116,279,3515004,12,9,1,2,2
45281,2023,12,21,5,2,116,218,3550308,52,9,1,3,2
45281,2023,12,21,5,1,376,"359,9",4117305,64,21,0,1,1
45281,2023,12,21,5,2,101,327,3303302,11,21,0,1,1
45280,2023,12,20,4,4,116,"172,7",3524402,67,21,0,1,1
45281,2023,12,21,5,2,116,227,3518800,16,12,1,2,2
45281,2023,12,21,5,2,60,187,5209200,4,12,0,3,2
45281,2023,12,21,5,2,101,"74,9",2804003,4,3,0,2,1
45280,2023,12,20,4,1,163,"81,5",5107602,67,20,0,1,1
45281,2023,12,21,5,2,282,604,2704609,52,11,1,2,2
45281,2023,12,21,5,2,153,67,5218003,11,4,0,2,1
45281,2023,12,21,5,2,116,161,3524402,52,9,1,2,2
45281,2023,12,21,5,2,316,142,1502202,80,7,0,7,3
45281,2023,12,21,5,2,316,318,2208007,1,11,1,2,2
45281,2023,12,21,5,2,70,"7,2",5300108,78,21,1,1,1
45269,2023,12,9,7,4,282,561,4211454,1,11,0,2,2
45281,2023,12,21,5,2,116,212,3518800,78,9,0,2,2
45281,2023,12,21,5,2,101,104,4212809,11,21,0,1,1
45281,2023,12,21,5,2,60,"78,4",5201108,15,4,0,1,1
45278,2023,12,18,2,1,493,17,3302502,11,21,1,1,1
45281,2023,12,21,5,1,343,"436,9",2205540,18,20,1,1,1
45248,2023,11,18,7,2,40,9,5212501,67,20,1,2,1
45281,2023,12,21,5,2,116,227,3518800,67,15,1,5,3
45281,2023,12,21,5,2,414,410,5200100,52,7,1,3,2
45281,2023,12,21,5,2,101,"183,6",2610004,2,9,1,2,2
45281,2023,12,21,5,2,163,63,3514809,67,20,0,4,1
45281,2023,12,21,5,2,101,245,2707503,83,12,0,7,2
45281,2023,12,21,5,2,230,16,2507507,16,12,1,3,3
45281,2023,12,21,5,2,232,"74,5",2606408,15,20,0,2,1
45281,2023,12,21,5,2,493,0,3301900,67,11,1,3,2
45281,2023,12,21,5,2,116,135,3302502,28,18,0,1,1
45281,2023,12,21,5,2,324,512,2910800,1,2,1,3,2
45281,2023,12,21,5,2,381,"689,2",3138203,83,4,0,1,1
45281,2023,12,21,5,2,153,"314,9",5218607,80,7,0,5,2
45281,2023,12,21,5,2,116,375,2413508,4,7,0,5,2
45281,2023,12,21,5,2,101,"297,1",2112803,83,20,0,2,1
45281,2023,12,21,5,2,304,"150,3",2400802,67,20,0,5,1
45281,2023,12,21,5,2,230,13,2503209,64,21,1,2,1
45281,2023,12,21,5,2,116,195,3304144,11,4,1,1,1
45281,2023,12,21,5,2,116,203,3305554,11,20,0,2,1
45281,2023,12,21,5,2,316,265,2109908,80,10,1,2,2
45281,2023,12,21,5,2,476,"197,5",4113205,67,20,1,1,1
45281,2023,12,21,5,2,282,402,4209003,21,21,0,2,1
45281,2023,12,21,5,3,290,77,4309209,11,20,0,1,1
45281,2023,12,21,5,2,70,529,2211407,20,7,0,2,2
45281,2023,12,21,5,2,365,"26,7",3143302,4,4,0,5,1
45281,2023,12,21,5,2,343,340,2211001,67,9,1,2,2
45281,2023,12,21,5,2,101,"67,1",2611606,16,15,1,3,3
45281,2023,12,21,5,3,40,"459,5",3167202,67,20,0,2,1
45130,2023,7,23,1,2,116,263,3306305,36,12,0,10,3
45281,2023,12,21,5,3,101,61,3301009,20,11,1,2,2
45281,2023,12,21,5,2,40,"633,4",3118304,33,11,1,4,2
45105,2023,6,28,4,2,20,6,5300108,16,15,1,4,3
45281,2023,12,21,5,2,356,20,3302205,16,12,0,2,2
45281,2023,12,21,5,3,316,"31,8",2203305,83,21,1,1,1
45281,2023,12,21,5,2,369,"117,2",4112702,18,20,0,4,1
45281,2023,12,21,5,3,101,10,4205803,35,2,0,2,2
45249,2023,11,19,1,3,40,"697,7",3105608,1,11,1,3,2
45281,2023,12,21,5,3,101,"382,1",3204401,83,20,0,1,1
45281,2023,12,21,5,2,60,354,5218805,4,4,0,1,1
45281,2023,12,21,5,2,40,268,3161700,15,20,0,2,1
45281,2023,12,21,5,3,101,"718,3",2910727,1,11,0,2,2
45281,2023,12,21,5,2,116,219,3550308,16,12,0,3,3
45281,2023,12,21,5,3,101,"76,5",2611606,5,21,1,3,2
45281,2023,12,21,5,3,116,"40,3",3508603,11,15,0,5,4
45281,2023,12,21,5,3,365,321,3136306,15,20,0,4,1
45281,2023,12,21,5,3,259,"34,5",3201506,67,7,0,2,2
45281,2023,12,21,5,3,101,83,2607901,82,4,1,1,1
45281,2023,12,21,5,3,277,723,4108304,11,11,1,2,2
45281,2023,12,21,5,2,163,145,5005707,11,20,0,2,1
45265,2023,12,5,3,2,40,"5,6",5300108,51,20,1,2,1
45281,2023,12,21,5,2,470,"208,8",4216057,82,7,0,8,3
45281,2023,12,21,5,3,470,237,4304804,72,11,0,2,2
45281,2023,12,21,5,3,50,"29,8",3103504,67,20,0,2,1
45281,2023,12,21,5,3,101,77,2408102,1,12,1,2,2
45281,2023,12,21,5,3,20,18,5300108,50,9,1,2,2
45281,2023,12,21,5,3,230,"18,7",2507507,11,12,1,2,2
45281,2023,12,21,5,3,40,5,5300108,82,9,1,2,2
45281,2023,12,21,5,3,153,160,1702109,16,15,0,3,3
45281,2023,12,21,5,3,116,"824,7",2933307,16,12,1,4,3
45280,2023,12,20,4,4,280,275,4207908,33,11,0,1,1
45281,2023,12,21,5,3,101,262,3205002,17,11,1,3,2
45281,2023,12,21,5,3,277,577,2303501,52,9,1,2,2
45281,2023,12,21,5,3,381,"732,5",3113909,83,20,0,2,1
45281,2023,12,21,5,3,116,"152,7",4305108,52,12,1,3,2
45281,2023,12,21,5,3,393,265,3300308,16,12,0,2,2
45281,2023,12,21,5,3,135,3,2111300,1,11,1,2,2
45281,2023,12,21,5,3,262,378,3136652,83,20,1,1,1
45281,2023,12,21,5,3,116,260,4304606,52,21,1,1,1
45281,2023,12,21,5,3,262,413,5008008,67,20,0,4,1
45281,2023,12,21,5,3,316,5,2211001,52,12,1,2,2
45281,2023,12,21,5,3,232,21,2609402,83,20,0,1,1
45281,2023,12,21,5,3,423,"77,6",2608255,16,12,0,6,2
45281,2023,12,21,5,3,376,178,4115200,67,12,1,2,2
45281,2023,12,21,5,3,101,85,2501807,83,20,1,1,1
45281,2023,12,21,5,3,304,"49,5",2408003,81,12,0,2,2
45281,2023,12,21,5,3,364,351,5107800,67,20,0,1,1
45281,2023,12,21,5,3,116,231,3550308,67,21,0,1,1
45281,2023,12,21,5,3,101,"108,5",4212502,28,18,1,1,1
45281,2023,12,21,5,3,70,10,5300108,52,9,0,1,1
45281,2023,12,21,5,3,471,"164,2",4315701,16,12,0,2,2
45281,2023,12,21,5,3,101,"121,5",4208203,11,9,0,4,4
45281,2023,12,21,5,3,101,341,4218707,67,21,0,1,1
45281,2023,12,21,5,3,386,347,1712009,67,21,1,1,1
45281,2023,12,21,5,3,101,206,4216602,11,12,0,2,2
45281,2023,12,21,5,3,364,95,1100304,14,14,0,4,1
45281,2023,12,21,5,3,316,"187,9",2114007,52,3,0,2,1
45281,2023,12,21,5,2,101,"445,1",4215653,11,20,1,3,1
45281,2023,12,21,5,3,393,270,3300308,49,7,0,9,2
45281,2023,12,21,5,3,316,23,1501501,67,2,1,2,2
45281,2023,12,21,5,3,232,10,2607901,16,9,1,2,2
45281,2023,12,21,5,4,40,522,3118601,52,9,0,2,2
45277,2023,12,17,1,4,364,"342,5",1100122,49,4,1,2,1
45281,2023,12,21,5,4,428,"184,6",2611101,1,11,1,4,2
45245,2023,11,15,4,3,262,"177,6",3202454,80,7,0,3,2
45281,2023,12,21,5,4,116,230,3550308,67,12,1,2,2
45281,2023,12,21,5,3,60,88,5006275,67,20,0,2,1
45281,2023,12,21,5,4,472,577,4322400,33,11,1,3,2
45281,2023,12,21,5,4,101,"416,3",4201406,1,7,0,2,2
45281,2023,12,21,5,4,376,"493,1",4119905,52,9,0,3,2
45281,2023,12,21,5,2,101,332,3304557,13,21,0,2,1
45281,2023,12,21,5,4,262,"477,3",3107406,81,21,0,1,1
45281,2023,12,21,5,4,101,315,3304904,28,21,1,1,1
45281,2023,12,21,5,3,364,565,1100262,34,20,0,5,1
45281,2023,12,21,5,4,316,314,2208007,49,11,1,2,2
45281,2023,12,21,5,3,40,"138,8",3136306,67,7,0,3,2
45281,2023,12,21,5,4,163,"492,3",2401305,1,11,1,4,2
45281,2023,12,21,5,4,10,"255,2",2105302,1,11,1,2,2
45281,2023,12,21,5,4,116,212,3518800,67,3,1,1,1
45281,2023,12,21,5,4,365,"821,4",3159803,11,1,0,1,1
45266,2023,12,6,4,2,116,20,2933307,83,21,0,1,1
45281,2023,12,21,5,4,40,122,3301702,35,2,1,2,2
45281,2023,12,21,5,3,116,276,3168606,11,4,1,2,1
45281,2023,12,21,5,4,354,"739,8",3152600,83,20,0,2,1
45282,2023,12,22,6,1,163,"255,7",5003702,67,4,0,2,1
45282,2023,12,22,6,1,101,"213,9",4211900,49,9,1,2,2
45282,2023,12,22,6,1,364,713,1100205,1,2,0,2,2
45282,2023,12,22,6,1,116,"90,3",3305802,64,4,0,1,1
45282,2023,12,22,6,1,381,"636,9",3159902,15,4,0,5,2
45282,2023,12,22,6,1,116,208,3518800,67,9,1,3,2
45282,2023,12,22,6,1,116,662,2918001,49,20,0,1,1
45282,2023,12,22,6,1,116,323,3302254,18,20,0,1,1
45281,2023,12,21,5,4,381,654,3159902,83,20,0,4,2
45282,2023,12,22,6,1,280,54,4208906,49,4,1,1,1
45282,2023,12,22,6,1,40,111,3301702,13,9,1,3,2
45282,2023,12,22,6,1,364,197,1100189,1,10,1,4,2
45282,2023,12,22,6,1,277,"654,9",4115606,83,20,0,1,1
45282,2023,12,22,6,1,40,0,3300951,18,20,0,1,1
45282,2023,12,22,6,2,101,40,3555406,28,21,0,1,1
45282,2023,12,22,6,2,153,"511,8",5201405,11,20,1,1,1
45282,2023,12,22,6,1,101,253,3304300,18,4,0,4,1
45281,2023,12,21,5,4,116,"606,8",3162559,33,11,1,3,3
45282,2023,12,22,6,1,290,"151,3",4301107,33,11,1,2,2
45282,2023,12,22,6,2,101,77,2611606,28,20,1,2,1
45282,2023,12,22,6,2,116,227,3518800,60,2,0,2,2
45282,2023,12,22,6,2,101,44,2508901,11,20,0,3,1
45282,2023,12,22,6,2,415,51,2914802,16,9,1,2,2
45282,2023,12,22,6,1,364,286,1100254,52,20,0,4,1
45282,2023,12,22,6,2,381,"903,5",3110608,83,3,0,2,1
45282,2023,12,22,6,1,116,525,2916856,52,20,0,3,1
45282,2023,12,22,6,2,101,68,3301009,1,9,1,2,2
45282,2023,12,22,6,2,116,118,4106902,11,9,1,4,3
45282,2023,12,22,6,2,259,"22,3",3203130,11,20,0,1,1
45282,2023,12,22,6,2,262,387,3136652,11,20,0,2,1
45282,2023,12,22,6,2,116,6,2304400,67,12,1,2,2
45250,2023,11,20,2,2,280,"22,6",4201307,1,11,1,2,2
45282,2023,12,22,6,2,101,139,4202008,11,4,1,1,1
45282,2023,12,22,6,2,116,210,3518800,67,9,1,2,2
45275,2023,12,15,6,4,267,86,#N/D,9,1,0,1,1
45282,2023,12,22,6,2,50,"18,9",3103504,4,4,0,4,1
45282,2023,12,22,6,2,40,119,3301702,16,12,1,2,2
45282,2023,12,22,6,2,476,141,4106902,67,12,0,2,2
45282,2023,12,22,6,2,277,672,4115804,16,3,1,2,2
45186,2023,9,17,1,3,304,32,2408003,11,9,1,4,2
45273,2023,12,13,4,4,104,2,2510105,35,2,0,2,2
45282,2023,12,22,6,2,277,"104,1",4104204,78,9,0,7,2
45235,2023,11,5,1,4,153,"13,7",4320602,80,7,0,6,2
45282,2023,12,22,6,2,116,305,3304201,16,15,0,3,3
45282,2023,12,22,6,2,101,"269,3",3205002,61,2,0,2,2
45278,2023,12,18,2,2,277,75,4125506,16,12,1,3,3
45282,2023,12,22,6,2,50,"196,1",5204805,18,20,0,3,1
45282,2023,12,22,6,2,373,"183,5",4119905,1,11,0,4,2
45282,2023,12,22,6,2,101,109,4212502,67,21,0,1,1
45282,2023,12,22,6,2,116,115,3554102,67,15,1,3,3
45282,2023,12,22,6,2,381,"533,5",3133709,64,20,0,2,2
45282,2023,12,22,6,2,343,338,2211001,1,11,1,2,2
45282,2023,12,22,6,2,230,292,2110005,1,11,0,2,2
45282,2023,12,22,6,2,262,120,3154903,11,12,1,6,2
45282,2023,12,22,6,2,324,518,2910800,1,11,1,2,2
45282,2023,12,22,6,2,405,"2,4",2408003,1,11,1,3,2
45282,2023,12,22,6,2,230,8,2503209,16,12,1,2,2
45282,2023,12,22,6,2,376,"75,7",4108908,1,11,0,2,2
45282,2023,12,22,6,2,282,"18,5",4211900,72,11,0,2,2
45282,2023,12,22,6,2,60,10,5300108,85,7,0,4,3
45282,2023,12,22,6,2,365,664,3142809,18,20,0,1,1
45282,2023,12,22,6,2,40,523,3118601,13,20,0,1,1
45245,2023,11,15,4,4,101,77,2403608,56,4,1,2,1
45282,2023,12,22,6,2,153,160,1702109,11,15,0,9,3
45282,2023,12,22,6,2,116,38,4322509,1,11,1,6,2
45282,2023,12,22,6,2,101,"255,4",3205002,67,12,1,2,2
45282,2023,12,22,6,2,369,147,4113700,16,12,1,3,3
45007,2023,3,22,4,4,101,131,4202008,52,12,0,2,2
45282,2023,12,22,6,2,135,16,2111300,1,9,1,2,2
45282,2023,12,22,6,2,101,401,3201209,18,10,0,5,2
45282,2023,12,22,6,2,369,193,4101507,11,9,0,2,2
45282,2023,12,22,6,2,101,168,4218004,14,4,0,2,1
45282,2023,12,22,6,2,101,207,4216602,49,9,1,2,2
45282,2023,12,22,6,2,381,908,3110608,83,20,0,4,1
45282,2023,12,22,6,2,116,186,3303500,52,9,1,3,2
45282,2023,12,22,6,2,262,539,3138807,4,20,0,2,1
45282,2023,12,22,6,3,285,293,4314100,33,11,0,2,2
45282,2023,12,22,6,2,282,"45,5",4200606,83,7,0,6,2
45282,2023,12,22,6,3,406,169,2312403,28,18,1,1,1
45282,2023,12,22,6,3,459,"90,2",3117900,83,7,0,4,2
45282,2023,12,22,6,2,101,"296,2",4207304,16,9,0,4,2
45282,2023,12,22,6,3,101,"335,7",4218707,67,12,1,2,2
45282,2023,12,22,6,2,470,"210,4",4302105,49,12,0,3,2
45282,2023,12,22,6,3,386,"244,4",2516102,1,11,0,3,2
45282,2023,12,22,6,2,50,132,3170107,11,20,0,1,1
45282,2023,12,22,6,3,116,207,3518800,5,21,1,1,1
45282,2023,12,22,6,2,364,13,1100304,11,9,1,2,2
45282,2023,12,22,6,2,364,"390,8",1100155,81,20,0,2,2
45282,2023,12,22,6,2,101,505,3300100,1,11,1,3,2
45282,2023,12,22,6,3,70,"1,8",5101803,16,12,1,2,2
45282,2023,12,22,6,3,324,610,2930709,11,12,0,3,2
45282,2023,12,22,6,3,40,"528,2",3118601,67,9,1,3,2
45282,2023,12,22,6,3,262,442,5003488,16,7,0,6,2
45282,2023,12,22,6,2,365,319,3161700,52,7,0,6,2
45282,2023,12,22,6,3,101,209,4216602,52,12,1,2,2
45282,2023,12,22,6,3,381,"672,1",3149903,52,11,0,3,3
45282,2023,12,22,6,2,365,377,3148004,82,9,0,5,3
45282,2023,12,22,6,3,381,"568,4",3132206,15,20,0,3,1
45282,2023,12,22,6,3,101,84,2408102,49,12,1,3,2
45282,2023,12,22,6,3,230,24,2507507,11,21,1,1,1
45282,2023,12,22,6,3,101,"247,9",3205002,72,11,0,3,2
45282,2023,12,22,6,3,101,266,3205002,11,9,1,2,2
45282,2023,12,22,6,3,210,2,1600303,1,11,1,1,1
45282,2023,12,22,6,3,423,96,2606002,20,11,0,2,2
45282,2023,12,22,6,3,50,191,3121258,64,21,0,1,1
45282,2023,12,22,6,2,60,15,5300108,11,20,0,2,1
45282,2023,12,22,6,3,116,118,3554102,11,20,1,5,1
45282,2023,12,22,6,3,116,228,3550308,85,2,1,2,2
45282,2023,12,22,6,3,116,114,4106902,11,12,1,4,2
45282,2023,12,22,6,3,381,"888,7",3110608,83,20,0,4,1
45282,2023,12,22,6,3,101,65,2611606,16,12,1,2,2
44941,2023,1,15,1,4,407,105,2917706,21,7,0,5,2
45282,2023,12,22,6,3,101,74,3301009,81,11,1,5,2
45282,2023,12,22,6,3,116,"152,5",4305108,72,11,1,2,2
45282,2023,12,22,6,3,101,"277,2",3205002,78,9,0,2,2
45282,2023,12,22,6,3,116,210,4122305,33,11,1,2,2
45282,2023,12,22,6,3,381,"776,7",3110905,83,20,0,2,1
45282,2023,12,22,6,3,101,"84,8",4202107,67,12,0,2,2
45282,2023,12,22,6,3,101,"214,5",4211900,16,12,0,2,2
45282,2023,12,22,6,3,381,"572,2",3132206,83,20,0,2,1
45282,2023,12,22,6,3,116,228,3550308,67,9,1,2,2
45282,2023,12,22,6,3,101,"63,6",2611606,52,9,1,2,2
45282,2023,12,22,6,3,101,156,3302403,16,12,0,2,1
45253,2023,11,23,5,4,60,419,5218805,67,20,0,2,1
45277,2023,12,17,1,2,101,"117,6",4208203,16,12,0,3,3
45282,2023,12,22,6,3,324,618,2927408,52,20,0,2,1
45282,2023,12,22,6,3,60,25,5300108,67,9,0,7,2
45282,2023,12,22,6,3,101,"109,4",4212502,67,15,0,3,3
45282,2023,12,22,6,3,101,330,3304557,67,12,0,2,2
45282,2023,12,22,6,3,116,131,3302502,13,21,1,2,1
45282,2023,12,22,6,3,116,"170,9",3304557,52,9,1,3,2
45282,2023,12,22,6,3,70,287,5107040,16,12,1,9,3
45282,2023,12,22,6,3,435,"83,7",1100064,33,11,1,2,2
45282,2023,12,22,6,3,277,8,4118204,11,20,0,2,1
45282,2023,12,22,6,3,101,"87,4",4202107,1,11,1,2,2
45282,2023,12,22,6,3,101,264,3205002,17,11,1,2,2
45282,2023,12,22,6,4,330,790,2918001,82,7,0,5,2
45282,2023,12,22,6,2,153,88,2512200,15,20,0,3,1
45282,2023,12,22,6,3,381,38,3504107,78,9,0,3,3
45282,2023,12,22,6,3,60,31,5200308,33,11,1,2,2
45281,2023,12,21,5,4,116,777,3138401,28,18,0,1,1
45282,2023,12,22,6,3,116,148,3301702,67,9,1,3,3
45282,2023,12,22,6,4,373,"178,7",4119905,35,2,1,2,2
45282,2023,12,22,6,4,381,339,3106002,67,7,0,5,2
45282,2023,12,22,6,4,20,20,5300108,16,12,1,3,2
45282,2023,12,22,6,3,470,258,4316501,20,11,0,2,2
45282,2023,12,22,6,3,376,342,4117305,83,20,0,1,1
45282,2023,12,22,6,2,392,118,4304507,18,20,1,1,1
45255,2023,11,25,7,4,101,499,3300100,64,20,0,1,1
45282,2023,12,22,6,3,210,162,1600535,83,4,0,2,1
45282,2023,12,22,6,4,101,78,2408102,67,20,0,2,1
45282,2023,12,22,6,3,101,"99,7",2408102,11,9,0,3,2
45282,2023,12,22,6,3,101,260,2928703,1,11,0,4,2
45282,2023,12,22,6,4,40,"528,4",3118601,16,12,1,7,2
45282,2023,12,22,6,4,40,481,3167202,11,21,0,1,1
45282,2023,12,22,6,4,101,"97,1",2504603,11,21,0,2,1
45282,2023,12,22,6,4,116,217,3518800,64,4,1,1,1
45260,2023,11,30,5,2,153,"495,9",5208707,86,9,1,2,2
45282,2023,12,22,6,4,476,"151,4",4101804,52,9,1,5,4
45282,2023,12,22,6,3,20,225,5218300,4,20,0,1,1
45282,2023,12,22,6,3,101,127,4208203,11,9,1,2,2
45282,2023,12,22,6,4,459,"70,9",3165800,28,18,0,1,1
45282,2023,12,22,6,4,405,"66,9",2403707,9,1,0,1,1
45282,2023,12,22,6,3,381,431,3156700,83,20,0,1,1
45282,2023,12,22,6,3,324,584,2906501,44,15,0,7,7
45282,2023,12,22,6,3,116,544,3157252,67,7,0,3,3
45282,2023,12,22,6,4,381,"451,9",3156700,2,11,1,2,2
45282,2023,12,22,6,4,277,54,4125506,28,18,0,1,1
45282,2023,12,22,6,4,101,201,3203130,60,2,1,3,2
45282,2023,12,22,6,4,40,0,5221858,16,12,0,3,2
45282,2023,12,22,6,4,424,"19,2",2610806,1,11,1,3,2
45282,2023,12,22,6,3,316,110,2701209,1,11,0,2,2
45282,2023,12,22,6,4,393,"283,6",3306305,16,12,0,2,2
45282,2023,12,22,6,4,232,326,2605103,9,1,0,2,1
45282,2023,12,22,6,4,116,122,3508504,67,12,1,3,2
45279,2023,12,19,3,2,135,"164,2",2903201,82,20,0,6,2
45282,2023,12,22,6,4,386,442,4304606,49,11,0,2,2
45282,2023,12,22,6,4,465,22,3304557,11,7,1,3,2
45282,2023,12,22,6,4,101,91,2804805,49,12,0,3,2
45282,2023,12,22,6,3,280,292,4213609,49,9,0,4,2
45282,2023,12,22,6,4,381,"802,5",3162005,28,18,0,9,1
45282,2023,12,22,6,4,163,"1,5",4205001,2,7,1,2,2
45282,2023,12,22,6,4,316,"107,4",2110039,9,1,0,1,1
45282,2023,12,22,6,4,116,341,3529906,18,4,0,1,1
45282,2023,12,22,6,4,376,498,4119905,16,12,0,3,2
45282,2023,12,22,6,4,101,263,3205002,16,12,1,2,2
45282,2023,12,22,6,4,70,23,5205513,9,1,0,1,1
45282,2023,12,22,6,4,40,111,3301702,11,12,1,2,2
45282,2023,12,22,6,3,365,172,3109402,82,7,0,5,2
45282,2023,12,22,6,4,287,248,2409332,11,11,1,2,2
45282,2023,12,22,6,4,116,8,4104006,67,12,0,2,2
45282,2023,12,22,6,3,262,825,3170107,67,9,0,2,2
45282,2023,12,22,6,4,116,"18,5",2304285,49,9,1,3,3
45282,2023,12,22,6,4,232,"5,7",2611606,11,20,0,1,1
45282,2023,12,22,6,4,373,414,4104428,1,11,1,2,2
45282,2023,12,22,6,4,116,"43,6",3305802,60,2,1,2,2
45282,2023,12,22,6,4,381,"456,8",3106200,11,20,1,2,1
45282,2023,12,22,6,4,316,296,2208007,67,10,0,2,2
45282,2023,12,22,6,4,40,105,3301702,51,20,1,1,1
45282,2023,12,22,6,4,101,"415,6",4201406,33,7,1,2,2
45282,2023,12,22,6,4,153,388,4113908,11,2,1,2,2
45282,2023,12,22,6,4,101,"427,1",4201406,67,12,0,5,3
45282,2023,12,22,6,3,60,388,5218805,49,21,1,1,1
45283,2023,12,23,7,1,230,18,2507507,11,21,1,5,3
45283,2023,12,23,7,1,381,"924,5",3110509,83,4,0,4,1
45282,2023,12,22,6,4,153,"497,6",1716109,1,11,1,3,2
45283,2023,12,23,7,1,262,837,3170107,67,20,0,1,1
45283,2023,12,23,7,1,40,"8,1",5300108,18,4,1,1,1
45283,2023,12,23,7,1,153,173,1702109,11,12,0,2,2
45283,2023,12,23,7,1,101,"219,9",4211900,83,3,0,1,1
45283,2023,12,23,7,1,116,190,3303500,61,2,1,3,2
45282,2023,12,22,6,4,381,381,3161908,33,11,0,3,2
45283,2023,12,23,7,1,470,141,4214805,80,7,1,2,2
45283,2023,12,23,7,1,101,138,4202008,83,20,1,2,1
45283,2023,12,23,7,1,101,226,4211900,15,20,0,1,1
45283,2023,12,23,7,1,365,"48,5",3116506,83,20,0,12,1
45283,2023,12,23,7,1,116,658,4311007,49,12,1,2,2
45283,2023,12,23,7,1,40,"510,1",3154606,28,18,1,1,1
45283,2023,12,23,7,1,235,114,2801405,67,12,1,2,2
45282,2023,12,22,6,4,386,"247,1",2516102,60,2,1,3,2
45283,2023,12,23,7,1,280,80,4204509,49,10,1,2,2
45283,2023,12,23,7,1,70,"1,6",5300108,67,20,1,1,1
45283,2023,12,23,7,1,101,174,2709152,60,2,1,2,2
45282,2023,12,22,6,4,354,"750,2",3133105,49,7,0,3,2
45283,2023,12,23,7,2,116,219,3518800,83,4,1,2,1
45283,2023,12,23,7,1,262,438,3145208,80,11,1,3,2
45283,2023,12,23,7,1,459,"29,7",3110301,18,7,0,6,2
45283,2023,12,23,7,2,153,494,4108502,80,7,0,5,2
45283,2023,12,23,7,2,153,62,3549805,49,21,1,1,1
45283,2023,12,23,7,1,470,22,4205902,11,20,0,1,1
45282,2023,12,22,6,4,262,"628,5",3129509,18,20,0,1,1
45283,2023,12,23,7,2,40,"516,4",3154606,11,4,1,1,1
45282,2023,12,22,6,4,316,"620,6",2112209,12,7,1,3,2
45283,2023,12,23,7,1,280,144,4210100,80,7,0,2,2
45283,2023,12,23,7,2,470,"60,7",4202404,49,20,0,1,1
45282,2023,12,22,6,2,415,27,2913606,83,9,0,3,2
45282,2023,12,22,6,4,364,"405,8",1100155,29,7,0,2,2
45282,2023,12,22,6,4,251,"272,3",3157005,80,7,0,9,3
45283,2023,12,23,7,2,405,125,2413805,18,20,0,1,1
45283,2023,12,23,7,2,101,455,3302601,80,2,1,2,2
45283,2023,12,23,7,1,364,"356,3",5107800,18,20,0,1,1
45283,2023,12,23,7,2,163,"483,1",2401305,1,11,1,7,2
45283,2023,12,23,7,1,40,111,3301702,18,3,1,2,1
45283,2023,12,23,7,2,359,153,5000252,18,21,0,2,1
45283,2023,12,23,7,1,210,2,1600303,46,9,0,2,2
45283,2023,12,23,7,1,70,576,5106109,11,20,0,1,1
45283,2023,12,23,7,2,116,"23,4",3526605,83,20,0,3,1
45282,2023,12,22,6,4,40,124,3301702,52,3,1,2,1
45283,2023,12,23,7,2,101,198,2616506,11,4,0,2,1
45283,2023,12,23,7,2,487,9,#N/D,2,11,0,4,2
45283,2023,12,23,7,2,470,169,4213708,67,15,0,3,3
45283,2023,12,23,7,1,101,556,2905602,16,20,0,4,1
45282,2023,12,22,6,3,40,119,3301702,52,9,1,2,2
45283,2023,12,23,7,2,262,"41,7",3201902,67,3,0,4,1
45283,2023,12,23,7,2,381,57,3528502,11,9,1,3,2
45283,2023,12,23,7,1,101,125,4208203,67,12,1,2,2